utla,year,ltbi_active,ltbi_tests_per_1000
E06000001,2011,0,0.0
E06000001,2012,0,0.0
E06000001,2013,0,0.0
E06000001,2014,0,0.0
E06000001,2015,0,0.0
E06000001,2016,0,0.0
E06000001,2017,0,0.0
E06000001,2018,0,0.0
E06000001,2019,0,0.0
E06000001,2020,0,0.0
E06000001,2021,0,0.0
E06000001,2022,0,0.0
E06000001,2023,0,0.0
E06000001,2024,0,0.0
E06000001,2025,0,0.0
E06000002,2011,0,0.0
E06000002,2012,0,0.0
E06000002,2013,0,0.0
E06000002,2014,0,0.0
E06000002,2015,0,0.0
E06000002,2016,0,0.0
E06000002,2017,0,0.0
E06000002,2018,0,0.0
E06000002,2019,0,0.0
E06000002,2020,0,0.0
E06000002,2021,0,0.0
E06000002,2022,0,0.0
E06000002,2023,0,0.0
E06000002,2024,0,0.0
E06000002,2025,0,0.0
E06000003,2011,0,0.0
E06000003,2012,0,0.0
E06000003,2013,0,0.0
E06000003,2014,0,0.0
E06000003,2015,0,0.0
E06000003,2016,0,0.0
E06000003,2017,0,0.0
E06000003,2018,0,0.0
E06000003,2019,0,0.0
E06000003,2020,0,0.0
E06000003,2021,0,0.0
E06000003,2022,0,0.0
E06000003,2023,0,0.0
E06000003,2024,0,0.0
E06000003,2025,0,0.0
E06000004,2011,0,0.0
E06000004,2012,0,0.0
E06000004,2013,0,0.0
E06000004,2014,0,0.0
E06000004,2015,0,0.0
E06000004,2016,0,0.0
E06000004,2017,0,0.0
E06000004,2018,0,0.0
E06000004,2019,0,0.0
E06000004,2020,0,0.0
E06000004,2021,0,0.0
E06000004,2022,0,0.0
E06000004,2023,0,0.0
E06000004,2024,0,0.0
E06000004,2025,0,0.0
E06000005,2011,0,0.0
E06000005,2012,0,0.0
E06000005,2013,0,0.0
E06000005,2014,0,0.0
E06000005,2015,0,0.0
E06000005,2016,0,0.0
E06000005,2017,0,0.0
E06000005,2018,0,0.0
E06000005,2019,0,0.0
E06000005,2020,0,0.0
E06000005,2021,0,0.0
E06000005,2022,0,0.0
E06000005,2023,0,0.0
E06000005,2024,0,0.0
E06000005,2025,0,0.0
E06000006,2011,0,0.0
E06000006,2012,0,0.0
E06000006,2013,0,0.0
E06000006,2014,0,0.0
E06000006,2015,0,0.0
E06000006,2016,0,0.0
E06000006,2017,0,0.0
E06000006,2018,0,0.0
E06000006,2019,0,0.0
E06000006,2020,0,0.0
E06000006,2021,0,0.0
E06000006,2022,0,0.0
E06000006,2023,0,0.0
E06000006,2024,0,0.0
E06000006,2025,0,0.0
E06000007,2011,0,0.0
E06000007,2012,0,0.0
E06000007,2013,0,0.0
E06000007,2014,0,0.0
E06000007,2015,0,0.0
E06000007,2016,0,0.0
E06000007,2017,0,0.0
E06000007,2018,0,0.0
E06000007,2019,0,0.0
E06000007,2020,0,0.0
E06000007,2021,0,0.0
E06000007,2022,0,0.0
E06000007,2023,0,0.0
E06000007,2024,0,0.0
E06000007,2025,0,0.0
E06000008,2011,0,0.0
E06000008,2012,0,0.0
E06000008,2013,0,0.0
E06000008,2014,0,0.0
E06000008,2015,1,0.08483729270452837
E06000008,2016,1,0.636532973068084
E06000008,2017,1,0.38344309755388195
E06000008,2018,1,0.435588360305328
E06000008,2019,1,0.7616817060957205
E06000008,2020,1,0.7592275933033776
E06000008,2021,1,0.7573167116134032
E06000008,2022,1,0.7523014977616292
E06000008,2023,1,0.7401730365348408
E06000008,2024,1,0.7260902481861133
E06000008,2025,1,0.7164135367387456
E06000009,2011,0,0.0
E06000009,2012,0,0.0
E06000009,2013,0,0.0
E06000009,2014,0,0.0
E06000009,2015,0,0.0
E06000009,2016,0,0.0
E06000009,2017,0,0.0
E06000009,2018,0,0.0
E06000009,2019,0,0.0
E06000009,2020,0,0.0
E06000009,2021,0,0.0
E06000009,2022,0,0.0
E06000009,2023,0,0.0
E06000009,2024,0,0.0
E06000009,2025,0,0.0
E06000010,2011,0,0.0
E06000010,2012,0,0.0
E06000010,2013,0,0.0
E06000010,2014,0,0.0
E06000010,2015,0,0.0
E06000010,2016,0,0.0
E06000010,2017,0,0.0
E06000010,2018,0,0.0
E06000010,2019,0,0.0
E06000010,2020,0,0.0
E06000010,2021,0,0.0
E06000010,2022,0,0.0
E06000010,2023,0,0.0
E06000010,2024,0,0.0
E06000010,2025,0,0.0
E06000011,2011,0,0.0
E06000011,2012,0,0.0
E06000011,2013,0,0.0
E06000011,2014,0,0.0
E06000011,2015,0,0.0
E06000011,2016,0,0.0
E06000011,2017,0,0.0
E06000011,2018,0,0.0
E06000011,2019,0,0.0
E06000011,2020,0,0.0
E06000011,2021,0,0.0
E06000011,2022,0,0.0
E06000011,2023,0,0.0
E06000011,2024,0,0.0
E06000011,2025,0,0.0
E06000012,2011,0,0.0
E06000012,2012,0,0.0
E06000012,2013,0,0.0
E06000012,2014,0,0.0
E06000012,2015,0,0.0
E06000012,2016,0,0.0
E06000012,2017,0,0.0
E06000012,2018,0,0.0
E06000012,2019,0,0.0
E06000012,2020,0,0.0
E06000012,2021,0,0.0
E06000012,2022,0,0.0
E06000012,2023,0,0.0
E06000012,2024,0,0.0
E06000012,2025,0,0.0
E06000013,2011,0,0.0
E06000013,2012,0,0.0
E06000013,2013,0,0.0
E06000013,2014,0,0.0
E06000013,2015,0,0.0
E06000013,2016,0,0.0
E06000013,2017,0,0.0
E06000013,2018,0,0.0
E06000013,2019,0,0.0
E06000013,2020,0,0.0
E06000013,2021,0,0.0
E06000013,2022,0,0.0
E06000013,2023,0,0.0
E06000013,2024,0,0.0
E06000013,2025,0,0.0
E06000014,2011,0,0.0
E06000014,2012,0,0.0
E06000014,2013,0,0.0
E06000014,2014,0,0.0
E06000014,2015,0,0.0
E06000014,2016,0,0.0
E06000014,2017,0,0.0
E06000014,2018,0,0.0
E06000014,2019,0,0.0
E06000014,2020,0,0.0
E06000014,2021,0,0.0
E06000014,2022,0,0.0
E06000014,2023,0,0.0
E06000014,2024,0,0.0
E06000014,2025,0,0.0
E06000015,2011,0,0.0
E06000015,2012,0,0.0
E06000015,2013,0,0.0
E06000015,2014,0,0.0
E06000015,2015,0,0.0
E06000015,2016,1,0.04678185946713306
E06000015,2017,1,0.014900189942884908
E06000015,2018,1,0.05282076023416038
E06000015,2019,1,0.24221875761602032
E06000015,2020,1,0.24315712775857912
E06000015,2021,1,0.24384492197665147
E06000015,2022,1,0.24093627536976092
E06000015,2023,1,0.23626396500417204
E06000015,2024,1,0.232799296619186
E06000015,2025,1,0.23137211748075123
E06000016,2011,0,0.0
E06000016,2012,0,0.0
E06000016,2013,0,0.0
E06000016,2014,0,0.0
E06000016,2015,0,0.0
E06000016,2016,1,2.3431215648464496
E06000016,2017,1,3.1832437585487505
E06000016,2018,1,2.762235285785112
E06000016,2019,1,2.087750421877028
E06000016,2020,1,2.092583256081231
E06000016,2021,1,2.1038861939281626
E06000016,2022,1,2.0680584092559005
E06000016,2023,1,2.016013203319632
E06000016,2024,1,1.9960957195123528
E06000016,2025,1,2.015055492331304
E06000017,2011,0,0.0
E06000017,2012,0,0.0
E06000017,2013,0,0.0
E06000017,2014,0,0.0
E06000017,2015,0,0.0
E06000017,2016,0,0.0
E06000017,2017,0,0.0
E06000017,2018,0,0.0
E06000017,2019,0,0.0
E06000017,2020,0,0.0
E06000017,2021,0,0.0
E06000017,2022,0,0.0
E06000017,2023,0,0.0
E06000017,2024,0,0.0
E06000017,2025,0,0.0
E06000018,2011,0,0.0
E06000018,2012,0,0.0
E06000018,2013,0,0.0
E06000018,2014,0,0.0
E06000018,2015,0,0.0
E06000018,2016,1,0.7493112947658402
E06000018,2017,1,0.752236420728015
E06000018,2018,1,0.49329399391293827
E06000018,2019,1,0.1640054462185914
E06000018,2020,1,0.16417716264690757
E06000018,2021,1,0.16563638750164072
E06000018,2022,1,0.16226211761248133
E06000018,2023,1,0.1619839055236512
E06000018,2024,1,0.160333493666827
E06000018,2025,1,0.1626939665096005
E06000019,2011,0,0.0
E06000019,2012,0,0.0
E06000019,2013,0,0.0
E06000019,2014,0,0.0
E06000019,2015,0,0.0
E06000019,2016,0,0.0
E06000019,2017,0,0.0
E06000019,2018,0,0.0
E06000019,2019,0,0.0
E06000019,2020,0,0.0
E06000019,2021,0,0.0
E06000019,2022,0,0.0
E06000019,2023,0,0.0
E06000019,2024,0,0.0
E06000019,2025,0,0.0
E06000020,2011,0,0.0
E06000020,2012,0,0.0
E06000020,2013,0,0.0
E06000020,2014,0,0.0
E06000020,2015,0,0.0
E06000020,2016,0,0.0
E06000020,2017,0,0.0
E06000020,2018,0,0.0
E06000020,2019,0,0.0
E06000020,2020,0,0.0
E06000020,2021,0,0.0
E06000020,2022,0,0.0
E06000020,2023,0,0.0
E06000020,2024,0,0.0
E06000020,2025,0,0.0
E06000021,2011,0,0.0
E06000021,2012,0,0.0
E06000021,2013,0,0.0
E06000021,2014,0,0.0
E06000021,2015,0,0.0
E06000021,2016,1,0.121109546250517
E06000021,2017,1,0.09761386749732118
E06000021,2018,1,0.011236682411213953
E06000021,2019,1,1.5897873799654652
E06000021,2020,1,1.591721906031805
E06000021,2021,1,1.5964335143735007
E06000021,2022,1,1.5804697303385356
E06000021,2023,1,1.5504898699034024
E06000021,2024,1,1.5260274913033933
E06000021,2025,1,1.5132938751986147
E06000022,2011,0,0.0
E06000022,2012,0,0.0
E06000022,2013,0,0.0
E06000022,2014,0,0.0
E06000022,2015,0,0.0
E06000022,2016,0,0.0
E06000022,2017,0,0.0
E06000022,2018,0,0.0
E06000022,2019,0,0.0
E06000022,2020,0,0.0
E06000022,2021,0,0.0
E06000022,2022,0,0.0
E06000022,2023,0,0.0
E06000022,2024,0,0.0
E06000022,2025,0,0.0
E06000023,2011,0,0.0
E06000023,2012,0,0.0
E06000023,2013,0,0.0
E06000023,2014,0,0.0
E06000023,2015,0,0.009305790029532026
E06000023,2016,1,0.11587333970339116
E06000023,2017,1,0.11398266973262751
E06000023,2018,1,0.14403524865655526
E06000023,2019,1,0.3260598077689502
E06000023,2020,1,0.3247254427070942
E06000023,2021,1,0.32511542881013633
E06000023,2022,1,0.31934428132184756
E06000023,2023,1,0.31479945691911737
E06000023,2024,1,0.31002483659625696
E06000023,2025,1,0.3093769431546765
E06000024,2011,0,0.0
E06000024,2012,0,0.0
E06000024,2013,0,0.0
E06000024,2014,0,0.0
E06000024,2015,0,0.010249588964065944
E06000024,2016,1,0.12854181133536652
E06000024,2017,1,0.12679357954549186
E06000024,2018,1,0.16108092593028378
E06000024,2019,1,0.3648978788621449
E06000024,2020,1,0.36437381890176845
E06000024,2021,1,0.36180090075187676
E06000024,2022,1,0.3590442941464056
E06000024,2023,1,0.3541074108539392
E06000024,2024,1,0.3500740598750449
E06000024,2025,1,0.3462321218962261
E06000025,2011,0,0.0
E06000025,2012,0,0.0
E06000025,2013,0,0.0
E06000025,2014,0,0.0
E06000025,2015,0,0.009690529071368607
E06000025,2016,1,0.12113608725569537
E06000025,2017,1,0.11896453802069311
E06000025,2018,1,0.14980348034214233
E06000025,2019,1,0.3378088027019262
E06000025,2020,1,0.33472810386190016
E06000025,2021,1,0.33046583996228146
E06000025,2022,1,0.3254964372484338
E06000025,2023,1,0.3199559524940611
E06000025,2024,1,0.3143838305216022
E06000025,2025,1,0.31130807424946066
E06000026,2011,0,0.0
E06000026,2012,0,0.0
E06000026,2013,0,0.0
E06000026,2014,0,0.0
E06000026,2015,0,0.0
E06000026,2016,0,0.0
E06000026,2017,0,0.0
E06000026,2018,0,0.0
E06000026,2019,0,0.0
E06000026,2020,0,0.0
E06000026,2021,0,0.0
E06000026,2022,0,0.0
E06000026,2023,0,0.0
E06000026,2024,0,0.0
E06000026,2025,0,0.0
E06000027,2011,0,0.0
E06000027,2012,0,0.0
E06000027,2013,0,0.0
E06000027,2014,0,0.0
E06000027,2015,0,0.0
E06000027,2016,0,0.0
E06000027,2017,0,0.0
E06000027,2018,0,0.0
E06000027,2019,0,0.0
E06000027,2020,0,0.0
E06000027,2021,0,0.0
E06000027,2022,0,0.0
E06000027,2023,0,0.0
E06000027,2024,0,0.0
E06000027,2025,0,0.0
E06000030,2011,0,0.0
E06000030,2012,0,0.0
E06000030,2013,0,0.0
E06000030,2014,0,0.0
E06000030,2015,0,0.0
E06000030,2016,0,0.0
E06000030,2017,0,0.0
E06000030,2018,0,0.0
E06000030,2019,0,0.0
E06000030,2020,0,0.0
E06000030,2021,0,0.0
E06000030,2022,0,0.0
E06000030,2023,0,0.0
E06000030,2024,0,0.0
E06000030,2025,0,0.0
E06000031,2011,0,0.0
E06000031,2012,0,0.0
E06000031,2013,0,0.0
E06000031,2014,0,0.0
E06000031,2015,0,0.0
E06000031,2016,1,0.2509685963522403
E06000031,2017,1,0.1315448500072824
E06000031,2018,1,0.09630288243480753
E06000031,2019,1,0.052886840992879325
E06000031,2020,1,0.05271559807479534
E06000031,2021,1,0.0520454205633534
E06000031,2022,1,0.05151190693400047
E06000031,2023,1,0.05078969709654187
E06000031,2024,1,0.05026175179944462
E06000031,2025,1,0.05012645741556041
E06000032,2011,0,0.0
E06000032,2012,0,0.0
E06000032,2013,0,0.0
E06000032,2014,0,0.0
E06000032,2015,0,0.0
E06000032,2016,0,0.0
E06000032,2017,1,0.19478872218598245
E06000032,2018,1,0.12639257533900294
E06000032,2019,1,0.42580656728191985
E06000032,2020,1,0.42385736976424604
E06000032,2021,1,0.4223010517518826
E06000032,2022,1,0.41696109972392786
E06000032,2023,1,0.4063076047952851
E06000032,2024,1,0.399080853780976
E06000032,2025,1,0.40189525340553345
E06000033,2011,0,0.0
E06000033,2012,0,0.0
E06000033,2013,0,0.0
E06000033,2014,0,0.0
E06000033,2015,0,0.0
E06000033,2016,0,0.0
E06000033,2017,0,0.0
E06000033,2018,0,0.0
E06000033,2019,0,0.0
E06000033,2020,0,0.0
E06000033,2021,0,0.0
E06000033,2022,0,0.0
E06000033,2023,0,0.0
E06000033,2024,0,0.0
E06000033,2025,0,0.0
E06000034,2011,0,0.0
E06000034,2012,0,0.0
E06000034,2013,0,0.0
E06000034,2014,0,0.0
E06000034,2015,0,0.0
E06000034,2016,0,0.0
E06000034,2017,0,0.0
E06000034,2018,0,0.0
E06000034,2019,0,0.0
E06000034,2020,0,0.0
E06000034,2021,0,0.0
E06000034,2022,0,0.0
E06000034,2023,0,0.0
E06000034,2024,0,0.0
E06000034,2025,0,0.0
E06000035,2011,0,0.0
E06000035,2012,0,0.0
E06000035,2013,0,0.0
E06000035,2014,0,0.0
E06000035,2015,0,0.0
E06000035,2016,0,0.0
E06000035,2017,0,0.0
E06000035,2018,0,0.0
E06000035,2019,0,0.0
E06000035,2020,0,0.0
E06000035,2021,0,0.0
E06000035,2022,0,0.0
E06000035,2023,0,0.0
E06000035,2024,0,0.0
E06000035,2025,0,0.0
E06000036,2011,0,0.0
E06000036,2012,0,0.0
E06000036,2013,0,0.0
E06000036,2014,0,0.0
E06000036,2015,0,0.010077428240313073
E06000036,2016,1,0.43411708614589345
E06000036,2017,1,1.3007223461269597
E06000036,2018,1,1.4498620359202288
E06000036,2019,1,1.8839388459641624
E06000036,2020,1,1.8605708348215735
E06000036,2021,1,1.8307440392986938
E06000036,2022,1,1.8028789428144418
E06000036,2023,1,1.777129919672487
E06000036,2024,1,1.756294922683177
E06000036,2025,1,1.7344583601347003
E06000037,2011,0,0.0
E06000037,2012,0,0.0
E06000037,2013,0,0.0
E06000037,2014,0,0.0
E06000037,2015,0,0.0
E06000037,2016,1,0.4000302456708227
E06000037,2017,1,0.4551998863030148
E06000037,2018,1,0.6458544943557071
E06000037,2019,1,1.2284805618073755
E06000037,2020,1,1.2273896030781115
E06000037,2021,1,1.221035179071665
E06000037,2022,1,1.2171850410482827
E06000037,2023,1,1.2042434437107743
E06000037,2024,1,1.1984236907145127
E06000037,2025,1,1.194043354852534
E06000038,2011,0,0.0
E06000038,2012,0,0.0
E06000038,2013,0,0.0
E06000038,2014,0,0.0
E06000038,2015,0,0.0
E06000038,2016,1,0.3739461774247234
E06000038,2017,1,0.42279740489923123
E06000038,2018,1,0.595769345212364
E06000038,2019,1,1.1339945275937298
E06000038,2020,1,1.1366619213663294
E06000038,2021,1,1.1399924913927704
E06000038,2022,1,1.119915900618521
E06000038,2023,1,1.0958782269212972
E06000038,2024,1,1.0811373522378875
E06000038,2025,1,1.0755305135188775
E06000039,2011,0,0.0
E06000039,2012,0,0.0
E06000039,2013,0,0.0
E06000039,2014,0,0.0
E06000039,2015,0,0.008527420988114908
E06000039,2016,1,0.3628617310654475
E06000039,2017,1,1.0785842288109826
E06000039,2018,1,1.2006542026103968
E06000039,2019,1,1.5509541209906619
E06000039,2020,1,1.5445947397350284
E06000039,2021,1,1.542966777744118
E06000039,2022,1,1.5302475510906646
E06000039,2023,1,1.4943034570436655
E06000039,2024,1,1.4662436502557892
E06000039,2025,1,1.46001791579576
E06000040,2011,0,0.0
E06000040,2012,0,0.0
E06000040,2013,0,0.0
E06000040,2014,0,0.0
E06000040,2015,0,0.009490612691028572
E06000040,2016,1,0.4049577538876286
E06000040,2017,1,1.215056862847859
E06000040,2018,1,1.3570078842770572
E06000040,2019,1,1.7673578395378606
E06000040,2020,1,1.7662330915443107
E06000040,2021,1,1.7670248567456244
E06000040,2022,1,1.7531519917493876
E06000040,2023,1,1.729958020608065
E06000040,2024,1,1.713177122700932
E06000040,2025,1,1.7022831964750649
E06000041,2011,0,0.0
E06000041,2012,0,0.0
E06000041,2013,0,0.0
E06000041,2014,0,0.0
E06000041,2015,0,0.0
E06000041,2016,1,0.40018735419212503
E06000041,2017,1,0.4507458165250474
E06000041,2018,1,0.6287740653331975
E06000041,2019,1,1.1742121064182691
E06000041,2020,1,1.1545935134595326
E06000041,2021,1,1.131771260608357
E06000041,2022,1,1.111595139307022
E06000041,2023,1,1.0901014004749576
E06000041,2024,1,1.0762070902641907
E06000041,2025,1,1.0671487406334013
E06000042,2011,0,0.0
E06000042,2012,0,0.0
E06000042,2013,0,0.0
E06000042,2014,0,0.0
E06000042,2015,0,0.0
E06000042,2016,0,0.0
E06000042,2017,0,0.0
E06000042,2018,0,0.0
E06000042,2019,0,0.0
E06000042,2020,0,0.0
E06000042,2021,0,0.0
E06000042,2022,0,0.0
E06000042,2023,0,0.0
E06000042,2024,0,0.0
E06000042,2025,0,0.0
E06000043,2011,0,0.0
E06000043,2012,0,0.0
E06000043,2013,0,0.0
E06000043,2014,0,0.0
E06000043,2015,0,0.0
E06000043,2016,0,0.0
E06000043,2017,0,0.0
E06000043,2018,0,0.0
E06000043,2019,0,0.0
E06000043,2020,0,0.0
E06000043,2021,0,0.0
E06000043,2022,0,0.0
E06000043,2023,0,0.0
E06000043,2024,0,0.0
E06000043,2025,0,0.0
E06000044,2011,0,0.0
E06000044,2012,0,0.0
E06000044,2013,0,0.0
E06000044,2014,0,0.0
E06000044,2015,0,0.0
E06000044,2016,0,0.0
E06000044,2017,0,0.0
E06000044,2018,0,0.0
E06000044,2019,0,0.0
E06000044,2020,0,0.0
E06000044,2021,0,0.0
E06000044,2022,0,0.0
E06000044,2023,0,0.0
E06000044,2024,0,0.0
E06000044,2025,0,0.0
E06000045,2011,0,0.0
E06000045,2012,0,0.0
E06000045,2013,0,0.0
E06000045,2014,0,0.0
E06000045,2015,0,0.0
E06000045,2016,1,1.3673178853222445
E06000045,2017,1,1.828401705443687
E06000045,2018,1,1.594877254259319
E06000045,2019,1,1.65578844395978
E06000045,2020,1,1.660775537942488
E06000045,2021,1,1.6675280209309087
E06000045,2022,1,1.6327401966404296
E06000045,2023,1,1.5969561165739299
E06000045,2024,1,1.5847799726788538
E06000045,2025,1,1.59317980172048
E06000046,2011,0,0.0
E06000046,2012,0,0.0
E06000046,2013,0,0.0
E06000046,2014,0,0.0
E06000046,2015,0,0.0
E06000046,2016,0,0.0
E06000046,2017,0,0.0
E06000046,2018,0,0.0
E06000046,2019,0,0.0
E06000046,2020,0,0.0
E06000046,2021,0,0.0
E06000046,2022,0,0.0
E06000046,2023,0,0.0
E06000046,2024,0,0.0
E06000046,2025,0,0.0
E06000047,2011,0,0.0
E06000047,2012,0,0.0
E06000047,2013,0,0.0
E06000047,2014,0,0.0
E06000047,2015,0,0.0
E06000047,2016,0,0.0
E06000047,2017,0,0.0
E06000047,2018,0,0.0
E06000047,2019,0,0.0
E06000047,2020,0,0.0
E06000047,2021,0,0.0
E06000047,2022,0,0.0
E06000047,2023,0,0.0
E06000047,2024,0,0.0
E06000047,2025,0,0.0
E06000049,2011,0,0.0
E06000049,2012,0,0.0
E06000049,2013,0,0.0
E06000049,2014,0,0.0
E06000049,2015,0,0.0
E06000049,2016,0,0.0
E06000049,2017,0,0.0
E06000049,2018,0,0.0
E06000049,2019,0,0.0
E06000049,2020,0,0.0
E06000049,2021,0,0.0
E06000049,2022,0,0.0
E06000049,2023,0,0.0
E06000049,2024,0,0.0
E06000049,2025,0,0.0
E06000050,2011,0,0.0
E06000050,2012,0,0.0
E06000050,2013,0,0.0
E06000050,2014,0,0.0
E06000050,2015,0,0.0
E06000050,2016,0,0.0
E06000050,2017,0,0.0
E06000050,2018,0,0.0
E06000050,2019,0,0.0
E06000050,2020,0,0.0
E06000050,2021,0,0.0
E06000050,2022,0,0.0
E06000050,2023,0,0.0
E06000050,2024,0,0.0
E06000050,2025,0,0.0
E06000051,2011,0,0.0
E06000051,2012,0,0.0
E06000051,2013,0,0.0
E06000051,2014,0,0.0
E06000051,2015,0,0.0
E06000051,2016,0,0.0
E06000051,2017,0,0.0
E06000051,2018,0,0.0
E06000051,2019,0,0.0
E06000051,2020,0,0.0
E06000051,2021,0,0.0
E06000051,2022,0,0.0
E06000051,2023,0,0.0
E06000051,2024,0,0.0
E06000051,2025,0,0.0
E06000052,2011,0,0.0
E06000052,2012,0,0.0
E06000052,2013,0,0.0
E06000052,2014,0,0.0
E06000052,2015,0,0.0
E06000052,2016,0,0.0
E06000052,2017,0,0.0
E06000052,2018,0,0.0
E06000052,2019,0,0.0
E06000052,2020,0,0.0
E06000052,2021,0,0.0
E06000052,2022,0,0.0
E06000052,2023,0,0.0
E06000052,2024,0,0.0
E06000052,2025,0,0.0
E06000054,2011,0,0.0
E06000054,2012,0,0.0
E06000054,2013,0,0.0
E06000054,2014,0,0.0
E06000054,2015,0,0.0
E06000054,2016,0,0.0
E06000054,2017,0,0.0
E06000054,2018,0,0.0
E06000054,2019,0,0.0
E06000054,2020,0,0.0
E06000054,2021,0,0.0
E06000054,2022,0,0.0
E06000054,2023,0,0.0
E06000054,2024,0,0.0
E06000054,2025,0,0.0
E06000055,2011,0,0.0
E06000055,2012,0,0.0
E06000055,2013,0,0.0
E06000055,2014,0,0.0
E06000055,2015,0,0.0
E06000055,2016,0,0.0
E06000055,2017,0,0.0
E06000055,2018,0,0.0
E06000055,2019,0,0.0
E06000055,2020,0,0.0
E06000055,2021,0,0.0
E06000055,2022,0,0.0
E06000055,2023,0,0.0
E06000055,2024,0,0.0
E06000055,2025,0,0.0
E06000056,2011,0,0.0
E06000056,2012,0,0.0
E06000056,2013,0,0.0
E06000056,2014,0,0.0
E06000056,2015,0,0.0
E06000056,2016,0,0.0
E06000056,2017,0,0.0
E06000056,2018,0,0.0
E06000056,2019,0,0.0
E06000056,2020,0,0.0
E06000056,2021,0,0.0
E06000056,2022,0,0.0
E06000056,2023,0,0.0
E06000056,2024,0,0.0
E06000056,2025,0,0.0
E06000057,2011,0,0.0
E06000057,2012,0,0.0
E06000057,2013,0,0.0
E06000057,2014,0,0.0
E06000057,2015,0,0.0
E06000057,2016,0,0.0
E06000057,2017,0,0.0
E06000057,2018,0,0.0
E06000057,2019,0,0.0
E06000057,2020,0,0.0
E06000057,2021,0,0.0
E06000057,2022,0,0.0
E06000057,2023,0,0.0
E06000057,2024,0,0.0
E06000057,2025,0,0.0
E06000058,2011,0,0.0
E06000058,2012,0,0.0
E06000058,2013,0,0.0
E06000058,2014,0,0.0
E06000058,2015,0,0.0
E06000058,2016,0,0.0
E06000058,2017,0,0.0
E06000058,2018,0,0.0
E06000058,2019,0,0.0
E06000058,2020,0,0.0
E06000058,2021,0,0.0
E06000058,2022,0,0.0
E06000058,2023,0,0.0
E06000058,2024,0,0.0
E06000058,2025,0,0.0
E06000059,2011,0,0.0
E06000059,2012,0,0.0
E06000059,2013,0,0.0
E06000059,2014,0,0.0
E06000059,2015,0,0.0
E06000059,2016,0,0.0
E06000059,2017,0,0.0
E06000059,2018,0,0.0
E06000059,2019,0,0.0
E06000059,2020,0,0.0
E06000059,2021,0,0.0
E06000059,2022,0,0.0
E06000059,2023,0,0.0
E06000059,2024,0,0.0
E06000059,2025,0,0.0
E06000060,2011,0,0.0
E06000060,2012,0,0.0
E06000060,2013,0,0.0
E06000060,2014,0,0.0
E06000060,2015,0,0.0
E06000060,2016,0,0.0
E06000060,2017,0,0.0
E06000060,2018,0,0.0
E06000060,2019,0,0.0
E06000060,2020,0,0.0
E06000060,2021,0,0.0
E06000060,2022,0,0.0
E06000060,2023,0,0.0
E06000060,2024,0,0.0
E06000060,2025,0,0.0
E06000061,2011,0,0.0
E06000061,2012,0,0.0
E06000061,2013,0,0.0
E06000061,2014,0,0.0
E06000061,2015,0,0.0
E06000061,2016,0,0.0
E06000061,2017,0,0.0
E06000061,2018,0,0.0
E06000061,2019,0,0.0
E06000061,2020,0,0.0
E06000061,2021,0,0.0
E06000061,2022,0,0.0
E06000061,2023,0,0.0
E06000061,2024,0,0.0
E06000061,2025,0,0.0
E06000062,2011,0,0.0
E06000062,2012,0,0.0
E06000062,2013,0,0.0
E06000062,2014,0,0.0
E06000062,2015,0,0.0
E06000062,2016,0,0.0
E06000062,2017,0,0.0
E06000062,2018,0,0.0
E06000062,2019,0,0.0
E06000062,2020,0,0.0
E06000062,2021,0,0.0
E06000062,2022,0,0.0
E06000062,2023,0,0.0
E06000062,2024,0,0.0
E06000062,2025,0,0.0
E06000063,2011,0,0.0
E06000063,2012,0,0.0
E06000063,2013,0,0.0
E06000063,2014,0,0.0
E06000063,2015,0,0.0
E06000063,2016,0,0.0
E06000063,2017,0,0.0
E06000063,2018,0,0.0
E06000063,2019,0,0.0
E06000063,2020,0,0.0
E06000063,2021,0,0.0
E06000063,2022,0,0.0
E06000063,2023,0,0.0
E06000063,2024,0,0.0
E06000063,2025,0,0.0
E06000064,2011,0,0.0
E06000064,2012,0,0.0
E06000064,2013,0,0.0
E06000064,2014,0,0.0
E06000064,2015,0,0.0
E06000064,2016,0,0.0
E06000064,2017,0,0.0
E06000064,2018,0,0.0
E06000064,2019,0,0.0
E06000064,2020,0,0.0
E06000064,2021,0,0.0
E06000064,2022,0,0.0
E06000064,2023,0,0.0
E06000064,2024,0,0.0
E06000064,2025,0,0.0
E06000065,2011,0,0.0
E06000065,2012,0,0.0
E06000065,2013,0,0.0
E06000065,2014,0,0.0
E06000065,2015,0,0.0
E06000065,2016,0,0.0
E06000065,2017,0,0.0
E06000065,2018,0,0.0
E06000065,2019,0,0.0
E06000065,2020,0,0.0
E06000065,2021,0,0.0
E06000065,2022,0,0.0
E06000065,2023,0,0.0
E06000065,2024,0,0.0
E06000065,2025,0,0.0
E06000066,2011,0,0.0
E06000066,2012,0,0.0
E06000066,2013,0,0.0
E06000066,2014,0,0.0
E06000066,2015,0,0.0
E06000066,2016,0,0.0
E06000066,2017,0,0.0
E06000066,2018,0,0.0
E06000066,2019,0,0.0
E06000066,2020,0,0.0
E06000066,2021,0,0.0
E06000066,2022,0,0.0
E06000066,2023,0,0.0
E06000066,2024,0,0.0
E06000066,2025,0,0.0
E07000008,2011,0,0.0
E07000008,2012,0,0.0
E07000008,2013,0,0.0
E07000008,2014,0,0.0
E07000008,2015,0,0.0
E07000008,2016,1,0.23306965742718064
E07000008,2017,1,0.12187993561388985
E07000008,2018,1,0.08834448202285819
E07000008,2019,1,0.0484853855830256
E07000008,2020,1,0.04828704685765971
E07000008,2021,1,0.04786052048907658
E07000008,2022,1,0.04661840873129014
E07000008,2023,1,0.046082024195930556
E07000008,2024,1,0.04576390491189102
E07000008,2025,1,0.04631170867384745
E07000009,2011,0,0.0
E07000009,2012,0,0.0
E07000009,2013,0,0.0
E07000009,2014,0,0.0
E07000009,2015,0,0.0
E07000009,2016,1,0.26426423483685846
E07000009,2017,1,0.14053503774227108
E07000009,2018,1,0.1044251401708872
E07000009,2019,1,0.05780468680400607
E07000009,2020,1,0.057845905585137886
E07000009,2021,1,0.05707331402912418
E07000009,2022,1,0.056154451961286725
E07000009,2023,1,0.05487399542660755
E07000009,2024,1,0.053967250006079256
E07000009,2025,1,0.05316743093284885
E07000010,2011,0,0.0
E07000010,2012,0,0.0
E07000010,2013,0,0.0
E07000010,2014,0,0.0
E07000010,2015,0,0.0
E07000010,2016,1,0.250073055872253
E07000010,2017,1,0.13184169724881756
E07000010,2018,1,0.09751505807869665
E07000010,2019,1,0.05398288932936104
E07000010,2020,1,0.05411965781095419
E07000010,2021,1,0.05385467267619535
E07000010,2022,1,0.05354921628287915
E07000010,2023,1,0.053113785748418116
E07000010,2024,1,0.05247002502511546
E07000010,2025,1,0.05222830528366114
E07000011,2011,0,0.0
E07000011,2012,0,0.0
E07000011,2013,0,0.0
E07000011,2014,0,0.0
E07000011,2015,0,0.0
E07000011,2016,1,0.2735124719842567
E07000011,2017,1,0.14529839016414267
E07000011,2018,1,0.10770087693599434
E07000011,2019,1,0.05968384214951174
E07000011,2020,1,0.05939921141806583
E07000011,2021,1,0.058088898664746126
E07000011,2022,1,0.057356123690007026
E07000011,2023,1,0.05643490017693685
E07000011,2024,1,0.055482114710904
E07000011,2025,1,0.05502800432171758
E07000012,2011,0,0.0
E07000012,2012,0,0.0
E07000012,2013,0,0.0
E07000012,2014,0,0.0
E07000012,2015,0,0.0
E07000012,2016,1,0.28140287788790835
E07000012,2017,1,0.14934510028196038
E07000012,2018,1,0.11038665701283358
E07000012,2019,1,0.06072278193388591
E07000012,2020,1,0.06014901919505575
E07000012,2021,1,0.059228939375914245
E07000012,2022,1,0.05825564189114662
E07000012,2023,1,0.05693837143488429
E07000012,2024,1,0.05596752539209247
E07000012,2025,1,0.05529517543834386
E07000032,2011,0,0.0
E07000032,2012,0,0.0
E07000032,2013,0,0.0
E07000032,2014,0,0.0
E07000032,2015,0,0.0
E07000032,2016,1,0.05088843973969076
E07000032,2017,1,0.016177595779825256
E07000032,2018,1,0.057365311126687225
E07000032,2019,1,0.2616102309416928
E07000032,2020,1,0.2612737494175325
E07000032,2021,1,0.26026330301945927
E07000032,2022,1,0.25922796568951195
E07000032,2023,1,0.256508247218371
E07000032,2024,1,0.2526775024216164
E07000032,2025,1,0.24950500068529635
E07000033,2011,0,0.0
E07000033,2012,0,0.0
E07000033,2013,0,0.0
E07000033,2014,0,0.0
E07000033,2015,0,0.0
E07000033,2016,1,0.049630593290316015
E07000033,2017,1,0.015765577684021856
E07000033,2018,1,0.05607765574738787
E07000033,2019,1,0.2557681139896006
E07000033,2020,1,0.25426202781609597
E07000033,2021,1,0.25165220296830737
E07000033,2022,1,0.24854206835381196
E07000033,2023,1,0.2446566280410346
E07000033,2024,1,0.2420106326493935
E07000033,2025,1,0.23995174863405802
E07000034,2011,0,0.0
E07000034,2012,0,0.0
E07000034,2013,0,0.0
E07000034,2014,0,0.0
E07000034,2015,0,0.0
E07000034,2016,1,0.05324116223327509
E07000034,2017,1,0.017055314649236136
E07000034,2018,1,0.0608646626175649
E07000034,2019,1,0.2795006539461865
E07000034,2020,1,0.2805592767139013
E07000034,2021,1,0.28079742180809963
E07000034,2022,1,0.2795972945226677
E07000034,2023,1,0.2766768783667194
E07000034,2024,1,0.27513407535523277
E07000034,2025,1,0.27355181979826076
E07000035,2011,0,0.0
E07000035,2012,0,0.0
E07000035,2013,0,0.0
E07000035,2014,0,0.0
E07000035,2015,0,0.0
E07000035,2016,1,0.04884327426863842
E07000035,2017,1,0.015583898317600391
E07000035,2018,1,0.055487978397042635
E07000035,2019,1,0.2548350459940388
E07000035,2020,1,0.25561780595609
E07000035,2021,1,0.2531671796189679
E07000035,2022,1,0.25297654434085337
E07000035,2023,1,0.2518736990894473
E07000035,2024,1,0.2528038087611218
E07000035,2025,1,0.2518702022035267
E07000036,2011,0,0.0
E07000036,2012,0,0.0
E07000036,2013,0,0.0
E07000036,2014,0,0.0
E07000036,2015,0,0.0
E07000036,2016,1,0.05144567346044135
E07000036,2017,1,0.016479924989251007
E07000036,2018,1,0.05868299534762736
E07000036,2019,1,0.27085076866119806
E07000036,2020,1,0.2717181754881735
E07000036,2021,1,0.2724609360949185
E07000036,2022,1,0.27278430322158886
E07000036,2023,1,0.27019257952796344
E07000036,2024,1,0.2706008975472121
E07000036,2025,1,0.2714164632888018
E07000037,2011,0,0.0
E07000037,2012,0,0.0
E07000037,2013,0,0.0
E07000037,2014,0,0.0
E07000037,2015,0,0.0
E07000037,2016,1,0.03369137691550551
E07000037,2017,1,0.01076003145964198
E07000037,2018,1,0.03837309758858034
E07000037,2019,1,0.17584957901900453
E07000037,2020,1,0.1763544436652327
E07000037,2021,1,0.17602527606981455
E07000037,2022,1,0.17599822290585052
E07000037,2023,1,0.17477032386559516
E07000037,2024,1,0.17446792015804033
E07000037,2025,1,0.17487898816661548
E07000038,2011,0,0.0
E07000038,2012,0,0.0
E07000038,2013,0,0.0
E07000038,2014,0,0.0
E07000038,2015,0,0.0
E07000038,2016,1,0.050849218265910906
E07000038,2017,1,0.01624862013671183
E07000038,2018,1,0.057768318637883856
E07000038,2019,1,0.2648146391380731
E07000038,2020,1,0.26322278263510407
E07000038,2021,1,0.25983645321257887
E07000038,2022,1,0.25606163797352205
E07000038,2023,1,0.25356512005769233
E07000038,2024,1,0.24945762688810455
E07000038,2025,1,0.24636391577309374
E07000039,2011,0,0.0
E07000039,2012,0,0.0
E07000039,2013,0,0.0
E07000039,2014,0,0.0
E07000039,2015,0,0.0
E07000039,2016,1,0.047347534001651946
E07000039,2017,1,0.014963390967542534
E07000039,2018,1,0.05260856866597368
E07000039,2019,1,0.2368504993444762
E07000039,2020,1,0.2324629206267473
E07000039,2021,1,0.22646906867844405
E07000039,2022,1,0.2201667147104167
E07000039,2023,1,0.21409506316734228
E07000039,2024,1,0.20884542276348314
E07000039,2025,1,0.20487277685028218
E07000040,2011,0,0.0
E07000040,2012,0,0.0
E07000040,2013,0,0.0
E07000040,2014,0,0.0
E07000040,2015,0,0.0
E07000040,2016,0,0.0
E07000040,2017,0,0.0
E07000040,2018,0,0.0
E07000040,2019,0,0.0
E07000040,2020,0,0.0
E07000040,2021,0,0.0
E07000040,2022,0,0.0
E07000040,2023,0,0.0
E07000040,2024,0,0.0
E07000040,2025,0,0.0
E07000041,2011,0,0.0
E07000041,2012,0,0.0
E07000041,2013,0,0.0
E07000041,2014,0,0.0
E07000041,2015,0,0.0
E07000041,2016,0,0.0
E07000041,2017,0,0.0
E07000041,2018,0,0.0
E07000041,2019,0,0.0
E07000041,2020,0,0.0
E07000041,2021,0,0.0
E07000041,2022,0,0.0
E07000041,2023,0,0.0
E07000041,2024,0,0.0
E07000041,2025,0,0.0
E07000042,2011,0,0.0
E07000042,2012,0,0.0
E07000042,2013,0,0.0
E07000042,2014,0,0.0
E07000042,2015,0,0.0
E07000042,2016,0,0.0
E07000042,2017,0,0.0
E07000042,2018,0,0.0
E07000042,2019,0,0.0
E07000042,2020,0,0.0
E07000042,2021,0,0.0
E07000042,2022,0,0.0
E07000042,2023,0,0.0
E07000042,2024,0,0.0
E07000042,2025,0,0.0
E07000043,2011,0,0.0
E07000043,2012,0,0.0
E07000043,2013,0,0.0
E07000043,2014,0,0.0
E07000043,2015,0,0.0
E07000043,2016,0,0.0
E07000043,2017,0,0.0
E07000043,2018,0,0.0
E07000043,2019,0,0.0
E07000043,2020,0,0.0
E07000043,2021,0,0.0
E07000043,2022,0,0.0
E07000043,2023,0,0.0
E07000043,2024,0,0.0
E07000043,2025,0,0.0
E07000044,2011,0,0.0
E07000044,2012,0,0.0
E07000044,2013,0,0.0
E07000044,2014,0,0.0
E07000044,2015,0,0.0
E07000044,2016,0,0.0
E07000044,2017,0,0.0
E07000044,2018,0,0.0
E07000044,2019,0,0.0
E07000044,2020,0,0.0
E07000044,2021,0,0.0
E07000044,2022,0,0.0
E07000044,2023,0,0.0
E07000044,2024,0,0.0
E07000044,2025,0,0.0
E07000045,2011,0,0.0
E07000045,2012,0,0.0
E07000045,2013,0,0.0
E07000045,2014,0,0.0
E07000045,2015,0,0.0
E07000045,2016,0,0.0
E07000045,2017,0,0.0
E07000045,2018,0,0.0
E07000045,2019,0,0.0
E07000045,2020,0,0.0
E07000045,2021,0,0.0
E07000045,2022,0,0.0
E07000045,2023,0,0.0
E07000045,2024,0,0.0
E07000045,2025,0,0.0
E07000046,2011,0,0.0
E07000046,2012,0,0.0
E07000046,2013,0,0.0
E07000046,2014,0,0.0
E07000046,2015,0,0.0
E07000046,2016,0,0.0
E07000046,2017,0,0.0
E07000046,2018,0,0.0
E07000046,2019,0,0.0
E07000046,2020,0,0.0
E07000046,2021,0,0.0
E07000046,2022,0,0.0
E07000046,2023,0,0.0
E07000046,2024,0,0.0
E07000046,2025,0,0.0
E07000047,2011,0,0.0
E07000047,2012,0,0.0
E07000047,2013,0,0.0
E07000047,2014,0,0.0
E07000047,2015,0,0.0
E07000047,2016,0,0.0
E07000047,2017,0,0.0
E07000047,2018,0,0.0
E07000047,2019,0,0.0
E07000047,2020,0,0.0
E07000047,2021,0,0.0
E07000047,2022,0,0.0
E07000047,2023,0,0.0
E07000047,2024,0,0.0
E07000047,2025,0,0.0
E07000061,2011,0,0.0
E07000061,2012,0,0.0
E07000061,2013,0,0.0
E07000061,2014,0,0.0
E07000061,2015,0,0.0
E07000061,2016,0,0.0
E07000061,2017,0,0.0
E07000061,2018,0,0.0
E07000061,2019,0,0.0
E07000061,2020,0,0.0
E07000061,2021,0,0.0
E07000061,2022,0,0.0
E07000061,2023,0,0.0
E07000061,2024,0,0.0
E07000061,2025,0,0.0
E07000062,2011,0,0.0
E07000062,2012,0,0.0
E07000062,2013,0,0.0
E07000062,2014,0,0.0
E07000062,2015,0,0.0
E07000062,2016,0,0.0
E07000062,2017,0,0.0
E07000062,2018,0,0.0
E07000062,2019,0,0.0
E07000062,2020,0,0.0
E07000062,2021,0,0.0
E07000062,2022,0,0.0
E07000062,2023,0,0.0
E07000062,2024,0,0.0
E07000062,2025,0,0.0
E07000063,2011,0,0.0
E07000063,2012,0,0.0
E07000063,2013,0,0.0
E07000063,2014,0,0.0
E07000063,2015,0,0.0
E07000063,2016,0,0.0
E07000063,2017,0,0.0
E07000063,2018,0,0.0
E07000063,2019,0,0.0
E07000063,2020,0,0.0
E07000063,2021,0,0.0
E07000063,2022,0,0.0
E07000063,2023,0,0.0
E07000063,2024,0,0.0
E07000063,2025,0,0.0
E07000064,2011,0,0.0
E07000064,2012,0,0.0
E07000064,2013,0,0.0
E07000064,2014,0,0.0
E07000064,2015,0,0.0
E07000064,2016,0,0.0
E07000064,2017,0,0.0
E07000064,2018,0,0.0
E07000064,2019,0,0.0
E07000064,2020,0,0.0
E07000064,2021,0,0.0
E07000064,2022,0,0.0
E07000064,2023,0,0.0
E07000064,2024,0,0.0
E07000064,2025,0,0.0
E07000065,2011,0,0.0
E07000065,2012,0,0.0
E07000065,2013,0,0.0
E07000065,2014,0,0.0
E07000065,2015,0,0.0
E07000065,2016,0,0.0
E07000065,2017,0,0.0
E07000065,2018,0,0.0
E07000065,2019,0,0.0
E07000065,2020,0,0.0
E07000065,2021,0,0.0
E07000065,2022,0,0.0
E07000065,2023,0,0.0
E07000065,2024,0,0.0
E07000065,2025,0,0.0
E07000066,2011,0,0.0
E07000066,2012,0,0.0
E07000066,2013,0,0.0
E07000066,2014,0,0.0
E07000066,2015,0,0.0
E07000066,2016,0,0.0
E07000066,2017,0,0.0
E07000066,2018,0,0.0
E07000066,2019,0,0.0
E07000066,2020,0,0.0
E07000066,2021,0,0.0
E07000066,2022,0,0.0
E07000066,2023,0,0.0
E07000066,2024,0,0.0
E07000066,2025,0,0.0
E07000067,2011,0,0.0
E07000067,2012,0,0.0
E07000067,2013,0,0.0
E07000067,2014,0,0.0
E07000067,2015,0,0.0
E07000067,2016,0,0.0
E07000067,2017,0,0.0
E07000067,2018,0,0.0
E07000067,2019,0,0.0
E07000067,2020,0,0.0
E07000067,2021,0,0.0
E07000067,2022,0,0.0
E07000067,2023,0,0.0
E07000067,2024,0,0.0
E07000067,2025,0,0.0
E07000068,2011,0,0.0
E07000068,2012,0,0.0
E07000068,2013,0,0.0
E07000068,2014,0,0.0
E07000068,2015,0,0.0
E07000068,2016,0,0.0
E07000068,2017,0,0.0
E07000068,2018,0,0.0
E07000068,2019,0,0.0
E07000068,2020,0,0.0
E07000068,2021,0,0.0
E07000068,2022,0,0.0
E07000068,2023,0,0.0
E07000068,2024,0,0.0
E07000068,2025,0,0.0
E07000069,2011,0,0.0
E07000069,2012,0,0.0
E07000069,2013,0,0.0
E07000069,2014,0,0.0
E07000069,2015,0,0.0
E07000069,2016,0,0.0
E07000069,2017,0,0.0
E07000069,2018,0,0.0
E07000069,2019,0,0.0
E07000069,2020,0,0.0
E07000069,2021,0,0.0
E07000069,2022,0,0.0
E07000069,2023,0,0.0
E07000069,2024,0,0.0
E07000069,2025,0,0.0
E07000070,2011,0,0.0
E07000070,2012,0,0.0
E07000070,2013,0,0.0
E07000070,2014,0,0.0
E07000070,2015,0,0.0
E07000070,2016,0,0.0
E07000070,2017,0,0.0
E07000070,2018,0,0.0
E07000070,2019,0,0.0
E07000070,2020,0,0.0
E07000070,2021,0,0.0
E07000070,2022,0,0.0
E07000070,2023,0,0.0
E07000070,2024,0,0.0
E07000070,2025,0,0.0
E07000071,2011,0,0.0
E07000071,2012,0,0.0
E07000071,2013,0,0.0
E07000071,2014,0,0.0
E07000071,2015,0,0.0
E07000071,2016,0,0.0
E07000071,2017,0,0.0
E07000071,2018,0,0.0
E07000071,2019,0,0.0
E07000071,2020,0,0.0
E07000071,2021,0,0.0
E07000071,2022,0,0.0
E07000071,2023,0,0.0
E07000071,2024,0,0.0
E07000071,2025,0,0.0
E07000072,2011,0,0.0
E07000072,2012,0,0.0
E07000072,2013,0,0.0
E07000072,2014,0,0.0
E07000072,2015,0,0.0
E07000072,2016,0,0.0
E07000072,2017,0,0.0
E07000072,2018,0,0.0
E07000072,2019,0,0.0
E07000072,2020,0,0.0
E07000072,2021,0,0.0
E07000072,2022,0,0.0
E07000072,2023,0,0.0
E07000072,2024,0,0.0
E07000072,2025,0,0.0
E07000073,2011,0,0.0
E07000073,2012,0,0.0
E07000073,2013,0,0.0
E07000073,2014,0,0.0
E07000073,2015,0,0.0
E07000073,2016,0,0.0
E07000073,2017,0,0.0
E07000073,2018,0,0.0
E07000073,2019,0,0.0
E07000073,2020,0,0.0
E07000073,2021,0,0.0
E07000073,2022,0,0.0
E07000073,2023,0,0.0
E07000073,2024,0,0.0
E07000073,2025,0,0.0
E07000074,2011,0,0.0
E07000074,2012,0,0.0
E07000074,2013,0,0.0
E07000074,2014,0,0.0
E07000074,2015,0,0.0
E07000074,2016,0,0.0
E07000074,2017,0,0.0
E07000074,2018,0,0.0
E07000074,2019,0,0.0
E07000074,2020,0,0.0
E07000074,2021,0,0.0
E07000074,2022,0,0.0
E07000074,2023,0,0.0
E07000074,2024,0,0.0
E07000074,2025,0,0.0
E07000075,2011,0,0.0
E07000075,2012,0,0.0
E07000075,2013,0,0.0
E07000075,2014,0,0.0
E07000075,2015,0,0.0
E07000075,2016,0,0.0
E07000075,2017,0,0.0
E07000075,2018,0,0.0
E07000075,2019,0,0.0
E07000075,2020,0,0.0
E07000075,2021,0,0.0
E07000075,2022,0,0.0
E07000075,2023,0,0.0
E07000075,2024,0,0.0
E07000075,2025,0,0.0
E07000076,2011,0,0.0
E07000076,2012,0,0.0
E07000076,2013,0,0.0
E07000076,2014,0,0.0
E07000076,2015,0,0.0
E07000076,2016,0,0.0
E07000076,2017,0,0.0
E07000076,2018,0,0.0
E07000076,2019,0,0.0
E07000076,2020,0,0.0
E07000076,2021,0,0.0
E07000076,2022,0,0.0
E07000076,2023,0,0.0
E07000076,2024,0,0.0
E07000076,2025,0,0.0
E07000077,2011,0,0.0
E07000077,2012,0,0.0
E07000077,2013,0,0.0
E07000077,2014,0,0.0
E07000077,2015,0,0.0
E07000077,2016,0,0.0
E07000077,2017,0,0.0
E07000077,2018,0,0.0
E07000077,2019,0,0.0
E07000077,2020,0,0.0
E07000077,2021,0,0.0
E07000077,2022,0,0.0
E07000077,2023,0,0.0
E07000077,2024,0,0.0
E07000077,2025,0,0.0
E07000078,2011,0,0.0
E07000078,2012,0,0.0
E07000078,2013,0,0.0
E07000078,2014,0,0.0
E07000078,2015,0,0.0
E07000078,2016,0,0.0
E07000078,2017,0,0.0
E07000078,2018,0,0.0
E07000078,2019,0,0.0
E07000078,2020,0,0.0
E07000078,2021,0,0.0
E07000078,2022,0,0.0
E07000078,2023,0,0.0
E07000078,2024,0,0.0
E07000078,2025,0,0.0
E07000079,2011,0,0.0
E07000079,2012,0,0.0
E07000079,2013,0,0.0
E07000079,2014,0,0.0
E07000079,2015,0,0.0
E07000079,2016,0,0.0
E07000079,2017,0,0.0
E07000079,2018,0,0.0
E07000079,2019,0,0.0
E07000079,2020,0,0.0
E07000079,2021,0,0.0
E07000079,2022,0,0.0
E07000079,2023,0,0.0
E07000079,2024,0,0.0
E07000079,2025,0,0.0
E07000080,2011,0,0.0
E07000080,2012,0,0.0
E07000080,2013,0,0.0
E07000080,2014,0,0.0
E07000080,2015,0,0.0
E07000080,2016,0,0.0
E07000080,2017,0,0.0
E07000080,2018,0,0.0
E07000080,2019,0,0.0
E07000080,2020,0,0.0
E07000080,2021,0,0.0
E07000080,2022,0,0.0
E07000080,2023,0,0.0
E07000080,2024,0,0.0
E07000080,2025,0,0.0
E07000081,2011,0,0.0
E07000081,2012,0,0.0
E07000081,2013,0,0.0
E07000081,2014,0,0.0
E07000081,2015,0,0.0
E07000081,2016,0,0.0
E07000081,2017,0,0.0
E07000081,2018,0,0.0
E07000081,2019,0,0.0
E07000081,2020,0,0.0
E07000081,2021,0,0.0
E07000081,2022,0,0.0
E07000081,2023,0,0.0
E07000081,2024,0,0.0
E07000081,2025,0,0.0
E07000082,2011,0,0.0
E07000082,2012,0,0.0
E07000082,2013,0,0.0
E07000082,2014,0,0.0
E07000082,2015,0,0.0
E07000082,2016,0,0.0
E07000082,2017,0,0.0
E07000082,2018,0,0.0
E07000082,2019,0,0.0
E07000082,2020,0,0.0
E07000082,2021,0,0.0
E07000082,2022,0,0.0
E07000082,2023,0,0.0
E07000082,2024,0,0.0
E07000082,2025,0,0.0
E07000083,2011,0,0.0
E07000083,2012,0,0.0
E07000083,2013,0,0.0
E07000083,2014,0,0.0
E07000083,2015,0,0.0
E07000083,2016,0,0.0
E07000083,2017,0,0.0
E07000083,2018,0,0.0
E07000083,2019,0,0.0
E07000083,2020,0,0.0
E07000083,2021,0,0.0
E07000083,2022,0,0.0
E07000083,2023,0,0.0
E07000083,2024,0,0.0
E07000083,2025,0,0.0
E07000084,2011,0,0.0
E07000084,2012,0,0.0
E07000084,2013,0,0.0
E07000084,2014,0,0.0
E07000084,2015,0,0.0
E07000084,2016,0,0.0
E07000084,2017,0,0.0
E07000084,2018,0,0.0
E07000084,2019,0,0.0
E07000084,2020,0,0.0
E07000084,2021,0,0.0
E07000084,2022,0,0.0
E07000084,2023,0,0.0
E07000084,2024,0,0.0
E07000084,2025,0,0.0
E07000085,2011,0,0.0
E07000085,2012,0,0.0
E07000085,2013,0,0.0
E07000085,2014,0,0.0
E07000085,2015,0,0.0
E07000085,2016,0,0.0
E07000085,2017,0,0.0
E07000085,2018,0,0.0
E07000085,2019,0,0.0
E07000085,2020,0,0.0
E07000085,2021,0,0.0
E07000085,2022,0,0.0
E07000085,2023,0,0.0
E07000085,2024,0,0.0
E07000085,2025,0,0.0
E07000086,2011,0,0.0
E07000086,2012,0,0.0
E07000086,2013,0,0.0
E07000086,2014,0,0.0
E07000086,2015,0,0.0
E07000086,2016,0,0.0
E07000086,2017,0,0.0
E07000086,2018,0,0.0
E07000086,2019,0,0.0
E07000086,2020,0,0.0
E07000086,2021,0,0.0
E07000086,2022,0,0.0
E07000086,2023,0,0.0
E07000086,2024,0,0.0
E07000086,2025,0,0.0
E07000087,2011,0,0.0
E07000087,2012,0,0.0
E07000087,2013,0,0.0
E07000087,2014,0,0.0
E07000087,2015,0,0.0
E07000087,2016,0,0.0
E07000087,2017,0,0.0
E07000087,2018,0,0.0
E07000087,2019,0,0.0
E07000087,2020,0,0.0
E07000087,2021,0,0.0
E07000087,2022,0,0.0
E07000087,2023,0,0.0
E07000087,2024,0,0.0
E07000087,2025,0,0.0
E07000088,2011,0,0.0
E07000088,2012,0,0.0
E07000088,2013,0,0.0
E07000088,2014,0,0.0
E07000088,2015,0,0.0
E07000088,2016,0,0.0
E07000088,2017,0,0.0
E07000088,2018,0,0.0
E07000088,2019,0,0.0
E07000088,2020,0,0.0
E07000088,2021,0,0.0
E07000088,2022,0,0.0
E07000088,2023,0,0.0
E07000088,2024,0,0.0
E07000088,2025,0,0.0
E07000089,2011,0,0.0
E07000089,2012,0,0.0
E07000089,2013,0,0.0
E07000089,2014,0,0.0
E07000089,2015,0,0.0
E07000089,2016,0,0.0
E07000089,2017,0,0.0
E07000089,2018,0,0.0
E07000089,2019,0,0.0
E07000089,2020,0,0.0
E07000089,2021,0,0.0
E07000089,2022,0,0.0
E07000089,2023,0,0.0
E07000089,2024,0,0.0
E07000089,2025,0,0.0
E07000090,2011,0,0.0
E07000090,2012,0,0.0
E07000090,2013,0,0.0
E07000090,2014,0,0.0
E07000090,2015,0,0.0
E07000090,2016,0,0.0
E07000090,2017,0,0.0
E07000090,2018,0,0.0
E07000090,2019,0,0.0
E07000090,2020,0,0.0
E07000090,2021,0,0.0
E07000090,2022,0,0.0
E07000090,2023,0,0.0
E07000090,2024,0,0.0
E07000090,2025,0,0.0
E07000091,2011,0,0.0
E07000091,2012,0,0.0
E07000091,2013,0,0.0
E07000091,2014,0,0.0
E07000091,2015,0,0.0
E07000091,2016,0,0.0
E07000091,2017,0,0.0
E07000091,2018,0,0.0
E07000091,2019,0,0.0
E07000091,2020,0,0.0
E07000091,2021,0,0.0
E07000091,2022,0,0.0
E07000091,2023,0,0.0
E07000091,2024,0,0.0
E07000091,2025,0,0.0
E07000092,2011,0,0.0
E07000092,2012,0,0.0
E07000092,2013,0,0.0
E07000092,2014,0,0.0
E07000092,2015,0,0.0
E07000092,2016,0,0.0
E07000092,2017,0,0.0
E07000092,2018,0,0.0
E07000092,2019,0,0.0
E07000092,2020,0,0.0
E07000092,2021,0,0.0
E07000092,2022,0,0.0
E07000092,2023,0,0.0
E07000092,2024,0,0.0
E07000092,2025,0,0.0
E07000093,2011,0,0.0
E07000093,2012,0,0.0
E07000093,2013,0,0.0
E07000093,2014,0,0.0
E07000093,2015,0,0.0
E07000093,2016,0,0.0
E07000093,2017,0,0.0
E07000093,2018,0,0.0
E07000093,2019,0,0.0
E07000093,2020,0,0.0
E07000093,2021,0,0.0
E07000093,2022,0,0.0
E07000093,2023,0,0.0
E07000093,2024,0,0.0
E07000093,2025,0,0.0
E07000094,2011,0,0.0
E07000094,2012,0,0.0
E07000094,2013,0,0.0
E07000094,2014,0,0.0
E07000094,2015,0,0.0
E07000094,2016,0,0.0
E07000094,2017,0,0.0
E07000094,2018,0,0.0
E07000094,2019,0,0.0
E07000094,2020,0,0.0
E07000094,2021,0,0.0
E07000094,2022,0,0.0
E07000094,2023,0,0.0
E07000094,2024,0,0.0
E07000094,2025,0,0.0
E07000095,2011,0,0.0
E07000095,2012,0,0.0
E07000095,2013,0,0.0
E07000095,2014,0,0.0
E07000095,2015,0,0.0
E07000095,2016,0,0.0
E07000095,2017,0,0.0
E07000095,2018,0,0.0
E07000095,2019,0,0.0
E07000095,2020,0,0.0
E07000095,2021,0,0.0
E07000095,2022,0,0.0
E07000095,2023,0,0.0
E07000095,2024,0,0.0
E07000095,2025,0,0.0
E07000096,2011,0,0.0
E07000096,2012,0,0.0
E07000096,2013,0,0.0
E07000096,2014,0,0.0
E07000096,2015,0,0.0
E07000096,2016,0,0.02119932632750727
E07000096,2017,1,0.4709188364506283
E07000096,2018,1,0.3550818781743515
E07000096,2019,1,0.13086069604191686
E07000096,2020,1,0.13048201444241567
E07000096,2021,1,0.1301491071245117
E07000096,2022,1,0.12929276983277277
E07000096,2023,1,0.1273584159199971
E07000096,2024,1,0.12536116685533968
E07000096,2025,1,0.12445213697911839
E07000098,2011,0,0.0
E07000098,2012,0,0.0
E07000098,2013,0,0.0
E07000098,2014,0,0.0
E07000098,2015,0,0.0
E07000098,2016,0,0.020231229905412478
E07000098,2017,1,0.4494931569698491
E07000098,2018,1,0.3387536610614859
E07000098,2019,1,0.12424960586154596
E07000098,2020,1,0.12381316428425289
E07000098,2021,1,0.1232211731816351
E07000098,2022,1,0.12277494180863807
E07000098,2023,1,0.12161396004816645
E07000098,2024,1,0.1211330015087962
E07000098,2025,1,0.12085940235987211
E07000099,2011,0,0.0
E07000099,2012,0,0.0
E07000099,2013,0,0.0
E07000099,2014,0,0.0
E07000099,2015,0,0.0
E07000099,2016,1,0.037979811307465604
E07000099,2017,1,0.02013287015333439
E07000099,2018,1,0.01497606766672762
E07000099,2019,1,0.008307435532412215
E07000099,2020,1,0.008316239088938665
E07000099,2021,1,0.008283306077417374
E07000099,2022,1,0.008245898514331615
E07000099,2023,1,0.00816129868520169
E07000099,2024,1,0.008087451035241307
E07000099,2025,1,0.008055246065152295
E07000102,2011,0,0.0
E07000102,2012,0,0.0
E07000102,2013,0,0.0
E07000102,2014,0,0.0
E07000102,2015,0,0.0
E07000102,2016,0,0.01960379920395629
E07000102,2017,1,0.4372725264694723
E07000102,2018,1,0.3307414544649805
E07000102,2019,1,0.1218891175770639
E07000102,2020,1,0.1214316841383185
E07000102,2021,1,0.1212519940996187
E07000102,2022,1,0.1208852228717518
E07000102,2023,1,0.11983213372072324
E07000102,2024,1,0.11917012622289912
E07000102,2025,1,0.11855857115536476
E07000103,2011,0,0.0
E07000103,2012,0,0.0
E07000103,2013,0,0.0
E07000103,2014,0,0.0
E07000103,2015,0,0.0
E07000103,2016,0,0.018140412612241662
E07000103,2017,1,0.4031334172087733
E07000103,2018,1,0.30325286971243154
E07000103,2019,1,0.11147559814580886
E07000103,2020,1,0.11131217933341396
E07000103,2021,1,0.11111128814377147
E07000103,2022,1,0.11038013697355827
E07000103,2023,1,0.10825255967602773
E07000103,2024,1,0.10664598745075873
E07000103,2025,1,0.10579506226897753
E07000105,2011,0,0.0
E07000105,2012,0,0.0
E07000105,2013,0,0.0
E07000105,2014,0,0.0
E07000105,2015,0,0.0
E07000105,2016,0,0.0
E07000105,2017,0,0.0
E07000105,2018,0,0.0
E07000105,2019,0,0.0
E07000105,2020,0,0.0
E07000105,2021,0,0.0
E07000105,2022,0,0.0
E07000105,2023,0,0.0
E07000105,2024,0,0.0
E07000105,2025,0,0.0
E07000106,2011,0,0.0
E07000106,2012,0,0.0
E07000106,2013,0,0.0
E07000106,2014,0,0.0
E07000106,2015,0,0.0
E07000106,2016,0,0.0
E07000106,2017,0,0.0
E07000106,2018,0,0.0
E07000106,2019,0,0.0
E07000106,2020,0,0.0
E07000106,2021,0,0.0
E07000106,2022,0,0.0
E07000106,2023,0,0.0
E07000106,2024,0,0.0
E07000106,2025,0,0.0
E07000107,2011,0,0.0
E07000107,2012,0,0.0
E07000107,2013,0,0.0
E07000107,2014,0,0.0
E07000107,2015,0,0.0
E07000107,2016,0,0.0
E07000107,2017,0,0.0
E07000107,2018,0,0.0
E07000107,2019,0,0.0
E07000107,2020,0,0.0
E07000107,2021,0,0.0
E07000107,2022,0,0.0
E07000107,2023,0,0.0
E07000107,2024,0,0.0
E07000107,2025,0,0.0
E07000108,2011,0,0.0
E07000108,2012,0,0.0
E07000108,2013,0,0.0
E07000108,2014,0,0.0
E07000108,2015,0,0.0
E07000108,2016,0,0.0
E07000108,2017,0,0.0
E07000108,2018,0,0.0
E07000108,2019,0,0.0
E07000108,2020,0,0.0
E07000108,2021,0,0.0
E07000108,2022,0,0.0
E07000108,2023,0,0.0
E07000108,2024,0,0.0
E07000108,2025,0,0.0
E07000109,2011,0,0.0
E07000109,2012,0,0.0
E07000109,2013,0,0.0
E07000109,2014,0,0.0
E07000109,2015,0,0.0
E07000109,2016,0,0.0
E07000109,2017,0,0.0
E07000109,2018,0,0.0
E07000109,2019,0,0.0
E07000109,2020,0,0.0
E07000109,2021,0,0.0
E07000109,2022,0,0.0
E07000109,2023,0,0.0
E07000109,2024,0,0.0
E07000109,2025,0,0.0
E07000110,2011,0,0.0
E07000110,2012,0,0.0
E07000110,2013,0,0.0
E07000110,2014,0,0.0
E07000110,2015,0,0.0
E07000110,2016,0,0.0
E07000110,2017,0,0.0
E07000110,2018,0,0.0
E07000110,2019,0,0.0
E07000110,2020,0,0.0
E07000110,2021,0,0.0
E07000110,2022,0,0.0
E07000110,2023,0,0.0
E07000110,2024,0,0.0
E07000110,2025,0,0.0
E07000111,2011,0,0.0
E07000111,2012,0,0.0
E07000111,2013,0,0.0
E07000111,2014,0,0.0
E07000111,2015,0,0.0
E07000111,2016,0,0.0
E07000111,2017,0,0.0
E07000111,2018,0,0.0
E07000111,2019,0,0.0
E07000111,2020,0,0.0
E07000111,2021,0,0.0
E07000111,2022,0,0.0
E07000111,2023,0,0.0
E07000111,2024,0,0.0
E07000111,2025,0,0.0
E07000112,2011,0,0.0
E07000112,2012,0,0.0
E07000112,2013,0,0.0
E07000112,2014,0,0.0
E07000112,2015,0,0.0
E07000112,2016,0,0.0
E07000112,2017,0,0.0
E07000112,2018,0,0.0
E07000112,2019,0,0.0
E07000112,2020,0,0.0
E07000112,2021,0,0.0
E07000112,2022,0,0.0
E07000112,2023,0,0.0
E07000112,2024,0,0.0
E07000112,2025,0,0.0
E07000113,2011,0,0.0
E07000113,2012,0,0.0
E07000113,2013,0,0.0
E07000113,2014,0,0.0
E07000113,2015,0,0.0
E07000113,2016,0,0.0
E07000113,2017,0,0.0
E07000113,2018,0,0.0
E07000113,2019,0,0.0
E07000113,2020,0,0.0
E07000113,2021,0,0.0
E07000113,2022,0,0.0
E07000113,2023,0,0.0
E07000113,2024,0,0.0
E07000113,2025,0,0.0
E07000114,2011,0,0.0
E07000114,2012,0,0.0
E07000114,2013,0,0.0
E07000114,2014,0,0.0
E07000114,2015,0,0.0
E07000114,2016,0,0.0
E07000114,2017,0,0.0
E07000114,2018,0,0.0
E07000114,2019,0,0.0
E07000114,2020,0,0.0
E07000114,2021,0,0.0
E07000114,2022,0,0.0
E07000114,2023,0,0.0
E07000114,2024,0,0.0
E07000114,2025,0,0.0
E07000115,2011,0,0.0
E07000115,2012,0,0.0
E07000115,2013,0,0.0
E07000115,2014,0,0.0
E07000115,2015,0,0.0
E07000115,2016,0,0.0
E07000115,2017,0,0.0
E07000115,2018,0,0.0
E07000115,2019,0,0.0
E07000115,2020,0,0.0
E07000115,2021,0,0.0
E07000115,2022,0,0.0
E07000115,2023,0,0.0
E07000115,2024,0,0.0
E07000115,2025,0,0.0
E07000116,2011,0,0.0
E07000116,2012,0,0.0
E07000116,2013,0,0.0
E07000116,2014,0,0.0
E07000116,2015,0,0.0
E07000116,2016,0,0.0
E07000116,2017,0,0.0
E07000116,2018,0,0.0
E07000116,2019,0,0.0
E07000116,2020,0,0.0
E07000116,2021,0,0.0
E07000116,2022,0,0.0
E07000116,2023,0,0.0
E07000116,2024,0,0.0
E07000116,2025,0,0.0
E07000117,2011,0,0.0
E07000117,2012,0,0.0
E07000117,2013,0,0.0
E07000117,2014,0,0.0
E07000117,2015,1,0.09433946484098615
E07000117,2016,1,0.7073243100225696
E07000117,2017,1,0.4236151315324983
E07000117,2018,1,0.4769941193439286
E07000117,2019,1,0.8324256778271762
E07000117,2020,1,0.8237581773968955
E07000117,2021,1,0.8167409201380519
E07000117,2022,1,0.8072314483918436
E07000117,2023,1,0.7951854466337609
E07000117,2024,1,0.780010427222725
E07000117,2025,1,0.7664804383369149
E07000118,2011,0,0.0
E07000118,2012,0,0.0
E07000118,2013,0,0.0
E07000118,2014,0,0.0
E07000118,2015,0,0.0
E07000118,2016,0,0.0
E07000118,2017,0,0.0
E07000118,2018,0,0.0
E07000118,2019,0,0.0
E07000118,2020,0,0.0
E07000118,2021,0,0.0
E07000118,2022,0,0.0
E07000118,2023,0,0.0
E07000118,2024,0,0.0
E07000118,2025,0,0.0
E07000119,2011,0,0.0
E07000119,2012,0,0.0
E07000119,2013,0,0.0
E07000119,2014,0,0.0
E07000119,2015,0,0.0
E07000119,2016,0,0.0
E07000119,2017,0,0.0
E07000119,2018,0,0.0
E07000119,2019,0,0.0
E07000119,2020,0,0.0
E07000119,2021,0,0.0
E07000119,2022,0,0.0
E07000119,2023,0,0.0
E07000119,2024,0,0.0
E07000119,2025,0,0.0
E07000120,2011,0,0.0
E07000120,2012,0,0.0
E07000120,2013,0,0.0
E07000120,2014,0,0.0
E07000120,2015,1,0.09031235548036916
E07000120,2016,1,0.6782757392966728
E07000120,2017,1,0.4100296629688201
E07000120,2018,1,0.46503767206667634
E07000120,2019,1,0.8182238379811899
E07000120,2020,1,0.8163312770002731
E07000120,2021,1,0.8150711236998509
E07000120,2022,1,0.804944618849908
E07000120,2023,1,0.7930450401853262
E07000120,2024,1,0.7806824194412997
E07000120,2025,1,0.7715827819983251
E07000121,2011,0,0.0
E07000121,2012,0,0.0
E07000121,2013,0,0.0
E07000121,2014,0,0.0
E07000121,2015,0,0.0
E07000121,2016,0,0.0
E07000121,2017,0,0.0
E07000121,2018,0,0.0
E07000121,2019,0,0.0
E07000121,2020,0,0.0
E07000121,2021,0,0.0
E07000121,2022,0,0.0
E07000121,2023,0,0.0
E07000121,2024,0,0.0
E07000121,2025,0,0.0
E07000122,2011,0,0.0
E07000122,2012,0,0.0
E07000122,2013,0,0.0
E07000122,2014,0,0.0
E07000122,2015,1,0.08736946963731561
E07000122,2016,1,0.6529911253229862
E07000122,2017,1,0.39307684387680575
E07000122,2018,1,0.44407882184441694
E07000122,2019,1,0.7745793037845672
E07000122,2020,1,0.7729258731631278
E07000122,2021,1,0.7671179788135996
E07000122,2022,1,0.7618386411278701
E07000122,2023,1,0.7519485802023518
E07000122,2024,1,0.7376782876061568
E07000122,2025,1,0.7335556581333921
E07000123,2011,0,0.0
E07000123,2012,0,0.0
E07000123,2013,0,0.0
E07000123,2014,0,0.0
E07000123,2015,0,0.0
E07000123,2016,0,0.0
E07000123,2017,0,0.0
E07000123,2018,0,0.0
E07000123,2019,0,0.0
E07000123,2020,0,0.0
E07000123,2021,0,0.0
E07000123,2022,0,0.0
E07000123,2023,0,0.0
E07000123,2024,0,0.0
E07000123,2025,0,0.0
E07000124,2011,0,0.0
E07000124,2012,0,0.0
E07000124,2013,0,0.0
E07000124,2014,0,0.0
E07000124,2015,1,0.07704079345870392
E07000124,2016,1,0.578567978044975
E07000124,2017,1,0.347701104405848
E07000124,2018,1,0.393645042633164
E07000124,2019,1,0.6888748750778934
E07000124,2020,1,0.6789350385289741
E07000124,2021,1,0.6670277481902699
E07000124,2022,1,0.6531652100698193
E07000124,2023,1,0.6380171254799321
E07000124,2024,1,0.627509795194584
E07000124,2025,1,0.6164760172367123
E07000125,2011,0,0.0
E07000125,2012,0,0.0
E07000125,2013,0,0.0
E07000125,2014,0,0.0
E07000125,2015,1,0.08718474797525179
E07000125,2016,1,0.6558785776049583
E07000125,2017,1,0.39377054570762415
E07000125,2018,1,0.4459726468698837
E07000125,2019,1,0.7822745086148739
E07000125,2020,1,0.7830809657914267
E07000125,2021,1,0.7809084366361074
E07000125,2022,1,0.7790433317690398
E07000125,2023,1,0.7722945162765559
E07000125,2024,1,0.7612573450207536
E07000125,2025,1,0.7525071418501889
E07000126,2011,0,0.0
E07000126,2012,0,0.0
E07000126,2013,0,0.0
E07000126,2014,0,0.0
E07000126,2015,0,0.0
E07000126,2016,0,0.0
E07000126,2017,0,0.0
E07000126,2018,0,0.0
E07000126,2019,0,0.0
E07000126,2020,0,0.0
E07000126,2021,0,0.0
E07000126,2022,0,0.0
E07000126,2023,0,0.0
E07000126,2024,0,0.0
E07000126,2025,0,0.0
E07000127,2011,0,0.0
E07000127,2012,0,0.0
E07000127,2013,0,0.0
E07000127,2014,0,0.0
E07000127,2015,0,0.0
E07000127,2016,0,0.0
E07000127,2017,0,0.0
E07000127,2018,0,0.0
E07000127,2019,0,0.0
E07000127,2020,0,0.0
E07000127,2021,0,0.0
E07000127,2022,0,0.0
E07000127,2023,0,0.0
E07000127,2024,0,0.0
E07000127,2025,0,0.0
E07000128,2011,0,0.0
E07000128,2012,0,0.0
E07000128,2013,0,0.0
E07000128,2014,0,0.0
E07000128,2015,0,0.0
E07000128,2016,0,0.0
E07000128,2017,0,0.0
E07000128,2018,0,0.0
E07000128,2019,0,0.0
E07000128,2020,0,0.0
E07000128,2021,0,0.0
E07000128,2022,0,0.0
E07000128,2023,0,0.0
E07000128,2024,0,0.0
E07000128,2025,0,0.0
E07000129,2011,0,0.0
E07000129,2012,0,0.0
E07000129,2013,0,0.0
E07000129,2014,0,0.0
E07000129,2015,0,0.0
E07000129,2016,0,0.0
E07000129,2017,0,0.0
E07000129,2018,0,0.0
E07000129,2019,0,0.0
E07000129,2020,0,0.0
E07000129,2021,0,0.0
E07000129,2022,0,0.0
E07000129,2023,0,0.0
E07000129,2024,0,0.0
E07000129,2025,0,0.0
E07000130,2011,0,0.0
E07000130,2012,0,0.0
E07000130,2013,0,0.0
E07000130,2014,0,0.0
E07000130,2015,0,0.0
E07000130,2016,0,0.0
E07000130,2017,0,0.0
E07000130,2018,0,0.0
E07000130,2019,0,0.0
E07000130,2020,0,0.0
E07000130,2021,0,0.0
E07000130,2022,0,0.0
E07000130,2023,0,0.0
E07000130,2024,0,0.0
E07000130,2025,0,0.0
E07000131,2011,0,0.0
E07000131,2012,0,0.0
E07000131,2013,0,0.0
E07000131,2014,0,0.0
E07000131,2015,0,0.0
E07000131,2016,0,0.0
E07000131,2017,0,0.0
E07000131,2018,0,0.0
E07000131,2019,0,0.0
E07000131,2020,0,0.0
E07000131,2021,0,0.0
E07000131,2022,0,0.0
E07000131,2023,0,0.0
E07000131,2024,0,0.0
E07000131,2025,0,0.0
E07000132,2011,0,0.0
E07000132,2012,0,0.0
E07000132,2013,0,0.0
E07000132,2014,0,0.0
E07000132,2015,0,0.0
E07000132,2016,0,0.0
E07000132,2017,0,0.0
E07000132,2018,0,0.0
E07000132,2019,0,0.0
E07000132,2020,0,0.0
E07000132,2021,0,0.0
E07000132,2022,0,0.0
E07000132,2023,0,0.0
E07000132,2024,0,0.0
E07000132,2025,0,0.0
E07000133,2011,0,0.0
E07000133,2012,0,0.0
E07000133,2013,0,0.0
E07000133,2014,0,0.0
E07000133,2015,0,0.0
E07000133,2016,0,0.0
E07000133,2017,0,0.0
E07000133,2018,0,0.0
E07000133,2019,0,0.0
E07000133,2020,0,0.0
E07000133,2021,0,0.0
E07000133,2022,0,0.0
E07000133,2023,0,0.0
E07000133,2024,0,0.0
E07000133,2025,0,0.0
E07000134,2011,0,0.0
E07000134,2012,0,0.0
E07000134,2013,0,0.0
E07000134,2014,0,0.0
E07000134,2015,0,0.0
E07000134,2016,0,0.0
E07000134,2017,0,0.0
E07000134,2018,0,0.0
E07000134,2019,0,0.0
E07000134,2020,0,0.0
E07000134,2021,0,0.0
E07000134,2022,0,0.0
E07000134,2023,0,0.0
E07000134,2024,0,0.0
E07000134,2025,0,0.0
E07000135,2011,0,0.0
E07000135,2012,0,0.0
E07000135,2013,0,0.0
E07000135,2014,0,0.0
E07000135,2015,0,0.0
E07000135,2016,0,0.0
E07000135,2017,0,0.0
E07000135,2018,0,0.0
E07000135,2019,0,0.0
E07000135,2020,0,0.0
E07000135,2021,0,0.0
E07000135,2022,0,0.0
E07000135,2023,0,0.0
E07000135,2024,0,0.0
E07000135,2025,0,0.0
E07000136,2011,0,0.0
E07000136,2012,0,0.0
E07000136,2013,0,0.0
E07000136,2014,0,0.0
E07000136,2015,0,0.0
E07000136,2016,0,0.0
E07000136,2017,0,0.0
E07000136,2018,0,0.0
E07000136,2019,0,0.0
E07000136,2020,0,0.0
E07000136,2021,0,0.0
E07000136,2022,0,0.0
E07000136,2023,0,0.0
E07000136,2024,0,0.0
E07000136,2025,0,0.0
E07000137,2011,0,0.0
E07000137,2012,0,0.0
E07000137,2013,0,0.0
E07000137,2014,0,0.0
E07000137,2015,0,0.0
E07000137,2016,0,0.0
E07000137,2017,0,0.0
E07000137,2018,0,0.0
E07000137,2019,0,0.0
E07000137,2020,0,0.0
E07000137,2021,0,0.0
E07000137,2022,0,0.0
E07000137,2023,0,0.0
E07000137,2024,0,0.0
E07000137,2025,0,0.0
E07000138,2011,0,0.0
E07000138,2012,0,0.0
E07000138,2013,0,0.0
E07000138,2014,0,0.0
E07000138,2015,0,0.0
E07000138,2016,0,0.0
E07000138,2017,0,0.0
E07000138,2018,0,0.0
E07000138,2019,0,0.0
E07000138,2020,0,0.0
E07000138,2021,0,0.0
E07000138,2022,0,0.0
E07000138,2023,0,0.0
E07000138,2024,0,0.0
E07000138,2025,0,0.0
E07000139,2011,0,0.0
E07000139,2012,0,0.0
E07000139,2013,0,0.0
E07000139,2014,0,0.0
E07000139,2015,0,0.0
E07000139,2016,0,0.0
E07000139,2017,0,0.0
E07000139,2018,0,0.0
E07000139,2019,0,0.0
E07000139,2020,0,0.0
E07000139,2021,0,0.0
E07000139,2022,0,0.0
E07000139,2023,0,0.0
E07000139,2024,0,0.0
E07000139,2025,0,0.0
E07000140,2011,0,0.0
E07000140,2012,0,0.0
E07000140,2013,0,0.0
E07000140,2014,0,0.0
E07000140,2015,0,0.0
E07000140,2016,0,0.0
E07000140,2017,0,0.0
E07000140,2018,0,0.0
E07000140,2019,0,0.0
E07000140,2020,0,0.0
E07000140,2021,0,0.0
E07000140,2022,0,0.0
E07000140,2023,0,0.0
E07000140,2024,0,0.0
E07000140,2025,0,0.0
E07000141,2011,0,0.0
E07000141,2012,0,0.0
E07000141,2013,0,0.0
E07000141,2014,0,0.0
E07000141,2015,0,0.0
E07000141,2016,0,0.0
E07000141,2017,0,0.0
E07000141,2018,0,0.0
E07000141,2019,0,0.0
E07000141,2020,0,0.0
E07000141,2021,0,0.0
E07000141,2022,0,0.0
E07000141,2023,0,0.0
E07000141,2024,0,0.0
E07000141,2025,0,0.0
E07000142,2011,0,0.0
E07000142,2012,0,0.0
E07000142,2013,0,0.0
E07000142,2014,0,0.0
E07000142,2015,0,0.0
E07000142,2016,0,0.0
E07000142,2017,0,0.0
E07000142,2018,0,0.0
E07000142,2019,0,0.0
E07000142,2020,0,0.0
E07000142,2021,0,0.0
E07000142,2022,0,0.0
E07000142,2023,0,0.0
E07000142,2024,0,0.0
E07000142,2025,0,0.0
E07000143,2011,0,0.0
E07000143,2012,0,0.0
E07000143,2013,0,0.0
E07000143,2014,0,0.0
E07000143,2015,0,0.0
E07000143,2016,0,0.0
E07000143,2017,0,0.0
E07000143,2018,0,0.0
E07000143,2019,0,0.0
E07000143,2020,0,0.0
E07000143,2021,0,0.0
E07000143,2022,0,0.0
E07000143,2023,0,0.0
E07000143,2024,0,0.0
E07000143,2025,0,0.0
E07000144,2011,0,0.0
E07000144,2012,0,0.0
E07000144,2013,0,0.0
E07000144,2014,0,0.0
E07000144,2015,0,0.0
E07000144,2016,0,0.0
E07000144,2017,0,0.0
E07000144,2018,0,0.0
E07000144,2019,0,0.0
E07000144,2020,0,0.0
E07000144,2021,0,0.0
E07000144,2022,0,0.0
E07000144,2023,0,0.0
E07000144,2024,0,0.0
E07000144,2025,0,0.0
E07000145,2011,0,0.0
E07000145,2012,0,0.0
E07000145,2013,0,0.0
E07000145,2014,0,0.0
E07000145,2015,0,0.0
E07000145,2016,0,0.0
E07000145,2017,0,0.0
E07000145,2018,0,0.0
E07000145,2019,0,0.0
E07000145,2020,0,0.0
E07000145,2021,0,0.0
E07000145,2022,0,0.0
E07000145,2023,0,0.0
E07000145,2024,0,0.0
E07000145,2025,0,0.0
E07000146,2011,0,0.0
E07000146,2012,0,0.0
E07000146,2013,0,0.0
E07000146,2014,0,0.0
E07000146,2015,0,0.0
E07000146,2016,0,0.0
E07000146,2017,0,0.0
E07000146,2018,0,0.0
E07000146,2019,0,0.0
E07000146,2020,0,0.0
E07000146,2021,0,0.0
E07000146,2022,0,0.0
E07000146,2023,0,0.0
E07000146,2024,0,0.0
E07000146,2025,0,0.0
E07000147,2011,0,0.0
E07000147,2012,0,0.0
E07000147,2013,0,0.0
E07000147,2014,0,0.0
E07000147,2015,0,0.0
E07000147,2016,0,0.0
E07000147,2017,0,0.0
E07000147,2018,0,0.0
E07000147,2019,0,0.0
E07000147,2020,0,0.0
E07000147,2021,0,0.0
E07000147,2022,0,0.0
E07000147,2023,0,0.0
E07000147,2024,0,0.0
E07000147,2025,0,0.0
E07000148,2011,0,0.0
E07000148,2012,0,0.0
E07000148,2013,0,0.0
E07000148,2014,0,0.0
E07000148,2015,0,0.0
E07000148,2016,0,0.0
E07000148,2017,0,0.0
E07000148,2018,0,0.0
E07000148,2019,0,0.0
E07000148,2020,0,0.0
E07000148,2021,0,0.0
E07000148,2022,0,0.0
E07000148,2023,0,0.0
E07000148,2024,0,0.0
E07000148,2025,0,0.0
E07000149,2011,0,0.0
E07000149,2012,0,0.0
E07000149,2013,0,0.0
E07000149,2014,0,0.0
E07000149,2015,0,0.0
E07000149,2016,0,0.0
E07000149,2017,0,0.0
E07000149,2018,0,0.0
E07000149,2019,0,0.0
E07000149,2020,0,0.0
E07000149,2021,0,0.0
E07000149,2022,0,0.0
E07000149,2023,0,0.0
E07000149,2024,0,0.0
E07000149,2025,0,0.0
E07000170,2011,0,0.0
E07000170,2012,0,0.0
E07000170,2013,0,0.0
E07000170,2014,0,0.0
E07000170,2015,0,0.0
E07000170,2016,0,0.0
E07000170,2017,0,0.0
E07000170,2018,0,0.0
E07000170,2019,0,0.0
E07000170,2020,0,0.0
E07000170,2021,0,0.0
E07000170,2022,0,0.0
E07000170,2023,0,0.0
E07000170,2024,0,0.0
E07000170,2025,0,0.0
E07000171,2011,0,0.0
E07000171,2012,0,0.0
E07000171,2013,0,0.0
E07000171,2014,0,0.0
E07000171,2015,0,0.0
E07000171,2016,0,0.0
E07000171,2017,0,0.0
E07000171,2018,0,0.0
E07000171,2019,0,0.0
E07000171,2020,0,0.0
E07000171,2021,0,0.0
E07000171,2022,0,0.0
E07000171,2023,0,0.0
E07000171,2024,0,0.0
E07000171,2025,0,0.0
E07000172,2011,0,0.0
E07000172,2012,0,0.0
E07000172,2013,0,0.0
E07000172,2014,0,0.0
E07000172,2015,0,0.0
E07000172,2016,0,0.0
E07000172,2017,0,0.0
E07000172,2018,0,0.0
E07000172,2019,0,0.0
E07000172,2020,0,0.0
E07000172,2021,0,0.0
E07000172,2022,0,0.0
E07000172,2023,0,0.0
E07000172,2024,0,0.0
E07000172,2025,0,0.0
E07000173,2011,0,0.0
E07000173,2012,0,0.0
E07000173,2013,0,0.0
E07000173,2014,0,0.0
E07000173,2015,0,0.0
E07000173,2016,0,0.0
E07000173,2017,0,0.0
E07000173,2018,0,0.0
E07000173,2019,0,0.0
E07000173,2020,0,0.0
E07000173,2021,0,0.0
E07000173,2022,0,0.0
E07000173,2023,0,0.0
E07000173,2024,0,0.0
E07000173,2025,0,0.0
E07000174,2011,0,0.0
E07000174,2012,0,0.0
E07000174,2013,0,0.0
E07000174,2014,0,0.0
E07000174,2015,0,0.0
E07000174,2016,0,0.0
E07000174,2017,0,0.0
E07000174,2018,0,0.0
E07000174,2019,0,0.0
E07000174,2020,0,0.0
E07000174,2021,0,0.0
E07000174,2022,0,0.0
E07000174,2023,0,0.0
E07000174,2024,0,0.0
E07000174,2025,0,0.0
E07000175,2011,0,0.0
E07000175,2012,0,0.0
E07000175,2013,0,0.0
E07000175,2014,0,0.0
E07000175,2015,0,0.0
E07000175,2016,0,0.0
E07000175,2017,0,0.0
E07000175,2018,0,0.0
E07000175,2019,0,0.0
E07000175,2020,0,0.0
E07000175,2021,0,0.0
E07000175,2022,0,0.0
E07000175,2023,0,0.0
E07000175,2024,0,0.0
E07000175,2025,0,0.0
E07000176,2011,0,0.0
E07000176,2012,0,0.0
E07000176,2013,0,0.0
E07000176,2014,0,0.0
E07000176,2015,0,0.0
E07000176,2016,0,0.0
E07000176,2017,0,0.0
E07000176,2018,0,0.0
E07000176,2019,0,0.0
E07000176,2020,0,0.0
E07000176,2021,0,0.0
E07000176,2022,0,0.0
E07000176,2023,0,0.0
E07000176,2024,0,0.0
E07000176,2025,0,0.0
E07000177,2011,0,0.0
E07000177,2012,0,0.0
E07000177,2013,0,0.0
E07000177,2014,0,0.0
E07000177,2015,0,0.0
E07000177,2016,0,0.0
E07000177,2017,0,0.0
E07000177,2018,0,0.0
E07000177,2019,0,0.0
E07000177,2020,0,0.0
E07000177,2021,0,0.0
E07000177,2022,0,0.0
E07000177,2023,0,0.0
E07000177,2024,0,0.0
E07000177,2025,0,0.0
E07000178,2011,0,0.0
E07000178,2012,0,0.0
E07000178,2013,0,0.0
E07000178,2014,0,0.0
E07000178,2015,0,0.0
E07000178,2016,0,0.0
E07000178,2017,0,0.0
E07000178,2018,0,0.0
E07000178,2019,0,0.0
E07000178,2020,0,0.0
E07000178,2021,0,0.0
E07000178,2022,0,0.0
E07000178,2023,0,0.0
E07000178,2024,0,0.0
E07000178,2025,0,0.0
E07000179,2011,0,0.0
E07000179,2012,0,0.0
E07000179,2013,0,0.0
E07000179,2014,0,0.0
E07000179,2015,0,0.0
E07000179,2016,0,0.0
E07000179,2017,0,0.0
E07000179,2018,0,0.0
E07000179,2019,0,0.0
E07000179,2020,0,0.0
E07000179,2021,0,0.0
E07000179,2022,0,0.0
E07000179,2023,0,0.0
E07000179,2024,0,0.0
E07000179,2025,0,0.0
E07000180,2011,0,0.0
E07000180,2012,0,0.0
E07000180,2013,0,0.0
E07000180,2014,0,0.0
E07000180,2015,0,0.0
E07000180,2016,0,0.0
E07000180,2017,0,0.0
E07000180,2018,0,0.0
E07000180,2019,0,0.0
E07000180,2020,0,0.0
E07000180,2021,0,0.0
E07000180,2022,0,0.0
E07000180,2023,0,0.0
E07000180,2024,0,0.0
E07000180,2025,0,0.0
E07000181,2011,0,0.0
E07000181,2012,0,0.0
E07000181,2013,0,0.0
E07000181,2014,0,0.0
E07000181,2015,0,0.0
E07000181,2016,0,0.0
E07000181,2017,0,0.0
E07000181,2018,0,0.0
E07000181,2019,0,0.0
E07000181,2020,0,0.0
E07000181,2021,0,0.0
E07000181,2022,0,0.0
E07000181,2023,0,0.0
E07000181,2024,0,0.0
E07000181,2025,0,0.0
E07000192,2011,0,0.0
E07000192,2012,0,0.0
E07000192,2013,0,0.0
E07000192,2014,0,0.0
E07000192,2015,0,0.0
E07000192,2016,0,0.0
E07000192,2017,0,0.0
E07000192,2018,0,0.0
E07000192,2019,0,0.0
E07000192,2020,0,0.0
E07000192,2021,0,0.0
E07000192,2022,0,0.0
E07000192,2023,0,0.0
E07000192,2024,0,0.0
E07000192,2025,0,0.0
E07000193,2011,0,0.0
E07000193,2012,0,0.0
E07000193,2013,0,0.0
E07000193,2014,0,0.0
E07000193,2015,0,0.0
E07000193,2016,0,0.0
E07000193,2017,0,0.0
E07000193,2018,0,0.0
E07000193,2019,0,0.0
E07000193,2020,0,0.0
E07000193,2021,0,0.0
E07000193,2022,0,0.0
E07000193,2023,0,0.0
E07000193,2024,0,0.0
E07000193,2025,0,0.0
E07000194,2011,0,0.0
E07000194,2012,0,0.0
E07000194,2013,0,0.0
E07000194,2014,0,0.0
E07000194,2015,0,0.0
E07000194,2016,0,0.0
E07000194,2017,0,0.0
E07000194,2018,0,0.0
E07000194,2019,0,0.0
E07000194,2020,0,0.0
E07000194,2021,0,0.0
E07000194,2022,0,0.0
E07000194,2023,0,0.0
E07000194,2024,0,0.0
E07000194,2025,0,0.0
E07000195,2011,0,0.0
E07000195,2012,0,0.0
E07000195,2013,0,0.0
E07000195,2014,0,0.0
E07000195,2015,0,0.0
E07000195,2016,0,0.0
E07000195,2017,0,0.0
E07000195,2018,0,0.0
E07000195,2019,0,0.0
E07000195,2020,0,0.0
E07000195,2021,0,0.0
E07000195,2022,0,0.0
E07000195,2023,0,0.0
E07000195,2024,0,0.0
E07000195,2025,0,0.0
E07000196,2011,0,0.0
E07000196,2012,0,0.0
E07000196,2013,0,0.0
E07000196,2014,0,0.0
E07000196,2015,0,0.0
E07000196,2016,0,0.0
E07000196,2017,0,0.0
E07000196,2018,0,0.0
E07000196,2019,0,0.0
E07000196,2020,0,0.0
E07000196,2021,0,0.0
E07000196,2022,0,0.0
E07000196,2023,0,0.0
E07000196,2024,0,0.0
E07000196,2025,0,0.0
E07000197,2011,0,0.0
E07000197,2012,0,0.0
E07000197,2013,0,0.0
E07000197,2014,0,0.0
E07000197,2015,0,0.0
E07000197,2016,0,0.0
E07000197,2017,0,0.0
E07000197,2018,0,0.0
E07000197,2019,0,0.0
E07000197,2020,0,0.0
E07000197,2021,0,0.0
E07000197,2022,0,0.0
E07000197,2023,0,0.0
E07000197,2024,0,0.0
E07000197,2025,0,0.0
E07000198,2011,0,0.0
E07000198,2012,0,0.0
E07000198,2013,0,0.0
E07000198,2014,0,0.0
E07000198,2015,0,0.0
E07000198,2016,1,0.010064888335096367
E07000198,2017,1,0.008176456484772797
E07000198,2018,1,0.0009469144602928466
E07000198,2019,1,0.13445942628282517
E07000198,2020,1,0.13503535066615321
E07000198,2021,1,0.1350072109733861
E07000198,2022,1,0.135210078921964
E07000198,2023,1,0.13492848218982134
E07000198,2024,1,0.13423376712633361
E07000198,2025,1,0.1339063812282536
E07000199,2011,0,0.0
E07000199,2012,0,0.0
E07000199,2013,0,0.0
E07000199,2014,0,0.0
E07000199,2015,0,0.0
E07000199,2016,0,0.0
E07000199,2017,0,0.0
E07000199,2018,0,0.0
E07000199,2019,0,0.0
E07000199,2020,0,0.0
E07000199,2021,0,0.0
E07000199,2022,0,0.0
E07000199,2023,0,0.0
E07000199,2024,0,0.0
E07000199,2025,0,0.0
E07000200,2011,0,0.0
E07000200,2012,0,0.0
E07000200,2013,0,0.0
E07000200,2014,0,0.0
E07000200,2015,0,0.0
E07000200,2016,0,0.0
E07000200,2017,0,0.0
E07000200,2018,0,0.0
E07000200,2019,0,0.0
E07000200,2020,0,0.0
E07000200,2021,0,0.0
E07000200,2022,0,0.0
E07000200,2023,0,0.0
E07000200,2024,0,0.0
E07000200,2025,0,0.0
E07000202,2011,0,0.0
E07000202,2012,0,0.0
E07000202,2013,0,0.0
E07000202,2014,0,0.0
E07000202,2015,0,0.0
E07000202,2016,0,0.0
E07000202,2017,0,0.0
E07000202,2018,0,0.0
E07000202,2019,0,0.0
E07000202,2020,0,0.0
E07000202,2021,0,0.0
E07000202,2022,0,0.0
E07000202,2023,0,0.0
E07000202,2024,0,0.0
E07000202,2025,0,0.0
E07000203,2011,0,0.0
E07000203,2012,0,0.0
E07000203,2013,0,0.0
E07000203,2014,0,0.0
E07000203,2015,0,0.0
E07000203,2016,0,0.0
E07000203,2017,0,0.0
E07000203,2018,0,0.0
E07000203,2019,0,0.0
E07000203,2020,0,0.0
E07000203,2021,0,0.0
E07000203,2022,0,0.0
E07000203,2023,0,0.0
E07000203,2024,0,0.0
E07000203,2025,0,0.0
E07000207,2011,0,0.0
E07000207,2012,0,0.0
E07000207,2013,0,0.0
E07000207,2014,0,0.0
E07000207,2015,0,0.0
E07000207,2016,0,0.0
E07000207,2017,0,0.0
E07000207,2018,0,0.0
E07000207,2019,0,0.0
E07000207,2020,0,0.0
E07000207,2021,0,0.0
E07000207,2022,0,0.0
E07000207,2023,0,0.0
E07000207,2024,0,0.0
E07000207,2025,0,0.0
E07000208,2011,0,0.0
E07000208,2012,0,0.0
E07000208,2013,0,0.0
E07000208,2014,0,0.0
E07000208,2015,0,0.0
E07000208,2016,0,0.0
E07000208,2017,0,0.0
E07000208,2018,0,0.0
E07000208,2019,0,0.0
E07000208,2020,0,0.0
E07000208,2021,0,0.0
E07000208,2022,0,0.0
E07000208,2023,0,0.0
E07000208,2024,0,0.0
E07000208,2025,0,0.0
E07000209,2011,0,0.0
E07000209,2012,0,0.0
E07000209,2013,0,0.0
E07000209,2014,0,0.0
E07000209,2015,0,0.0
E07000209,2016,0,0.0
E07000209,2017,0,0.0
E07000209,2018,0,0.0
E07000209,2019,0,0.0
E07000209,2020,0,0.0
E07000209,2021,0,0.0
E07000209,2022,0,0.0
E07000209,2023,0,0.0
E07000209,2024,0,0.0
E07000209,2025,0,0.0
E07000210,2011,0,0.0
E07000210,2012,0,0.0
E07000210,2013,0,0.0
E07000210,2014,0,0.0
E07000210,2015,0,0.0
E07000210,2016,0,0.0
E07000210,2017,0,0.0
E07000210,2018,0,0.0
E07000210,2019,0,0.0
E07000210,2020,0,0.0
E07000210,2021,0,0.0
E07000210,2022,0,0.0
E07000210,2023,0,0.0
E07000210,2024,0,0.0
E07000210,2025,0,0.0
E07000211,2011,0,0.0
E07000211,2012,0,0.0
E07000211,2013,0,0.0
E07000211,2014,0,0.0
E07000211,2015,0,0.0
E07000211,2016,0,0.0
E07000211,2017,0,0.0
E07000211,2018,0,0.0
E07000211,2019,0,0.0
E07000211,2020,0,0.0
E07000211,2021,0,0.0
E07000211,2022,0,0.0
E07000211,2023,0,0.0
E07000211,2024,0,0.0
E07000211,2025,0,0.0
E07000212,2011,0,0.0
E07000212,2012,0,0.0
E07000212,2013,0,0.0
E07000212,2014,0,0.0
E07000212,2015,0,0.0011465424579003942
E07000212,2016,1,0.04900560637356153
E07000212,2017,1,0.1472444653791804
E07000212,2018,1,0.16413757628188644
E07000212,2019,1,0.21158550657742906
E07000212,2020,1,0.2102752293577982
E07000212,2021,1,0.20876693612660824
E07000212,2022,1,0.20528437080161221
E07000212,2023,1,0.20056441556736893
E07000212,2024,1,0.19861136686127753
E07000212,2025,1,0.19713373399417286
E07000213,2011,0,0.0
E07000213,2012,0,0.0
E07000213,2013,0,0.0
E07000213,2014,0,0.0
E07000213,2015,0,0.0
E07000213,2016,0,0.0
E07000213,2017,0,0.0
E07000213,2018,0,0.0
E07000213,2019,0,0.0
E07000213,2020,0,0.0
E07000213,2021,0,0.0
E07000213,2022,0,0.0
E07000213,2023,0,0.0
E07000213,2024,0,0.0
E07000213,2025,0,0.0
E07000214,2011,0,0.0
E07000214,2012,0,0.0
E07000214,2013,0,0.0
E07000214,2014,0,0.0
E07000214,2015,0,0.0
E07000214,2016,0,0.0
E07000214,2017,0,0.0
E07000214,2018,0,0.0
E07000214,2019,0,0.0
E07000214,2020,0,0.0
E07000214,2021,0,0.0
E07000214,2022,0,0.0
E07000214,2023,0,0.0
E07000214,2024,0,0.0
E07000214,2025,0,0.0
E07000215,2011,0,0.0
E07000215,2012,0,0.0
E07000215,2013,0,0.0
E07000215,2014,0,0.0
E07000215,2015,0,0.0
E07000215,2016,0,0.0
E07000215,2017,0,0.0
E07000215,2018,0,0.0
E07000215,2019,0,0.0
E07000215,2020,0,0.0
E07000215,2021,0,0.0
E07000215,2022,0,0.0
E07000215,2023,0,0.0
E07000215,2024,0,0.0
E07000215,2025,0,0.0
E07000216,2011,0,0.0
E07000216,2012,0,0.0
E07000216,2013,0,0.0
E07000216,2014,0,0.0
E07000216,2015,0,0.0
E07000216,2016,0,0.0
E07000216,2017,0,0.0
E07000216,2018,0,0.0
E07000216,2019,0,0.0
E07000216,2020,0,0.0
E07000216,2021,0,0.0
E07000216,2022,0,0.0
E07000216,2023,0,0.0
E07000216,2024,0,0.0
E07000216,2025,0,0.0
E07000217,2011,0,0.0
E07000217,2012,0,0.0
E07000217,2013,0,0.0
E07000217,2014,0,0.0
E07000217,2015,0,0.0
E07000217,2016,0,0.0
E07000217,2017,0,0.0
E07000217,2018,0,0.0
E07000217,2019,0,0.0
E07000217,2020,0,0.0
E07000217,2021,0,0.0
E07000217,2022,0,0.0
E07000217,2023,0,0.0
E07000217,2024,0,0.0
E07000217,2025,0,0.0
E07000218,2011,0,0.0
E07000218,2012,0,0.0
E07000218,2013,0,0.0
E07000218,2014,0,0.0
E07000218,2015,0,0.0
E07000218,2016,0,0.0
E07000218,2017,0,0.0
E07000218,2018,0,0.0
E07000218,2019,0,0.0
E07000218,2020,0,0.0
E07000218,2021,0,0.0
E07000218,2022,0,0.0
E07000218,2023,0,0.0
E07000218,2024,0,0.0
E07000218,2025,0,0.0
E07000219,2011,0,0.0
E07000219,2012,0,0.0
E07000219,2013,0,0.0
E07000219,2014,0,0.0
E07000219,2015,0,0.0
E07000219,2016,0,0.0
E07000219,2017,0,0.0
E07000219,2018,0,0.0
E07000219,2019,0,0.0
E07000219,2020,0,0.0
E07000219,2021,0,0.0
E07000219,2022,0,0.0
E07000219,2023,0,0.0
E07000219,2024,0,0.0
E07000219,2025,0,0.0
E07000220,2011,0,0.0
E07000220,2012,0,0.0
E07000220,2013,0,0.0
E07000220,2014,0,0.0
E07000220,2015,0,0.0
E07000220,2016,0,0.028800671749337547
E07000220,2017,1,0.10963424004564236
E07000220,2018,1,0.0021777152753660275
E07000220,2019,1,0.8844472422926539
E07000220,2020,1,0.871306757668276
E07000220,2021,1,0.8548950668350243
E07000220,2022,1,0.8404262832585693
E07000220,2023,1,0.8205332068469794
E07000220,2024,1,0.8003185479268908
E07000220,2025,1,0.7816605490708155
E07000221,2011,0,0.0
E07000221,2012,0,0.0
E07000221,2013,0,0.0
E07000221,2014,0,0.0
E07000221,2015,0,0.0
E07000221,2016,0,0.0
E07000221,2017,0,0.0
E07000221,2018,0,0.0
E07000221,2019,0,0.0
E07000221,2020,0,0.0
E07000221,2021,0,0.0
E07000221,2022,0,0.0
E07000221,2023,0,0.0
E07000221,2024,0,0.0
E07000221,2025,0,0.0
E07000222,2011,0,0.0
E07000222,2012,0,0.0
E07000222,2013,0,0.0
E07000222,2014,0,0.0
E07000222,2015,0,0.0
E07000222,2016,0,0.0
E07000222,2017,0,0.0
E07000222,2018,0,0.0
E07000222,2019,0,0.0
E07000222,2020,0,0.0
E07000222,2021,0,0.0
E07000222,2022,0,0.0
E07000222,2023,0,0.0
E07000222,2024,0,0.0
E07000222,2025,0,0.0
E07000223,2011,0,0.0
E07000223,2012,0,0.0
E07000223,2013,0,0.0
E07000223,2014,0,0.0
E07000223,2015,0,0.0
E07000223,2016,0,0.0
E07000223,2017,0,0.0
E07000223,2018,0,0.0
E07000223,2019,0,0.0
E07000223,2020,0,0.0
E07000223,2021,0,0.0
E07000223,2022,0,0.0
E07000223,2023,0,0.0
E07000223,2024,0,0.0
E07000223,2025,0,0.0
E07000224,2011,0,0.0
E07000224,2012,0,0.0
E07000224,2013,0,0.0
E07000224,2014,0,0.0
E07000224,2015,0,0.0
E07000224,2016,0,0.0
E07000224,2017,0,0.0
E07000224,2018,0,0.0
E07000224,2019,0,0.0
E07000224,2020,0,0.0
E07000224,2021,0,0.0
E07000224,2022,0,0.0
E07000224,2023,0,0.0
E07000224,2024,0,0.0
E07000224,2025,0,0.0
E07000225,2011,0,0.0
E07000225,2012,0,0.0
E07000225,2013,0,0.0
E07000225,2014,0,0.0
E07000225,2015,0,0.0
E07000225,2016,0,0.0
E07000225,2017,0,0.0
E07000225,2018,0,0.0
E07000225,2019,0,0.0
E07000225,2020,0,0.0
E07000225,2021,0,0.0
E07000225,2022,0,0.0
E07000225,2023,0,0.0
E07000225,2024,0,0.0
E07000225,2025,0,0.0
E07000226,2011,0,0.0
E07000226,2012,0,0.0
E07000226,2013,0,0.0
E07000226,2014,0,0.0
E07000226,2015,0,0.0
E07000226,2016,1,0.8490673389179205
E07000226,2017,1,0.5734991267172389
E07000226,2018,1,0.06010028161274813
E07000226,2019,1,0.017073004165813015
E07000226,2020,1,0.016978937627872625
E07000226,2021,1,0.016862411156171223
E07000226,2022,1,0.016659863888912028
E07000226,2023,1,0.016307494108917756
E07000226,2024,1,0.01616057143780604
E07000226,2025,1,0.016069161671835582
E07000227,2011,0,0.0
E07000227,2012,0,0.0
E07000227,2013,0,0.0
E07000227,2014,0,0.0
E07000227,2015,0,0.0
E07000227,2016,0,0.0
E07000227,2017,0,0.0
E07000227,2018,0,0.0
E07000227,2019,0,0.0
E07000227,2020,0,0.0
E07000227,2021,0,0.0
E07000227,2022,0,0.0
E07000227,2023,0,0.0
E07000227,2024,0,0.0
E07000227,2025,0,0.0
E07000228,2011,0,0.0
E07000228,2012,0,0.0
E07000228,2013,0,0.0
E07000228,2014,0,0.0
E07000228,2015,0,0.0
E07000228,2016,0,0.0
E07000228,2017,0,0.0
E07000228,2018,0,0.0
E07000228,2019,0,0.0
E07000228,2020,0,0.0
E07000228,2021,0,0.0
E07000228,2022,0,0.0
E07000228,2023,0,0.0
E07000228,2024,0,0.0
E07000228,2025,0,0.0
E07000229,2011,0,0.0
E07000229,2012,0,0.0
E07000229,2013,0,0.0
E07000229,2014,0,0.0
E07000229,2015,0,0.0
E07000229,2016,0,0.0
E07000229,2017,0,0.0
E07000229,2018,0,0.0
E07000229,2019,0,0.0
E07000229,2020,0,0.0
E07000229,2021,0,0.0
E07000229,2022,0,0.0
E07000229,2023,0,0.0
E07000229,2024,0,0.0
E07000229,2025,0,0.0
E07000234,2011,0,0.0
E07000234,2012,0,0.0
E07000234,2013,0,0.0
E07000234,2014,0,0.0
E07000234,2015,0,0.0
E07000234,2016,0,0.0
E07000234,2017,0,0.0
E07000234,2018,0,0.0
E07000234,2019,0,0.0
E07000234,2020,0,0.0
E07000234,2021,0,0.0
E07000234,2022,0,0.0
E07000234,2023,0,0.0
E07000234,2024,0,0.0
E07000234,2025,0,0.0
E07000235,2011,0,0.0
E07000235,2012,0,0.0
E07000235,2013,0,0.0
E07000235,2014,0,0.0
E07000235,2015,0,0.0
E07000235,2016,0,0.0
E07000235,2017,0,0.0
E07000235,2018,0,0.0
E07000235,2019,0,0.0
E07000235,2020,0,0.0
E07000235,2021,0,0.0
E07000235,2022,0,0.0
E07000235,2023,0,0.0
E07000235,2024,0,0.0
E07000235,2025,0,0.0
E07000236,2011,0,0.0
E07000236,2012,0,0.0
E07000236,2013,0,0.0
E07000236,2014,0,0.0
E07000236,2015,0,0.0
E07000236,2016,0,0.0
E07000236,2017,0,0.0
E07000236,2018,0,0.0
E07000236,2019,0,0.0
E07000236,2020,0,0.0
E07000236,2021,0,0.0
E07000236,2022,0,0.0
E07000236,2023,0,0.0
E07000236,2024,0,0.0
E07000236,2025,0,0.0
E07000237,2011,0,0.0
E07000237,2012,0,0.0
E07000237,2013,0,0.0
E07000237,2014,0,0.0
E07000237,2015,0,0.0
E07000237,2016,0,0.0
E07000237,2017,0,0.0
E07000237,2018,0,0.0
E07000237,2019,0,0.0
E07000237,2020,0,0.0
E07000237,2021,0,0.0
E07000237,2022,0,0.0
E07000237,2023,0,0.0
E07000237,2024,0,0.0
E07000237,2025,0,0.0
E07000238,2011,0,0.0
E07000238,2012,0,0.0
E07000238,2013,0,0.0
E07000238,2014,0,0.0
E07000238,2015,0,0.0
E07000238,2016,0,0.0
E07000238,2017,0,0.0
E07000238,2018,0,0.0
E07000238,2019,0,0.0
E07000238,2020,0,0.0
E07000238,2021,0,0.0
E07000238,2022,0,0.0
E07000238,2023,0,0.0
E07000238,2024,0,0.0
E07000238,2025,0,0.0
E07000239,2011,0,0.0
E07000239,2012,0,0.0
E07000239,2013,0,0.0
E07000239,2014,0,0.0
E07000239,2015,0,0.0
E07000239,2016,0,0.0
E07000239,2017,0,0.0
E07000239,2018,0,0.0
E07000239,2019,0,0.0
E07000239,2020,0,0.0
E07000239,2021,0,0.0
E07000239,2022,0,0.0
E07000239,2023,0,0.0
E07000239,2024,0,0.0
E07000239,2025,0,0.0
E07000240,2011,0,0.0
E07000240,2012,0,0.0
E07000240,2013,0,0.0
E07000240,2014,0,0.0
E07000240,2015,0,0.0
E07000240,2016,0,0.020236390896283516
E07000240,2017,1,0.45264114828746105
E07000240,2018,1,0.34296102070606044
E07000240,2019,1,0.1262766961031031
E07000240,2020,1,0.12585422955560727
E07000240,2021,1,0.12579580062192672
E07000240,2022,1,0.12577210580169282
E07000240,2023,1,0.12489662292164842
E07000240,2024,1,0.12404476500864665
E07000240,2025,1,0.12401596656628375
E07000241,2011,0,0.0
E07000241,2012,0,0.0
E07000241,2013,0,0.0
E07000241,2014,0,0.0
E07000241,2015,0,0.0
E07000241,2016,0,0.0
E07000241,2017,0,0.0
E07000241,2018,0,0.0
E07000241,2019,0,0.0
E07000241,2020,0,0.0
E07000241,2021,0,0.0
E07000241,2022,0,0.0
E07000241,2023,0,0.0
E07000241,2024,0,0.0
E07000241,2025,0,0.0
E07000242,2011,0,0.0
E07000242,2012,0,0.0
E07000242,2013,0,0.0
E07000242,2014,0,0.0
E07000242,2015,0,0.0
E07000242,2016,0,0.0
E07000242,2017,0,0.0
E07000242,2018,0,0.0
E07000242,2019,0,0.0
E07000242,2020,0,0.0
E07000242,2021,0,0.0
E07000242,2022,0,0.0
E07000242,2023,0,0.0
E07000242,2024,0,0.0
E07000242,2025,0,0.0
E07000243,2011,0,0.0
E07000243,2012,0,0.0
E07000243,2013,0,0.0
E07000243,2014,0,0.0
E07000243,2015,0,0.0
E07000243,2016,0,0.0
E07000243,2017,0,0.0
E07000243,2018,0,0.0
E07000243,2019,0,0.0
E07000243,2020,0,0.0
E07000243,2021,0,0.0
E07000243,2022,0,0.0
E07000243,2023,0,0.0
E07000243,2024,0,0.0
E07000243,2025,0,0.0
E07000244,2011,0,0.0
E07000244,2012,0,0.0
E07000244,2013,0,0.0
E07000244,2014,0,0.0
E07000244,2015,0,0.0
E07000244,2016,0,0.0
E07000244,2017,0,0.0
E07000244,2018,0,0.0
E07000244,2019,0,0.0
E07000244,2020,0,0.0
E07000244,2021,0,0.0
E07000244,2022,0,0.0
E07000244,2023,0,0.0
E07000244,2024,0,0.0
E07000244,2025,0,0.0
E07000245,2011,0,0.0
E07000245,2012,0,0.0
E07000245,2013,0,0.0
E07000245,2014,0,0.0
E07000245,2015,0,0.0
E07000245,2016,0,0.0
E07000245,2017,0,0.0
E07000245,2018,0,0.0
E07000245,2019,0,0.0
E07000245,2020,0,0.0
E07000245,2021,0,0.0
E07000245,2022,0,0.0
E07000245,2023,0,0.0
E07000245,2024,0,0.0
E07000245,2025,0,0.0
E08000001,2011,0,0.0
E08000001,2012,0,0.0
E08000001,2013,0,0.0
E08000001,2014,0,0.0
E08000001,2015,0,0.0
E08000001,2016,0,0.003481251718868036
E08000001,2017,0,0.0
E08000001,2018,1,0.8196327770804612
E08000001,2019,1,0.9257752095710914
E08000001,2020,1,0.9231955416080511
E08000001,2021,1,0.9217710158726943
E08000001,2022,1,0.9112423270391967
E08000001,2023,1,0.895783909358481
E08000001,2024,1,0.88376971486287
E08000001,2025,1,0.8814071519894618
E08000002,2011,0,0.0
E08000002,2012,0,0.0
E08000002,2013,0,0.0
E08000002,2014,0,0.0
E08000002,2015,0,0.0
E08000002,2016,0,0.0
E08000002,2017,0,0.0
E08000002,2018,0,0.0
E08000002,2019,0,0.0
E08000002,2020,0,0.0
E08000002,2021,0,0.0
E08000002,2022,0,0.0
E08000002,2023,0,0.0
E08000002,2024,0,0.0
E08000002,2025,0,0.0
E08000003,2011,0,0.0
E08000003,2012,0,0.0
E08000003,2013,0,0.0
E08000003,2014,0,0.0
E08000003,2015,1,0.12611762188026088
E08000003,2016,1,0.4180366897492904
E08000003,2017,1,0.8306003601751337
E08000003,2018,1,0.331067646922828
E08000003,2019,1,0.4707416653997549
E08000003,2020,1,0.46954361091825925
E08000003,2021,1,0.46673809999455174
E08000003,2022,1,0.45146330323577977
E08000003,2023,1,0.44202429929688897
E08000003,2024,1,0.4366315152812536
E08000003,2025,1,0.43688462166131753
E08000004,2011,0,0.0
E08000004,2012,0,0.0
E08000004,2013,0,0.0
E08000004,2014,0,0.0
E08000004,2015,0,0.0
E08000004,2016,0,0.004254938920351799
E08000004,2017,0,0.04638199366674959
E08000004,2018,1,0.7127286671140325
E08000004,2019,1,0.2519859383584562
E08000004,2020,1,0.25187772781514656
E08000004,2021,1,0.25206299095465756
E08000004,2022,1,0.2494030680665947
E08000004,2023,1,0.2467128545486166
E08000004,2024,1,0.24329444610629175
E08000004,2025,1,0.24214516801302027
E08000005,2011,0,0.0
E08000005,2012,0,0.0
E08000005,2013,0,0.0
E08000005,2014,0,0.0
E08000005,2015,0,0.0
E08000005,2016,0,0.0
E08000005,2017,0,0.0
E08000005,2018,0,0.0
E08000005,2019,0,0.0
E08000005,2020,0,0.0
E08000005,2021,0,0.0
E08000005,2022,0,0.0
E08000005,2023,0,0.0
E08000005,2024,0,0.0
E08000005,2025,0,0.0
E08000006,2011,0,0.0
E08000006,2012,0,0.0
E08000006,2013,0,0.0
E08000006,2014,0,0.0
E08000006,2015,0,0.0
E08000006,2016,0,0.0
E08000006,2017,0,0.0
E08000006,2018,0,0.0
E08000006,2019,0,0.0
E08000006,2020,0,0.0
E08000006,2021,0,0.0
E08000006,2022,0,0.0
E08000006,2023,0,0.0
E08000006,2024,0,0.0
E08000006,2025,0,0.0
E08000007,2011,0,0.0
E08000007,2012,0,0.0
E08000007,2013,0,0.0
E08000007,2014,0,0.0
E08000007,2015,0,0.0
E08000007,2016,0,0.0
E08000007,2017,0,0.0
E08000007,2018,0,0.0
E08000007,2019,0,0.0
E08000007,2020,0,0.0
E08000007,2021,0,0.0
E08000007,2022,0,0.0
E08000007,2023,0,0.0
E08000007,2024,0,0.0
E08000007,2025,0,0.0
E08000008,2011,0,0.0
E08000008,2012,0,0.0
E08000008,2013,0,0.0
E08000008,2014,0,0.0
E08000008,2015,0,0.0
E08000008,2016,0,0.0
E08000008,2017,0,0.0
E08000008,2018,0,0.0
E08000008,2019,0,0.0
E08000008,2020,0,0.0
E08000008,2021,0,0.0
E08000008,2022,0,0.0
E08000008,2023,0,0.0
E08000008,2024,0,0.0
E08000008,2025,0,0.0
E08000009,2011,0,0.0
E08000009,2012,0,0.0
E08000009,2013,0,0.0
E08000009,2014,0,0.0
E08000009,2015,0,0.0
E08000009,2016,0,0.0
E08000009,2017,0,0.0
E08000009,2018,0,0.0
E08000009,2019,0,0.0
E08000009,2020,0,0.0
E08000009,2021,0,0.0
E08000009,2022,0,0.0
E08000009,2023,0,0.0
E08000009,2024,0,0.0
E08000009,2025,0,0.0
E08000010,2011,0,0.0
E08000010,2012,0,0.0
E08000010,2013,0,0.0
E08000010,2014,0,0.0
E08000010,2015,0,0.0
E08000010,2016,0,0.0
E08000010,2017,0,0.0
E08000010,2018,0,0.0
E08000010,2019,0,0.0
E08000010,2020,0,0.0
E08000010,2021,0,0.0
E08000010,2022,0,0.0
E08000010,2023,0,0.0
E08000010,2024,0,0.0
E08000010,2025,0,0.0
E08000011,2011,0,0.0
E08000011,2012,0,0.0
E08000011,2013,0,0.0
E08000011,2014,0,0.0
E08000011,2015,0,0.0
E08000011,2016,0,0.0
E08000011,2017,0,0.0
E08000011,2018,0,0.0
E08000011,2019,0,0.0
E08000011,2020,0,0.0
E08000011,2021,0,0.0
E08000011,2022,0,0.0
E08000011,2023,0,0.0
E08000011,2024,0,0.0
E08000011,2025,0,0.0
E08000012,2011,0,0.0
E08000012,2012,0,0.0
E08000012,2013,0,0.0
E08000012,2014,0,0.0
E08000012,2015,0,0.0
E08000012,2016,0,0.0
E08000012,2017,0,0.0
E08000012,2018,0,0.018610498802724577
E08000012,2019,1,0.15680222494104443
E08000012,2020,1,0.15723660799258504
E08000012,2021,1,0.1566939231622483
E08000012,2022,1,0.15389163598958397
E08000012,2023,1,0.15103398662156844
E08000012,2024,1,0.14954683373933988
E08000012,2025,1,0.14963133595188172
E08000013,2011,0,0.0
E08000013,2012,0,0.0
E08000013,2013,0,0.0
E08000013,2014,0,0.0
E08000013,2015,0,0.0
E08000013,2016,0,0.0
E08000013,2017,0,0.0
E08000013,2018,0,0.0
E08000013,2019,0,0.0
E08000013,2020,0,0.0
E08000013,2021,0,0.0
E08000013,2022,0,0.0
E08000013,2023,0,0.0
E08000013,2024,0,0.0
E08000013,2025,0,0.0
E08000014,2011,0,0.0
E08000014,2012,0,0.0
E08000014,2013,0,0.0
E08000014,2014,0,0.0
E08000014,2015,0,0.0
E08000014,2016,0,0.0
E08000014,2017,0,0.0
E08000014,2018,0,0.0
E08000014,2019,0,0.0
E08000014,2020,0,0.0
E08000014,2021,0,0.0
E08000014,2022,0,0.0
E08000014,2023,0,0.0
E08000014,2024,0,0.0
E08000014,2025,0,0.0
E08000015,2011,0,0.0
E08000015,2012,0,0.0
E08000015,2013,0,0.0
E08000015,2014,0,0.0
E08000015,2015,0,0.0
E08000015,2016,0,0.0
E08000015,2017,0,0.0
E08000015,2018,0,0.0
E08000015,2019,0,0.0
E08000015,2020,0,0.0
E08000015,2021,0,0.0
E08000015,2022,0,0.0
E08000015,2023,0,0.0
E08000015,2024,0,0.0
E08000015,2025,0,0.0
E08000016,2011,0,0.0
E08000016,2012,0,0.0
E08000016,2013,0,0.0
E08000016,2014,0,0.0
E08000016,2015,0,0.0
E08000016,2016,0,0.0
E08000016,2017,0,0.0
E08000016,2018,0,0.0
E08000016,2019,0,0.0
E08000016,2020,0,0.0
E08000016,2021,0,0.0
E08000016,2022,0,0.0
E08000016,2023,0,0.0
E08000016,2024,0,0.0
E08000016,2025,0,0.0
E08000017,2011,0,0.0
E08000017,2012,0,0.0
E08000017,2013,0,0.0
E08000017,2014,0,0.0
E08000017,2015,0,0.0
E08000017,2016,0,0.0
E08000017,2017,0,0.0
E08000017,2018,0,0.0
E08000017,2019,0,0.0
E08000017,2020,0,0.0
E08000017,2021,0,0.0
E08000017,2022,0,0.0
E08000017,2023,0,0.0
E08000017,2024,0,0.0
E08000017,2025,0,0.0
E08000018,2011,0,0.0
E08000018,2012,0,0.0
E08000018,2013,0,0.0
E08000018,2014,0,0.0
E08000018,2015,0,0.0
E08000018,2016,0,0.0
E08000018,2017,0,0.0
E08000018,2018,0,0.0
E08000018,2019,0,0.0
E08000018,2020,0,0.0
E08000018,2021,0,0.0
E08000018,2022,0,0.0
E08000018,2023,0,0.0
E08000018,2024,0,0.0
E08000018,2025,0,0.0
E08000019,2011,0,0.0
E08000019,2012,0,0.0
E08000019,2013,0,0.0
E08000019,2014,0,0.0
E08000019,2015,0,0.007206246374357293
E08000019,2016,0,0.0
E08000019,2017,1,0.6172672875331803
E08000019,2018,1,0.7489614222005098
E08000019,2019,1,1.5186943182859782
E08000019,2020,1,1.5224237707103683
E08000019,2021,1,1.5224265136432837
E08000019,2022,1,1.4937641973890063
E08000019,2023,1,1.4689903950628016
E08000019,2024,1,1.4563064965057262
E08000019,2025,1,1.4581108060678116
E08000021,2011,0,0.0
E08000021,2012,0,0.0
E08000021,2013,0,0.0
E08000021,2014,0,0.0
E08000021,2015,0,0.0
E08000021,2016,0,0.0
E08000021,2017,0,0.0
E08000021,2018,0,0.0
E08000021,2019,0,0.0
E08000021,2020,0,0.0
E08000021,2021,0,0.0
E08000021,2022,0,0.0
E08000021,2023,0,0.0
E08000021,2024,0,0.0
E08000021,2025,0,0.0
E08000022,2011,0,0.0
E08000022,2012,0,0.0
E08000022,2013,0,0.0
E08000022,2014,0,0.0
E08000022,2015,0,0.0
E08000022,2016,0,0.0
E08000022,2017,0,0.0
E08000022,2018,0,0.0
E08000022,2019,0,0.0
E08000022,2020,0,0.0
E08000022,2021,0,0.0
E08000022,2022,0,0.0
E08000022,2023,0,0.0
E08000022,2024,0,0.0
E08000022,2025,0,0.0
E08000023,2011,0,0.0
E08000023,2012,0,0.0
E08000023,2013,0,0.0
E08000023,2014,0,0.0
E08000023,2015,0,0.0
E08000023,2016,0,0.0
E08000023,2017,0,0.0
E08000023,2018,0,0.0
E08000023,2019,0,0.0
E08000023,2020,0,0.0
E08000023,2021,0,0.0
E08000023,2022,0,0.0
E08000023,2023,0,0.0
E08000023,2024,0,0.0
E08000023,2025,0,0.0
E08000024,2011,0,0.0
E08000024,2012,0,0.0
E08000024,2013,0,0.0
E08000024,2014,0,0.0
E08000024,2015,0,0.0
E08000024,2016,0,0.0
E08000024,2017,0,0.0
E08000024,2018,0,0.0
E08000024,2019,0,0.0
E08000024,2020,0,0.0
E08000024,2021,0,0.0
E08000024,2022,0,0.0
E08000024,2023,0,0.0
E08000024,2024,0,0.0
E08000024,2025,0,0.0
E08000025,2011,0,0.0
E08000025,2012,0,0.0
E08000025,2013,0,0.0
E08000025,2014,0,0.0
E08000025,2015,0,0.006950724666386324
E08000025,2016,1,1.2343922092393425
E08000025,2017,1,1.0525074244812958
E08000025,2018,1,0.6496602491102487
E08000025,2019,1,0.7304659995860527
E08000025,2020,1,0.7317085698861776
E08000025,2021,1,0.7351690790657562
E08000025,2022,1,0.7286991047268276
E08000025,2023,1,0.7186247168360057
E08000025,2024,1,0.7105364526423539
E08000025,2025,1,0.7141345335097992
E08000026,2011,0,0.0
E08000026,2012,0,0.0
E08000026,2013,0,0.0
E08000026,2014,0,0.0
E08000026,2015,0,0.0
E08000026,2016,0,0.02937823009873496
E08000026,2017,1,0.11200626260903322
E08000026,2018,1,0.002221978728803918
E08000026,2019,1,0.913047510291957
E08000026,2020,1,0.9104331422504076
E08000026,2021,1,0.9118907834061212
E08000026,2022,1,0.891012946637707
E08000026,2023,1,0.871093890953704
E08000026,2024,1,0.8511585757796841
E08000026,2025,1,0.860354652023489
E08000027,2011,0,0.0
E08000027,2012,0,0.0
E08000027,2013,0,0.0
E08000027,2014,0,0.0
E08000027,2015,0,0.0
E08000027,2016,0,0.0
E08000027,2017,0,0.0
E08000027,2018,0,0.0
E08000027,2019,0,0.0
E08000027,2020,0,0.0
E08000027,2021,0,0.0
E08000027,2022,0,0.0
E08000027,2023,0,0.0
E08000027,2024,0,0.0
E08000027,2025,0,0.0
E08000028,2011,0,0.0
E08000028,2012,0,0.0
E08000028,2013,0,0.0
E08000028,2014,0,0.0
E08000028,2015,0,0.008211625237582516
E08000028,2016,1,1.4048188628533076
E08000028,2017,1,1.0101329228206466
E08000028,2018,1,1.4116839902166112
E08000028,2019,1,1.9017913436022296
E08000028,2020,1,1.8948957096228614
E08000028,2021,1,1.8923517790865363
E08000028,2022,1,1.8714258774804646
E08000028,2023,1,1.8509577174374146
E08000028,2024,1,1.8314196266617355
E08000028,2025,1,1.8332462824531228
E08000029,2011,0,0.0
E08000029,2012,0,0.0
E08000029,2013,0,0.0
E08000029,2014,0,0.0
E08000029,2015,0,0.007435890227309823
E08000029,2016,1,1.341897487376868
E08000029,2017,1,1.1806351014427159
E08000029,2018,1,0.5805083993837931
E08000029,2019,1,0.5894269584349119
E08000029,2020,1,0.5891301098244042
E08000029,2021,1,0.588463971392974
E08000029,2022,1,0.5856395216354591
E08000029,2023,1,0.5814175270266044
E08000029,2024,1,0.5787888639054894
E08000029,2025,1,0.5757831732340875
E08000030,2011,0,0.0
E08000030,2012,0,0.0
E08000030,2013,0,0.0
E08000030,2014,0,0.0
E08000030,2015,0,0.0
E08000030,2016,0,0.0
E08000030,2017,0,0.02489074739802794
E08000030,2018,1,0.5902707823031871
E08000030,2019,1,0.4567814476458187
E08000030,2020,1,0.4568167602555363
E08000030,2021,1,0.45711553067596833
E08000030,2022,1,0.4534846809386435
E08000030,2023,1,0.44743499285824917
E08000030,2024,1,0.4412373653377502
E08000030,2025,1,0.4396020586902564
E08000031,2011,0,0.0
E08000031,2012,0,0.0
E08000031,2013,0,0.0
E08000031,2014,0,0.0
E08000031,2015,0,0.003904313094675688
E08000031,2016,1,0.12775594742649193
E08000031,2017,1,0.18415641017771092
E08000031,2018,1,0.23621387261214444
E08000031,2019,1,0.5806032961570133
E08000031,2020,1,0.5814771038639723
E08000031,2021,1,0.5789752516461061
E08000031,2022,1,0.5690143778404231
E08000031,2023,1,0.5562139642423494
E08000031,2024,1,0.545374829347582
E08000031,2025,1,0.543644335794538
E08000032,2011,0,0.0
E08000032,2012,0,0.0
E08000032,2013,0,0.0
E08000032,2014,0,0.0
E08000032,2015,1,0.23928856518463543
E08000032,2016,1,1.432611515149263
E08000032,2017,1,1.7892596313792102
E08000032,2018,1,1.4174017864054764
E08000032,2019,1,1.6264749086939478
E08000032,2020,1,1.6229820101217054
E08000032,2021,1,1.6238783261618135
E08000032,2022,1,1.6127011109113396
E08000032,2023,1,1.5944868104697452
E08000032,2024,1,1.5862298104026666
E08000032,2025,1,1.5920883250441948
E08000033,2011,0,0.0
E08000033,2012,0,0.0
E08000033,2013,0,0.0
E08000033,2014,0,0.0
E08000033,2015,0,0.0
E08000033,2016,0,0.0
E08000033,2017,0,0.0
E08000033,2018,0,0.0
E08000033,2019,0,0.0
E08000033,2020,0,0.0
E08000033,2021,0,0.0
E08000033,2022,0,0.0
E08000033,2023,0,0.0
E08000033,2024,0,0.0
E08000033,2025,0,0.0
E08000034,2011,0,0.0
E08000034,2012,0,0.0
E08000034,2013,0,0.0
E08000034,2014,0,0.0
E08000034,2015,1,0.33170188582960264
E08000034,2016,1,1.3430793272120356
E08000034,2017,1,1.5690147279720716
E08000034,2018,1,1.955850368221122
E08000034,2019,1,2.4211845570432464
E08000034,2020,1,2.4233155762131595
E08000034,2021,1,2.420072994384692
E08000034,2022,1,2.3949388936706493
E08000034,2023,1,2.369320350632308
E08000034,2024,1,2.3531786980124725
E08000034,2025,1,2.352904232984622
E08000035,2011,0,0.0
E08000035,2012,0,0.0
E08000035,2013,0,0.0
E08000035,2014,0,0.0
E08000035,2015,1,0.048844003820115243
E08000035,2016,1,0.283448513420588
E08000035,2017,1,0.7791873756515293
E08000035,2018,1,1.0856266046213092
E08000035,2019,1,0.9805627361304434
E08000035,2020,1,0.9759500669806034
E08000035,2021,1,0.9747010113912776
E08000035,2022,1,0.962204509312286
E08000035,2023,1,0.9471390757891325
E08000035,2024,1,0.936071867540492
E08000035,2025,1,0.9386711082029623
E08000036,2011,0,0.0
E08000036,2012,0,0.0
E08000036,2013,0,0.0
E08000036,2014,0,0.0
E08000036,2015,0,0.0
E08000036,2016,0,0.0
E08000036,2017,0,0.0
E08000036,2018,0,0.0
E08000036,2019,0,0.0
E08000036,2020,0,0.0
E08000036,2021,0,0.0
E08000036,2022,0,0.0
E08000036,2023,0,0.0
E08000036,2024,0,0.0
E08000036,2025,0,0.0
E08000037,2011,0,0.0
E08000037,2012,0,0.0
E08000037,2013,0,0.0
E08000037,2014,0,0.0
E08000037,2015,0,0.0
E08000037,2016,0,0.0
E08000037,2017,0,0.0
E08000037,2018,0,0.0
E08000037,2019,0,0.0
E08000037,2020,0,0.0
E08000037,2021,0,0.0
E08000037,2022,0,0.0
E08000037,2023,0,0.0
E08000037,2024,0,0.0
E08000037,2025,0,0.0
E09000002,2011,0,0.0
E09000002,2012,0,0.0
E09000002,2013,0,0.0
E09000002,2014,0,0.0
E09000002,2015,0,0.0
E09000002,2016,0,0.0
E09000002,2017,0,0.0
E09000002,2018,1,0.16643704518765778
E09000002,2019,1,0.09139598223262106
E09000002,2020,1,0.09122963868501599
E09000002,2021,1,0.0914436204358203
E09000002,2022,1,0.09018393012549093
E09000002,2023,1,0.08775470804008635
E09000002,2024,1,0.0851549394122606
E09000002,2025,1,0.08392958307979605
E09000003,2011,0,0.0
E09000003,2012,0,0.0
E09000003,2013,0,0.0
E09000003,2014,0,0.0
E09000003,2015,0,0.0
E09000003,2016,0,0.0009003623211596667
E09000003,2017,0,0.0026927048932752153
E09000003,2018,1,0.112084857267485
E09000003,2019,1,0.22155606057335417
E09000003,2020,1,0.22129770333757767
E09000003,2021,1,0.22248738722820482
E09000003,2022,1,0.22080081877534638
E09000003,2023,1,0.21642944387869809
E09000003,2024,1,0.21304285520693456
E09000003,2025,1,0.21205669795741205
E09000004,2011,0,0.0
E09000004,2012,0,0.0
E09000004,2013,0,0.0
E09000004,2014,0,0.0
E09000004,2015,0,0.0
E09000004,2016,0,0.0
E09000004,2017,0,0.0
E09000004,2018,0,0.0
E09000004,2019,0,0.0
E09000004,2020,0,0.0
E09000004,2021,0,0.0
E09000004,2022,0,0.0
E09000004,2023,0,0.0
E09000004,2024,0,0.0
E09000004,2025,0,0.0
E09000005,2011,0,0.0
E09000005,2012,0,0.0
E09000005,2013,0,0.0
E09000005,2014,0,0.0
E09000005,2015,0,0.0
E09000005,2016,1,2.64487930161049
E09000005,2017,1,3.5130344382503162
E09000005,2018,1,4.4883926866112205
E09000005,2019,1,5.451551994105186
E09000005,2020,1,5.506006023465935
E09000005,2021,1,5.582936376927793
E09000005,2022,1,5.503206329558959
E09000005,2023,1,5.378344072036871
E09000005,2024,1,5.329236517932008
E09000005,2025,1,5.377611080036684
E09000006,2011,0,0.0
E09000006,2012,0,0.0
E09000006,2013,0,0.0
E09000006,2014,0,0.0
E09000006,2015,0,0.0
E09000006,2016,0,0.0
E09000006,2017,0,0.0
E09000006,2018,0,0.0
E09000006,2019,0,0.0
E09000006,2020,0,0.0
E09000006,2021,0,0.0
E09000006,2022,0,0.0
E09000006,2023,0,0.0
E09000006,2024,0,0.0
E09000006,2025,0,0.0
E09000007,2011,0,0.0
E09000007,2012,0,0.0
E09000007,2013,0,0.0
E09000007,2014,0,0.0
E09000007,2015,0,0.0
E09000007,2016,0,0.0009832428217655482
E09000007,2017,0,0.002979261739836887
E09000007,2018,1,0.1256561179412912
E09000007,2019,1,0.25121299840153194
E09000007,2020,1,0.253982835529106
E09000007,2021,1,0.25855762779623
E09000007,2022,1,0.24848367864994708
E09000007,2023,1,0.24695596059795197
E09000007,2024,1,0.24731538017625768
E09000007,2025,1,0.251767235093627
E09000008,2011,0,0.0
E09000008,2012,0,0.0
E09000008,2013,0,0.0
E09000008,2014,0,0.0
E09000008,2015,0,0.00262276507630935
E09000008,2016,0,0.0026015786379174886
E09000008,2017,0,0.007780748871143018
E09000008,2018,1,0.08268755216421748
E09000008,2019,1,1.1263480978796498
E09000008,2020,1,1.1221598516708704
E09000008,2021,1,1.126209715606451
E09000008,2022,1,1.1170262729656792
E09000008,2023,1,1.094497414249859
E09000008,2024,1,1.0767529047856772
E09000008,2025,1,1.0729482912079205
E09000009,2011,0,0.0
E09000009,2012,0,0.0
E09000009,2013,0,0.0
E09000009,2014,0,0.0
E09000009,2015,0,0.0
E09000009,2016,1,0.9084307342274058
E09000009,2017,1,1.908070697879615
E09000009,2018,1,1.9000131792821684
E09000009,2019,1,2.1944870999008943
E09000009,2020,1,2.190598364933032
E09000009,2021,1,2.1976104394675566
E09000009,2022,1,2.1669520985291073
E09000009,2023,1,2.1113459961702383
E09000009,2024,1,2.079034255055716
E09000009,2025,1,2.0822999338624335
E09000010,2011,0,0.0
E09000010,2012,0,0.0
E09000010,2013,0,0.0
E09000010,2014,0,0.0
E09000010,2015,0,0.0
E09000010,2016,0,0.0
E09000010,2017,0,0.00600461755089664
E09000010,2018,1,0.09580838323353294
E09000010,2019,1,0.122332918594902
E09000010,2020,1,0.12306805663531933
E09000010,2021,1,0.12428912682341242
E09000010,2022,1,0.12465870877901354
E09000010,2023,1,0.12398956068381754
E09000010,2024,1,0.12370972267900947
E09000010,2025,1,0.12446873102610809
E09000011,2011,0,0.0
E09000011,2012,0,0.0
E09000011,2013,0,0.0
E09000011,2014,0,0.0
E09000011,2015,1,0.17868212814061188
E09000011,2016,1,0.771250645698215
E09000011,2017,1,2.8331019633396606
E09000011,2018,1,2.799424718220406
E09000011,2019,1,2.5988445724397566
E09000011,2020,1,2.5972314691522413
E09000011,2021,1,2.5868887223394594
E09000011,2022,1,2.553281426837749
E09000011,2023,1,2.5138867911862928
E09000011,2024,1,2.486232776448172
E09000011,2025,1,2.486513403601959
E09000012,2011,0,0.0
E09000012,2012,0,0.0
E09000012,2013,0,0.0
E09000012,2014,0,0.0
E09000012,2015,0,0.0
E09000012,2016,0,0.003667988365140906
E09000012,2017,1,0.0916721364374741
E09000012,2018,1,0.2296127562642369
E09000012,2019,1,1.0124185148767253
E09000012,2020,1,1.0216343945346236
E09000012,2021,1,1.0343377819779662
E09000012,2022,1,1.0099028604227063
E09000012,2023,1,0.9857911328442202
E09000012,2024,1,0.9783633880935287
E09000012,2025,1,0.986263268433899
E09000013,2011,0,0.0
E09000013,2012,0,0.0
E09000013,2013,0,0.0
E09000013,2014,0,0.0
E09000013,2015,0,0.0
E09000013,2016,0,0.0
E09000013,2017,0,0.0
E09000013,2018,0,0.0
E09000013,2019,0,0.0
E09000013,2020,0,0.0
E09000013,2021,0,0.0
E09000013,2022,0,0.0
E09000013,2023,0,0.0
E09000013,2024,0,0.0
E09000013,2025,0,0.0
E09000014,2011,0,0.0
E09000014,2012,0,0.0
E09000014,2013,0,0.0
E09000014,2014,0,0.0
E09000014,2015,0,0.0
E09000014,2016,0,0.0008576210429779101
E09000014,2017,0,0.002589727262784019
E09000014,2018,1,0.10885699087102753
E09000014,2019,1,0.21726517356809982
E09000014,2020,1,0.22063618782181846
E09000014,2021,1,0.22499103065018902
E09000014,2022,1,0.22455435446894817
E09000014,2023,1,0.2225601197899957
E09000014,2024,1,0.22146606727281737
E09000014,2025,1,0.2233844227226033
E09000015,2011,0,0.0
E09000015,2012,0,0.0
E09000015,2013,0,0.0
E09000015,2014,0,0.0
E09000015,2015,0,0.0
E09000015,2016,1,0.6567774379461909
E09000015,2017,1,0.9151507866031231
E09000015,2018,1,0.5425977734250234
E09000015,2019,1,0.5914563180890238
E09000015,2020,1,0.59096922766041
E09000015,2021,1,0.5935081693527697
E09000015,2022,1,0.589078111757619
E09000015,2023,1,0.5785892128573722
E09000015,2024,1,0.5719831578636614
E09000015,2025,1,0.5685736504629291
E09000016,2011,0,0.0
E09000016,2012,0,0.0
E09000016,2013,0,0.0
E09000016,2014,0,0.0
E09000016,2015,0,0.0
E09000016,2016,0,0.0
E09000016,2017,0,0.0
E09000016,2018,0,0.0
E09000016,2019,0,0.0
E09000016,2020,0,0.0
E09000016,2021,0,0.0
E09000016,2022,0,0.0
E09000016,2023,0,0.0
E09000016,2024,0,0.0
E09000016,2025,0,0.0
E09000017,2011,0,0.0
E09000017,2012,0,0.0
E09000017,2013,0,0.0
E09000017,2014,0,0.0
E09000017,2015,0,0.0
E09000017,2016,1,0.38325640189476584
E09000017,2017,1,0.4708333750738808
E09000017,2018,1,2.110744616443296
E09000017,2019,1,1.4690437474029991
E09000017,2020,1,1.4651177967760882
E09000017,2021,1,1.4716148760926493
E09000017,2022,1,1.436832185040945
E09000017,2023,1,1.3927533399714005
E09000017,2024,1,1.3693783815106468
E09000017,2025,1,1.3744715631323259
E09000018,2011,0,0.0
E09000018,2012,0,0.0
E09000018,2013,0,0.0
E09000018,2014,0,0.0
E09000018,2015,0,0.0
E09000018,2016,1,0.6353171740230652
E09000018,2017,1,1.9209083762276915
E09000018,2018,1,2.9534386714781204
E09000018,2019,1,3.728612265753387
E09000018,2020,1,3.727055315712644
E09000018,2021,1,3.7478657986424397
E09000018,2022,1,3.7221998200936754
E09000018,2023,1,3.6353232239931335
E09000018,2024,1,3.599436088346159
E09000018,2025,1,3.606178585977308
E09000019,2011,0,0.0
E09000019,2012,0,0.0
E09000019,2013,0,0.0
E09000019,2014,0,0.0
E09000019,2015,0,0.0
E09000019,2016,0,0.000910979930001191
E09000019,2017,0,0.002721652002936729
E09000019,2018,1,0.11435171079987495
E09000019,2019,1,0.22724072917003407
E09000019,2020,1,0.2282442083059866
E09000019,2021,1,0.23241685524705158
E09000019,2022,1,0.22758005815752988
E09000019,2023,1,0.22367889908336644
E09000019,2024,1,0.22303213960099808
E09000019,2025,1,0.22465310077164005
E09000020,2011,0,0.0
E09000020,2012,0,0.0
E09000020,2013,0,0.0
E09000020,2014,0,0.0
E09000020,2015,0,0.0
E09000020,2016,0,0.029539702603069182
E09000020,2017,0,0.010047708568846826
E09000020,2018,0,0.04557404043661209
E09000020,2019,0,0.020484992132917764
E09000020,2020,0,0.02075803298088679
E09000020,2021,0,0.020845516407698227
E09000020,2022,0,0.020335115798366273
E09000020,2023,0,0.020176581326094054
E09000020,2024,0,0.02042239156614711
E09000020,2025,0,0.020635536457333174
E09000021,2011,0,0.0
E09000021,2012,0,0.0
E09000021,2013,0,0.0
E09000021,2014,0,0.0
E09000021,2015,0,0.0
E09000021,2016,0,0.0
E09000021,2017,0,0.0
E09000021,2018,0,0.0
E09000021,2019,0,0.0
E09000021,2020,0,0.0
E09000021,2021,0,0.0
E09000021,2022,0,0.0
E09000021,2023,0,0.0
E09000021,2024,0,0.0
E09000021,2025,0,0.0
E09000022,2011,0,0.0
E09000022,2012,0,0.0
E09000022,2013,0,0.0
E09000022,2014,0,0.0
E09000022,2015,0,0.0030971162750363136
E09000022,2016,0,0.006123454975766427
E09000022,2017,1,0.13140724940179144
E09000022,2018,1,0.1976146392924788
E09000022,2019,1,1.2837126304576754
E09000022,2020,1,1.2994313835718696
E09000022,2021,1,1.3314824782571744
E09000022,2022,1,1.326592695272563
E09000022,2023,1,1.3196810302871476
E09000022,2024,1,1.32658437452958
E09000022,2025,1,1.3458564801557757
E09000023,2011,0,0.0
E09000023,2012,0,0.0
E09000023,2013,0,0.0
E09000023,2014,0,0.0
E09000023,2015,0,0.0
E09000023,2016,0,0.040159432948806764
E09000023,2017,0,0.05649266924539086
E09000023,2018,1,0.3760799928742738
E09000023,2019,1,1.0656868449785228
E09000023,2020,1,1.071772600100602
E09000023,2021,1,1.086619579818208
E09000023,2022,1,1.0862249351930215
E09000023,2023,1,1.081712423765819
E09000023,2024,1,1.0779282615596233
E09000023,2025,1,1.082923361580138
E09000024,2011,0,0.0
E09000024,2012,0,0.0
E09000024,2013,0,0.0
E09000024,2014,0,0.0
E09000024,2015,0,0.0
E09000024,2016,0,0.08352125615969264
E09000024,2017,1,0.37134859885531796
E09000024,2018,1,0.5597420560574731
E09000024,2019,1,0.4741758317642563
E09000024,2020,1,0.47443355857411984
E09000024,2021,1,0.478122417906845
E09000024,2022,1,0.47679004573481215
E09000024,2023,1,0.470971252463454
E09000024,2024,1,0.46813926006726664
E09000024,2025,1,0.4705538372980159
E09000025,2011,0,0.0
E09000025,2012,0,0.0
E09000025,2013,0,0.0
E09000025,2014,0,0.0
E09000025,2015,1,7.1263797143393415
E09000025,2016,1,6.55460029761106
E09000025,2017,1,6.928085643434131
E09000025,2018,1,7.963548770931887
E09000025,2019,1,6.829890275768613
E09000025,2020,1,6.825226769516463
E09000025,2021,1,6.801307308629603
E09000025,2022,1,6.620149195827837
E09000025,2023,1,6.3896481815312685
E09000025,2024,1,6.2954735308146175
E09000025,2025,1,6.344577762905598
E09000026,2011,0,0.0
E09000026,2012,0,0.0
E09000026,2013,0,0.0
E09000026,2014,0,0.0
E09000026,2015,0,0.0
E09000026,2016,0,0.0
E09000026,2017,0,0.0
E09000026,2018,0,0.04856868097176217
E09000026,2019,1,0.9654243376740009
E09000026,2020,1,0.9655172413793104
E09000026,2021,1,0.9705607325960082
E09000026,2022,1,0.9611945636623749
E09000026,2023,1,0.9443166880523546
E09000026,2024,1,0.9318712345900695
E09000026,2025,1,0.9352792942836102
E09000027,2011,0,0.0
E09000027,2012,0,0.0
E09000027,2013,0,0.0
E09000027,2014,0,0.0
E09000027,2015,0,0.0
E09000027,2016,0,0.0
E09000027,2017,0,0.0
E09000027,2018,0,0.0
E09000027,2019,0,0.0
E09000027,2020,0,0.0
E09000027,2021,0,0.0
E09000027,2022,0,0.0
E09000027,2023,0,0.0
E09000027,2024,0,0.0
E09000027,2025,0,0.0
E09000028,2011,0,0.0
E09000028,2012,0,0.0
E09000028,2013,0,0.0
E09000028,2014,0,0.0
E09000028,2015,0,0.0
E09000028,2016,0,0.0
E09000028,2017,0,0.01300221037576388
E09000028,2018,1,0.13526918567950222
E09000028,2019,1,0.4414714435156482
E09000028,2020,1,0.4422297351428434
E09000028,2021,1,0.4498601521700863
E09000028,2022,1,0.44360295606723477
E09000028,2023,1,0.4365983295368261
E09000028,2024,1,0.435251594345514
E09000028,2025,1,0.4417894393115768
E09000029,2011,0,0.0
E09000029,2012,0,0.0
E09000029,2013,0,0.0
E09000029,2014,0,0.0
E09000029,2015,0,0.0
E09000029,2016,0,0.0
E09000029,2017,0,0.0
E09000029,2018,0,0.0
E09000029,2019,0,0.0
E09000029,2020,0,0.0
E09000029,2021,0,0.0
E09000029,2022,0,0.0
E09000029,2023,0,0.0
E09000029,2024,0,0.0
E09000029,2025,0,0.0
E09000030,2011,0,0.0
E09000030,2012,0,0.0
E09000030,2013,0,0.0
E09000030,2014,0,0.0
E09000030,2015,0,0.0
E09000030,2016,0,0.0034600759140655545
E09000030,2017,1,0.10901930323037823
E09000030,2018,1,1.1598066988835194
E09000030,2019,1,2.6486071866415792
E09000030,2020,1,2.6338092444096746
E09000030,2021,1,2.583822330236797
E09000030,2022,1,2.465865463845163
E09000030,2023,1,2.4192703265116697
E09000030,2024,1,2.4036673776524378
E09000030,2025,1,2.4174246050741983
E09000031,2011,0,0.0
E09000031,2012,0,0.0
E09000031,2013,0,0.0
E09000031,2014,0,0.0
E09000031,2015,0,0.003641939114061891
E09000031,2016,0,0.010827158845247419
E09000031,2017,1,0.12225598245267075
E09000031,2018,1,0.07148090566307476
E09000031,2019,1,1.170756009465687
E09000031,2020,1,1.1769882694694969
E09000031,2021,1,1.1828277853077689
E09000031,2022,1,1.1822879607868504
E09000031,2023,1,1.1667370018759995
E09000031,2024,1,1.1593406206172343
E09000031,2025,1,1.1596225763359451
E09000032,2011,0,0.0
E09000032,2012,0,0.0
E09000032,2013,0,0.0
E09000032,2014,0,0.0
E09000032,2015,0,0.0
E09000032,2016,1,0.1807526048288518
E09000032,2017,1,0.41882528612140474
E09000032,2018,1,0.9786479555621336
E09000032,2019,1,1.0820246414672494
E09000032,2020,1,1.0848782359040752
E09000032,2021,1,1.1022169175072847
E09000032,2022,1,1.0914298635712671
E09000032,2023,1,1.0778204208263487
E09000032,2024,1,1.0655614655296755
E09000032,2025,1,1.0651476053304458
E09000033,2011,0,0.0
E09000033,2012,0,0.0
E09000033,2013,0,0.0
E09000033,2014,0,0.0
E09000033,2015,0,0.0
E09000033,2016,0,0.01167510703864813
E09000033,2017,0,0.035619053425909576
E09000033,2018,1,0.12500036519305358
E09000033,2019,1,0.283054006333167
E09000033,2020,1,0.28689598845430014
E09000033,2021,1,0.2867077538767539
E09000033,2022,1,0.2769493342061932
E09000033,2023,1,0.2726813473508595
E09000033,2024,1,0.2735018161373381
E09000033,2025,1,0.27778657102999527
