utla,year,tb_count
E06000001,2001,4
E06000001,2002,11
E06000001,2003,6
E06000001,2004,5
E06000001,2005,2
E06000001,2006,0
E06000001,2007,6
E06000001,2008,7
E06000001,2009,10
E06000001,2010,3
E06000001,2011,6
E06000001,2012,5
E06000001,2013,6
E06000001,2014,3
E06000001,2015,2
E06000001,2016,5
E06000001,2017,2
E06000001,2018,4
E06000001,2019,1
E06000001,2020,5
E06000001,2021,3
E06000001,2022,1
E06000001,2023,5
E06000001,2024,3
E06000002,2001,23
E06000002,2002,23
E06000002,2003,18
E06000002,2004,25
E06000002,2005,16
E06000002,2006,11
E06000002,2007,31
E06000002,2008,32
E06000002,2009,25
E06000002,2010,17
E06000002,2011,18
E06000002,2012,24
E06000002,2013,14
E06000002,2014,14
E06000002,2015,13
E06000002,2016,14
E06000002,2017,19
E06000002,2018,13
E06000002,2019,13
E06000002,2020,14
E06000002,2021,10
E06000002,2022,14
E06000002,2023,13
E06000002,2024,18
E06000003,2001,9
E06000003,2002,3
E06000003,2003,4
E06000003,2004,5
E06000003,2005,0
E06000003,2006,3
E06000003,2007,6
E06000003,2008,4
E06000003,2009,6
E06000003,2010,6
E06000003,2011,4
E06000003,2012,3
E06000003,2013,4
E06000003,2014,6
E06000003,2015,2
E06000003,2016,4
E06000003,2017,3
E06000003,2018,2
E06000003,2019,2
E06000003,2020,3
E06000003,2021,0
E06000003,2022,1
E06000003,2023,3
E06000003,2024,3
E06000004,2001,13
E06000004,2002,11
E06000004,2003,9
E06000004,2004,8
E06000004,2005,16
E06000004,2006,21
E06000004,2007,20
E06000004,2008,8
E06000004,2009,8
E06000004,2010,10
E06000004,2011,11
E06000004,2012,11
E06000004,2013,10
E06000004,2014,8
E06000004,2015,9
E06000004,2016,15
E06000004,2017,7
E06000004,2018,7
E06000004,2019,7
E06000004,2020,4
E06000004,2021,6
E06000004,2022,7
E06000004,2023,15
E06000004,2024,12
E06000005,2001,3
E06000005,2002,5
E06000005,2003,6
E06000005,2004,2
E06000005,2005,4
E06000005,2006,3
E06000005,2007,1
E06000005,2008,5
E06000005,2009,2
E06000005,2010,5
E06000005,2011,0
E06000005,2012,9
E06000005,2013,5
E06000005,2014,6
E06000005,2015,5
E06000005,2016,7
E06000005,2017,2
E06000005,2018,5
E06000005,2019,2
E06000005,2020,8
E06000005,2021,2
E06000005,2022,1
E06000005,2023,1
E06000005,2024,4
E06000006,2001,1
E06000006,2002,0
E06000006,2003,4
E06000006,2004,3
E06000006,2005,1
E06000006,2006,5
E06000006,2007,3
E06000006,2008,1
E06000006,2009,2
E06000006,2010,2
E06000006,2011,0
E06000006,2012,0
E06000006,2013,2
E06000006,2014,5
E06000006,2015,2
E06000006,2016,0
E06000006,2017,2
E06000006,2018,2
E06000006,2019,1
E06000006,2020,1
E06000006,2021,0
E06000006,2022,4
E06000006,2023,3
E06000006,2024,4
E06000007,2001,1
E06000007,2002,7
E06000007,2003,3
E06000007,2004,1
E06000007,2005,6
E06000007,2006,4
E06000007,2007,9
E06000007,2008,9
E06000007,2009,12
E06000007,2010,12
E06000007,2011,6
E06000007,2012,9
E06000007,2013,14
E06000007,2014,9
E06000007,2015,8
E06000007,2016,9
E06000007,2017,5
E06000007,2018,7
E06000007,2019,7
E06000007,2020,2
E06000007,2021,4
E06000007,2022,6
E06000007,2023,9
E06000007,2024,11
E06000008,2001,44
E06000008,2002,60
E06000008,2003,34
E06000008,2004,57
E06000008,2005,57
E06000008,2006,53
E06000008,2007,50
E06000008,2008,53
E06000008,2009,62
E06000008,2010,74
E06000008,2011,42
E06000008,2012,56
E06000008,2013,59
E06000008,2014,34
E06000008,2015,35
E06000008,2016,37
E06000008,2017,32
E06000008,2018,18
E06000008,2019,37
E06000008,2020,30
E06000008,2021,31
E06000008,2022,18
E06000008,2023,24
E06000008,2024,39
E06000009,2001,16
E06000009,2002,10
E06000009,2003,10
E06000009,2004,8
E06000009,2005,6
E06000009,2006,9
E06000009,2007,11
E06000009,2008,16
E06000009,2009,11
E06000009,2010,12
E06000009,2011,31
E06000009,2012,20
E06000009,2013,12
E06000009,2014,19
E06000009,2015,9
E06000009,2016,14
E06000009,2017,11
E06000009,2018,6
E06000009,2019,5
E06000009,2020,1
E06000009,2021,3
E06000009,2022,24
E06000009,2023,10
E06000009,2024,1
E06000010,2001,9
E06000010,2002,14
E06000010,2003,15
E06000010,2004,14
E06000010,2005,7
E06000010,2006,17
E06000010,2007,16
E06000010,2008,12
E06000010,2009,9
E06000010,2010,19
E06000010,2011,24
E06000010,2012,25
E06000010,2013,16
E06000010,2014,18
E06000010,2015,17
E06000010,2016,13
E06000010,2017,17
E06000010,2018,19
E06000010,2019,18
E06000010,2020,22
E06000010,2021,20
E06000010,2022,14
E06000010,2023,18
E06000010,2024,27
E06000011,2001,15
E06000011,2002,5
E06000011,2003,6
E06000011,2004,10
E06000011,2005,5
E06000011,2006,13
E06000011,2007,5
E06000011,2008,10
E06000011,2009,7
E06000011,2010,2
E06000011,2011,15
E06000011,2012,6
E06000011,2013,4
E06000011,2014,10
E06000011,2015,3
E06000011,2016,6
E06000011,2017,7
E06000011,2018,10
E06000011,2019,8
E06000011,2020,5
E06000011,2021,6
E06000011,2022,5
E06000011,2023,12
E06000011,2024,8
E06000012,2001,11
E06000012,2002,4
E06000012,2003,4
E06000012,2004,0
E06000012,2005,3
E06000012,2006,4
E06000012,2007,8
E06000012,2008,7
E06000012,2009,3
E06000012,2010,7
E06000012,2011,7
E06000012,2012,1
E06000012,2013,2
E06000012,2014,5
E06000012,2015,7
E06000012,2016,8
E06000012,2017,3
E06000012,2018,2
E06000012,2019,7
E06000012,2020,0
E06000012,2021,1
E06000012,2022,1
E06000012,2023,0
E06000012,2024,9
E06000013,2001,3
E06000013,2002,5
E06000013,2003,4
E06000013,2004,3
E06000013,2005,1
E06000013,2006,7
E06000013,2007,6
E06000013,2008,17
E06000013,2009,35
E06000013,2010,7
E06000013,2011,13
E06000013,2012,19
E06000013,2013,15
E06000013,2014,6
E06000013,2015,10
E06000013,2016,6
E06000013,2017,8
E06000013,2018,4
E06000013,2019,11
E06000013,2020,4
E06000013,2021,11
E06000013,2022,0
E06000013,2023,7
E06000013,2024,4
E06000014,2001,3
E06000014,2002,5
E06000014,2003,5
E06000014,2004,5
E06000014,2005,8
E06000014,2006,9
E06000014,2007,11
E06000014,2008,13
E06000014,2009,10
E06000014,2010,4
E06000014,2011,6
E06000014,2012,5
E06000014,2013,11
E06000014,2014,2
E06000014,2015,2
E06000014,2016,4
E06000014,2017,2
E06000014,2018,4
E06000014,2019,8
E06000014,2020,12
E06000014,2021,4
E06000014,2022,4
E06000014,2023,7
E06000014,2024,8
E06000015,2001,47
E06000015,2002,46
E06000015,2003,59
E06000015,2004,39
E06000015,2005,28
E06000015,2006,36
E06000015,2007,40
E06000015,2008,55
E06000015,2009,45
E06000015,2010,40
E06000015,2011,53
E06000015,2012,34
E06000015,2013,34
E06000015,2014,37
E06000015,2015,35
E06000015,2016,28
E06000015,2017,30
E06000015,2018,29
E06000015,2019,29
E06000015,2020,27
E06000015,2021,42
E06000015,2022,31
E06000015,2023,33
E06000015,2024,32
E06000016,2001,264
E06000016,2002,197
E06000016,2003,198
E06000016,2004,151
E06000016,2005,263
E06000016,2006,227
E06000016,2007,216
E06000016,2008,177
E06000016,2009,206
E06000016,2010,207
E06000016,2011,188
E06000016,2012,184
E06000016,2013,158
E06000016,2014,142
E06000016,2015,125
E06000016,2016,130
E06000016,2017,135
E06000016,2018,142
E06000016,2019,146
E06000016,2020,132
E06000016,2021,151
E06000016,2022,140
E06000016,2023,164
E06000016,2024,178
E06000017,2001,0
E06000017,2002,1
E06000017,2003,2
E06000017,2004,1
E06000017,2005,1
E06000017,2006,1
E06000017,2007,0
E06000017,2008,0
E06000017,2009,2
E06000017,2010,1
E06000017,2011,3
E06000017,2012,3
E06000017,2013,2
E06000017,2014,1
E06000017,2015,2
E06000017,2016,1
E06000017,2017,1
E06000017,2018,0
E06000017,2019,2
E06000017,2020,0
E06000017,2021,3
E06000017,2022,0
E06000017,2023,1
E06000017,2024,2
E06000018,2001,52
E06000018,2002,40
E06000018,2003,36
E06000018,2004,48
E06000018,2005,57
E06000018,2006,82
E06000018,2007,80
E06000018,2008,81
E06000018,2009,55
E06000018,2010,69
E06000018,2011,67
E06000018,2012,60
E06000018,2013,58
E06000018,2014,50
E06000018,2015,54
E06000018,2016,48
E06000018,2017,43
E06000018,2018,33
E06000018,2019,48
E06000018,2020,36
E06000018,2021,45
E06000018,2022,51
E06000018,2023,38
E06000018,2024,36
E06000019,2001,2
E06000019,2002,4
E06000019,2003,1
E06000019,2004,6
E06000019,2005,1
E06000019,2006,3
E06000019,2007,4
E06000019,2008,8
E06000019,2009,5
E06000019,2010,3
E06000019,2011,6
E06000019,2012,7
E06000019,2013,5
E06000019,2014,3
E06000019,2015,3
E06000019,2016,3
E06000019,2017,6
E06000019,2018,8
E06000019,2019,1
E06000019,2020,3
E06000019,2021,1
E06000019,2022,1
E06000019,2023,4
E06000019,2024,6
E06000020,2001,4
E06000020,2002,3
E06000020,2003,3
E06000020,2004,16
E06000020,2005,12
E06000020,2006,12
E06000020,2007,11
E06000020,2008,13
E06000020,2009,12
E06000020,2010,10
E06000020,2011,7
E06000020,2012,14
E06000020,2013,12
E06000020,2014,9
E06000020,2015,5
E06000020,2016,5
E06000020,2017,9
E06000020,2018,7
E06000020,2019,9
E06000020,2020,7
E06000020,2021,7
E06000020,2022,8
E06000020,2023,10
E06000020,2024,16
E06000021,2001,29
E06000021,2002,35
E06000021,2003,32
E06000021,2004,26
E06000021,2005,42
E06000021,2006,39
E06000021,2007,27
E06000021,2008,30
E06000021,2009,30
E06000021,2010,32
E06000021,2011,46
E06000021,2012,40
E06000021,2013,35
E06000021,2014,28
E06000021,2015,28
E06000021,2016,33
E06000021,2017,21
E06000021,2018,26
E06000021,2019,25
E06000021,2020,24
E06000021,2021,23
E06000021,2022,29
E06000021,2023,30
E06000021,2024,37
E06000022,2001,11
E06000022,2002,11
E06000022,2003,12
E06000022,2004,9
E06000022,2005,18
E06000022,2006,4
E06000022,2007,5
E06000022,2008,8
E06000022,2009,12
E06000022,2010,12
E06000022,2011,4
E06000022,2012,11
E06000022,2013,9
E06000022,2014,19
E06000022,2015,12
E06000022,2016,5
E06000022,2017,3
E06000022,2018,5
E06000022,2019,9
E06000022,2020,0
E06000022,2021,5
E06000022,2022,7
E06000022,2023,4
E06000022,2024,11
E06000023,2001,40
E06000023,2002,63
E06000023,2003,51
E06000023,2004,75
E06000023,2005,66
E06000023,2006,81
E06000023,2007,81
E06000023,2008,72
E06000023,2009,84
E06000023,2010,81
E06000023,2011,82
E06000023,2012,88
E06000023,2013,97
E06000023,2014,98
E06000023,2015,79
E06000023,2016,66
E06000023,2017,61
E06000023,2018,48
E06000023,2019,49
E06000023,2020,43
E06000023,2021,36
E06000023,2022,35
E06000023,2023,55
E06000023,2024,41
E06000024,2001,7
E06000024,2002,4
E06000024,2003,3
E06000024,2004,5
E06000024,2005,10
E06000024,2006,6
E06000024,2007,5
E06000024,2008,10
E06000024,2009,13
E06000024,2010,10
E06000024,2011,6
E06000024,2012,9
E06000024,2013,7
E06000024,2014,8
E06000024,2015,10
E06000024,2016,6
E06000024,2017,6
E06000024,2018,7
E06000024,2019,5
E06000024,2020,6
E06000024,2021,7
E06000024,2022,4
E06000024,2023,12
E06000024,2024,5
E06000025,2001,11
E06000025,2002,5
E06000025,2003,12
E06000025,2004,12
E06000025,2005,10
E06000025,2006,9
E06000025,2007,8
E06000025,2008,15
E06000025,2009,25
E06000025,2010,13
E06000025,2011,18
E06000025,2012,13
E06000025,2013,17
E06000025,2014,21
E06000025,2015,16
E06000025,2016,18
E06000025,2017,9
E06000025,2018,11
E06000025,2019,18
E06000025,2020,7
E06000025,2021,10
E06000025,2022,9
E06000025,2023,16
E06000025,2024,17
E06000026,2001,15
E06000026,2002,12
E06000026,2003,9
E06000026,2004,12
E06000026,2005,5
E06000026,2006,16
E06000026,2007,12
E06000026,2008,13
E06000026,2009,12
E06000026,2010,11
E06000026,2011,16
E06000026,2012,20
E06000026,2013,12
E06000026,2014,11
E06000026,2015,18
E06000026,2016,17
E06000026,2017,20
E06000026,2018,11
E06000026,2019,12
E06000026,2020,7
E06000026,2021,12
E06000026,2022,14
E06000026,2023,7
E06000026,2024,23
E06000027,2001,8
E06000027,2002,6
E06000027,2003,3
E06000027,2004,8
E06000027,2005,12
E06000027,2006,10
E06000027,2007,4
E06000027,2008,11
E06000027,2009,14
E06000027,2010,12
E06000027,2011,11
E06000027,2012,5
E06000027,2013,10
E06000027,2014,6
E06000027,2015,8
E06000027,2016,6
E06000027,2017,3
E06000027,2018,5
E06000027,2019,2
E06000027,2020,3
E06000027,2021,2
E06000027,2022,5
E06000027,2023,7
E06000027,2024,7
E06000030,2001,9
E06000030,2002,8
E06000030,2003,12
E06000030,2004,11
E06000030,2005,10
E06000030,2006,21
E06000030,2007,24
E06000030,2008,13
E06000030,2009,18
E06000030,2010,21
E06000030,2011,23
E06000030,2012,18
E06000030,2013,30
E06000030,2014,18
E06000030,2015,22
E06000030,2016,30
E06000030,2017,25
E06000030,2018,17
E06000030,2019,24
E06000030,2020,17
E06000030,2021,14
E06000030,2022,23
E06000030,2023,25
E06000030,2024,20
E06000031,2001,26
E06000031,2002,26
E06000031,2003,14
E06000031,2004,34
E06000031,2005,36
E06000031,2006,39
E06000031,2007,24
E06000031,2008,47
E06000031,2009,36
E06000031,2010,47
E06000031,2011,52
E06000031,2012,59
E06000031,2013,57
E06000031,2014,45
E06000031,2015,31
E06000031,2016,39
E06000031,2017,44
E06000031,2018,36
E06000031,2019,38
E06000031,2020,30
E06000031,2021,46
E06000031,2022,36
E06000031,2023,45
E06000031,2024,38
E06000032,2001,69
E06000032,2002,87
E06000032,2003,74
E06000032,2004,67
E06000032,2005,87
E06000032,2006,74
E06000032,2007,80
E06000032,2008,73
E06000032,2009,91
E06000032,2010,96
E06000032,2011,108
E06000032,2012,85
E06000032,2013,60
E06000032,2014,73
E06000032,2015,57
E06000032,2016,55
E06000032,2017,61
E06000032,2018,46
E06000032,2019,44
E06000032,2020,57
E06000032,2021,47
E06000032,2022,45
E06000032,2023,58
E06000032,2024,55
E06000033,2001,16
E06000033,2002,16
E06000033,2003,18
E06000033,2004,27
E06000033,2005,22
E06000033,2006,22
E06000033,2007,26
E06000033,2008,18
E06000033,2009,21
E06000033,2010,25
E06000033,2011,19
E06000033,2012,17
E06000033,2013,14
E06000033,2014,9
E06000033,2015,15
E06000033,2016,7
E06000033,2017,14
E06000033,2018,10
E06000033,2019,14
E06000033,2020,14
E06000033,2021,18
E06000033,2022,8
E06000033,2023,15
E06000033,2024,16
E06000034,2001,4
E06000034,2002,6
E06000034,2003,10
E06000034,2004,17
E06000034,2005,13
E06000034,2006,7
E06000034,2007,7
E06000034,2008,15
E06000034,2009,12
E06000034,2010,21
E06000034,2011,14
E06000034,2012,9
E06000034,2013,11
E06000034,2014,4
E06000034,2015,11
E06000034,2016,12
E06000034,2017,16
E06000034,2018,6
E06000034,2019,17
E06000034,2020,7
E06000034,2021,14
E06000034,2022,11
E06000034,2023,9
E06000034,2024,15
E06000035,2001,21
E06000035,2002,13
E06000035,2003,20
E06000035,2004,8
E06000035,2005,14
E06000035,2006,16
E06000035,2007,18
E06000035,2008,22
E06000035,2009,20
E06000035,2010,20
E06000035,2011,28
E06000035,2012,20
E06000035,2013,16
E06000035,2014,16
E06000035,2015,14
E06000035,2016,12
E06000035,2017,12
E06000035,2018,18
E06000035,2019,24
E06000035,2020,17
E06000035,2021,17
E06000035,2022,18
E06000035,2023,22
E06000035,2024,20
E06000036,2001,4
E06000036,2002,4
E06000036,2003,6
E06000036,2004,4
E06000036,2005,9
E06000036,2006,4
E06000036,2007,6
E06000036,2008,7
E06000036,2009,9
E06000036,2010,12
E06000036,2011,10
E06000036,2012,10
E06000036,2013,6
E06000036,2014,14
E06000036,2015,7
E06000036,2016,3
E06000036,2017,5
E06000036,2018,7
E06000036,2019,7
E06000036,2020,5
E06000036,2021,13
E06000036,2022,5
E06000036,2023,11
E06000036,2024,6
E06000037,2001,5
E06000037,2002,8
E06000037,2003,4
E06000037,2004,9
E06000037,2005,11
E06000037,2006,3
E06000037,2007,10
E06000037,2008,5
E06000037,2009,11
E06000037,2010,7
E06000037,2011,6
E06000037,2012,9
E06000037,2013,11
E06000037,2014,7
E06000037,2015,5
E06000037,2016,6
E06000037,2017,8
E06000037,2018,6
E06000037,2019,5
E06000037,2020,9
E06000037,2021,5
E06000037,2022,4
E06000037,2023,6
E06000037,2024,4
E06000038,2001,31
E06000038,2002,41
E06000038,2003,39
E06000038,2004,34
E06000038,2005,59
E06000038,2006,44
E06000038,2007,55
E06000038,2008,60
E06000038,2009,57
E06000038,2010,59
E06000038,2011,52
E06000038,2012,43
E06000038,2013,66
E06000038,2014,64
E06000038,2015,37
E06000038,2016,27
E06000038,2017,38
E06000038,2018,22
E06000038,2019,25
E06000038,2020,29
E06000038,2021,35
E06000038,2022,30
E06000038,2023,39
E06000038,2024,37
E06000039,2001,64
E06000039,2002,68
E06000039,2003,73
E06000039,2004,70
E06000039,2005,76
E06000039,2006,61
E06000039,2007,54
E06000039,2008,59
E06000039,2009,61
E06000039,2010,72
E06000039,2011,85
E06000039,2012,84
E06000039,2013,78
E06000039,2014,58
E06000039,2015,71
E06000039,2016,53
E06000039,2017,43
E06000039,2018,36
E06000039,2019,51
E06000039,2020,46
E06000039,2021,44
E06000039,2022,50
E06000039,2023,55
E06000039,2024,56
E06000040,2001,12
E06000040,2002,11
E06000040,2003,15
E06000040,2004,8
E06000040,2005,17
E06000040,2006,8
E06000040,2007,9
E06000040,2008,11
E06000040,2009,13
E06000040,2010,9
E06000040,2011,10
E06000040,2012,12
E06000040,2013,9
E06000040,2014,21
E06000040,2015,7
E06000040,2016,10
E06000040,2017,14
E06000040,2018,12
E06000040,2019,10
E06000040,2020,7
E06000040,2021,11
E06000040,2022,6
E06000040,2023,9
E06000040,2024,13
E06000041,2001,4
E06000041,2002,9
E06000041,2003,13
E06000041,2004,11
E06000041,2005,9
E06000041,2006,15
E06000041,2007,12
E06000041,2008,9
E06000041,2009,10
E06000041,2010,16
E06000041,2011,10
E06000041,2012,14
E06000041,2013,12
E06000041,2014,19
E06000041,2015,17
E06000041,2016,16
E06000041,2017,7
E06000041,2018,7
E06000041,2019,3
E06000041,2020,2
E06000041,2021,14
E06000041,2022,11
E06000041,2023,12
E06000041,2024,10
E06000042,2001,23
E06000042,2002,9
E06000042,2003,13
E06000042,2004,18
E06000042,2005,24
E06000042,2006,43
E06000042,2007,44
E06000042,2008,38
E06000042,2009,33
E06000042,2010,26
E06000042,2011,36
E06000042,2012,44
E06000042,2013,32
E06000042,2014,23
E06000042,2015,23
E06000042,2016,25
E06000042,2017,24
E06000042,2018,33
E06000042,2019,26
E06000042,2020,18
E06000042,2021,29
E06000042,2022,22
E06000042,2023,24
E06000042,2024,29
E06000043,2001,24
E06000043,2002,6
E06000043,2003,3
E06000043,2004,14
E06000043,2005,15
E06000043,2006,15
E06000043,2007,30
E06000043,2008,28
E06000043,2009,35
E06000043,2010,22
E06000043,2011,23
E06000043,2012,31
E06000043,2013,15
E06000043,2014,22
E06000043,2015,24
E06000043,2016,19
E06000043,2017,15
E06000043,2018,19
E06000043,2019,10
E06000043,2020,12
E06000043,2021,15
E06000043,2022,10
E06000043,2023,13
E06000043,2024,13
E06000044,2001,11
E06000044,2002,15
E06000044,2003,16
E06000044,2004,23
E06000044,2005,20
E06000044,2006,22
E06000044,2007,23
E06000044,2008,23
E06000044,2009,30
E06000044,2010,24
E06000044,2011,16
E06000044,2012,23
E06000044,2013,19
E06000044,2014,10
E06000044,2015,17
E06000044,2016,11
E06000044,2017,12
E06000044,2018,12
E06000044,2019,13
E06000044,2020,12
E06000044,2021,10
E06000044,2022,18
E06000044,2023,18
E06000044,2024,16
E06000045,2001,14
E06000045,2002,26
E06000045,2003,34
E06000045,2004,33
E06000045,2005,30
E06000045,2006,33
E06000045,2007,24
E06000045,2008,24
E06000045,2009,36
E06000045,2010,27
E06000045,2011,51
E06000045,2012,41
E06000045,2013,39
E06000045,2014,29
E06000045,2015,23
E06000045,2016,34
E06000045,2017,34
E06000045,2018,29
E06000045,2019,23
E06000045,2020,21
E06000045,2021,18
E06000045,2022,27
E06000045,2023,21
E06000045,2024,32
E06000046,2001,7
E06000046,2002,3
E06000046,2003,1
E06000046,2004,1
E06000046,2005,3
E06000046,2006,0
E06000046,2007,7
E06000046,2008,1
E06000046,2009,3
E06000046,2010,3
E06000046,2011,6
E06000046,2012,7
E06000046,2013,2
E06000046,2014,3
E06000046,2015,1
E06000046,2016,3
E06000046,2017,1
E06000046,2018,2
E06000046,2019,2
E06000046,2020,1
E06000046,2021,1
E06000046,2022,0
E06000046,2023,0
E06000046,2024,1
E06000047,2001,17
E06000047,2002,10
E06000047,2003,18
E06000047,2004,19
E06000047,2005,14
E06000047,2006,19
E06000047,2007,23
E06000047,2008,17
E06000047,2009,23
E06000047,2010,13
E06000047,2011,5
E06000047,2012,16
E06000047,2013,9
E06000047,2014,10
E06000047,2015,10
E06000047,2016,7
E06000047,2017,9
E06000047,2018,15
E06000047,2019,8
E06000047,2020,7
E06000047,2021,14
E06000047,2022,2
E06000047,2023,1
E06000047,2024,8
E06000049,2001,11
E06000049,2002,7
E06000049,2003,11
E06000049,2004,4
E06000049,2005,1
E06000049,2006,11
E06000049,2007,4
E06000049,2008,9
E06000049,2009,6
E06000049,2010,8
E06000049,2011,12
E06000049,2012,9
E06000049,2013,21
E06000049,2014,12
E06000049,2015,18
E06000049,2016,17
E06000049,2017,7
E06000049,2018,6
E06000049,2019,8
E06000049,2020,8
E06000049,2021,16
E06000049,2022,12
E06000049,2023,12
E06000049,2024,14
E06000050,2001,3
E06000050,2002,6
E06000050,2003,5
E06000050,2004,7
E06000050,2005,14
E06000050,2006,16
E06000050,2007,10
E06000050,2008,5
E06000050,2009,8
E06000050,2010,10
E06000050,2011,8
E06000050,2012,8
E06000050,2013,11
E06000050,2014,12
E06000050,2015,11
E06000050,2016,7
E06000050,2017,8
E06000050,2018,6
E06000050,2019,12
E06000050,2020,8
E06000050,2021,4
E06000050,2022,11
E06000050,2023,8
E06000050,2024,15
E06000051,2001,10
E06000051,2002,4
E06000051,2003,11
E06000051,2004,18
E06000051,2005,13
E06000051,2006,14
E06000051,2007,7
E06000051,2008,13
E06000051,2009,8
E06000051,2010,8
E06000051,2011,10
E06000051,2012,14
E06000051,2013,11
E06000051,2014,10
E06000051,2015,7
E06000051,2016,8
E06000051,2017,0
E06000051,2018,8
E06000051,2019,6
E06000051,2020,5
E06000051,2021,8
E06000051,2022,8
E06000051,2023,1
E06000051,2024,9
E06000052,2001,10
E06000052,2002,13
E06000052,2003,12
E06000052,2004,20
E06000052,2005,13
E06000052,2006,10
E06000052,2007,21
E06000052,2008,11
E06000052,2009,13
E06000052,2010,7
E06000052,2011,23
E06000052,2012,18
E06000052,2013,14
E06000052,2014,17
E06000052,2015,9
E06000052,2016,12
E06000052,2017,14
E06000052,2018,13
E06000052,2019,11
E06000052,2020,13
E06000052,2021,9
E06000052,2022,9
E06000052,2023,5
E06000052,2024,8
E06000054,2001,11
E06000054,2002,11
E06000054,2003,13
E06000054,2004,12
E06000054,2005,9
E06000054,2006,12
E06000054,2007,9
E06000054,2008,16
E06000054,2009,13
E06000054,2010,15
E06000054,2011,15
E06000054,2012,14
E06000054,2013,12
E06000054,2014,17
E06000054,2015,16
E06000054,2016,11
E06000054,2017,9
E06000054,2018,6
E06000054,2019,14
E06000054,2020,10
E06000054,2021,8
E06000054,2022,5
E06000054,2023,12
E06000054,2024,16
E06000055,2001,24
E06000055,2002,23
E06000055,2003,25
E06000055,2004,27
E06000055,2005,22
E06000055,2006,24
E06000055,2007,21
E06000055,2008,31
E06000055,2009,29
E06000055,2010,28
E06000055,2011,19
E06000055,2012,33
E06000055,2013,24
E06000055,2014,25
E06000055,2015,17
E06000055,2016,20
E06000055,2017,16
E06000055,2018,10
E06000055,2019,16
E06000055,2020,8
E06000055,2021,11
E06000055,2022,12
E06000055,2023,16
E06000055,2024,10
E06000056,2001,11
E06000056,2002,6
E06000056,2003,6
E06000056,2004,9
E06000056,2005,10
E06000056,2006,8
E06000056,2007,8
E06000056,2008,7
E06000056,2009,11
E06000056,2010,15
E06000056,2011,11
E06000056,2012,6
E06000056,2013,10
E06000056,2014,8
E06000056,2015,7
E06000056,2016,5
E06000056,2017,6
E06000056,2018,6
E06000056,2019,6
E06000056,2020,4
E06000056,2021,8
E06000056,2022,10
E06000056,2023,8
E06000056,2024,8
E06000057,2001,12
E06000057,2002,7
E06000057,2003,7
E06000057,2004,3
E06000057,2005,9
E06000057,2006,5
E06000057,2007,13
E06000057,2008,10
E06000057,2009,7
E06000057,2010,7
E06000057,2011,7
E06000057,2012,9
E06000057,2013,5
E06000057,2014,13
E06000057,2015,6
E06000057,2016,4
E06000057,2017,5
E06000057,2018,7
E06000057,2019,0
E06000057,2020,1
E06000057,2021,1
E06000057,2022,6
E06000057,2023,6
E06000057,2024,3
E06000058,2001,24
E06000058,2002,29
E06000058,2003,20
E06000058,2004,25
E06000058,2005,38
E06000058,2006,32
E06000058,2007,25
E06000058,2008,29
E06000058,2009,22
E06000058,2010,23
E06000058,2011,28
E06000058,2012,19
E06000058,2013,16
E06000058,2014,14
E06000058,2015,23
E06000058,2016,17
E06000058,2017,18
E06000058,2018,16
E06000058,2019,20
E06000058,2020,14
E06000058,2021,12
E06000058,2022,10
E06000058,2023,12
E06000058,2024,21
E06000059,2001,13
E06000059,2002,7
E06000059,2003,11
E06000059,2004,12
E06000059,2005,14
E06000059,2006,15
E06000059,2007,12
E06000059,2008,8
E06000059,2009,20
E06000059,2010,9
E06000059,2011,8
E06000059,2012,10
E06000059,2013,11
E06000059,2014,13
E06000059,2015,5
E06000059,2016,7
E06000059,2017,10
E06000059,2018,6
E06000059,2019,6
E06000059,2020,2
E06000059,2021,2
E06000059,2022,5
E06000059,2023,5
E06000059,2024,8
E06000060,2001,38
E06000060,2002,50
E06000060,2003,47
E06000060,2004,32
E06000060,2005,40
E06000060,2006,41
E06000060,2007,37
E06000060,2008,34
E06000060,2009,30
E06000060,2010,48
E06000060,2011,52
E06000060,2012,54
E06000060,2013,44
E06000060,2014,39
E06000060,2015,42
E06000060,2016,53
E06000060,2017,43
E06000060,2018,48
E06000060,2019,47
E06000060,2020,35
E06000060,2021,28
E06000060,2022,30
E06000060,2023,39
E06000060,2024,43
E06000061,2001,22
E06000061,2002,27
E06000061,2003,15
E06000061,2004,17
E06000061,2005,27
E06000061,2006,23
E06000061,2007,17
E06000061,2008,27
E06000061,2009,30
E06000061,2010,29
E06000061,2011,28
E06000061,2012,22
E06000061,2013,15
E06000061,2014,16
E06000061,2015,17
E06000061,2016,18
E06000061,2017,19
E06000061,2018,20
E06000061,2019,14
E06000061,2020,10
E06000061,2021,18
E06000061,2022,23
E06000061,2023,21
E06000061,2024,21
E06000062,2001,45
E06000062,2002,55
E06000062,2003,41
E06000062,2004,58
E06000062,2005,52
E06000062,2006,46
E06000062,2007,49
E06000062,2008,37
E06000062,2009,49
E06000062,2010,39
E06000062,2011,37
E06000062,2012,58
E06000062,2013,31
E06000062,2014,31
E06000062,2015,31
E06000062,2016,32
E06000062,2017,19
E06000062,2018,35
E06000062,2019,39
E06000062,2020,24
E06000062,2021,27
E06000062,2022,24
E06000062,2023,22
E06000062,2024,37
E06000063,2001,4
E06000063,2002,4
E06000063,2003,2
E06000063,2004,3
E06000063,2005,4
E06000063,2006,1
E06000063,2007,10
E06000063,2008,3
E06000063,2009,0
E06000063,2010,3
E06000063,2011,1
E06000063,2012,16
E06000063,2013,8
E06000063,2014,5
E06000063,2015,6
E06000063,2016,5
E06000063,2017,2
E06000063,2018,9
E06000063,2019,6
E06000063,2020,2
E06000063,2021,2
E06000063,2022,2
E06000063,2023,2
E06000063,2024,7
E06000064,2001,1
E06000064,2002,2
E06000064,2003,3
E06000064,2004,5
E06000064,2005,1
E06000064,2006,1
E06000064,2007,13
E06000064,2008,5
E06000064,2009,7
E06000064,2010,8
E06000064,2011,10
E06000064,2012,13
E06000064,2013,6
E06000064,2014,9
E06000064,2015,2
E06000064,2016,4
E06000064,2017,2
E06000064,2018,3
E06000064,2019,5
E06000064,2020,4
E06000064,2021,4
E06000064,2022,1
E06000064,2023,1
E06000064,2024,4
E06000065,2001,12
E06000065,2002,10
E06000065,2003,14
E06000065,2004,20
E06000065,2005,13
E06000065,2006,18
E06000065,2007,17
E06000065,2008,10
E06000065,2009,20
E06000065,2010,18
E06000065,2011,13
E06000065,2012,13
E06000065,2013,17
E06000065,2014,13
E06000065,2015,15
E06000065,2016,15
E06000065,2017,13
E06000065,2018,8
E06000065,2019,10
E06000065,2020,17
E06000065,2021,13
E06000065,2022,12
E06000065,2023,19
E06000065,2024,23
E06000066,2001,6
E06000066,2002,19
E06000066,2003,6
E06000066,2004,17
E06000066,2005,21
E06000066,2006,8
E06000066,2007,13
E06000066,2008,13
E06000066,2009,7
E06000066,2010,14
E06000066,2011,17
E06000066,2012,16
E06000066,2013,16
E06000066,2014,19
E06000066,2015,5
E06000066,2016,7
E06000066,2017,10
E06000066,2018,4
E06000066,2019,19
E06000066,2020,11
E06000066,2021,11
E06000066,2022,13
E06000066,2023,14
E06000066,2024,13
E07000008,2001,8
E07000008,2002,9
E07000008,2003,7
E07000008,2004,7
E07000008,2005,15
E07000008,2006,25
E07000008,2007,10
E07000008,2008,20
E07000008,2009,9
E07000008,2010,15
E07000008,2011,14
E07000008,2012,15
E07000008,2013,17
E07000008,2014,10
E07000008,2015,11
E07000008,2016,18
E07000008,2017,14
E07000008,2018,16
E07000008,2019,33
E07000008,2020,20
E07000008,2021,17
E07000008,2022,20
E07000008,2023,18
E07000008,2024,26
E07000009,2001,1
E07000009,2002,1
E07000009,2003,1
E07000009,2004,4
E07000009,2005,1
E07000009,2006,3
E07000009,2007,2
E07000009,2008,3
E07000009,2009,2
E07000009,2010,2
E07000009,2011,4
E07000009,2012,1
E07000009,2013,2
E07000009,2014,5
E07000009,2015,0
E07000009,2016,3
E07000009,2017,3
E07000009,2018,3
E07000009,2019,3
E07000009,2020,2
E07000009,2021,4
E07000009,2022,1
E07000009,2023,2
E07000009,2024,2
E07000010,2001,4
E07000010,2002,1
E07000010,2003,0
E07000010,2004,5
E07000010,2005,1
E07000010,2006,2
E07000010,2007,3
E07000010,2008,7
E07000010,2009,3
E07000010,2010,2
E07000010,2011,6
E07000010,2012,4
E07000010,2013,11
E07000010,2014,9
E07000010,2015,3
E07000010,2016,4
E07000010,2017,3
E07000010,2018,6
E07000010,2019,5
E07000010,2020,5
E07000010,2021,1
E07000010,2022,2
E07000010,2023,3
E07000010,2024,10
E07000011,2001,5
E07000011,2002,3
E07000011,2003,10
E07000011,2004,5
E07000011,2005,10
E07000011,2006,5
E07000011,2007,5
E07000011,2008,7
E07000011,2009,16
E07000011,2010,5
E07000011,2011,9
E07000011,2012,7
E07000011,2013,7
E07000011,2014,9
E07000011,2015,10
E07000011,2016,5
E07000011,2017,9
E07000011,2018,7
E07000011,2019,6
E07000011,2020,10
E07000011,2021,5
E07000011,2022,8
E07000011,2023,4
E07000011,2024,8
E07000012,2001,3
E07000012,2002,9
E07000012,2003,1
E07000012,2004,6
E07000012,2005,10
E07000012,2006,6
E07000012,2007,9
E07000012,2008,12
E07000012,2009,9
E07000012,2010,5
E07000012,2011,5
E07000012,2012,10
E07000012,2013,7
E07000012,2014,6
E07000012,2015,8
E07000012,2016,8
E07000012,2017,10
E07000012,2018,7
E07000012,2019,5
E07000012,2020,8
E07000012,2021,6
E07000012,2022,11
E07000012,2023,9
E07000012,2024,17
E07000032,2001,5
E07000032,2002,3
E07000032,2003,2
E07000032,2004,3
E07000032,2005,5
E07000032,2006,7
E07000032,2007,2
E07000032,2008,6
E07000032,2009,5
E07000032,2010,1
E07000032,2011,6
E07000032,2012,5
E07000032,2013,4
E07000032,2014,6
E07000032,2015,3
E07000032,2016,2
E07000032,2017,0
E07000032,2018,0
E07000032,2019,1
E07000032,2020,3
E07000032,2021,0
E07000032,2022,2
E07000032,2023,3
E07000032,2024,0
E07000033,2001,1
E07000033,2002,2
E07000033,2003,3
E07000033,2004,0
E07000033,2005,3
E07000033,2006,3
E07000033,2007,0
E07000033,2008,2
E07000033,2009,1
E07000033,2010,1
E07000033,2011,2
E07000033,2012,5
E07000033,2013,0
E07000033,2014,4
E07000033,2015,0
E07000033,2016,0
E07000033,2017,0
E07000033,2018,1
E07000033,2019,2
E07000033,2020,2
E07000033,2021,0
E07000033,2022,6
E07000033,2023,4
E07000033,2024,2
E07000034,2001,9
E07000034,2002,8
E07000034,2003,6
E07000034,2004,10
E07000034,2005,10
E07000034,2006,11
E07000034,2007,10
E07000034,2008,4
E07000034,2009,5
E07000034,2010,2
E07000034,2011,8
E07000034,2012,5
E07000034,2013,7
E07000034,2014,6
E07000034,2015,5
E07000034,2016,1
E07000034,2017,4
E07000034,2018,2
E07000034,2019,5
E07000034,2020,0
E07000034,2021,2
E07000034,2022,3
E07000034,2023,7
E07000034,2024,1
E07000035,2001,2
E07000035,2002,3
E07000035,2003,3
E07000035,2004,1
E07000035,2005,2
E07000035,2006,3
E07000035,2007,1
E07000035,2008,2
E07000035,2009,4
E07000035,2010,1
E07000035,2011,1
E07000035,2012,5
E07000035,2013,1
E07000035,2014,1
E07000035,2015,0
E07000035,2016,2
E07000035,2017,1
E07000035,2018,0
E07000035,2019,0
E07000035,2020,2
E07000035,2021,1
E07000035,2022,0
E07000035,2023,0
E07000035,2024,0
E07000036,2001,6
E07000036,2002,5
E07000036,2003,7
E07000036,2004,4
E07000036,2005,0
E07000036,2006,3
E07000036,2007,4
E07000036,2008,3
E07000036,2009,4
E07000036,2010,2
E07000036,2011,7
E07000036,2012,5
E07000036,2013,2
E07000036,2014,4
E07000036,2015,6
E07000036,2016,0
E07000036,2017,4
E07000036,2018,2
E07000036,2019,0
E07000036,2020,2
E07000036,2021,3
E07000036,2022,2
E07000036,2023,6
E07000036,2024,5
E07000037,2001,8
E07000037,2002,3
E07000037,2003,1
E07000037,2004,2
E07000037,2005,1
E07000037,2006,9
E07000037,2007,4
E07000037,2008,3
E07000037,2009,3
E07000037,2010,2
E07000037,2011,7
E07000037,2012,3
E07000037,2013,2
E07000037,2014,2
E07000037,2015,2
E07000037,2016,2
E07000037,2017,0
E07000037,2018,1
E07000037,2019,1
E07000037,2020,1
E07000037,2021,0
E07000037,2022,5
E07000037,2023,1
E07000037,2024,1
E07000038,2001,2
E07000038,2002,2
E07000038,2003,4
E07000038,2004,3
E07000038,2005,4
E07000038,2006,3
E07000038,2007,6
E07000038,2008,3
E07000038,2009,2
E07000038,2010,1
E07000038,2011,2
E07000038,2012,1
E07000038,2013,1
E07000038,2014,2
E07000038,2015,0
E07000038,2016,2
E07000038,2017,1
E07000038,2018,0
E07000038,2019,0
E07000038,2020,3
E07000038,2021,3
E07000038,2022,3
E07000038,2023,5
E07000038,2024,2
E07000039,2001,3
E07000039,2002,3
E07000039,2003,4
E07000039,2004,2
E07000039,2005,3
E07000039,2006,4
E07000039,2007,3
E07000039,2008,5
E07000039,2009,8
E07000039,2010,5
E07000039,2011,3
E07000039,2012,3
E07000039,2013,5
E07000039,2014,3
E07000039,2015,2
E07000039,2016,0
E07000039,2017,0
E07000039,2018,1
E07000039,2019,1
E07000039,2020,2
E07000039,2021,1
E07000039,2022,2
E07000039,2023,3
E07000039,2024,3
E07000040,2001,2
E07000040,2002,5
E07000040,2003,1
E07000040,2004,6
E07000040,2005,5
E07000040,2006,1
E07000040,2007,3
E07000040,2008,2
E07000040,2009,5
E07000040,2010,4
E07000040,2011,3
E07000040,2012,1
E07000040,2013,0
E07000040,2014,1
E07000040,2015,4
E07000040,2016,2
E07000040,2017,1
E07000040,2018,4
E07000040,2019,6
E07000040,2020,3
E07000040,2021,2
E07000040,2022,0
E07000040,2023,0
E07000040,2024,1
E07000041,2001,6
E07000041,2002,2
E07000041,2003,1
E07000041,2004,7
E07000041,2005,7
E07000041,2006,6
E07000041,2007,8
E07000041,2008,7
E07000041,2009,9
E07000041,2010,1
E07000041,2011,8
E07000041,2012,14
E07000041,2013,7
E07000041,2014,5
E07000041,2015,5
E07000041,2016,6
E07000041,2017,7
E07000041,2018,5
E07000041,2019,6
E07000041,2020,5
E07000041,2021,5
E07000041,2022,2
E07000041,2023,6
E07000041,2024,9
E07000042,2001,0
E07000042,2002,0
E07000042,2003,1
E07000042,2004,0
E07000042,2005,2
E07000042,2006,1
E07000042,2007,0
E07000042,2008,4
E07000042,2009,0
E07000042,2010,2
E07000042,2011,2
E07000042,2012,3
E07000042,2013,1
E07000042,2014,3
E07000042,2015,2
E07000042,2016,1
E07000042,2017,5
E07000042,2018,2
E07000042,2019,3
E07000042,2020,1
E07000042,2021,1
E07000042,2022,1
E07000042,2023,0
E07000042,2024,0
E07000043,2001,0
E07000043,2002,0
E07000043,2003,0
E07000043,2004,1
E07000043,2005,0
E07000043,2006,0
E07000043,2007,1
E07000043,2008,0
E07000043,2009,1
E07000043,2010,0
E07000043,2011,0
E07000043,2012,1
E07000043,2013,3
E07000043,2014,3
E07000043,2015,4
E07000043,2016,2
E07000043,2017,1
E07000043,2018,1
E07000043,2019,2
E07000043,2020,0
E07000043,2021,0
E07000043,2022,2
E07000043,2023,0
E07000043,2024,1
E07000044,2001,6
E07000044,2002,0
E07000044,2003,0
E07000044,2004,1
E07000044,2005,1
E07000044,2006,2
E07000044,2007,2
E07000044,2008,2
E07000044,2009,1
E07000044,2010,6
E07000044,2011,3
E07000044,2012,1
E07000044,2013,2
E07000044,2014,4
E07000044,2015,3
E07000044,2016,1
E07000044,2017,2
E07000044,2018,1
E07000044,2019,0
E07000044,2020,2
E07000044,2021,1
E07000044,2022,1
E07000044,2023,1
E07000044,2024,5
E07000045,2001,12
E07000045,2002,5
E07000045,2003,8
E07000045,2004,2
E07000045,2005,2
E07000045,2006,5
E07000045,2007,4
E07000045,2008,8
E07000045,2009,8
E07000045,2010,5
E07000045,2011,9
E07000045,2012,4
E07000045,2013,9
E07000045,2014,7
E07000045,2015,13
E07000045,2016,7
E07000045,2017,3
E07000045,2018,6
E07000045,2019,2
E07000045,2020,0
E07000045,2021,3
E07000045,2022,3
E07000045,2023,3
E07000045,2024,5
E07000046,2001,1
E07000046,2002,0
E07000046,2003,0
E07000046,2004,1
E07000046,2005,0
E07000046,2006,0
E07000046,2007,1
E07000046,2008,0
E07000046,2009,0
E07000046,2010,0
E07000046,2011,1
E07000046,2012,1
E07000046,2013,0
E07000046,2014,2
E07000046,2015,1
E07000046,2016,1
E07000046,2017,0
E07000046,2018,1
E07000046,2019,1
E07000046,2020,1
E07000046,2021,0
E07000046,2022,1
E07000046,2023,1
E07000046,2024,2
E07000047,2001,1
E07000047,2002,1
E07000047,2003,2
E07000047,2004,3
E07000047,2005,0
E07000047,2006,2
E07000047,2007,1
E07000047,2008,2
E07000047,2009,1
E07000047,2010,2
E07000047,2011,0
E07000047,2012,5
E07000047,2013,5
E07000047,2014,4
E07000047,2015,1
E07000047,2016,0
E07000047,2017,0
E07000047,2018,2
E07000047,2019,0
E07000047,2020,1
E07000047,2021,0
E07000047,2022,0
E07000047,2023,0
E07000047,2024,2
E07000061,2001,11
E07000061,2002,9
E07000061,2003,7
E07000061,2004,9
E07000061,2005,7
E07000061,2006,4
E07000061,2007,5
E07000061,2008,9
E07000061,2009,10
E07000061,2010,7
E07000061,2011,5
E07000061,2012,6
E07000061,2013,5
E07000061,2014,6
E07000061,2015,8
E07000061,2016,6
E07000061,2017,4
E07000061,2018,2
E07000061,2019,4
E07000061,2020,5
E07000061,2021,3
E07000061,2022,3
E07000061,2023,6
E07000061,2024,11
E07000062,2001,8
E07000062,2002,6
E07000062,2003,2
E07000062,2004,3
E07000062,2005,4
E07000062,2006,3
E07000062,2007,1
E07000062,2008,0
E07000062,2009,3
E07000062,2010,2
E07000062,2011,11
E07000062,2012,10
E07000062,2013,4
E07000062,2014,11
E07000062,2015,5
E07000062,2016,6
E07000062,2017,2
E07000062,2018,3
E07000062,2019,3
E07000062,2020,1
E07000062,2021,1
E07000062,2022,2
E07000062,2023,3
E07000062,2024,8
E07000063,2001,4
E07000063,2002,3
E07000063,2003,2
E07000063,2004,1
E07000063,2005,1
E07000063,2006,2
E07000063,2007,2
E07000063,2008,4
E07000063,2009,5
E07000063,2010,9
E07000063,2011,2
E07000063,2012,8
E07000063,2013,5
E07000063,2014,0
E07000063,2015,5
E07000063,2016,4
E07000063,2017,1
E07000063,2018,2
E07000063,2019,5
E07000063,2020,4
E07000063,2021,1
E07000063,2022,2
E07000063,2023,2
E07000063,2024,2
E07000064,2001,2
E07000064,2002,2
E07000064,2003,1
E07000064,2004,3
E07000064,2005,1
E07000064,2006,4
E07000064,2007,1
E07000064,2008,0
E07000064,2009,3
E07000064,2010,1
E07000064,2011,2
E07000064,2012,2
E07000064,2013,2
E07000064,2014,6
E07000064,2015,2
E07000064,2016,2
E07000064,2017,1
E07000064,2018,1
E07000064,2019,1
E07000064,2020,1
E07000064,2021,1
E07000064,2022,1
E07000064,2023,1
E07000064,2024,3
E07000065,2001,3
E07000065,2002,5
E07000065,2003,1
E07000065,2004,4
E07000065,2005,2
E07000065,2006,3
E07000065,2007,2
E07000065,2008,4
E07000065,2009,6
E07000065,2010,2
E07000065,2011,5
E07000065,2012,8
E07000065,2013,4
E07000065,2014,2
E07000065,2015,3
E07000065,2016,2
E07000065,2017,7
E07000065,2018,3
E07000065,2019,1
E07000065,2020,6
E07000065,2021,2
E07000065,2022,3
E07000065,2023,4
E07000065,2024,1
E07000066,2001,6
E07000066,2002,8
E07000066,2003,9
E07000066,2004,5
E07000066,2005,12
E07000066,2006,16
E07000066,2007,8
E07000066,2008,16
E07000066,2009,13
E07000066,2010,14
E07000066,2011,15
E07000066,2012,5
E07000066,2013,13
E07000066,2014,14
E07000066,2015,12
E07000066,2016,14
E07000066,2017,11
E07000066,2018,9
E07000066,2019,10
E07000066,2020,7
E07000066,2021,8
E07000066,2022,7
E07000066,2023,3
E07000066,2024,8
E07000067,2001,4
E07000067,2002,0
E07000067,2003,1
E07000067,2004,5
E07000067,2005,2
E07000067,2006,5
E07000067,2007,2
E07000067,2008,0
E07000067,2009,2
E07000067,2010,6
E07000067,2011,4
E07000067,2012,7
E07000067,2013,4
E07000067,2014,4
E07000067,2015,1
E07000067,2016,4
E07000067,2017,2
E07000067,2018,0
E07000067,2019,5
E07000067,2020,6
E07000067,2021,1
E07000067,2022,3
E07000067,2023,5
E07000067,2024,3
E07000068,2001,7
E07000068,2002,3
E07000068,2003,2
E07000068,2004,3
E07000068,2005,2
E07000068,2006,4
E07000068,2007,3
E07000068,2008,7
E07000068,2009,6
E07000068,2010,3
E07000068,2011,3
E07000068,2012,2
E07000068,2013,5
E07000068,2014,7
E07000068,2015,6
E07000068,2016,4
E07000068,2017,2
E07000068,2018,3
E07000068,2019,2
E07000068,2020,5
E07000068,2021,1
E07000068,2022,2
E07000068,2023,5
E07000068,2024,3
E07000069,2001,2
E07000069,2002,4
E07000069,2003,3
E07000069,2004,5
E07000069,2005,1
E07000069,2006,2
E07000069,2007,5
E07000069,2008,1
E07000069,2009,3
E07000069,2010,1
E07000069,2011,3
E07000069,2012,2
E07000069,2013,4
E07000069,2014,2
E07000069,2015,4
E07000069,2016,1
E07000069,2017,1
E07000069,2018,3
E07000069,2019,5
E07000069,2020,7
E07000069,2021,1
E07000069,2022,0
E07000069,2023,0
E07000069,2024,3
E07000070,2001,8
E07000070,2002,9
E07000070,2003,7
E07000070,2004,15
E07000070,2005,3
E07000070,2006,7
E07000070,2007,9
E07000070,2008,7
E07000070,2009,5
E07000070,2010,6
E07000070,2011,9
E07000070,2012,2
E07000070,2013,4
E07000070,2014,10
E07000070,2015,3
E07000070,2016,5
E07000070,2017,8
E07000070,2018,1
E07000070,2019,9
E07000070,2020,3
E07000070,2021,3
E07000070,2022,4
E07000070,2023,8
E07000070,2024,12
E07000071,2001,4
E07000071,2002,9
E07000071,2003,5
E07000071,2004,3
E07000071,2005,8
E07000071,2006,6
E07000071,2007,9
E07000071,2008,5
E07000071,2009,8
E07000071,2010,10
E07000071,2011,18
E07000071,2012,6
E07000071,2013,5
E07000071,2014,7
E07000071,2015,6
E07000071,2016,7
E07000071,2017,10
E07000071,2018,3
E07000071,2019,5
E07000071,2020,8
E07000071,2021,6
E07000071,2022,5
E07000071,2023,8
E07000071,2024,12
E07000072,2001,7
E07000072,2002,8
E07000072,2003,3
E07000072,2004,7
E07000072,2005,4
E07000072,2006,7
E07000072,2007,2
E07000072,2008,4
E07000072,2009,8
E07000072,2010,9
E07000072,2011,6
E07000072,2012,12
E07000072,2013,14
E07000072,2014,6
E07000072,2015,5
E07000072,2016,5
E07000072,2017,4
E07000072,2018,2
E07000072,2019,3
E07000072,2020,8
E07000072,2021,4
E07000072,2022,5
E07000072,2023,7
E07000072,2024,7
E07000073,2001,5
E07000073,2002,9
E07000073,2003,6
E07000073,2004,6
E07000073,2005,3
E07000073,2006,9
E07000073,2007,6
E07000073,2008,9
E07000073,2009,6
E07000073,2010,6
E07000073,2011,14
E07000073,2012,21
E07000073,2013,13
E07000073,2014,8
E07000073,2015,2
E07000073,2016,13
E07000073,2017,17
E07000073,2018,8
E07000073,2019,6
E07000073,2020,3
E07000073,2021,9
E07000073,2022,13
E07000073,2023,9
E07000073,2024,9
E07000074,2001,0
E07000074,2002,0
E07000074,2003,2
E07000074,2004,2
E07000074,2005,0
E07000074,2006,1
E07000074,2007,0
E07000074,2008,1
E07000074,2009,2
E07000074,2010,1
E07000074,2011,2
E07000074,2012,1
E07000074,2013,1
E07000074,2014,1
E07000074,2015,1
E07000074,2016,3
E07000074,2017,2
E07000074,2018,1
E07000074,2019,1
E07000074,2020,1
E07000074,2021,1
E07000074,2022,1
E07000074,2023,1
E07000074,2024,1
E07000075,2001,2
E07000075,2002,5
E07000075,2003,1
E07000075,2004,2
E07000075,2005,3
E07000075,2006,4
E07000075,2007,3
E07000075,2008,3
E07000075,2009,5
E07000075,2010,1
E07000075,2011,2
E07000075,2012,1
E07000075,2013,1
E07000075,2014,1
E07000075,2015,0
E07000075,2016,4
E07000075,2017,1
E07000075,2018,1
E07000075,2019,1
E07000075,2020,1
E07000075,2021,1
E07000075,2022,0
E07000075,2023,0
E07000075,2024,3
E07000076,2001,5
E07000076,2002,4
E07000076,2003,5
E07000076,2004,2
E07000076,2005,3
E07000076,2006,3
E07000076,2007,0
E07000076,2008,0
E07000076,2009,4
E07000076,2010,3
E07000076,2011,5
E07000076,2012,1
E07000076,2013,4
E07000076,2014,5
E07000076,2015,0
E07000076,2016,5
E07000076,2017,5
E07000076,2018,1
E07000076,2019,5
E07000076,2020,1
E07000076,2021,4
E07000076,2022,3
E07000076,2023,3
E07000076,2024,6
E07000077,2001,2
E07000077,2002,1
E07000077,2003,1
E07000077,2004,0
E07000077,2005,2
E07000077,2006,4
E07000077,2007,3
E07000077,2008,1
E07000077,2009,5
E07000077,2010,3
E07000077,2011,1
E07000077,2012,0
E07000077,2013,2
E07000077,2014,1
E07000077,2015,5
E07000077,2016,3
E07000077,2017,2
E07000077,2018,5
E07000077,2019,7
E07000077,2020,5
E07000077,2021,3
E07000077,2022,1
E07000077,2023,0
E07000077,2024,3
E07000078,2001,7
E07000078,2002,10
E07000078,2003,6
E07000078,2004,8
E07000078,2005,6
E07000078,2006,14
E07000078,2007,8
E07000078,2008,13
E07000078,2009,8
E07000078,2010,5
E07000078,2011,7
E07000078,2012,5
E07000078,2013,13
E07000078,2014,7
E07000078,2015,5
E07000078,2016,2
E07000078,2017,4
E07000078,2018,4
E07000078,2019,4
E07000078,2020,6
E07000078,2021,4
E07000078,2022,3
E07000078,2023,1
E07000078,2024,11
E07000079,2001,3
E07000079,2002,0
E07000079,2003,0
E07000079,2004,1
E07000079,2005,1
E07000079,2006,2
E07000079,2007,1
E07000079,2008,2
E07000079,2009,2
E07000079,2010,1
E07000079,2011,3
E07000079,2012,5
E07000079,2013,3
E07000079,2014,1
E07000079,2015,1
E07000079,2016,1
E07000079,2017,1
E07000079,2018,2
E07000079,2019,2
E07000079,2020,1
E07000079,2021,3
E07000079,2022,2
E07000079,2023,3
E07000079,2024,2
E07000080,2001,3
E07000080,2002,2
E07000080,2003,2
E07000080,2004,1
E07000080,2005,2
E07000080,2006,3
E07000080,2007,3
E07000080,2008,1
E07000080,2009,1
E07000080,2010,0
E07000080,2011,1
E07000080,2012,1
E07000080,2013,0
E07000080,2014,1
E07000080,2015,2
E07000080,2016,1
E07000080,2017,1
E07000080,2018,3
E07000080,2019,0
E07000080,2020,1
E07000080,2021,0
E07000080,2022,1
E07000080,2023,3
E07000080,2024,1
E07000081,2001,1
E07000081,2002,7
E07000081,2003,7
E07000081,2004,8
E07000081,2005,6
E07000081,2006,12
E07000081,2007,13
E07000081,2008,11
E07000081,2009,8
E07000081,2010,7
E07000081,2011,13
E07000081,2012,11
E07000081,2013,21
E07000081,2014,8
E07000081,2015,12
E07000081,2016,8
E07000081,2017,6
E07000081,2018,2
E07000081,2019,9
E07000081,2020,7
E07000081,2021,4
E07000081,2022,4
E07000081,2023,11
E07000081,2024,12
E07000082,2001,3
E07000082,2002,0
E07000082,2003,6
E07000082,2004,3
E07000082,2005,4
E07000082,2006,4
E07000082,2007,3
E07000082,2008,7
E07000082,2009,4
E07000082,2010,2
E07000082,2011,2
E07000082,2012,5
E07000082,2013,7
E07000082,2014,5
E07000082,2015,5
E07000082,2016,1
E07000082,2017,3
E07000082,2018,3
E07000082,2019,6
E07000082,2020,3
E07000082,2021,3
E07000082,2022,2
E07000082,2023,5
E07000082,2024,3
E07000083,2001,1
E07000083,2002,1
E07000083,2003,2
E07000083,2004,3
E07000083,2005,4
E07000083,2006,2
E07000083,2007,2
E07000083,2008,1
E07000083,2009,1
E07000083,2010,2
E07000083,2011,4
E07000083,2012,2
E07000083,2013,4
E07000083,2014,4
E07000083,2015,4
E07000083,2016,3
E07000083,2017,5
E07000083,2018,4
E07000083,2019,5
E07000083,2020,3
E07000083,2021,5
E07000083,2022,1
E07000083,2023,1
E07000083,2024,2
E07000084,2001,3
E07000084,2002,6
E07000084,2003,3
E07000084,2004,14
E07000084,2005,4
E07000084,2006,7
E07000084,2007,7
E07000084,2008,6
E07000084,2009,11
E07000084,2010,11
E07000084,2011,15
E07000084,2012,9
E07000084,2013,8
E07000084,2014,11
E07000084,2015,12
E07000084,2016,13
E07000084,2017,6
E07000084,2018,10
E07000084,2019,11
E07000084,2020,8
E07000084,2021,6
E07000084,2022,8
E07000084,2023,7
E07000084,2024,11
E07000085,2001,4
E07000085,2002,5
E07000085,2003,2
E07000085,2004,7
E07000085,2005,5
E07000085,2006,4
E07000085,2007,3
E07000085,2008,1
E07000085,2009,5
E07000085,2010,4
E07000085,2011,3
E07000085,2012,3
E07000085,2013,1
E07000085,2014,1
E07000085,2015,3
E07000085,2016,2
E07000085,2017,4
E07000085,2018,5
E07000085,2019,3
E07000085,2020,3
E07000085,2021,5
E07000085,2022,0
E07000085,2023,1
E07000085,2024,5
E07000086,2001,2
E07000086,2002,4
E07000086,2003,3
E07000086,2004,2
E07000086,2005,5
E07000086,2006,6
E07000086,2007,2
E07000086,2008,4
E07000086,2009,7
E07000086,2010,8
E07000086,2011,4
E07000086,2012,5
E07000086,2013,4
E07000086,2014,3
E07000086,2015,4
E07000086,2016,1
E07000086,2017,6
E07000086,2018,6
E07000086,2019,8
E07000086,2020,2
E07000086,2021,2
E07000086,2022,3
E07000086,2023,3
E07000086,2024,9
E07000087,2001,2
E07000087,2002,1
E07000087,2003,4
E07000087,2004,3
E07000087,2005,1
E07000087,2006,2
E07000087,2007,3
E07000087,2008,2
E07000087,2009,3
E07000087,2010,1
E07000087,2011,3
E07000087,2012,6
E07000087,2013,8
E07000087,2014,4
E07000087,2015,2
E07000087,2016,1
E07000087,2017,3
E07000087,2018,3
E07000087,2019,2
E07000087,2020,6
E07000087,2021,1
E07000087,2022,3
E07000087,2023,1
E07000087,2024,3
E07000088,2001,2
E07000088,2002,3
E07000088,2003,5
E07000088,2004,1
E07000088,2005,3
E07000088,2006,3
E07000088,2007,2
E07000088,2008,3
E07000088,2009,2
E07000088,2010,7
E07000088,2011,7
E07000088,2012,2
E07000088,2013,1
E07000088,2014,0
E07000088,2015,2
E07000088,2016,0
E07000088,2017,1
E07000088,2018,3
E07000088,2019,0
E07000088,2020,2
E07000088,2021,1
E07000088,2022,0
E07000088,2023,2
E07000088,2024,0
E07000089,2001,2
E07000089,2002,0
E07000089,2003,0
E07000089,2004,5
E07000089,2005,2
E07000089,2006,3
E07000089,2007,4
E07000089,2008,1
E07000089,2009,4
E07000089,2010,1
E07000089,2011,3
E07000089,2012,2
E07000089,2013,2
E07000089,2014,4
E07000089,2015,0
E07000089,2016,2
E07000089,2017,0
E07000089,2018,4
E07000089,2019,0
E07000089,2020,2
E07000089,2021,4
E07000089,2022,0
E07000089,2023,3
E07000089,2024,2
E07000090,2001,3
E07000090,2002,5
E07000090,2003,2
E07000090,2004,3
E07000090,2005,5
E07000090,2006,2
E07000090,2007,4
E07000090,2008,5
E07000090,2009,1
E07000090,2010,1
E07000090,2011,1
E07000090,2012,3
E07000090,2013,1
E07000090,2014,2
E07000090,2015,5
E07000090,2016,2
E07000090,2017,2
E07000090,2018,4
E07000090,2019,8
E07000090,2020,0
E07000090,2021,2
E07000090,2022,1
E07000090,2023,1
E07000090,2024,0
E07000091,2001,9
E07000091,2002,9
E07000091,2003,6
E07000091,2004,10
E07000091,2005,4
E07000091,2006,10
E07000091,2007,6
E07000091,2008,4
E07000091,2009,4
E07000091,2010,2
E07000091,2011,6
E07000091,2012,2
E07000091,2013,1
E07000091,2014,2
E07000091,2015,4
E07000091,2016,4
E07000091,2017,3
E07000091,2018,2
E07000091,2019,6
E07000091,2020,3
E07000091,2021,5
E07000091,2022,2
E07000091,2023,2
E07000091,2024,5
E07000092,2001,1
E07000092,2002,3
E07000092,2003,7
E07000092,2004,3
E07000092,2005,4
E07000092,2006,7
E07000092,2007,15
E07000092,2008,8
E07000092,2009,18
E07000092,2010,19
E07000092,2011,28
E07000092,2012,33
E07000092,2013,20
E07000092,2014,15
E07000092,2015,20
E07000092,2016,24
E07000092,2017,21
E07000092,2018,19
E07000092,2019,17
E07000092,2020,16
E07000092,2021,23
E07000092,2022,13
E07000092,2023,14
E07000092,2024,15
E07000093,2001,1
E07000093,2002,2
E07000093,2003,7
E07000093,2004,2
E07000093,2005,3
E07000093,2006,2
E07000093,2007,7
E07000093,2008,2
E07000093,2009,8
E07000093,2010,8
E07000093,2011,5
E07000093,2012,1
E07000093,2013,2
E07000093,2014,1
E07000093,2015,3
E07000093,2016,6
E07000093,2017,6
E07000093,2018,6
E07000093,2019,4
E07000093,2020,4
E07000093,2021,4
E07000093,2022,3
E07000093,2023,2
E07000093,2024,3
E07000094,2001,1
E07000094,2002,3
E07000094,2003,3
E07000094,2004,1
E07000094,2005,2
E07000094,2006,1
E07000094,2007,1
E07000094,2008,1
E07000094,2009,3
E07000094,2010,5
E07000094,2011,4
E07000094,2012,1
E07000094,2013,5
E07000094,2014,1
E07000094,2015,3
E07000094,2016,4
E07000094,2017,6
E07000094,2018,1
E07000094,2019,5
E07000094,2020,4
E07000094,2021,5
E07000094,2022,3
E07000094,2023,4
E07000094,2024,5
E07000095,2001,3
E07000095,2002,5
E07000095,2003,4
E07000095,2004,10
E07000095,2005,6
E07000095,2006,9
E07000095,2007,2
E07000095,2008,4
E07000095,2009,6
E07000095,2010,3
E07000095,2011,3
E07000095,2012,8
E07000095,2013,9
E07000095,2014,5
E07000095,2015,6
E07000095,2016,9
E07000095,2017,9
E07000095,2018,4
E07000095,2019,3
E07000095,2020,8
E07000095,2021,2
E07000095,2022,5
E07000095,2023,6
E07000095,2024,2
E07000096,2001,1
E07000096,2002,5
E07000096,2003,3
E07000096,2004,4
E07000096,2005,7
E07000096,2006,8
E07000096,2007,7
E07000096,2008,7
E07000096,2009,3
E07000096,2010,12
E07000096,2011,10
E07000096,2012,11
E07000096,2013,6
E07000096,2014,4
E07000096,2015,7
E07000096,2016,8
E07000096,2017,7
E07000096,2018,7
E07000096,2019,10
E07000096,2020,2
E07000096,2021,8
E07000096,2022,13
E07000096,2023,13
E07000096,2024,12
E07000098,2001,10
E07000098,2002,12
E07000098,2003,9
E07000098,2004,5
E07000098,2005,11
E07000098,2006,9
E07000098,2007,5
E07000098,2008,8
E07000098,2009,9
E07000098,2010,17
E07000098,2011,10
E07000098,2012,12
E07000098,2013,10
E07000098,2014,10
E07000098,2015,6
E07000098,2016,18
E07000098,2017,9
E07000098,2018,8
E07000098,2019,9
E07000098,2020,7
E07000098,2021,5
E07000098,2022,5
E07000098,2023,5
E07000098,2024,9
E07000099,2001,6
E07000099,2002,5
E07000099,2003,3
E07000099,2004,5
E07000099,2005,9
E07000099,2006,12
E07000099,2007,6
E07000099,2008,8
E07000099,2009,17
E07000099,2010,5
E07000099,2011,7
E07000099,2012,8
E07000099,2013,8
E07000099,2014,4
E07000099,2015,12
E07000099,2016,5
E07000099,2017,8
E07000099,2018,6
E07000099,2019,6
E07000099,2020,1
E07000099,2021,3
E07000099,2022,4
E07000099,2023,4
E07000099,2024,6
E07000102,2001,4
E07000102,2002,6
E07000102,2003,4
E07000102,2004,3
E07000102,2005,8
E07000102,2006,5
E07000102,2007,8
E07000102,2008,3
E07000102,2009,3
E07000102,2010,5
E07000102,2011,9
E07000102,2012,6
E07000102,2013,6
E07000102,2014,11
E07000102,2015,0
E07000102,2016,8
E07000102,2017,7
E07000102,2018,5
E07000102,2019,9
E07000102,2020,4
E07000102,2021,5
E07000102,2022,6
E07000102,2023,3
E07000102,2024,9
E07000103,2001,17
E07000103,2002,14
E07000103,2003,16
E07000103,2004,9
E07000103,2005,24
E07000103,2006,21
E07000103,2007,15
E07000103,2008,9
E07000103,2009,13
E07000103,2010,16
E07000103,2011,23
E07000103,2012,11
E07000103,2013,10
E07000103,2014,14
E07000103,2015,21
E07000103,2016,16
E07000103,2017,10
E07000103,2018,9
E07000103,2019,25
E07000103,2020,15
E07000103,2021,17
E07000103,2022,17
E07000103,2023,15
E07000103,2024,15
E07000105,2001,4
E07000105,2002,4
E07000105,2003,7
E07000105,2004,5
E07000105,2005,5
E07000105,2006,8
E07000105,2007,10
E07000105,2008,10
E07000105,2009,13
E07000105,2010,9
E07000105,2011,14
E07000105,2012,10
E07000105,2013,7
E07000105,2014,13
E07000105,2015,12
E07000105,2016,15
E07000105,2017,6
E07000105,2018,9
E07000105,2019,5
E07000105,2020,6
E07000105,2021,12
E07000105,2022,7
E07000105,2023,12
E07000105,2024,11
E07000106,2001,2
E07000106,2002,13
E07000106,2003,4
E07000106,2004,4
E07000106,2005,3
E07000106,2006,13
E07000106,2007,3
E07000106,2008,11
E07000106,2009,14
E07000106,2010,9
E07000106,2011,17
E07000106,2012,13
E07000106,2013,6
E07000106,2014,10
E07000106,2015,8
E07000106,2016,7
E07000106,2017,10
E07000106,2018,7
E07000106,2019,6
E07000106,2020,3
E07000106,2021,5
E07000106,2022,7
E07000106,2023,4
E07000106,2024,13
E07000107,2001,1
E07000107,2002,8
E07000107,2003,5
E07000107,2004,4
E07000107,2005,8
E07000107,2006,5
E07000107,2007,8
E07000107,2008,10
E07000107,2009,6
E07000107,2010,9
E07000107,2011,15
E07000107,2012,10
E07000107,2013,11
E07000107,2014,9
E07000107,2015,9
E07000107,2016,8
E07000107,2017,10
E07000107,2018,13
E07000107,2019,11
E07000107,2020,6
E07000107,2021,10
E07000107,2022,6
E07000107,2023,12
E07000107,2024,10
E07000108,2001,3
E07000108,2002,5
E07000108,2003,12
E07000108,2004,5
E07000108,2005,4
E07000108,2006,6
E07000108,2007,8
E07000108,2008,6
E07000108,2009,4
E07000108,2010,9
E07000108,2011,8
E07000108,2012,3
E07000108,2013,8
E07000108,2014,1
E07000108,2015,3
E07000108,2016,4
E07000108,2017,9
E07000108,2018,4
E07000108,2019,3
E07000108,2020,3
E07000108,2021,4
E07000108,2022,8
E07000108,2023,4
E07000108,2024,8
E07000109,2001,1
E07000109,2002,4
E07000109,2003,8
E07000109,2004,9
E07000109,2005,9
E07000109,2006,11
E07000109,2007,9
E07000109,2008,20
E07000109,2009,21
E07000109,2010,19
E07000109,2011,18
E07000109,2012,23
E07000109,2013,22
E07000109,2014,16
E07000109,2015,13
E07000109,2016,23
E07000109,2017,14
E07000109,2018,12
E07000109,2019,14
E07000109,2020,9
E07000109,2021,13
E07000109,2022,17
E07000109,2023,19
E07000109,2024,13
E07000110,2001,2
E07000110,2002,5
E07000110,2003,3
E07000110,2004,6
E07000110,2005,10
E07000110,2006,13
E07000110,2007,6
E07000110,2008,19
E07000110,2009,12
E07000110,2010,6
E07000110,2011,3
E07000110,2012,9
E07000110,2013,14
E07000110,2014,10
E07000110,2015,13
E07000110,2016,11
E07000110,2017,17
E07000110,2018,19
E07000110,2019,15
E07000110,2020,11
E07000110,2021,6
E07000110,2022,7
E07000110,2023,11
E07000110,2024,12
E07000111,2001,4
E07000111,2002,2
E07000111,2003,1
E07000111,2004,1
E07000111,2005,5
E07000111,2006,3
E07000111,2007,2
E07000111,2008,9
E07000111,2009,7
E07000111,2010,3
E07000111,2011,6
E07000111,2012,8
E07000111,2013,7
E07000111,2014,6
E07000111,2015,3
E07000111,2016,3
E07000111,2017,6
E07000111,2018,3
E07000111,2019,6
E07000111,2020,4
E07000111,2021,1
E07000111,2022,1
E07000111,2023,2
E07000111,2024,2
E07000112,2001,5
E07000112,2002,6
E07000112,2003,5
E07000112,2004,5
E07000112,2005,3
E07000112,2006,9
E07000112,2007,7
E07000112,2008,18
E07000112,2009,8
E07000112,2010,16
E07000112,2011,8
E07000112,2012,16
E07000112,2013,6
E07000112,2014,10
E07000112,2015,2
E07000112,2016,3
E07000112,2017,7
E07000112,2018,10
E07000112,2019,4
E07000112,2020,2
E07000112,2021,3
E07000112,2022,6
E07000112,2023,4
E07000112,2024,3
E07000113,2001,6
E07000113,2002,4
E07000113,2003,4
E07000113,2004,8
E07000113,2005,5
E07000113,2006,6
E07000113,2007,15
E07000113,2008,7
E07000113,2009,7
E07000113,2010,9
E07000113,2011,3
E07000113,2012,1
E07000113,2013,4
E07000113,2014,6
E07000113,2015,5
E07000113,2016,3
E07000113,2017,7
E07000113,2018,6
E07000113,2019,5
E07000113,2020,4
E07000113,2021,6
E07000113,2022,4
E07000113,2023,6
E07000113,2024,4
E07000114,2001,2
E07000114,2002,8
E07000114,2003,11
E07000114,2004,9
E07000114,2005,6
E07000114,2006,5
E07000114,2007,9
E07000114,2008,9
E07000114,2009,6
E07000114,2010,5
E07000114,2011,7
E07000114,2012,10
E07000114,2013,15
E07000114,2014,8
E07000114,2015,10
E07000114,2016,11
E07000114,2017,2
E07000114,2018,5
E07000114,2019,2
E07000114,2020,12
E07000114,2021,5
E07000114,2022,6
E07000114,2023,6
E07000114,2024,6
E07000115,2001,2
E07000115,2002,2
E07000115,2003,3
E07000115,2004,1
E07000115,2005,4
E07000115,2006,2
E07000115,2007,4
E07000115,2008,6
E07000115,2009,6
E07000115,2010,6
E07000115,2011,6
E07000115,2012,6
E07000115,2013,1
E07000115,2014,3
E07000115,2015,7
E07000115,2016,1
E07000115,2017,3
E07000115,2018,2
E07000115,2019,1
E07000115,2020,1
E07000115,2021,3
E07000115,2022,1
E07000115,2023,1
E07000115,2024,2
E07000116,2001,5
E07000116,2002,5
E07000116,2003,2
E07000116,2004,3
E07000116,2005,3
E07000116,2006,5
E07000116,2007,5
E07000116,2008,4
E07000116,2009,7
E07000116,2010,4
E07000116,2011,7
E07000116,2012,6
E07000116,2013,6
E07000116,2014,9
E07000116,2015,5
E07000116,2016,3
E07000116,2017,4
E07000116,2018,1
E07000116,2019,1
E07000116,2020,2
E07000116,2021,2
E07000116,2022,6
E07000116,2023,3
E07000116,2024,5
E07000117,2001,14
E07000117,2002,20
E07000117,2003,13
E07000117,2004,18
E07000117,2005,14
E07000117,2006,17
E07000117,2007,9
E07000117,2008,3
E07000117,2009,15
E07000117,2010,10
E07000117,2011,13
E07000117,2012,11
E07000117,2013,9
E07000117,2014,2
E07000117,2015,3
E07000117,2016,6
E07000117,2017,10
E07000117,2018,10
E07000117,2019,3
E07000117,2020,11
E07000117,2021,8
E07000117,2022,17
E07000117,2023,17
E07000117,2024,9
E07000118,2001,5
E07000118,2002,10
E07000118,2003,2
E07000118,2004,5
E07000118,2005,7
E07000118,2006,5
E07000118,2007,0
E07000118,2008,1
E07000118,2009,2
E07000118,2010,1
E07000118,2011,3
E07000118,2012,9
E07000118,2013,6
E07000118,2014,4
E07000118,2015,2
E07000118,2016,4
E07000118,2017,2
E07000118,2018,3
E07000118,2019,1
E07000118,2020,0
E07000118,2021,5
E07000118,2022,1
E07000118,2023,2
E07000118,2024,0
E07000119,2001,3
E07000119,2002,5
E07000119,2003,3
E07000119,2004,2
E07000119,2005,4
E07000119,2006,4
E07000119,2007,2
E07000119,2008,1
E07000119,2009,8
E07000119,2010,2
E07000119,2011,1
E07000119,2012,2
E07000119,2013,2
E07000119,2014,3
E07000119,2015,1
E07000119,2016,0
E07000119,2017,0
E07000119,2018,3
E07000119,2019,0
E07000119,2020,2
E07000119,2021,1
E07000119,2022,0
E07000119,2023,1
E07000119,2024,2
E07000120,2001,10
E07000120,2002,15
E07000120,2003,14
E07000120,2004,14
E07000120,2005,23
E07000120,2006,11
E07000120,2007,21
E07000120,2008,26
E07000120,2009,11
E07000120,2010,6
E07000120,2011,11
E07000120,2012,9
E07000120,2013,14
E07000120,2014,4
E07000120,2015,9
E07000120,2016,6
E07000120,2017,5
E07000120,2018,9
E07000120,2019,4
E07000120,2020,5
E07000120,2021,7
E07000120,2022,4
E07000120,2023,6
E07000120,2024,4
E07000121,2001,4
E07000121,2002,8
E07000121,2003,4
E07000121,2004,4
E07000121,2005,6
E07000121,2006,3
E07000121,2007,1
E07000121,2008,0
E07000121,2009,1
E07000121,2010,8
E07000121,2011,8
E07000121,2012,8
E07000121,2013,4
E07000121,2014,5
E07000121,2015,2
E07000121,2016,7
E07000121,2017,9
E07000121,2018,10
E07000121,2019,3
E07000121,2020,4
E07000121,2021,6
E07000121,2022,1
E07000121,2023,5
E07000121,2024,3
E07000122,2001,27
E07000122,2002,25
E07000122,2003,13
E07000122,2004,17
E07000122,2005,27
E07000122,2006,24
E07000122,2007,28
E07000122,2008,19
E07000122,2009,27
E07000122,2010,19
E07000122,2011,25
E07000122,2012,18
E07000122,2013,19
E07000122,2014,15
E07000122,2015,11
E07000122,2016,13
E07000122,2017,9
E07000122,2018,15
E07000122,2019,15
E07000122,2020,18
E07000122,2021,15
E07000122,2022,14
E07000122,2023,11
E07000122,2024,16
E07000123,2001,30
E07000123,2002,35
E07000123,2003,28
E07000123,2004,27
E07000123,2005,29
E07000123,2006,22
E07000123,2007,36
E07000123,2008,33
E07000123,2009,23
E07000123,2010,33
E07000123,2011,46
E07000123,2012,35
E07000123,2013,28
E07000123,2014,22
E07000123,2015,17
E07000123,2016,24
E07000123,2017,21
E07000123,2018,17
E07000123,2019,25
E07000123,2020,17
E07000123,2021,29
E07000123,2022,21
E07000123,2023,20
E07000123,2024,28
E07000124,2001,0
E07000124,2002,2
E07000124,2003,0
E07000124,2004,1
E07000124,2005,0
E07000124,2006,3
E07000124,2007,5
E07000124,2008,3
E07000124,2009,4
E07000124,2010,0
E07000124,2011,1
E07000124,2012,1
E07000124,2013,2
E07000124,2014,1
E07000124,2015,0
E07000124,2016,3
E07000124,2017,2
E07000124,2018,0
E07000124,2019,1
E07000124,2020,1
E07000124,2021,0
E07000124,2022,1
E07000124,2023,2
E07000124,2024,0
E07000125,2001,0
E07000125,2002,1
E07000125,2003,1
E07000125,2004,4
E07000125,2005,5
E07000125,2006,4
E07000125,2007,4
E07000125,2008,2
E07000125,2009,2
E07000125,2010,5
E07000125,2011,1
E07000125,2012,2
E07000125,2013,3
E07000125,2014,4
E07000125,2015,4
E07000125,2016,2
E07000125,2017,3
E07000125,2018,2
E07000125,2019,6
E07000125,2020,2
E07000125,2021,5
E07000125,2022,0
E07000125,2023,3
E07000125,2024,1
E07000126,2001,8
E07000126,2002,2
E07000126,2003,5
E07000126,2004,4
E07000126,2005,0
E07000126,2006,1
E07000126,2007,2
E07000126,2008,3
E07000126,2009,4
E07000126,2010,3
E07000126,2011,9
E07000126,2012,2
E07000126,2013,4
E07000126,2014,6
E07000126,2015,4
E07000126,2016,1
E07000126,2017,3
E07000126,2018,3
E07000126,2019,4
E07000126,2020,0
E07000126,2021,3
E07000126,2022,2
E07000126,2023,4
E07000126,2024,5
E07000127,2001,0
E07000127,2002,1
E07000127,2003,3
E07000127,2004,1
E07000127,2005,2
E07000127,2006,2
E07000127,2007,1
E07000127,2008,2
E07000127,2009,1
E07000127,2010,4
E07000127,2011,1
E07000127,2012,1
E07000127,2013,2
E07000127,2014,3
E07000127,2015,2
E07000127,2016,0
E07000127,2017,3
E07000127,2018,2
E07000127,2019,0
E07000127,2020,0
E07000127,2021,0
E07000127,2022,2
E07000127,2023,1
E07000127,2024,1
E07000128,2001,5
E07000128,2002,8
E07000128,2003,8
E07000128,2004,2
E07000128,2005,3
E07000128,2006,3
E07000128,2007,2
E07000128,2008,2
E07000128,2009,2
E07000128,2010,5
E07000128,2011,9
E07000128,2012,8
E07000128,2013,5
E07000128,2014,0
E07000128,2015,1
E07000128,2016,3
E07000128,2017,4
E07000128,2018,4
E07000128,2019,2
E07000128,2020,0
E07000128,2021,2
E07000128,2022,2
E07000128,2023,2
E07000128,2024,0
E07000129,2001,4
E07000129,2002,7
E07000129,2003,7
E07000129,2004,6
E07000129,2005,10
E07000129,2006,11
E07000129,2007,7
E07000129,2008,9
E07000129,2009,6
E07000129,2010,10
E07000129,2011,4
E07000129,2012,4
E07000129,2013,8
E07000129,2014,3
E07000129,2015,3
E07000129,2016,3
E07000129,2017,5
E07000129,2018,2
E07000129,2019,12
E07000129,2020,5
E07000129,2021,6
E07000129,2022,6
E07000129,2023,6
E07000129,2024,7
E07000130,2001,16
E07000130,2002,14
E07000130,2003,9
E07000130,2004,19
E07000130,2005,17
E07000130,2006,18
E07000130,2007,20
E07000130,2008,13
E07000130,2009,21
E07000130,2010,18
E07000130,2011,17
E07000130,2012,7
E07000130,2013,10
E07000130,2014,4
E07000130,2015,6
E07000130,2016,7
E07000130,2017,16
E07000130,2018,12
E07000130,2019,13
E07000130,2020,7
E07000130,2021,12
E07000130,2022,10
E07000130,2023,9
E07000130,2024,20
E07000131,2001,3
E07000131,2002,3
E07000131,2003,2
E07000131,2004,3
E07000131,2005,3
E07000131,2006,3
E07000131,2007,3
E07000131,2008,6
E07000131,2009,2
E07000131,2010,2
E07000131,2011,1
E07000131,2012,3
E07000131,2013,6
E07000131,2014,5
E07000131,2015,2
E07000131,2016,3
E07000131,2017,4
E07000131,2018,1
E07000131,2019,2
E07000131,2020,5
E07000131,2021,1
E07000131,2022,2
E07000131,2023,5
E07000131,2024,4
E07000132,2001,8
E07000132,2002,6
E07000132,2003,4
E07000132,2004,3
E07000132,2005,5
E07000132,2006,2
E07000132,2007,5
E07000132,2008,3
E07000132,2009,6
E07000132,2010,0
E07000132,2011,1
E07000132,2012,6
E07000132,2013,7
E07000132,2014,2
E07000132,2015,0
E07000132,2016,3
E07000132,2017,3
E07000132,2018,1
E07000132,2019,1
E07000132,2020,6
E07000132,2021,1
E07000132,2022,1
E07000132,2023,2
E07000132,2024,3
E07000133,2001,2
E07000133,2002,1
E07000133,2003,0
E07000133,2004,1
E07000133,2005,1
E07000133,2006,2
E07000133,2007,2
E07000133,2008,3
E07000133,2009,2
E07000133,2010,0
E07000133,2011,1
E07000133,2012,2
E07000133,2013,0
E07000133,2014,0
E07000133,2015,0
E07000133,2016,0
E07000133,2017,1
E07000133,2018,1
E07000133,2019,2
E07000133,2020,2
E07000133,2021,0
E07000133,2022,2
E07000133,2023,1
E07000133,2024,0
E07000134,2001,4
E07000134,2002,2
E07000134,2003,4
E07000134,2004,1
E07000134,2005,1
E07000134,2006,6
E07000134,2007,3
E07000134,2008,3
E07000134,2009,1
E07000134,2010,4
E07000134,2011,1
E07000134,2012,3
E07000134,2013,2
E07000134,2014,4
E07000134,2015,4
E07000134,2016,0
E07000134,2017,1
E07000134,2018,3
E07000134,2019,2
E07000134,2020,2
E07000134,2021,1
E07000134,2022,4
E07000134,2023,4
E07000134,2024,2
E07000135,2001,12
E07000135,2002,9
E07000135,2003,5
E07000135,2004,3
E07000135,2005,5
E07000135,2006,11
E07000135,2007,10
E07000135,2008,3
E07000135,2009,11
E07000135,2010,6
E07000135,2011,7
E07000135,2012,10
E07000135,2013,3
E07000135,2014,5
E07000135,2015,7
E07000135,2016,6
E07000135,2017,2
E07000135,2018,5
E07000135,2019,3
E07000135,2020,4
E07000135,2021,4
E07000135,2022,7
E07000135,2023,5
E07000135,2024,3
E07000136,2001,1
E07000136,2002,3
E07000136,2003,8
E07000136,2004,5
E07000136,2005,1
E07000136,2006,4
E07000136,2007,3
E07000136,2008,5
E07000136,2009,2
E07000136,2010,4
E07000136,2011,2
E07000136,2012,5
E07000136,2013,7
E07000136,2014,6
E07000136,2015,11
E07000136,2016,8
E07000136,2017,10
E07000136,2018,12
E07000136,2019,3
E07000136,2020,10
E07000136,2021,6
E07000136,2022,10
E07000136,2023,8
E07000136,2024,14
E07000137,2001,2
E07000137,2002,1
E07000137,2003,1
E07000137,2004,2
E07000137,2005,0
E07000137,2006,2
E07000137,2007,4
E07000137,2008,0
E07000137,2009,4
E07000137,2010,4
E07000137,2011,3
E07000137,2012,1
E07000137,2013,3
E07000137,2014,6
E07000137,2015,7
E07000137,2016,5
E07000137,2017,3
E07000137,2018,2
E07000137,2019,6
E07000137,2020,1
E07000137,2021,0
E07000137,2022,1
E07000137,2023,2
E07000137,2024,0
E07000138,2001,1
E07000138,2002,2
E07000138,2003,0
E07000138,2004,2
E07000138,2005,5
E07000138,2006,3
E07000138,2007,3
E07000138,2008,4
E07000138,2009,2
E07000138,2010,2
E07000138,2011,4
E07000138,2012,6
E07000138,2013,5
E07000138,2014,3
E07000138,2015,4
E07000138,2016,5
E07000138,2017,2
E07000138,2018,7
E07000138,2019,3
E07000138,2020,4
E07000138,2021,3
E07000138,2022,5
E07000138,2023,7
E07000138,2024,4
E07000139,2001,0
E07000139,2002,2
E07000139,2003,1
E07000139,2004,1
E07000139,2005,2
E07000139,2006,0
E07000139,2007,0
E07000139,2008,2
E07000139,2009,1
E07000139,2010,3
E07000139,2011,3
E07000139,2012,2
E07000139,2013,1
E07000139,2014,1
E07000139,2015,3
E07000139,2016,3
E07000139,2017,1
E07000139,2018,2
E07000139,2019,3
E07000139,2020,2
E07000139,2021,1
E07000139,2022,2
E07000139,2023,1
E07000139,2024,5
E07000140,2001,1
E07000140,2002,4
E07000140,2003,3
E07000140,2004,1
E07000140,2005,3
E07000140,2006,9
E07000140,2007,1
E07000140,2008,3
E07000140,2009,4
E07000140,2010,3
E07000140,2011,1
E07000140,2012,4
E07000140,2013,1
E07000140,2014,3
E07000140,2015,3
E07000140,2016,5
E07000140,2017,5
E07000140,2018,0
E07000140,2019,1
E07000140,2020,6
E07000140,2021,1
E07000140,2022,8
E07000140,2023,2
E07000140,2024,6
E07000141,2001,1
E07000141,2002,2
E07000141,2003,1
E07000141,2004,4
E07000141,2005,2
E07000141,2006,3
E07000141,2007,4
E07000141,2008,4
E07000141,2009,4
E07000141,2010,3
E07000141,2011,6
E07000141,2012,13
E07000141,2013,5
E07000141,2014,11
E07000141,2015,6
E07000141,2016,3
E07000141,2017,5
E07000141,2018,3
E07000141,2019,2
E07000141,2020,2
E07000141,2021,4
E07000141,2022,4
E07000141,2023,5
E07000141,2024,1
E07000142,2001,0
E07000142,2002,0
E07000142,2003,0
E07000142,2004,3
E07000142,2005,0
E07000142,2006,4
E07000142,2007,1
E07000142,2008,1
E07000142,2009,3
E07000142,2010,2
E07000142,2011,4
E07000142,2012,0
E07000142,2013,4
E07000142,2014,4
E07000142,2015,2
E07000142,2016,1
E07000142,2017,2
E07000142,2018,0
E07000142,2019,3
E07000142,2020,0
E07000142,2021,0
E07000142,2022,3
E07000142,2023,3
E07000142,2024,4
E07000143,2001,1
E07000143,2002,2
E07000143,2003,4
E07000143,2004,4
E07000143,2005,7
E07000143,2006,5
E07000143,2007,2
E07000143,2008,7
E07000143,2009,5
E07000143,2010,3
E07000143,2011,4
E07000143,2012,3
E07000143,2013,5
E07000143,2014,1
E07000143,2015,2
E07000143,2016,4
E07000143,2017,2
E07000143,2018,6
E07000143,2019,4
E07000143,2020,6
E07000143,2021,0
E07000143,2022,6
E07000143,2023,0
E07000143,2024,1
E07000144,2001,1
E07000144,2002,3
E07000144,2003,1
E07000144,2004,1
E07000144,2005,4
E07000144,2006,3
E07000144,2007,5
E07000144,2008,3
E07000144,2009,2
E07000144,2010,1
E07000144,2011,3
E07000144,2012,3
E07000144,2013,4
E07000144,2014,1
E07000144,2015,1
E07000144,2016,0
E07000144,2017,0
E07000144,2018,1
E07000144,2019,3
E07000144,2020,2
E07000144,2021,4
E07000144,2022,3
E07000144,2023,3
E07000144,2024,2
E07000145,2001,1
E07000145,2002,2
E07000145,2003,8
E07000145,2004,5
E07000145,2005,2
E07000145,2006,6
E07000145,2007,9
E07000145,2008,15
E07000145,2009,15
E07000145,2010,7
E07000145,2011,10
E07000145,2012,10
E07000145,2013,5
E07000145,2014,11
E07000145,2015,10
E07000145,2016,14
E07000145,2017,9
E07000145,2018,13
E07000145,2019,13
E07000145,2020,12
E07000145,2021,9
E07000145,2022,12
E07000145,2023,18
E07000145,2024,9
E07000146,2001,3
E07000146,2002,6
E07000146,2003,6
E07000146,2004,2
E07000146,2005,6
E07000146,2006,6
E07000146,2007,2
E07000146,2008,11
E07000146,2009,6
E07000146,2010,3
E07000146,2011,5
E07000146,2012,4
E07000146,2013,2
E07000146,2014,9
E07000146,2015,6
E07000146,2016,6
E07000146,2017,7
E07000146,2018,7
E07000146,2019,9
E07000146,2020,2
E07000146,2021,9
E07000146,2022,3
E07000146,2023,11
E07000146,2024,5
E07000147,2001,0
E07000147,2002,2
E07000147,2003,0
E07000147,2004,0
E07000147,2005,3
E07000147,2006,3
E07000147,2007,14
E07000147,2008,5
E07000147,2009,4
E07000147,2010,2
E07000147,2011,5
E07000147,2012,0
E07000147,2013,5
E07000147,2014,1
E07000147,2015,1
E07000147,2016,1
E07000147,2017,1
E07000147,2018,1
E07000147,2019,1
E07000147,2020,1
E07000147,2021,2
E07000147,2022,0
E07000147,2023,1
E07000147,2024,1
E07000148,2001,6
E07000148,2002,5
E07000148,2003,11
E07000148,2004,15
E07000148,2005,13
E07000148,2006,13
E07000148,2007,8
E07000148,2008,13
E07000148,2009,9
E07000148,2010,12
E07000148,2011,13
E07000148,2012,12
E07000148,2013,10
E07000148,2014,7
E07000148,2015,15
E07000148,2016,11
E07000148,2017,7
E07000148,2018,7
E07000148,2019,10
E07000148,2020,14
E07000148,2021,11
E07000148,2022,7
E07000148,2023,11
E07000148,2024,13
E07000149,2001,5
E07000149,2002,2
E07000149,2003,2
E07000149,2004,3
E07000149,2005,8
E07000149,2006,4
E07000149,2007,3
E07000149,2008,2
E07000149,2009,4
E07000149,2010,1
E07000149,2011,2
E07000149,2012,2
E07000149,2013,0
E07000149,2014,2
E07000149,2015,5
E07000149,2016,1
E07000149,2017,1
E07000149,2018,1
E07000149,2019,2
E07000149,2020,3
E07000149,2021,3
E07000149,2022,3
E07000149,2023,6
E07000149,2024,4
E07000170,2001,0
E07000170,2002,2
E07000170,2003,7
E07000170,2004,5
E07000170,2005,2
E07000170,2006,5
E07000170,2007,3
E07000170,2008,1
E07000170,2009,5
E07000170,2010,3
E07000170,2011,3
E07000170,2012,7
E07000170,2013,3
E07000170,2014,9
E07000170,2015,2
E07000170,2016,7
E07000170,2017,7
E07000170,2018,3
E07000170,2019,1
E07000170,2020,4
E07000170,2021,2
E07000170,2022,2
E07000170,2023,2
E07000170,2024,3
E07000171,2001,2
E07000171,2002,2
E07000171,2003,2
E07000171,2004,3
E07000171,2005,4
E07000171,2006,1
E07000171,2007,5
E07000171,2008,2
E07000171,2009,5
E07000171,2010,4
E07000171,2011,1
E07000171,2012,4
E07000171,2013,4
E07000171,2014,3
E07000171,2015,2
E07000171,2016,0
E07000171,2017,2
E07000171,2018,1
E07000171,2019,0
E07000171,2020,2
E07000171,2021,3
E07000171,2022,7
E07000171,2023,3
E07000171,2024,2
E07000172,2001,6
E07000172,2002,7
E07000172,2003,7
E07000172,2004,3
E07000172,2005,2
E07000172,2006,6
E07000172,2007,5
E07000172,2008,4
E07000172,2009,8
E07000172,2010,7
E07000172,2011,5
E07000172,2012,7
E07000172,2013,8
E07000172,2014,5
E07000172,2015,5
E07000172,2016,3
E07000172,2017,4
E07000172,2018,1
E07000172,2019,2
E07000172,2020,3
E07000172,2021,1
E07000172,2022,3
E07000172,2023,3
E07000172,2024,4
E07000173,2001,3
E07000173,2002,5
E07000173,2003,4
E07000173,2004,1
E07000173,2005,7
E07000173,2006,7
E07000173,2007,7
E07000173,2008,4
E07000173,2009,4
E07000173,2010,8
E07000173,2011,5
E07000173,2012,8
E07000173,2013,6
E07000173,2014,6
E07000173,2015,3
E07000173,2016,7
E07000173,2017,5
E07000173,2018,1
E07000173,2019,4
E07000173,2020,1
E07000173,2021,3
E07000173,2022,2
E07000173,2023,4
E07000173,2024,1
E07000174,2001,5
E07000174,2002,3
E07000174,2003,3
E07000174,2004,7
E07000174,2005,4
E07000174,2006,4
E07000174,2007,5
E07000174,2008,2
E07000174,2009,5
E07000174,2010,4
E07000174,2011,5
E07000174,2012,3
E07000174,2013,4
E07000174,2014,8
E07000174,2015,2
E07000174,2016,1
E07000174,2017,4
E07000174,2018,2
E07000174,2019,3
E07000174,2020,0
E07000174,2021,2
E07000174,2022,3
E07000174,2023,6
E07000174,2024,8
E07000175,2001,0
E07000175,2002,1
E07000175,2003,6
E07000175,2004,1
E07000175,2005,2
E07000175,2006,3
E07000175,2007,1
E07000175,2008,1
E07000175,2009,5
E07000175,2010,1
E07000175,2011,2
E07000175,2012,3
E07000175,2013,2
E07000175,2014,4
E07000175,2015,1
E07000175,2016,2
E07000175,2017,5
E07000175,2018,5
E07000175,2019,0
E07000175,2020,0
E07000175,2021,2
E07000175,2022,4
E07000175,2023,2
E07000175,2024,7
E07000176,2001,7
E07000176,2002,0
E07000176,2003,2
E07000176,2004,1
E07000176,2005,1
E07000176,2006,3
E07000176,2007,10
E07000176,2008,5
E07000176,2009,4
E07000176,2010,6
E07000176,2011,4
E07000176,2012,6
E07000176,2013,4
E07000176,2014,3
E07000176,2015,3
E07000176,2016,3
E07000176,2017,5
E07000176,2018,7
E07000176,2019,2
E07000176,2020,5
E07000176,2021,1
E07000176,2022,5
E07000176,2023,7
E07000176,2024,4
E07000177,2001,2
E07000177,2002,1
E07000177,2003,3
E07000177,2004,10
E07000177,2005,7
E07000177,2006,12
E07000177,2007,25
E07000177,2008,12
E07000177,2009,7
E07000177,2010,14
E07000177,2011,15
E07000177,2012,15
E07000177,2013,17
E07000177,2014,19
E07000177,2015,15
E07000177,2016,8
E07000177,2017,9
E07000177,2018,13
E07000177,2019,10
E07000177,2020,13
E07000177,2021,9
E07000177,2022,16
E07000177,2023,11
E07000177,2024,15
E07000178,2001,17
E07000178,2002,17
E07000178,2003,35
E07000178,2004,42
E07000178,2005,39
E07000178,2006,26
E07000178,2007,41
E07000178,2008,29
E07000178,2009,36
E07000178,2010,30
E07000178,2011,43
E07000178,2012,41
E07000178,2013,34
E07000178,2014,34
E07000178,2015,25
E07000178,2016,24
E07000178,2017,20
E07000178,2018,22
E07000178,2019,27
E07000178,2020,19
E07000178,2021,32
E07000178,2022,25
E07000178,2023,28
E07000178,2024,23
E07000179,2001,8
E07000179,2002,4
E07000179,2003,2
E07000179,2004,3
E07000179,2005,5
E07000179,2006,4
E07000179,2007,4
E07000179,2008,4
E07000179,2009,7
E07000179,2010,4
E07000179,2011,4
E07000179,2012,4
E07000179,2013,4
E07000179,2014,8
E07000179,2015,2
E07000179,2016,1
E07000179,2017,4
E07000179,2018,3
E07000179,2019,2
E07000179,2020,2
E07000179,2021,3
E07000179,2022,7
E07000179,2023,9
E07000179,2024,6
E07000180,2001,4
E07000180,2002,2
E07000180,2003,1
E07000180,2004,7
E07000180,2005,7
E07000180,2006,7
E07000180,2007,4
E07000180,2008,5
E07000180,2009,5
E07000180,2010,8
E07000180,2011,6
E07000180,2012,8
E07000180,2013,4
E07000180,2014,5
E07000180,2015,5
E07000180,2016,2
E07000180,2017,3
E07000180,2018,2
E07000180,2019,5
E07000180,2020,7
E07000180,2021,7
E07000180,2022,4
E07000180,2023,5
E07000180,2024,6
E07000181,2001,2
E07000181,2002,2
E07000181,2003,2
E07000181,2004,1
E07000181,2005,3
E07000181,2006,2
E07000181,2007,2
E07000181,2008,3
E07000181,2009,1
E07000181,2010,4
E07000181,2011,3
E07000181,2012,3
E07000181,2013,5
E07000181,2014,8
E07000181,2015,3
E07000181,2016,3
E07000181,2017,4
E07000181,2018,0
E07000181,2019,4
E07000181,2020,0
E07000181,2021,2
E07000181,2022,2
E07000181,2023,3
E07000181,2024,3
E07000192,2001,0
E07000192,2002,0
E07000192,2003,2
E07000192,2004,0
E07000192,2005,1
E07000192,2006,1
E07000192,2007,0
E07000192,2008,0
E07000192,2009,1
E07000192,2010,1
E07000192,2011,0
E07000192,2012,4
E07000192,2013,0
E07000192,2014,1
E07000192,2015,0
E07000192,2016,3
E07000192,2017,4
E07000192,2018,4
E07000192,2019,2
E07000192,2020,2
E07000192,2021,1
E07000192,2022,0
E07000192,2023,3
E07000192,2024,2
E07000193,2001,2
E07000193,2002,4
E07000193,2003,4
E07000193,2004,10
E07000193,2005,10
E07000193,2006,5
E07000193,2007,3
E07000193,2008,14
E07000193,2009,16
E07000193,2010,23
E07000193,2011,9
E07000193,2012,16
E07000193,2013,13
E07000193,2014,7
E07000193,2015,9
E07000193,2016,8
E07000193,2017,6
E07000193,2018,5
E07000193,2019,5
E07000193,2020,11
E07000193,2021,11
E07000193,2022,9
E07000193,2023,8
E07000193,2024,7
E07000194,2001,2
E07000194,2002,1
E07000194,2003,2
E07000194,2004,2
E07000194,2005,5
E07000194,2006,3
E07000194,2007,3
E07000194,2008,3
E07000194,2009,3
E07000194,2010,4
E07000194,2011,0
E07000194,2012,3
E07000194,2013,1
E07000194,2014,2
E07000194,2015,9
E07000194,2016,3
E07000194,2017,0
E07000194,2018,0
E07000194,2019,1
E07000194,2020,2
E07000194,2021,1
E07000194,2022,3
E07000194,2023,0
E07000194,2024,1
E07000195,2001,7
E07000195,2002,4
E07000195,2003,5
E07000195,2004,7
E07000195,2005,1
E07000195,2006,5
E07000195,2007,5
E07000195,2008,6
E07000195,2009,3
E07000195,2010,5
E07000195,2011,7
E07000195,2012,3
E07000195,2013,6
E07000195,2014,5
E07000195,2015,5
E07000195,2016,10
E07000195,2017,3
E07000195,2018,11
E07000195,2019,6
E07000195,2020,2
E07000195,2021,2
E07000195,2022,8
E07000195,2023,6
E07000195,2024,11
E07000196,2001,3
E07000196,2002,2
E07000196,2003,7
E07000196,2004,5
E07000196,2005,1
E07000196,2006,5
E07000196,2007,1
E07000196,2008,0
E07000196,2009,5
E07000196,2010,3
E07000196,2011,1
E07000196,2012,3
E07000196,2013,0
E07000196,2014,1
E07000196,2015,8
E07000196,2016,1
E07000196,2017,7
E07000196,2018,2
E07000196,2019,3
E07000196,2020,4
E07000196,2021,2
E07000196,2022,1
E07000196,2023,4
E07000196,2024,3
E07000197,2001,0
E07000197,2002,0
E07000197,2003,4
E07000197,2004,1
E07000197,2005,3
E07000197,2006,1
E07000197,2007,3
E07000197,2008,6
E07000197,2009,7
E07000197,2010,4
E07000197,2011,10
E07000197,2012,2
E07000197,2013,14
E07000197,2014,6
E07000197,2015,8
E07000197,2016,6
E07000197,2017,6
E07000197,2018,4
E07000197,2019,12
E07000197,2020,3
E07000197,2021,3
E07000197,2022,5
E07000197,2023,11
E07000197,2024,11
E07000198,2001,5
E07000198,2002,3
E07000198,2003,3
E07000198,2004,1
E07000198,2005,2
E07000198,2006,4
E07000198,2007,2
E07000198,2008,1
E07000198,2009,3
E07000198,2010,0
E07000198,2011,1
E07000198,2012,3
E07000198,2013,4
E07000198,2014,4
E07000198,2015,2
E07000198,2016,2
E07000198,2017,2
E07000198,2018,0
E07000198,2019,6
E07000198,2020,3
E07000198,2021,1
E07000198,2022,4
E07000198,2023,3
E07000198,2024,3
E07000199,2001,2
E07000199,2002,1
E07000199,2003,2
E07000199,2004,0
E07000199,2005,0
E07000199,2006,1
E07000199,2007,2
E07000199,2008,1
E07000199,2009,3
E07000199,2010,5
E07000199,2011,2
E07000199,2012,1
E07000199,2013,0
E07000199,2014,0
E07000199,2015,2
E07000199,2016,2
E07000199,2017,3
E07000199,2018,2
E07000199,2019,6
E07000199,2020,2
E07000199,2021,7
E07000199,2022,6
E07000199,2023,1
E07000199,2024,2
E07000200,2001,2
E07000200,2002,0
E07000200,2003,1
E07000200,2004,3
E07000200,2005,1
E07000200,2006,0
E07000200,2007,0
E07000200,2008,3
E07000200,2009,2
E07000200,2010,3
E07000200,2011,2
E07000200,2012,1
E07000200,2013,1
E07000200,2014,2
E07000200,2015,2
E07000200,2016,3
E07000200,2017,2
E07000200,2018,0
E07000200,2019,1
E07000200,2020,3
E07000200,2021,1
E07000200,2022,2
E07000200,2023,4
E07000200,2024,3
E07000202,2001,4
E07000202,2002,15
E07000202,2003,5
E07000202,2004,12
E07000202,2005,6
E07000202,2006,3
E07000202,2007,12
E07000202,2008,9
E07000202,2009,15
E07000202,2010,12
E07000202,2011,7
E07000202,2012,7
E07000202,2013,5
E07000202,2014,11
E07000202,2015,10
E07000202,2016,10
E07000202,2017,3
E07000202,2018,9
E07000202,2019,10
E07000202,2020,5
E07000202,2021,8
E07000202,2022,9
E07000202,2023,8
E07000202,2024,10
E07000203,2001,1
E07000203,2002,2
E07000203,2003,1
E07000203,2004,1
E07000203,2005,3
E07000203,2006,0
E07000203,2007,3
E07000203,2008,1
E07000203,2009,1
E07000203,2010,1
E07000203,2011,3
E07000203,2012,2
E07000203,2013,1
E07000203,2014,3
E07000203,2015,3
E07000203,2016,3
E07000203,2017,0
E07000203,2018,1
E07000203,2019,0
E07000203,2020,0
E07000203,2021,0
E07000203,2022,1
E07000203,2023,3
E07000203,2024,2
E07000207,2001,5
E07000207,2002,1
E07000207,2003,8
E07000207,2004,6
E07000207,2005,3
E07000207,2006,11
E07000207,2007,4
E07000207,2008,6
E07000207,2009,11
E07000207,2010,9
E07000207,2011,7
E07000207,2012,6
E07000207,2013,3
E07000207,2014,6
E07000207,2015,6
E07000207,2016,5
E07000207,2017,2
E07000207,2018,5
E07000207,2019,6
E07000207,2020,3
E07000207,2021,8
E07000207,2022,6
E07000207,2023,6
E07000207,2024,6
E07000208,2001,7
E07000208,2002,0
E07000208,2003,4
E07000208,2004,5
E07000208,2005,4
E07000208,2006,6
E07000208,2007,6
E07000208,2008,7
E07000208,2009,1
E07000208,2010,8
E07000208,2011,11
E07000208,2012,10
E07000208,2013,6
E07000208,2014,6
E07000208,2015,7
E07000208,2016,6
E07000208,2017,6
E07000208,2018,5
E07000208,2019,4
E07000208,2020,2
E07000208,2021,3
E07000208,2022,4
E07000208,2023,2
E07000208,2024,6
E07000209,2001,2
E07000209,2002,6
E07000209,2003,7
E07000209,2004,7
E07000209,2005,2
E07000209,2006,4
E07000209,2007,9
E07000209,2008,6
E07000209,2009,7
E07000209,2010,8
E07000209,2011,13
E07000209,2012,8
E07000209,2013,3
E07000209,2014,7
E07000209,2015,10
E07000209,2016,5
E07000209,2017,5
E07000209,2018,4
E07000209,2019,9
E07000209,2020,6
E07000209,2021,4
E07000209,2022,5
E07000209,2023,4
E07000209,2024,12
E07000210,2001,0
E07000210,2002,1
E07000210,2003,4
E07000210,2004,2
E07000210,2005,1
E07000210,2006,4
E07000210,2007,4
E07000210,2008,4
E07000210,2009,4
E07000210,2010,3
E07000210,2011,1
E07000210,2012,3
E07000210,2013,2
E07000210,2014,1
E07000210,2015,1
E07000210,2016,4
E07000210,2017,1
E07000210,2018,3
E07000210,2019,1
E07000210,2020,0
E07000210,2021,1
E07000210,2022,2
E07000210,2023,5
E07000210,2024,2
E07000211,2001,4
E07000211,2002,3
E07000211,2003,6
E07000211,2004,6
E07000211,2005,7
E07000211,2006,7
E07000211,2007,8
E07000211,2008,9
E07000211,2009,12
E07000211,2010,12
E07000211,2011,8
E07000211,2012,22
E07000211,2013,13
E07000211,2014,16
E07000211,2015,9
E07000211,2016,9
E07000211,2017,5
E07000211,2018,7
E07000211,2019,7
E07000211,2020,10
E07000211,2021,14
E07000211,2022,10
E07000211,2023,8
E07000211,2024,10
E07000212,2001,1
E07000212,2002,4
E07000212,2003,3
E07000212,2004,3
E07000212,2005,6
E07000212,2006,4
E07000212,2007,4
E07000212,2008,8
E07000212,2009,7
E07000212,2010,3
E07000212,2011,8
E07000212,2012,6
E07000212,2013,4
E07000212,2014,9
E07000212,2015,3
E07000212,2016,5
E07000212,2017,5
E07000212,2018,2
E07000212,2019,3
E07000212,2020,3
E07000212,2021,3
E07000212,2022,3
E07000212,2023,4
E07000212,2024,2
E07000213,2001,3
E07000213,2002,4
E07000213,2003,9
E07000213,2004,5
E07000213,2005,12
E07000213,2006,10
E07000213,2007,7
E07000213,2008,3
E07000213,2009,15
E07000213,2010,10
E07000213,2011,11
E07000213,2012,8
E07000213,2013,6
E07000213,2014,7
E07000213,2015,11
E07000213,2016,6
E07000213,2017,9
E07000213,2018,3
E07000213,2019,6
E07000213,2020,5
E07000213,2021,8
E07000213,2022,7
E07000213,2023,12
E07000213,2024,12
E07000214,2001,0
E07000214,2002,1
E07000214,2003,5
E07000214,2004,6
E07000214,2005,5
E07000214,2006,12
E07000214,2007,5
E07000214,2008,8
E07000214,2009,6
E07000214,2010,8
E07000214,2011,6
E07000214,2012,5
E07000214,2013,4
E07000214,2014,6
E07000214,2015,7
E07000214,2016,3
E07000214,2017,5
E07000214,2018,2
E07000214,2019,5
E07000214,2020,2
E07000214,2021,6
E07000214,2022,9
E07000214,2023,3
E07000214,2024,2
E07000215,2001,0
E07000215,2002,0
E07000215,2003,4
E07000215,2004,4
E07000215,2005,4
E07000215,2006,1
E07000215,2007,0
E07000215,2008,3
E07000215,2009,2
E07000215,2010,4
E07000215,2011,1
E07000215,2012,2
E07000215,2013,0
E07000215,2014,2
E07000215,2015,3
E07000215,2016,2
E07000215,2017,5
E07000215,2018,2
E07000215,2019,2
E07000215,2020,2
E07000215,2021,5
E07000215,2022,3
E07000215,2023,2
E07000215,2024,0
E07000216,2001,2
E07000216,2002,3
E07000216,2003,4
E07000216,2004,6
E07000216,2005,5
E07000216,2006,4
E07000216,2007,4
E07000216,2008,1
E07000216,2009,3
E07000216,2010,2
E07000216,2011,10
E07000216,2012,11
E07000216,2013,0
E07000216,2014,3
E07000216,2015,3
E07000216,2016,6
E07000216,2017,6
E07000216,2018,3
E07000216,2019,0
E07000216,2020,5
E07000216,2021,2
E07000216,2022,4
E07000216,2023,3
E07000216,2024,4
E07000217,2001,7
E07000217,2002,5
E07000217,2003,6
E07000217,2004,12
E07000217,2005,15
E07000217,2006,15
E07000217,2007,6
E07000217,2008,17
E07000217,2009,20
E07000217,2010,19
E07000217,2011,24
E07000217,2012,17
E07000217,2013,16
E07000217,2014,14
E07000217,2015,8
E07000217,2016,11
E07000217,2017,12
E07000217,2018,7
E07000217,2019,4
E07000217,2020,7
E07000217,2021,11
E07000217,2022,4
E07000217,2023,8
E07000217,2024,6
E07000218,2001,4
E07000218,2002,1
E07000218,2003,1
E07000218,2004,2
E07000218,2005,5
E07000218,2006,1
E07000218,2007,4
E07000218,2008,4
E07000218,2009,2
E07000218,2010,5
E07000218,2011,6
E07000218,2012,3
E07000218,2013,1
E07000218,2014,4
E07000218,2015,0
E07000218,2016,1
E07000218,2017,3
E07000218,2018,1
E07000218,2019,0
E07000218,2020,3
E07000218,2021,1
E07000218,2022,0
E07000218,2023,1
E07000218,2024,4
E07000219,2001,13
E07000219,2002,13
E07000219,2003,6
E07000219,2004,12
E07000219,2005,16
E07000219,2006,7
E07000219,2007,9
E07000219,2008,16
E07000219,2009,12
E07000219,2010,12
E07000219,2011,13
E07000219,2012,16
E07000219,2013,20
E07000219,2014,21
E07000219,2015,6
E07000219,2016,8
E07000219,2017,11
E07000219,2018,11
E07000219,2019,10
E07000219,2020,13
E07000219,2021,9
E07000219,2022,7
E07000219,2023,13
E07000219,2024,7
E07000220,2001,10
E07000220,2002,14
E07000220,2003,8
E07000220,2004,11
E07000220,2005,4
E07000220,2006,8
E07000220,2007,15
E07000220,2008,23
E07000220,2009,17
E07000220,2010,12
E07000220,2011,7
E07000220,2012,14
E07000220,2013,12
E07000220,2014,9
E07000220,2015,9
E07000220,2016,6
E07000220,2017,8
E07000220,2018,4
E07000220,2019,7
E07000220,2020,8
E07000220,2021,6
E07000220,2022,4
E07000220,2023,8
E07000220,2024,4
E07000221,2001,1
E07000221,2002,3
E07000221,2003,7
E07000221,2004,7
E07000221,2005,3
E07000221,2006,3
E07000221,2007,4
E07000221,2008,3
E07000221,2009,5
E07000221,2010,3
E07000221,2011,7
E07000221,2012,6
E07000221,2013,3
E07000221,2014,3
E07000221,2015,2
E07000221,2016,2
E07000221,2017,7
E07000221,2018,2
E07000221,2019,2
E07000221,2020,2
E07000221,2021,4
E07000221,2022,4
E07000221,2023,5
E07000221,2024,1
E07000222,2001,4
E07000222,2002,9
E07000222,2003,11
E07000222,2004,13
E07000222,2005,13
E07000222,2006,9
E07000222,2007,15
E07000222,2008,13
E07000222,2009,13
E07000222,2010,16
E07000222,2011,12
E07000222,2012,14
E07000222,2013,8
E07000222,2014,17
E07000222,2015,8
E07000222,2016,11
E07000222,2017,12
E07000222,2018,4
E07000222,2019,2
E07000222,2020,14
E07000222,2021,4
E07000222,2022,3
E07000222,2023,5
E07000222,2024,9
E07000223,2001,3
E07000223,2002,2
E07000223,2003,6
E07000223,2004,1
E07000223,2005,0
E07000223,2006,0
E07000223,2007,1
E07000223,2008,2
E07000223,2009,5
E07000223,2010,2
E07000223,2011,2
E07000223,2012,3
E07000223,2013,2
E07000223,2014,0
E07000223,2015,0
E07000223,2016,0
E07000223,2017,4
E07000223,2018,3
E07000223,2019,1
E07000223,2020,1
E07000223,2021,0
E07000223,2022,1
E07000223,2023,0
E07000223,2024,3
E07000224,2001,1
E07000224,2002,6
E07000224,2003,4
E07000224,2004,5
E07000224,2005,6
E07000224,2006,11
E07000224,2007,4
E07000224,2008,2
E07000224,2009,4
E07000224,2010,7
E07000224,2011,8
E07000224,2012,5
E07000224,2013,10
E07000224,2014,7
E07000224,2015,7
E07000224,2016,4
E07000224,2017,3
E07000224,2018,5
E07000224,2019,3
E07000224,2020,1
E07000224,2021,5
E07000224,2022,1
E07000224,2023,3
E07000224,2024,5
E07000225,2001,0
E07000225,2002,1
E07000225,2003,0
E07000225,2004,4
E07000225,2005,5
E07000225,2006,11
E07000225,2007,3
E07000225,2008,3
E07000225,2009,3
E07000225,2010,9
E07000225,2011,4
E07000225,2012,6
E07000225,2013,0
E07000225,2014,8
E07000225,2015,4
E07000225,2016,3
E07000225,2017,2
E07000225,2018,1
E07000225,2019,5
E07000225,2020,1
E07000225,2021,5
E07000225,2022,1
E07000225,2023,1
E07000225,2024,4
E07000226,2001,26
E07000226,2002,23
E07000226,2003,13
E07000226,2004,23
E07000226,2005,20
E07000226,2006,25
E07000226,2007,22
E07000226,2008,17
E07000226,2009,15
E07000226,2010,21
E07000226,2011,29
E07000226,2012,16
E07000226,2013,32
E07000226,2014,16
E07000226,2015,15
E07000226,2016,23
E07000226,2017,14
E07000226,2018,10
E07000226,2019,15
E07000226,2020,15
E07000226,2021,15
E07000226,2022,26
E07000226,2023,18
E07000226,2024,25
E07000227,2001,1
E07000227,2002,1
E07000227,2003,7
E07000227,2004,3
E07000227,2005,2
E07000227,2006,3
E07000227,2007,8
E07000227,2008,4
E07000227,2009,1
E07000227,2010,1
E07000227,2011,5
E07000227,2012,4
E07000227,2013,7
E07000227,2014,3
E07000227,2015,2
E07000227,2016,3
E07000227,2017,3
E07000227,2018,3
E07000227,2019,2
E07000227,2020,5
E07000227,2021,3
E07000227,2022,2
E07000227,2023,1
E07000227,2024,5
E07000228,2001,3
E07000228,2002,5
E07000228,2003,5
E07000228,2004,6
E07000228,2005,4
E07000228,2006,7
E07000228,2007,10
E07000228,2008,4
E07000228,2009,9
E07000228,2010,6
E07000228,2011,19
E07000228,2012,4
E07000228,2013,9
E07000228,2014,4
E07000228,2015,5
E07000228,2016,3
E07000228,2017,4
E07000228,2018,3
E07000228,2019,2
E07000228,2020,4
E07000228,2021,4
E07000228,2022,3
E07000228,2023,9
E07000228,2024,5
E07000229,2001,0
E07000229,2002,1
E07000229,2003,9
E07000229,2004,10
E07000229,2005,1
E07000229,2006,6
E07000229,2007,10
E07000229,2008,6
E07000229,2009,12
E07000229,2010,5
E07000229,2011,10
E07000229,2012,8
E07000229,2013,6
E07000229,2014,3
E07000229,2015,5
E07000229,2016,6
E07000229,2017,3
E07000229,2018,5
E07000229,2019,5
E07000229,2020,4
E07000229,2021,7
E07000229,2022,3
E07000229,2023,3
E07000229,2024,2
E07000234,2001,2
E07000234,2002,1
E07000234,2003,1
E07000234,2004,3
E07000234,2005,4
E07000234,2006,3
E07000234,2007,0
E07000234,2008,2
E07000234,2009,0
E07000234,2010,1
E07000234,2011,0
E07000234,2012,2
E07000234,2013,0
E07000234,2014,3
E07000234,2015,3
E07000234,2016,3
E07000234,2017,2
E07000234,2018,10
E07000234,2019,2
E07000234,2020,2
E07000234,2021,3
E07000234,2022,0
E07000234,2023,5
E07000234,2024,3
E07000235,2001,0
E07000235,2002,0
E07000235,2003,1
E07000235,2004,2
E07000235,2005,3
E07000235,2006,3
E07000235,2007,1
E07000235,2008,0
E07000235,2009,5
E07000235,2010,3
E07000235,2011,2
E07000235,2012,1
E07000235,2013,3
E07000235,2014,1
E07000235,2015,1
E07000235,2016,3
E07000235,2017,1
E07000235,2018,1
E07000235,2019,1
E07000235,2020,2
E07000235,2021,2
E07000235,2022,1
E07000235,2023,1
E07000235,2024,3
E07000236,2001,5
E07000236,2002,2
E07000236,2003,2
E07000236,2004,10
E07000236,2005,9
E07000236,2006,4
E07000236,2007,3
E07000236,2008,4
E07000236,2009,3
E07000236,2010,4
E07000236,2011,6
E07000236,2012,27
E07000236,2013,14
E07000236,2014,7
E07000236,2015,2
E07000236,2016,8
E07000236,2017,2
E07000236,2018,3
E07000236,2019,3
E07000236,2020,1
E07000236,2021,5
E07000236,2022,1
E07000236,2023,4
E07000236,2024,11
E07000237,2001,6
E07000237,2002,5
E07000237,2003,6
E07000237,2004,7
E07000237,2005,10
E07000237,2006,4
E07000237,2007,4
E07000237,2008,5
E07000237,2009,9
E07000237,2010,5
E07000237,2011,5
E07000237,2012,7
E07000237,2013,8
E07000237,2014,6
E07000237,2015,8
E07000237,2016,3
E07000237,2017,2
E07000237,2018,7
E07000237,2019,2
E07000237,2020,6
E07000237,2021,3
E07000237,2022,5
E07000237,2023,6
E07000237,2024,8
E07000238,2001,1
E07000238,2002,4
E07000238,2003,1
E07000238,2004,0
E07000238,2005,2
E07000238,2006,1
E07000238,2007,1
E07000238,2008,2
E07000238,2009,2
E07000238,2010,5
E07000238,2011,6
E07000238,2012,2
E07000238,2013,8
E07000238,2014,2
E07000238,2015,5
E07000238,2016,1
E07000238,2017,7
E07000238,2018,6
E07000238,2019,2
E07000238,2020,4
E07000238,2021,1
E07000238,2022,2
E07000238,2023,1
E07000238,2024,0
E07000239,2001,1
E07000239,2002,6
E07000239,2003,1
E07000239,2004,4
E07000239,2005,2
E07000239,2006,1
E07000239,2007,1
E07000239,2008,8
E07000239,2009,2
E07000239,2010,1
E07000239,2011,2
E07000239,2012,0
E07000239,2013,2
E07000239,2014,4
E07000239,2015,1
E07000239,2016,1
E07000239,2017,2
E07000239,2018,0
E07000239,2019,2
E07000239,2020,0
E07000239,2021,1
E07000239,2022,6
E07000239,2023,2
E07000239,2024,4
E07000240,2001,2
E07000240,2002,7
E07000240,2003,2
E07000240,2004,12
E07000240,2005,11
E07000240,2006,10
E07000240,2007,3
E07000240,2008,7
E07000240,2009,7
E07000240,2010,16
E07000240,2011,7
E07000240,2012,8
E07000240,2013,7
E07000240,2014,8
E07000240,2015,5
E07000240,2016,8
E07000240,2017,6
E07000240,2018,6
E07000240,2019,7
E07000240,2020,10
E07000240,2021,7
E07000240,2022,0
E07000240,2023,3
E07000240,2024,4
E07000241,2001,2
E07000241,2002,0
E07000241,2003,1
E07000241,2004,6
E07000241,2005,7
E07000241,2006,5
E07000241,2007,5
E07000241,2008,17
E07000241,2009,16
E07000241,2010,7
E07000241,2011,24
E07000241,2012,9
E07000241,2013,6
E07000241,2014,10
E07000241,2015,10
E07000241,2016,14
E07000241,2017,6
E07000241,2018,6
E07000241,2019,6
E07000241,2020,9
E07000241,2021,6
E07000241,2022,12
E07000241,2023,14
E07000241,2024,12
E07000242,2001,4
E07000242,2002,3
E07000242,2003,0
E07000242,2004,5
E07000242,2005,4
E07000242,2006,5
E07000242,2007,2
E07000242,2008,1
E07000242,2009,2
E07000242,2010,3
E07000242,2011,6
E07000242,2012,3
E07000242,2013,2
E07000242,2014,5
E07000242,2015,7
E07000242,2016,7
E07000242,2017,5
E07000242,2018,5
E07000242,2019,1
E07000242,2020,3
E07000242,2021,1
E07000242,2022,4
E07000242,2023,3
E07000242,2024,2
E07000243,2001,5
E07000243,2002,2
E07000243,2003,6
E07000243,2004,6
E07000243,2005,15
E07000243,2006,15
E07000243,2007,3
E07000243,2008,15
E07000243,2009,8
E07000243,2010,12
E07000243,2011,11
E07000243,2012,4
E07000243,2013,9
E07000243,2014,9
E07000243,2015,8
E07000243,2016,6
E07000243,2017,7
E07000243,2018,10
E07000243,2019,1
E07000243,2020,8
E07000243,2021,7
E07000243,2022,6
E07000243,2023,5
E07000243,2024,6
E07000244,2001,11
E07000244,2002,0
E07000244,2003,10
E07000244,2004,8
E07000244,2005,11
E07000244,2006,5
E07000244,2007,8
E07000244,2008,19
E07000244,2009,13
E07000244,2010,8
E07000244,2011,11
E07000244,2012,13
E07000244,2013,7
E07000244,2014,7
E07000244,2015,7
E07000244,2016,5
E07000244,2017,9
E07000244,2018,5
E07000244,2019,4
E07000244,2020,11
E07000244,2021,5
E07000244,2022,12
E07000244,2023,13
E07000244,2024,10
E07000245,2001,2
E07000245,2002,2
E07000245,2003,2
E07000245,2004,5
E07000245,2005,10
E07000245,2006,6
E07000245,2007,10
E07000245,2008,7
E07000245,2009,13
E07000245,2010,7
E07000245,2011,6
E07000245,2012,10
E07000245,2013,11
E07000245,2014,9
E07000245,2015,6
E07000245,2016,9
E07000245,2017,5
E07000245,2018,5
E07000245,2019,6
E07000245,2020,7
E07000245,2021,5
E07000245,2022,6
E07000245,2023,5
E07000245,2024,6
E08000001,2001,67
E08000001,2002,59
E08000001,2003,53
E08000001,2004,45
E08000001,2005,68
E08000001,2006,72
E08000001,2007,62
E08000001,2008,63
E08000001,2009,75
E08000001,2010,66
E08000001,2011,61
E08000001,2012,47
E08000001,2013,58
E08000001,2014,56
E08000001,2015,43
E08000001,2016,50
E08000001,2017,44
E08000001,2018,34
E08000001,2019,30
E08000001,2020,39
E08000001,2021,36
E08000001,2022,50
E08000001,2023,44
E08000001,2024,61
E08000002,2001,15
E08000002,2002,6
E08000002,2003,22
E08000002,2004,10
E08000002,2005,8
E08000002,2006,5
E08000002,2007,11
E08000002,2008,8
E08000002,2009,24
E08000002,2010,14
E08000002,2011,21
E08000002,2012,23
E08000002,2013,16
E08000002,2014,25
E08000002,2015,17
E08000002,2016,11
E08000002,2017,19
E08000002,2018,13
E08000002,2019,18
E08000002,2020,13
E08000002,2021,9
E08000002,2022,11
E08000002,2023,15
E08000002,2024,13
E08000003,2001,134
E08000003,2002,139
E08000003,2003,117
E08000003,2004,156
E08000003,2005,146
E08000003,2006,161
E08000003,2007,175
E08000003,2008,171
E08000003,2009,203
E08000003,2010,198
E08000003,2011,220
E08000003,2012,181
E08000003,2013,166
E08000003,2014,135
E08000003,2015,122
E08000003,2016,135
E08000003,2017,121
E08000003,2018,88
E08000003,2019,130
E08000003,2020,104
E08000003,2021,114
E08000003,2022,119
E08000003,2023,154
E08000003,2024,168
E08000004,2001,48
E08000004,2002,38
E08000004,2003,38
E08000004,2004,37
E08000004,2005,45
E08000004,2006,44
E08000004,2007,41
E08000004,2008,46
E08000004,2009,36
E08000004,2010,52
E08000004,2011,46
E08000004,2012,50
E08000004,2013,43
E08000004,2014,53
E08000004,2015,54
E08000004,2016,40
E08000004,2017,36
E08000004,2018,34
E08000004,2019,48
E08000004,2020,37
E08000004,2021,35
E08000004,2022,32
E08000004,2023,41
E08000004,2024,38
E08000005,2001,14
E08000005,2002,20
E08000005,2003,20
E08000005,2004,15
E08000005,2005,32
E08000005,2006,32
E08000005,2007,43
E08000005,2008,51
E08000005,2009,47
E08000005,2010,41
E08000005,2011,42
E08000005,2012,35
E08000005,2013,23
E08000005,2014,39
E08000005,2015,26
E08000005,2016,31
E08000005,2017,25
E08000005,2018,31
E08000005,2019,16
E08000005,2020,29
E08000005,2021,13
E08000005,2022,25
E08000005,2023,17
E08000005,2024,26
E08000006,2001,16
E08000006,2002,11
E08000006,2003,25
E08000006,2004,22
E08000006,2005,22
E08000006,2006,26
E08000006,2007,27
E08000006,2008,34
E08000006,2009,29
E08000006,2010,36
E08000006,2011,24
E08000006,2012,24
E08000006,2013,30
E08000006,2014,26
E08000006,2015,32
E08000006,2016,28
E08000006,2017,21
E08000006,2018,20
E08000006,2019,26
E08000006,2020,15
E08000006,2021,27
E08000006,2022,28
E08000006,2023,31
E08000006,2024,38
E08000007,2001,21
E08000007,2002,23
E08000007,2003,25
E08000007,2004,10
E08000007,2005,21
E08000007,2006,18
E08000007,2007,22
E08000007,2008,24
E08000007,2009,14
E08000007,2010,10
E08000007,2011,28
E08000007,2012,15
E08000007,2013,16
E08000007,2014,19
E08000007,2015,14
E08000007,2016,13
E08000007,2017,18
E08000007,2018,17
E08000007,2019,4
E08000007,2020,7
E08000007,2021,7
E08000007,2022,6
E08000007,2023,13
E08000007,2024,13
E08000008,2001,28
E08000008,2002,16
E08000008,2003,32
E08000008,2004,13
E08000008,2005,39
E08000008,2006,18
E08000008,2007,21
E08000008,2008,29
E08000008,2009,46
E08000008,2010,35
E08000008,2011,33
E08000008,2012,34
E08000008,2013,22
E08000008,2014,19
E08000008,2015,16
E08000008,2016,21
E08000008,2017,29
E08000008,2018,21
E08000008,2019,17
E08000008,2020,12
E08000008,2021,29
E08000008,2022,16
E08000008,2023,24
E08000008,2024,26
E08000009,2001,31
E08000009,2002,27
E08000009,2003,22
E08000009,2004,29
E08000009,2005,18
E08000009,2006,16
E08000009,2007,29
E08000009,2008,19
E08000009,2009,31
E08000009,2010,23
E08000009,2011,27
E08000009,2012,39
E08000009,2013,31
E08000009,2014,26
E08000009,2015,22
E08000009,2016,25
E08000009,2017,19
E08000009,2018,19
E08000009,2019,11
E08000009,2020,24
E08000009,2021,21
E08000009,2022,14
E08000009,2023,22
E08000009,2024,23
E08000010,2001,0
E08000010,2002,7
E08000010,2003,7
E08000010,2004,7
E08000010,2005,13
E08000010,2006,13
E08000010,2007,11
E08000010,2008,9
E08000010,2009,16
E08000010,2010,15
E08000010,2011,9
E08000010,2012,7
E08000010,2013,14
E08000010,2014,11
E08000010,2015,14
E08000010,2016,15
E08000010,2017,5
E08000010,2018,8
E08000010,2019,11
E08000010,2020,7
E08000010,2021,4
E08000010,2022,3
E08000010,2023,13
E08000010,2024,8
E08000011,2001,2
E08000011,2002,6
E08000011,2003,8
E08000011,2004,3
E08000011,2005,3
E08000011,2006,8
E08000011,2007,0
E08000011,2008,4
E08000011,2009,4
E08000011,2010,3
E08000011,2011,5
E08000011,2012,2
E08000011,2013,5
E08000011,2014,3
E08000011,2015,2
E08000011,2016,1
E08000011,2017,0
E08000011,2018,1
E08000011,2019,0
E08000011,2020,4
E08000011,2021,0
E08000011,2022,3
E08000011,2023,5
E08000011,2024,6
E08000012,2001,48
E08000012,2002,35
E08000012,2003,19
E08000012,2004,18
E08000012,2005,87
E08000012,2006,60
E08000012,2007,44
E08000012,2008,50
E08000012,2009,45
E08000012,2010,61
E08000012,2011,42
E08000012,2012,48
E08000012,2013,41
E08000012,2014,36
E08000012,2015,41
E08000012,2016,35
E08000012,2017,38
E08000012,2018,30
E08000012,2019,43
E08000012,2020,33
E08000012,2021,28
E08000012,2022,29
E08000012,2023,49
E08000012,2024,57
E08000013,2001,4
E08000013,2002,4
E08000013,2003,3
E08000013,2004,3
E08000013,2005,5
E08000013,2006,0
E08000013,2007,4
E08000013,2008,4
E08000013,2009,2
E08000013,2010,4
E08000013,2011,5
E08000013,2012,5
E08000013,2013,3
E08000013,2014,5
E08000013,2015,2
E08000013,2016,2
E08000013,2017,3
E08000013,2018,1
E08000013,2019,2
E08000013,2020,0
E08000013,2021,4
E08000013,2022,5
E08000013,2023,5
E08000013,2024,4
E08000014,2001,12
E08000014,2002,6
E08000014,2003,12
E08000014,2004,11
E08000014,2005,14
E08000014,2006,9
E08000014,2007,5
E08000014,2008,12
E08000014,2009,9
E08000014,2010,10
E08000014,2011,7
E08000014,2012,17
E08000014,2013,6
E08000014,2014,9
E08000014,2015,6
E08000014,2016,8
E08000014,2017,5
E08000014,2018,6
E08000014,2019,10
E08000014,2020,6
E08000014,2021,5
E08000014,2022,4
E08000014,2023,5
E08000014,2024,8
E08000015,2001,10
E08000015,2002,13
E08000015,2003,5
E08000015,2004,4
E08000015,2005,12
E08000015,2006,15
E08000015,2007,16
E08000015,2008,10
E08000015,2009,10
E08000015,2010,16
E08000015,2011,10
E08000015,2012,11
E08000015,2013,11
E08000015,2014,6
E08000015,2015,10
E08000015,2016,13
E08000015,2017,6
E08000015,2018,8
E08000015,2019,10
E08000015,2020,9
E08000015,2021,7
E08000015,2022,6
E08000015,2023,5
E08000015,2024,5
E08000016,2001,6
E08000016,2002,9
E08000016,2003,9
E08000016,2004,10
E08000016,2005,4
E08000016,2006,11
E08000016,2007,6
E08000016,2008,6
E08000016,2009,3
E08000016,2010,8
E08000016,2011,12
E08000016,2012,3
E08000016,2013,5
E08000016,2014,11
E08000016,2015,8
E08000016,2016,10
E08000016,2017,4
E08000016,2018,2
E08000016,2019,8
E08000016,2020,4
E08000016,2021,7
E08000016,2022,9
E08000016,2023,10
E08000016,2024,6
E08000017,2001,16
E08000017,2002,14
E08000017,2003,21
E08000017,2004,18
E08000017,2005,15
E08000017,2006,16
E08000017,2007,20
E08000017,2008,9
E08000017,2009,11
E08000017,2010,22
E08000017,2011,22
E08000017,2012,21
E08000017,2013,19
E08000017,2014,30
E08000017,2015,18
E08000017,2016,10
E08000017,2017,15
E08000017,2018,15
E08000017,2019,18
E08000017,2020,9
E08000017,2021,14
E08000017,2022,27
E08000017,2023,16
E08000017,2024,24
E08000018,2001,37
E08000018,2002,37
E08000018,2003,33
E08000018,2004,28
E08000018,2005,26
E08000018,2006,18
E08000018,2007,21
E08000018,2008,14
E08000018,2009,26
E08000018,2010,20
E08000018,2011,19
E08000018,2012,30
E08000018,2013,13
E08000018,2014,21
E08000018,2015,10
E08000018,2016,10
E08000018,2017,19
E08000018,2018,11
E08000018,2019,16
E08000018,2020,9
E08000018,2021,15
E08000018,2022,12
E08000018,2023,9
E08000018,2024,7
E08000019,2001,82
E08000019,2002,58
E08000019,2003,91
E08000019,2004,90
E08000019,2005,85
E08000019,2006,97
E08000019,2007,129
E08000019,2008,74
E08000019,2009,77
E08000019,2010,84
E08000019,2011,89
E08000019,2012,92
E08000019,2013,95
E08000019,2014,83
E08000019,2015,69
E08000019,2016,63
E08000019,2017,36
E08000019,2018,56
E08000019,2019,46
E08000019,2020,33
E08000019,2021,23
E08000019,2022,43
E08000019,2023,40
E08000019,2024,69
E08000021,2001,39
E08000021,2002,37
E08000021,2003,34
E08000021,2004,38
E08000021,2005,38
E08000021,2006,36
E08000021,2007,55
E08000021,2008,40
E08000021,2009,34
E08000021,2010,51
E08000021,2011,43
E08000021,2012,50
E08000021,2013,35
E08000021,2014,42
E08000021,2015,46
E08000021,2016,35
E08000021,2017,31
E08000021,2018,39
E08000021,2019,18
E08000021,2020,25
E08000021,2021,29
E08000021,2022,23
E08000021,2023,34
E08000021,2024,39
E08000022,2001,9
E08000022,2002,10
E08000022,2003,10
E08000022,2004,11
E08000022,2005,11
E08000022,2006,7
E08000022,2007,6
E08000022,2008,12
E08000022,2009,8
E08000022,2010,11
E08000022,2011,6
E08000022,2012,4
E08000022,2013,13
E08000022,2014,13
E08000022,2015,2
E08000022,2016,5
E08000022,2017,6
E08000022,2018,7
E08000022,2019,5
E08000022,2020,2
E08000022,2021,7
E08000022,2022,4
E08000022,2023,8
E08000022,2024,8
E08000023,2001,16
E08000023,2002,6
E08000023,2003,9
E08000023,2004,6
E08000023,2005,1
E08000023,2006,5
E08000023,2007,12
E08000023,2008,10
E08000023,2009,12
E08000023,2010,6
E08000023,2011,6
E08000023,2012,3
E08000023,2013,3
E08000023,2014,14
E08000023,2015,8
E08000023,2016,4
E08000023,2017,1
E08000023,2018,5
E08000023,2019,6
E08000023,2020,3
E08000023,2021,1
E08000023,2022,6
E08000023,2023,4
E08000023,2024,5
E08000024,2001,26
E08000024,2002,21
E08000024,2003,14
E08000024,2004,19
E08000024,2005,18
E08000024,2006,23
E08000024,2007,19
E08000024,2008,25
E08000024,2009,16
E08000024,2010,18
E08000024,2011,16
E08000024,2012,21
E08000024,2013,25
E08000024,2014,18
E08000024,2015,14
E08000024,2016,8
E08000024,2017,14
E08000024,2018,10
E08000024,2019,7
E08000024,2020,5
E08000024,2021,4
E08000024,2022,5
E08000024,2023,14
E08000024,2024,12
E08000025,2001,313
E08000025,2002,328
E08000025,2003,343
E08000025,2004,393
E08000025,2005,376
E08000025,2006,415
E08000025,2007,373
E08000025,2008,431
E08000025,2009,470
E08000025,2010,358
E08000025,2011,401
E08000025,2012,447
E08000025,2013,388
E08000025,2014,319
E08000025,2015,251
E08000025,2016,268
E08000025,2017,249
E08000025,2018,228
E08000025,2019,213
E08000025,2020,185
E08000025,2021,214
E08000025,2022,184
E08000025,2023,217
E08000025,2024,228
E08000026,2001,61
E08000026,2002,76
E08000026,2003,58
E08000026,2004,79
E08000026,2005,87
E08000026,2006,95
E08000026,2007,131
E08000026,2008,107
E08000026,2009,91
E08000026,2010,80
E08000026,2011,120
E08000026,2012,131
E08000026,2013,100
E08000026,2014,91
E08000026,2015,88
E08000026,2016,84
E08000026,2017,81
E08000026,2018,76
E08000026,2019,80
E08000026,2020,57
E08000026,2021,42
E08000026,2022,67
E08000026,2023,63
E08000026,2024,85
E08000027,2001,18
E08000027,2002,48
E08000027,2003,30
E08000027,2004,33
E08000027,2005,32
E08000027,2006,34
E08000027,2007,43
E08000027,2008,38
E08000027,2009,29
E08000027,2010,35
E08000027,2011,34
E08000027,2012,29
E08000027,2013,42
E08000027,2014,21
E08000027,2015,32
E08000027,2016,21
E08000027,2017,21
E08000027,2018,27
E08000027,2019,18
E08000027,2020,15
E08000027,2021,18
E08000027,2022,23
E08000027,2023,13
E08000027,2024,22
E08000028,2001,81
E08000028,2002,86
E08000028,2003,86
E08000028,2004,90
E08000028,2005,118
E08000028,2006,112
E08000028,2007,112
E08000028,2008,107
E08000028,2009,107
E08000028,2010,101
E08000028,2011,106
E08000028,2012,118
E08000028,2013,121
E08000028,2014,77
E08000028,2015,96
E08000028,2016,86
E08000028,2017,79
E08000028,2018,52
E08000028,2019,63
E08000028,2020,66
E08000028,2021,67
E08000028,2022,64
E08000028,2023,51
E08000028,2024,73
E08000029,2001,10
E08000029,2002,9
E08000029,2003,16
E08000029,2004,13
E08000029,2005,11
E08000029,2006,21
E08000029,2007,13
E08000029,2008,18
E08000029,2009,20
E08000029,2010,4
E08000029,2011,21
E08000029,2012,23
E08000029,2013,15
E08000029,2014,15
E08000029,2015,12
E08000029,2016,14
E08000029,2017,8
E08000029,2018,6
E08000029,2019,11
E08000029,2020,7
E08000029,2021,8
E08000029,2022,5
E08000029,2023,10
E08000029,2024,14
E08000030,2001,58
E08000030,2002,59
E08000030,2003,54
E08000030,2004,60
E08000030,2005,44
E08000030,2006,51
E08000030,2007,61
E08000030,2008,56
E08000030,2009,47
E08000030,2010,48
E08000030,2011,68
E08000030,2012,50
E08000030,2013,52
E08000030,2014,36
E08000030,2015,33
E08000030,2016,45
E08000030,2017,52
E08000030,2018,42
E08000030,2019,28
E08000030,2020,38
E08000030,2021,44
E08000030,2022,36
E08000030,2023,36
E08000030,2024,41
E08000031,2001,50
E08000031,2002,69
E08000031,2003,74
E08000031,2004,87
E08000031,2005,90
E08000031,2006,62
E08000031,2007,66
E08000031,2008,76
E08000031,2009,76
E08000031,2010,81
E08000031,2011,90
E08000031,2012,76
E08000031,2013,81
E08000031,2014,63
E08000031,2015,57
E08000031,2016,68
E08000031,2017,47
E08000031,2018,55
E08000031,2019,51
E08000031,2020,50
E08000031,2021,64
E08000031,2022,44
E08000031,2023,56
E08000031,2024,84
E08000032,2001,144
E08000032,2002,118
E08000032,2003,141
E08000032,2004,110
E08000032,2005,158
E08000032,2006,185
E08000032,2007,170
E08000032,2008,171
E08000032,2009,205
E08000032,2010,172
E08000032,2011,173
E08000032,2012,170
E08000032,2013,155
E08000032,2014,95
E08000032,2015,102
E08000032,2016,91
E08000032,2017,91
E08000032,2018,73
E08000032,2019,68
E08000032,2020,73
E08000032,2021,76
E08000032,2022,62
E08000032,2023,91
E08000032,2024,88
E08000033,2001,21
E08000033,2002,29
E08000033,2003,27
E08000033,2004,18
E08000033,2005,24
E08000033,2006,23
E08000033,2007,23
E08000033,2008,22
E08000033,2009,30
E08000033,2010,25
E08000033,2011,20
E08000033,2012,20
E08000033,2013,22
E08000033,2014,19
E08000033,2015,11
E08000033,2016,18
E08000033,2017,7
E08000033,2018,12
E08000033,2019,14
E08000033,2020,8
E08000033,2021,14
E08000033,2022,10
E08000033,2023,8
E08000033,2024,14
E08000034,2001,83
E08000034,2002,85
E08000034,2003,81
E08000034,2004,69
E08000034,2005,80
E08000034,2006,76
E08000034,2007,85
E08000034,2008,101
E08000034,2009,104
E08000034,2010,103
E08000034,2011,123
E08000034,2012,87
E08000034,2013,74
E08000034,2014,85
E08000034,2015,65
E08000034,2016,66
E08000034,2017,46
E08000034,2018,60
E08000034,2019,37
E08000034,2020,28
E08000034,2021,37
E08000034,2022,33
E08000034,2023,38
E08000034,2024,47
E08000035,2001,93
E08000035,2002,101
E08000035,2003,78
E08000035,2004,113
E08000035,2005,104
E08000035,2006,147
E08000035,2007,100
E08000035,2008,151
E08000035,2009,125
E08000035,2010,117
E08000035,2011,113
E08000035,2012,84
E08000035,2013,114
E08000035,2014,93
E08000035,2015,90
E08000035,2016,83
E08000035,2017,63
E08000035,2018,58
E08000035,2019,73
E08000035,2020,53
E08000035,2021,70
E08000035,2022,60
E08000035,2023,67
E08000035,2024,80
E08000036,2001,16
E08000036,2002,10
E08000036,2003,15
E08000036,2004,27
E08000036,2005,23
E08000036,2006,20
E08000036,2007,15
E08000036,2008,18
E08000036,2009,23
E08000036,2010,20
E08000036,2011,15
E08000036,2012,17
E08000036,2013,22
E08000036,2014,25
E08000036,2015,9
E08000036,2016,17
E08000036,2017,13
E08000036,2018,17
E08000036,2019,12
E08000036,2020,8
E08000036,2021,14
E08000036,2022,8
E08000036,2023,12
E08000036,2024,8
E08000037,2001,6
E08000037,2002,7
E08000037,2003,6
E08000037,2004,2
E08000037,2005,3
E08000037,2006,8
E08000037,2007,4
E08000037,2008,7
E08000037,2009,15
E08000037,2010,3
E08000037,2011,9
E08000037,2012,12
E08000037,2013,9
E08000037,2014,21
E08000037,2015,11
E08000037,2016,13
E08000037,2017,9
E08000037,2018,6
E08000037,2019,8
E08000037,2020,8
E08000037,2021,4
E08000037,2022,4
E08000037,2023,7
E08000037,2024,8
E09000002,2001,29
E09000002,2002,35
E09000002,2003,41
E09000002,2004,43
E09000002,2005,60
E09000002,2006,49
E09000002,2007,62
E09000002,2008,69
E09000002,2009,72
E09000002,2010,69
E09000002,2011,61
E09000002,2012,65
E09000002,2013,71
E09000002,2014,67
E09000002,2015,42
E09000002,2016,65
E09000002,2017,53
E09000002,2018,56
E09000002,2019,37
E09000002,2020,37
E09000002,2021,32
E09000002,2022,33
E09000002,2023,61
E09000002,2024,50
E09000003,2001,77
E09000003,2002,102
E09000003,2003,102
E09000003,2004,93
E09000003,2005,116
E09000003,2006,124
E09000003,2007,104
E09000003,2008,113
E09000003,2009,105
E09000003,2010,115
E09000003,2011,98
E09000003,2012,111
E09000003,2013,74
E09000003,2014,73
E09000003,2015,74
E09000003,2016,74
E09000003,2017,61
E09000003,2018,60
E09000003,2019,47
E09000003,2020,51
E09000003,2021,46
E09000003,2022,51
E09000003,2023,58
E09000003,2024,51
E09000004,2001,17
E09000004,2002,22
E09000004,2003,25
E09000004,2004,30
E09000004,2005,22
E09000004,2006,19
E09000004,2007,26
E09000004,2008,21
E09000004,2009,17
E09000004,2010,20
E09000004,2011,35
E09000004,2012,25
E09000004,2013,33
E09000004,2014,17
E09000004,2015,19
E09000004,2016,30
E09000004,2017,33
E09000004,2018,24
E09000004,2019,21
E09000004,2020,21
E09000004,2021,20
E09000004,2022,16
E09000004,2023,33
E09000004,2024,37
E09000005,2001,231
E09000005,2002,211
E09000005,2003,216
E09000005,2004,230
E09000005,2005,283
E09000005,2006,240
E09000005,2007,274
E09000005,2008,305
E09000005,2009,296
E09000005,2010,295
E09000005,2011,310
E09000005,2012,308
E09000005,2013,281
E09000005,2014,204
E09000005,2015,166
E09000005,2016,191
E09000005,2017,150
E09000005,2018,112
E09000005,2019,114
E09000005,2020,102
E09000005,2021,137
E09000005,2022,136
E09000005,2023,127
E09000005,2024,145
E09000006,2001,16
E09000006,2002,27
E09000006,2003,31
E09000006,2004,29
E09000006,2005,29
E09000006,2006,41
E09000006,2007,33
E09000006,2008,19
E09000006,2009,32
E09000006,2010,34
E09000006,2011,42
E09000006,2012,29
E09000006,2013,30
E09000006,2014,18
E09000006,2015,24
E09000006,2016,22
E09000006,2017,23
E09000006,2018,18
E09000006,2019,21
E09000006,2020,13
E09000006,2021,16
E09000006,2022,20
E09000006,2023,20
E09000006,2024,19
E09000007,2001,87
E09000007,2002,118
E09000007,2003,108
E09000007,2004,77
E09000007,2005,101
E09000007,2006,96
E09000007,2007,90
E09000007,2008,85
E09000007,2009,100
E09000007,2010,69
E09000007,2011,70
E09000007,2012,62
E09000007,2013,45
E09000007,2014,43
E09000007,2015,38
E09000007,2016,50
E09000007,2017,44
E09000007,2018,26
E09000007,2019,46
E09000007,2020,32
E09000007,2021,30
E09000007,2022,36
E09000007,2023,30
E09000007,2024,27
E09000008,2001,96
E09000008,2002,109
E09000008,2003,113
E09000008,2004,118
E09000008,2005,113
E09000008,2006,102
E09000008,2007,115
E09000008,2008,111
E09000008,2009,124
E09000008,2010,110
E09000008,2011,132
E09000008,2012,120
E09000008,2013,109
E09000008,2014,79
E09000008,2015,90
E09000008,2016,84
E09000008,2017,70
E09000008,2018,69
E09000008,2019,71
E09000008,2020,70
E09000008,2021,83
E09000008,2022,68
E09000008,2023,64
E09000008,2024,108
E09000009,2001,184
E09000009,2002,201
E09000009,2003,186
E09000009,2004,254
E09000009,2005,237
E09000009,2006,233
E09000009,2007,236
E09000009,2008,198
E09000009,2009,220
E09000009,2010,207
E09000009,2011,242
E09000009,2012,246
E09000009,2013,212
E09000009,2014,210
E09000009,2015,161
E09000009,2016,118
E09000009,2017,128
E09000009,2018,126
E09000009,2019,133
E09000009,2020,94
E09000009,2021,109
E09000009,2022,124
E09000009,2023,118
E09000009,2024,140
E09000010,2001,92
E09000010,2002,84
E09000010,2003,98
E09000010,2004,95
E09000010,2005,103
E09000010,2006,100
E09000010,2007,72
E09000010,2008,100
E09000010,2009,116
E09000010,2010,95
E09000010,2011,75
E09000010,2012,79
E09000010,2013,68
E09000010,2014,68
E09000010,2015,70
E09000010,2016,66
E09000010,2017,53
E09000010,2018,61
E09000010,2019,51
E09000010,2020,35
E09000010,2021,38
E09000010,2022,39
E09000010,2023,56
E09000010,2024,51
E09000011,2001,69
E09000011,2002,81
E09000011,2003,73
E09000011,2004,88
E09000011,2005,87
E09000011,2006,98
E09000011,2007,104
E09000011,2008,138
E09000011,2009,121
E09000011,2010,119
E09000011,2011,112
E09000011,2012,131
E09000011,2013,105
E09000011,2014,97
E09000011,2015,91
E09000011,2016,62
E09000011,2017,68
E09000011,2018,69
E09000011,2019,63
E09000011,2020,47
E09000011,2021,38
E09000011,2022,42
E09000011,2023,51
E09000011,2024,61
E09000012,2001,252
E09000012,2002,294
E09000012,2003,314
E09000012,2004,314
E09000012,2005,260
E09000012,2006,270
E09000012,2007,284
E09000012,2008,248
E09000012,2009,236
E09000012,2010,188
E09000012,2011,182
E09000012,2012,178
E09000012,2013,176
E09000012,2014,148
E09000012,2015,122
E09000012,2016,140
E09000012,2017,126
E09000012,2018,112
E09000012,2019,82
E09000012,2020,68
E09000012,2021,100
E09000012,2022,54
E09000012,2023,76
E09000012,2024,98
E09000013,2001,67
E09000013,2002,73
E09000013,2003,66
E09000013,2004,69
E09000013,2005,89
E09000013,2006,80
E09000013,2007,67
E09000013,2008,67
E09000013,2009,73
E09000013,2010,53
E09000013,2011,68
E09000013,2012,46
E09000013,2013,48
E09000013,2014,36
E09000013,2015,40
E09000013,2016,34
E09000013,2017,34
E09000013,2018,20
E09000013,2019,19
E09000013,2020,19
E09000013,2021,24
E09000013,2022,23
E09000013,2023,33
E09000013,2024,31
E09000014,2001,145
E09000014,2002,140
E09000014,2003,128
E09000014,2004,150
E09000014,2005,130
E09000014,2006,155
E09000014,2007,93
E09000014,2008,104
E09000014,2009,132
E09000014,2010,100
E09000014,2011,134
E09000014,2012,100
E09000014,2013,86
E09000014,2014,76
E09000014,2015,64
E09000014,2016,73
E09000014,2017,59
E09000014,2018,45
E09000014,2019,43
E09000014,2020,37
E09000014,2021,38
E09000014,2022,36
E09000014,2023,44
E09000014,2024,45
E09000015,2001,94
E09000015,2002,117
E09000015,2003,115
E09000015,2004,99
E09000015,2005,132
E09000015,2006,123
E09000015,2007,122
E09000015,2008,125
E09000015,2009,135
E09000015,2010,138
E09000015,2011,153
E09000015,2012,184
E09000015,2013,151
E09000015,2014,111
E09000015,2015,83
E09000015,2016,92
E09000015,2017,82
E09000015,2018,61
E09000015,2019,66
E09000015,2020,94
E09000015,2021,76
E09000015,2022,76
E09000015,2023,91
E09000015,2024,113
E09000016,2001,16
E09000016,2002,20
E09000016,2003,13
E09000016,2004,12
E09000016,2005,30
E09000016,2006,23
E09000016,2007,16
E09000016,2008,20
E09000016,2009,30
E09000016,2010,13
E09000016,2011,18
E09000016,2012,27
E09000016,2013,28
E09000016,2014,24
E09000016,2015,23
E09000016,2016,25
E09000016,2017,30
E09000016,2018,25
E09000016,2019,15
E09000016,2020,11
E09000016,2021,14
E09000016,2022,17
E09000016,2023,25
E09000016,2024,24
E09000017,2001,88
E09000017,2002,106
E09000017,2003,115
E09000017,2004,117
E09000017,2005,137
E09000017,2006,124
E09000017,2007,124
E09000017,2008,151
E09000017,2009,121
E09000017,2010,125
E09000017,2011,131
E09000017,2012,139
E09000017,2013,101
E09000017,2014,122
E09000017,2015,98
E09000017,2016,87
E09000017,2017,66
E09000017,2018,74
E09000017,2019,74
E09000017,2020,56
E09000017,2021,68
E09000017,2022,72
E09000017,2023,64
E09000017,2024,99
E09000018,2001,121
E09000018,2002,119
E09000018,2003,102
E09000018,2004,115
E09000018,2005,167
E09000018,2006,134
E09000018,2007,134
E09000018,2008,134
E09000018,2009,170
E09000018,2010,198
E09000018,2011,181
E09000018,2012,190
E09000018,2013,162
E09000018,2014,152
E09000018,2015,112
E09000018,2016,119
E09000018,2017,89
E09000018,2018,71
E09000018,2019,92
E09000018,2020,92
E09000018,2021,66
E09000018,2022,91
E09000018,2023,84
E09000018,2024,103
E09000019,2001,78
E09000019,2002,105
E09000019,2003,94
E09000019,2004,86
E09000019,2005,86
E09000019,2006,96
E09000019,2007,93
E09000019,2008,93
E09000019,2009,91
E09000019,2010,63
E09000019,2011,82
E09000019,2012,69
E09000019,2013,63
E09000019,2014,59
E09000019,2015,48
E09000019,2016,42
E09000019,2017,43
E09000019,2018,29
E09000019,2019,31
E09000019,2020,22
E09000019,2021,35
E09000019,2022,28
E09000019,2023,31
E09000019,2024,27
E09000020,2001,40
E09000020,2002,34
E09000020,2003,51
E09000020,2004,48
E09000020,2005,47
E09000020,2006,53
E09000020,2007,32
E09000020,2008,52
E09000020,2009,50
E09000020,2010,36
E09000020,2011,47
E09000020,2012,33
E09000020,2013,35
E09000020,2014,36
E09000020,2015,21
E09000020,2016,22
E09000020,2017,28
E09000020,2018,22
E09000020,2019,15
E09000020,2020,18
E09000020,2021,14
E09000020,2022,20
E09000020,2023,16
E09000020,2024,9
E09000021,2001,14
E09000021,2002,20
E09000021,2003,20
E09000021,2004,22
E09000021,2005,28
E09000021,2006,25
E09000021,2007,29
E09000021,2008,29
E09000021,2009,31
E09000021,2010,37
E09000021,2011,30
E09000021,2012,28
E09000021,2013,25
E09000021,2014,26
E09000021,2015,21
E09000021,2016,11
E09000021,2017,5
E09000021,2018,18
E09000021,2019,14
E09000021,2020,15
E09000021,2021,19
E09000021,2022,7
E09000021,2023,18
E09000021,2024,17
E09000022,2001,125
E09000022,2002,158
E09000022,2003,156
E09000022,2004,126
E09000022,2005,144
E09000022,2006,134
E09000022,2007,104
E09000022,2008,126
E09000022,2009,117
E09000022,2010,114
E09000022,2011,97
E09000022,2012,98
E09000022,2013,76
E09000022,2014,77
E09000022,2015,62
E09000022,2016,57
E09000022,2017,48
E09000022,2018,52
E09000022,2019,47
E09000022,2020,51
E09000022,2021,48
E09000022,2022,48
E09000022,2023,46
E09000022,2024,47
E09000023,2001,68
E09000023,2002,96
E09000023,2003,80
E09000023,2004,77
E09000023,2005,98
E09000023,2006,84
E09000023,2007,100
E09000023,2008,82
E09000023,2009,73
E09000023,2010,73
E09000023,2011,106
E09000023,2012,85
E09000023,2013,70
E09000023,2014,69
E09000023,2015,63
E09000023,2016,63
E09000023,2017,48
E09000023,2018,54
E09000023,2019,47
E09000023,2020,42
E09000023,2021,27
E09000023,2022,39
E09000023,2023,33
E09000023,2024,39
E09000024,2001,31
E09000024,2002,55
E09000024,2003,41
E09000024,2004,62
E09000024,2005,61
E09000024,2006,66
E09000024,2007,57
E09000024,2008,63
E09000024,2009,61
E09000024,2010,54
E09000024,2011,64
E09000024,2012,72
E09000024,2013,60
E09000024,2014,47
E09000024,2015,51
E09000024,2016,47
E09000024,2017,35
E09000024,2018,26
E09000024,2019,32
E09000024,2020,27
E09000024,2021,28
E09000024,2022,25
E09000024,2023,31
E09000024,2024,32
E09000025,2001,203
E09000025,2002,219
E09000025,2003,245
E09000025,2004,241
E09000025,2005,256
E09000025,2006,261
E09000025,2007,277
E09000025,2008,283
E09000025,2009,309
E09000025,2010,301
E09000025,2011,370
E09000025,2012,367
E09000025,2013,335
E09000025,2014,252
E09000025,2015,248
E09000025,2016,188
E09000025,2017,162
E09000025,2018,161
E09000025,2019,156
E09000025,2020,140
E09000025,2021,144
E09000025,2022,149
E09000025,2023,142
E09000025,2024,164
E09000026,2001,83
E09000026,2002,92
E09000026,2003,111
E09000026,2004,109
E09000026,2005,120
E09000026,2006,144
E09000026,2007,135
E09000026,2008,162
E09000026,2009,147
E09000026,2010,137
E09000026,2011,161
E09000026,2012,154
E09000026,2013,150
E09000026,2014,131
E09000026,2015,113
E09000026,2016,124
E09000026,2017,107
E09000026,2018,91
E09000026,2019,88
E09000026,2020,80
E09000026,2021,88
E09000026,2022,81
E09000026,2023,92
E09000026,2024,111
E09000027,2001,11
E09000027,2002,16
E09000027,2003,11
E09000027,2004,12
E09000027,2005,19
E09000027,2006,20
E09000027,2007,14
E09000027,2008,13
E09000027,2009,20
E09000027,2010,16
E09000027,2011,16
E09000027,2012,13
E09000027,2013,12
E09000027,2014,9
E09000027,2015,14
E09000027,2016,11
E09000027,2017,10
E09000027,2018,14
E09000027,2019,14
E09000027,2020,5
E09000027,2021,14
E09000027,2022,9
E09000027,2023,8
E09000027,2024,10
E09000028,2001,95
E09000028,2002,106
E09000028,2003,100
E09000028,2004,132
E09000028,2005,136
E09000028,2006,125
E09000028,2007,104
E09000028,2008,117
E09000028,2009,95
E09000028,2010,95
E09000028,2011,118
E09000028,2012,115
E09000028,2013,92
E09000028,2014,76
E09000028,2015,80
E09000028,2016,79
E09000028,2017,70
E09000028,2018,44
E09000028,2019,49
E09000028,2020,43
E09000028,2021,45
E09000028,2022,49
E09000028,2023,37
E09000028,2024,56
E09000029,2001,17
E09000029,2002,32
E09000029,2003,31
E09000029,2004,24
E09000029,2005,25
E09000029,2006,28
E09000029,2007,32
E09000029,2008,18
E09000029,2009,30
E09000029,2010,33
E09000029,2011,32
E09000029,2012,29
E09000029,2013,25
E09000029,2014,24
E09000029,2015,22
E09000029,2016,26
E09000029,2017,14
E09000029,2018,24
E09000029,2019,30
E09000029,2020,18
E09000029,2021,24
E09000029,2022,22
E09000029,2023,24
E09000029,2024,16
E09000030,2001,64
E09000030,2002,126
E09000030,2003,149
E09000030,2004,118
E09000030,2005,128
E09000030,2006,132
E09000030,2007,153
E09000030,2008,132
E09000030,2009,139
E09000030,2010,153
E09000030,2011,140
E09000030,2012,120
E09000030,2013,100
E09000030,2014,94
E09000030,2015,82
E09000030,2016,90
E09000030,2017,67
E09000030,2018,61
E09000030,2019,71
E09000030,2020,53
E09000030,2021,65
E09000030,2022,72
E09000030,2023,59
E09000030,2024,68
E09000031,2001,66
E09000031,2002,106
E09000031,2003,100
E09000031,2004,99
E09000031,2005,114
E09000031,2006,120
E09000031,2007,91
E09000031,2008,129
E09000031,2009,92
E09000031,2010,114
E09000031,2011,122
E09000031,2012,124
E09000031,2013,119
E09000031,2014,86
E09000031,2015,99
E09000031,2016,85
E09000031,2017,80
E09000031,2018,47
E09000031,2019,44
E09000031,2020,53
E09000031,2021,57
E09000031,2022,52
E09000031,2023,54
E09000031,2024,51
E09000032,2001,49
E09000032,2002,100
E09000032,2003,96
E09000032,2004,94
E09000032,2005,125
E09000032,2006,81
E09000032,2007,115
E09000032,2008,110
E09000032,2009,84
E09000032,2010,100
E09000032,2011,87
E09000032,2012,92
E09000032,2013,63
E09000032,2014,48
E09000032,2015,63
E09000032,2016,52
E09000032,2017,48
E09000032,2018,46
E09000032,2019,45
E09000032,2020,25
E09000032,2021,38
E09000032,2022,31
E09000032,2023,39
E09000032,2024,42
E09000033,2001,77
E09000033,2002,77
E09000033,2003,91
E09000033,2004,84
E09000033,2005,95
E09000033,2006,84
E09000033,2007,85
E09000033,2008,69
E09000033,2009,81
E09000033,2010,62
E09000033,2011,67
E09000033,2012,53
E09000033,2013,59
E09000033,2014,52
E09000033,2015,37
E09000033,2016,41
E09000033,2017,37
E09000033,2018,31
E09000033,2019,32
E09000033,2020,24
E09000033,2021,32
E09000033,2022,33
E09000033,2023,24
E09000033,2024,34
