utla,year,population,pct_age_65plus,pct_age_15_44,international_in,intl_in_per_1000,asylum_supported,asylum_per_1000,diabetes_prev,hiv_prev,area_name,tb_count,tb_denominator,items_total,items_antituberculosis,items_oral_corticosteroids,items_inhaled_corticosteroids,items_immunosuppressants,items_proton_pump_inhibitors,items_statins,items_metformin,items_insulins,items_fluoroquinolones,items_all_antibacterials,items_vitamin_d,items_levothyroxine,rate_total_items,rate_antituberculosis,rate_oral_corticosteroids,rate_inhaled_corticosteroids,rate_immunosuppressants,rate_proton_pump_inhibitors,rate_statins,rate_metformin,rate_insulins,rate_fluoroquinolones,rate_all_antibacterials,rate_vitamin_d,rate_levothyroxine
E06000001,2011,92088,17.035878724698115,37.66071583702546,,,,,,0.499805629,Hartlepool,19.0,275391.0,,,,,,,,,,,,,,,,,,,,,,,,,,
E06000001,2012,92344,17.51386121458893,37.25959455947327,144.0,1.55938664125444,,,6.01892787519252,0.557040989,Hartlepool,14.0,276205.0,,,,,,,,,,,,,,,,,,,,,,,,,,
E06000001,2013,92465,17.931109068296113,36.75877359000703,142.0,1.535716216946953,,,6.16733426308307,0.557465374,Hartlepool,17.0,276897.0,,,,,,,,,,,,,,,,,,,,,,,,,,
E06000001,2014,92358,18.429372658567747,36.31629095476299,163.0,1.7648714783776176,128.5,1.391325061174993,6.30165342483499,0.522836745,Hartlepool,14.0,277167.0,2106880.0,69.0,16975.0,37824.0,4355.0,103008.0,126693.0,27301.0,11725.0,1210.0,81701.0,27865.0,54075.0,22812.10073843089,0.7470928344052491,183.79566469607397,409.5368024426688,47.15346802659218,1115.3121548755928,1371.7598908594816,295.5997314796769,126.95164468697892,13.101193183048572,884.6120530977283,301.7064033435111,585.4934060936789
E06000001,2015,92125,18.629036635006784,35.96417910447761,122.0,1.3242876526458616,132.75,1.4409769335142468,6.49360763190343,0.562239945,Hartlepool,11.0,276948.0,2109948.0,139.0,16638.0,38875.0,4525.0,106874.0,126822.0,28578.0,12469.0,1038.0,78128.0,31476.0,53890.0,22903.09905020353,1.508819538670285,180.6024423337856,421.9810040705563,49.11804613297151,1160.0976933514246,1376.6295793758482,310.2089552238806,135.348710990502,11.26729986431479,848.0651289009497,341.6662143826323,584.9660786974221
E06000001,2016,92260,18.753522653370908,35.595057446347276,160.0,1.7342293518317797,167.5,1.8155213526988945,6.69988710242535,0.59975636,Hartlepool,10.0,276743.0,2137977.0,74.0,16143.0,40072.0,4268.0,111271.0,126900.0,30271.0,12853.0,1010.0,73759.0,35616.0,55332.0,23173.39041838283,0.8020810752221981,174.97290266637762,434.3377411662692,46.26056796011273,1206.0589637979622,1375.4606546715804,328.10535443312375,139.31281161933666,10.94732278343811,799.4688922610014,386.03945371775416,599.7398655972253
E06000001,2017,92306,18.963014321929236,35.19381188655125,157.0,1.700864515849457,195.5,2.117955495850757,6.86987347012705,0.603716612,Hartlepool,9.0,276691.0,2143189.0,29.0,15771.0,42281.0,3755.0,116163.0,130566.0,32217.0,13418.0,843.0,67068.0,39910.0,56263.0,23218.306502285875,0.31417242649448573,170.8556323532598,458.0525642970121,40.67991246506186,1258.455571685481,1414.4909323337595,349.0238987714775,145.36433167941414,9.132667432236257,726.5833206942127,432.36626004810086,609.5270079951466
E06000001,2018,92288,19.23868758668516,34.79000520110957,162.0,1.7553744798890432,268.5,2.909370665742025,7.07818718044483,0.814471066,Hartlepool,11.0,276854.0,2161775.0,26.0,15123.0,44084.0,3394.0,120417.0,139022.0,35842.0,13980.0,820.0,61156.0,42140.0,57898.0,23424.226334951454,0.2817267683772538,163.86745839112342,477.67857142857144,36.77617891816921,1304.7958564493758,1506.393030513176,388.37118585298197,151.48231622746187,8.88522884882108,662.6647018030513,456.61407766990294,627.3621705963939
E06000001,2019,92401,19.43485460114068,34.70741658640058,166.0,1.7965173537082932,305.25,3.3035356760208225,7.27660887905756,0.875073731,Hartlepool,7.0,276995.0,2175355.0,42.0,14658.0,44776.0,3266.0,126186.0,143277.0,37108.0,14344.0,739.0,60755.0,39701.0,59375.0,23542.548240819906,0.45454053527559224,158.63464681118168,484.58350017856947,35.34593781452582,1365.6345710544258,1550.6001017305007,401.5973853096828,155.2364151903118,7.997748942111016,657.5145290635382,429.6598521661021,642.579625761626
E06000001,2020,92202,19.611288258389187,34.83655452159389,171.0,1.8546235439578318,319.0,3.4597947983774757,7.57260878489327,0.799527884,Hartlepool,10.0,276891.0,2203245.0,76.0,12599.0,47411.0,3293.0,139872.0,149777.0,39709.0,14568.0,762.0,55301.0,42139.0,61927.0,23895.848246241945,0.8242771306479252,136.6456259083317,514.2079347519577,35.715060410837076,1517.016984447192,1624.4441552243986,430.6739550118219,158.0009110431444,8.264462809917356,599.7809158152752,457.0291316891174,671.6448667057114
E06000001,2021,92575,19.806643262219822,35.01701323251418,171.0,1.8471509586821495,357.0,3.8563327032136105,7.92330556583194,0.972497761,Hartlepool,9.0,277178.0,2211295.0,101.0,11441.0,46708.0,3158.0,146697.0,151834.0,40524.0,15275.0,683.0,56149.0,45034.0,61797.0,23886.524439643534,1.0910072913853632,123.58628139346476,504.54226302997574,34.11288144747502,1584.6286794490954,1640.1188225762894,437.74237105049957,165.00135025654873,7.377801782338644,606.5244396435323,486.4596273291926,667.534431541993
E06000001,2022,94058,19.940887537476875,35.46109847115609,1165.0,12.385974611409981,391.0,4.157009504773651,8.38418880251196,1.020801187,Hartlepool,9.0,278938.0,2306751.0,71.0,12918.0,46798.0,3273.0,152884.0,159665.0,42742.0,15672.0,778.0,62630.0,48974.0,62210.0,24524.77194922282,0.7548533883348572,137.34078972548852,497.54406855344575,34.797678028450534,1625.4226115800889,1697.5164260349998,454.42173977758404,166.6205958025899,8.271492058091816,665.865742414255,520.6787301452296,661.4004125114291
E06000001,2023,95717,19.953613255743495,36.08449909629429,1011.0,10.562387036785523,423.25,4.4218895285059086,8.6773652454748,1.045866013,Hartlepool,9.0,282678.0,2430187.0,48.0,13077.0,48134.0,3605.0,161781.0,176191.0,47200.0,16548.0,719.0,63139.0,52974.0,63885.0,25389.29343794728,0.501478316286553,136.6214987933178,502.87827658618636,37.66311104610466,1690.2013226490594,1840.7492921842513,493.1203443484439,172.88464953978917,7.51172727937566,659.6424877503474,553.4440068117472,667.4362965826342
E06000001,2024,97868,20.123022847100177,36.511423550087876,1097.0,11.208975354559202,440.5,4.500960477377692,9.049566295,1.030567408,Hartlepool,9.0,288283.0,2598380.0,55.0,13117.0,49069.0,3786.0,173550.0,196182.0,51520.0,18340.0,622.0,61318.0,59027.0,67504.0,26549.842645195567,0.5619814443944905,134.02746556586422,501.37940899987746,38.68475906322802,1773.306903175706,2004.557158621817,526.4233457309846,187.39526709445374,6.355499243879511,626.5377855887522,603.1287039686107,689.7453713164671
E06000001,2025,99656,20.283776190093924,36.96716705466806,,,429.75,4.312334430440716,,,Hartlepool,,,,,,,,,,,,,,,,,,,,,,,,,,,,
E06000002,2011,138368,15.057672294172063,40.96684204440333,,,,,,1.456925154,Middlesbrough,60.0,413308.0,,,,,,,,,,,,,,,,,,,,,,,,,,
E06000002,2012,138472,15.38939280143278,40.65731700271535,824.0,5.950661505575134,,,5.90844118971628,1.489407301,Middlesbrough,59.0,414507.0,,,,,,,,,,,,,,,,,,,,,,,,,,
E06000002,2013,138588,15.626894103385574,40.30652004502554,936.0,6.75383150056282,,,6.05655427982874,1.387178183,Middlesbrough,56.0,415428.0,,,,,,,,,,,,,,,,,,,,,,,,,,
E06000002,2014,139030,15.826799971229232,40.01798173056175,1094.0,7.868805293821477,785.75,5.651657915557793,6.17588497685717,1.41990757,Middlesbrough,52.0,416090.0,3557429.0,357.0,25868.0,64392.0,8070.0,181219.0,190523.0,52475.0,18817.0,2172.0,128926.0,45868.0,101125.0,25587.491908221247,2.567791124217795,186.06056246853197,463.1518377328634,58.045026253326625,1303.4524922678559,1370.373300726462,377.43652449111704,135.34488959217435,15.622527512047759,927.3250377616342,329.9144069625261,727.3610012227577
E06000002,2015,139602,15.90378361341528,39.64771278348448,1190.0,8.524233177175113,807.5,5.784301084511684,6.33445405059238,1.448138595,Middlesbrough,41.0,417220.0,3551768.0,252.0,26927.0,67430.0,7704.0,185577.0,188356.0,54177.0,19693.0,1793.0,119279.0,50276.0,100547.0,25442.099683385626,1.8051317316370825,192.8840561023481,483.01600263606537,55.18545579576224,1329.3290927064083,1349.235684302517,388.0818326385009,141.06531425051216,12.843655535020988,854.4218564203951,360.13810690391256,720.2403977020386
E06000002,2016,140649,16.026420379810734,39.41798377521347,1541.0,10.956352338089856,704.75,5.010700396021302,6.61411543187222,1.213694334,Middlesbrough,41.0,419281.0,3700645.0,168.0,27224.0,72175.0,7767.0,197147.0,196111.0,58862.0,21213.0,1708.0,115558.0,57966.0,105048.0,26311.207331726495,1.19446281168014,193.55985467369123,513.156865672703,55.222575347140754,1401.6949996089556,1394.3291456035947,418.50279774474046,150.8222596676834,12.143705252081423,821.6055570960333,412.13232941577974,746.8805323891389
E06000002,2017,141213,16.230800280427438,39.05731058755214,1024.0,7.251457018829711,530.0,3.753195527323972,6.85966415896899,1.342119575,Middlesbrough,46.0,421464.0,3686886.0,126.0,25781.0,73414.0,7544.0,202331.0,206224.0,63753.0,21588.0,1741.0,104799.0,61878.0,107891.0,26108.686877270506,0.8922691253638121,182.56817715082892,519.8813140433246,53.42284350590951,1432.8071778094086,1460.3754611827521,451.46693293110405,152.8754434789998,12.328893232209499,742.1342227698583,438.1891185655711,764.0302238462464
E06000002,2018,141057,16.447251820186167,38.80417136334957,1701.0,12.05895489057615,686.25,4.865054552414982,7.29953481037609,1.560880423,Middlesbrough,46.0,422919.0,3643467.0,202.0,24347.0,72447.0,7355.0,202855.0,213949.0,67184.0,22053.0,1799.0,98313.0,63843.0,108161.0,25829.74967566303,1.4320452015851748,172.60398278710025,513.6008847487186,52.14204186959881,1438.106581027528,1516.7556377918145,476.2897268480118,156.34105361662307,12.753709493325394,696.9735638784322,452.6042663604075,766.78931212205
E06000002,2019,142134,16.64485626240027,38.87950806984958,2417.0,17.005079713509787,679.0,4.777182095768781,7.46560660976655,1.555000544,Middlesbrough,45.0,424404.0,3679020.0,102.0,24460.0,71551.0,7265.0,216389.0,223151.0,70899.0,22669.0,1677.0,96296.0,63987.0,111282.0,25884.165646502595,0.7176326565072397,172.09112527614786,503.4052373112696,51.11373774044212,1522.429538322991,1570.0043620808533,498.81801680104695,159.49034010159426,11.798725146692558,677.5015126570701,450.18785090126215,782.9372282493985
E06000002,2020,142459,16.762015737861418,38.99507928597,3250.0,22.813581451505346,624.0,4.3802076386890265,7.58310356578581,1.299592972,Middlesbrough,40.0,425650.0,3689294.0,102.0,19578.0,72866.0,6743.0,235801.0,236200.0,74072.0,23085.0,1557.0,86090.0,67707.0,115546.0,25897.23359001537,0.7159954794010909,137.4290146638682,511.48751570627337,47.33291683923094,1655.2200984142805,1658.020904260173,519.9531093156627,162.04662394092335,10.929460406151946,604.3142237415677,475.27358748833,811.082486890965
E06000002,2021,143943,16.9310074126564,39.430885836754825,3623.0,25.169685222622846,636.5,4.421889220038487,7.80267636780811,1.356884956,Middlesbrough,37.0,428536.0,3755637.0,73.0,19594.0,71190.0,6578.0,248277.0,246859.0,77564.0,23150.0,1621.0,90142.0,74074.0,116894.0,26091.14024301286,0.5071451894152547,136.12332659455478,494.57076759550654,45.698644602377335,1724.8285779787834,1714.9774563542512,538.8521845452714,160.8275497940157,11.261402082768873,626.2339954009574,514.6064761745969,812.0853393357093
E06000002,2022,149095,16.704785539421174,41.031557060934304,7995.0,53.62352862269023,633.75,4.250645561554713,8.05889534238467,1.567507267,Middlesbrough,38.0,435741.0,3796394.0,126.0,20661.0,71092.0,6815.0,252687.0,255918.0,80635.0,23527.0,1423.0,96921.0,78293.0,116428.0,25462.919615010564,0.8450987625339549,138.57607565646066,476.8235017941581,45.70911164022939,1694.8053254636307,1716.4760723028942,540.8296723565512,157.7987189375901,9.544250310204902,650.0620409805829,525.1215667862772,780.8980851135182
E06000002,2023,153186,16.666666666666668,42.21991565808886,8398.0,54.8222422414581,661.25,4.316647735432742,8.35244886442752,1.580203772,Middlesbrough,37.0,446921.0,3919142.0,126.0,20765.0,69834.0,7002.0,261740.0,274093.0,85499.0,24581.0,1450.0,99857.0,84382.0,118027.0,25584.20482289504,0.8225294739728174,135.55416291305994,455.87716893188673,45.709137910775134,1708.641781886073,1789.2823103939002,558.1384721841422,160.46505555337956,9.465616962385596,651.8676641468542,550.8466831172561,770.481636703093
E06000002,2024,154700,16.8409825468649,42.41887524240465,7685.0,49.67679379444085,649.25,4.19683257918552,9.07947945,1.709757686,Middlesbrough,45.0,459139.0,4156421.0,83.0,21216.0,71252.0,7426.0,276193.0,304026.0,92468.0,26740.0,1249.0,105762.0,94520.0,122535.0,26867.621202327085,0.5365223012281836,137.14285714285714,460.5817711700065,48.00258564964447,1785.3458306399484,1965.261797026503,597.7246283128636,172.85067873303166,8.073691014867485,683.6586942469295,610.989010989011,792.0814479638009
E06000002,2025,152795,17.36706044045944,41.89011420530777,,,698.25,4.569848489806604,,,Middlesbrough,,,,,,,,,,,,,,,,,,,,,,,,,,,,
E06000003,2011,135164,19.550324050782752,35.854221538279425,,,,,,0.338228971,Redcar and Cleveland,16.0,406414.0,,,,,,,,,,,,,,,,,,,,,,,,,,
E06000003,2012,134951,20.276989425791584,35.199442760705736,163.0,1.207845810701662,,,6.51420335334148,0.340782493,Redcar and Cleveland,13.0,405498.0,,,,,,,,,,,,,,,,,,,,,,,,,,
E06000003,2013,134838,20.727094735905307,34.72759904477966,138.0,1.023450362657411,,,6.69683245004312,0.369320065,Redcar and Cleveland,11.0,404953.0,,,,,,,,,,,,,,,,,,,,,,,,,,
E06000003,2014,135106,21.28328867703877,34.227939543765636,181.0,1.3396888369132385,2.5,0.018503989460127605,6.88518459665801,0.371569604,Redcar and Cleveland,13.0,404895.0,3737543.0,205.0,25616.0,65487.0,9327.0,204191.0,245231.0,59484.0,20714.0,2084.0,115341.0,49686.0,131648.0,27663.782511509482,1.5173271357304634,189.59927760425145,484.70830311015055,69.03468387784406,1511.339244741166,1815.1007357186209,440.27652361849215,153.3166550708333,15.424925613962369,853.7074593282313,367.75568812636004,974.4052817787515
E06000003,2015,135370,21.535052079485855,33.78887493536234,179.0,1.3223018394031174,7.0,0.05171012779788727,7.06125183320961,0.372846156,Redcar and Cleveland,12.0,405314.0,3756246.0,239.0,25262.0,67296.0,9263.0,212164.0,243855.0,61196.0,21224.0,1710.0,108924.0,52169.0,133846.0,27747.994385757553,1.765531506242151,186.61446406146118,497.12639432666026,68.42727339883282,1567.2896505872793,1801.396173450543,452.0647115313585,156.78510748319422,12.632045504912462,804.6391371795819,385.3808081554259,988.7419664622885
E06000003,2016,135344,21.823649367537534,33.2825984158884,201.0,1.4851046222957798,37.0,0.2733774677857903,7.40263277349069,0.347928494,Redcar and Cleveland,12.0,405820.0,3847910.0,279.0,26927.0,69160.0,8855.0,221456.0,246318.0,64490.0,22468.0,1682.0,109568.0,55836.0,136747.0,28430.591677503253,2.0614138787090672,198.9522993261615,510.9942073531151,65.425877763329,1636.2454190802696,1819.9403002718998,476.48953777042203,166.00662016786853,12.427591913937817,809.5519564960397,412.5487646293888,1010.3661780352287
E06000003,2017,135584,22.105853198017464,32.70887420344584,183.0,1.3497167807410904,51.75,0.3816822043898985,7.66101389139455,0.403323382,Redcar and Cleveland,9.0,406298.0,3831303.0,221.0,26148.0,68995.0,8798.0,224822.0,253463.0,67282.0,22487.0,1676.0,109034.0,58541.0,137623.0,28257.78115411848,1.6299858390370545,192.85461411375974,508.87272834552755,64.8896624970498,1658.1750059004012,1869.4167453386829,496.2384942176068,165.85290299740382,12.36134057115884,804.1804342695303,431.76923530800093,1015.0386476280387
E06000003,2018,136276,22.40746719891984,32.40335789133817,215.0,1.577680589392116,77.25,0.5668643047932138,8.1873179475689,0.512792826,Redcar and Cleveland,9.0,407204.0,3863655.0,258.0,24766.0,69775.0,8783.0,230574.0,262400.0,71742.0,23547.0,2014.0,109503.0,62435.0,138943.0,28351.690686547885,1.893216707270539,181.7341277994658,512.012386627139,64.4500865889812,1691.963368458129,1925.50412398368,526.4463295077637,172.78904576007514,14.778831195514984,803.5384073497901,458.1511051102175,1019.5705773577153
E06000003,2019,136699,22.787291787065012,32.29065318692895,222.0,1.6240060278421935,99.0,0.7242189043080052,8.48525469168901,0.623297811,Redcar and Cleveland,7.0,408559.0,3873993.0,280.0,25582.0,68463.0,8606.0,238939.0,269667.0,73972.0,23849.0,1614.0,103913.0,66048.0,139979.0,28339.585512695776,2.0482958909721356,187.14109101017564,500.8302913700905,62.95583727752214,1747.92061390354,1972.7064572527963,541.1305130249673,174.46360251355168,11.806962742960811,760.1591818520984,483.1637393104558,1023.994323294245
E06000003,2020,136571,23.04003046034663,32.1957077271163,174.0,1.274062575510174,111.5,0.8164251561458875,8.64706985717731,0.531806111,Redcar and Cleveland,7.0,409546.0,3862729.0,135.0,22377.0,70260.0,8914.0,257156.0,275701.0,75592.0,24467.0,1484.0,87247.0,69869.0,140936.0,28283.66930021747,0.9884968258268593,163.84884052983432,514.4576813525565,65.27007929941203,1882.9473314246802,2018.7375064984515,553.4996448733625,179.15223583337607,10.866142885385623,638.8398708364148,511.5947016570136,1031.9613973684018
E06000003,2021,136605,23.37908568500421,32.250649683393725,158.0,1.1566194502397424,121.5,0.8894257164818272,8.91302220917719,0.537960708,Redcar and Cleveland,,,3874228.0,71.0,22328.0,67679.0,9177.0,267173.0,278676.0,77725.0,25126.0,1596.0,93567.0,73176.0,140209.0,28360.80670546466,0.51974671498115,163.44936129717067,495.43574539731344,67.17909300538048,1955.8068884740676,2040.0131766772813,568.9762453790124,183.93177409318838,11.683320522674865,684.945646206215,535.6758537388822,1026.3826360674939
E06000003,2022,137087,23.613471736926186,32.374331628819654,842.0,6.142084953350792,172.25,1.2565013458606578,9.34780491691529,0.664249539,Redcar and Cleveland,6.0,410409.0,4005084.0,60.0,24323.0,68266.0,9327.0,276844.0,292159.0,81577.0,25712.0,1572.0,109894.0,78311.0,141918.0,29215.636785399052,0.43767826270908256,177.42747306455027,497.97573803497045,68.03708593812688,2019.4766826905543,2131.1940592470473,595.0746606169804,187.5597248462655,11.467170482977963,801.6369167025321,571.2503738501828,1035.240394785793
E06000003,2023,137810,23.80741600754662,32.665989405703506,826.0,5.993759523982295,223.5,1.6217981278571947,9.76277211692449,0.690903544,Redcar and Cleveland,7.0,411953.0,4176132.0,64.0,25101.0,70090.0,9401.0,288662.0,319890.0,85427.0,25989.0,1544.0,114309.0,85740.0,143641.0,30303.548363689137,0.46440751759669113,182.14207967491475,508.5987954430012,68.21711051447646,2094.6375444452506,2321.239387562586,619.8897032145708,188.58573398156884,11.203831362020173,829.4681082650025,622.1609462303171,1042.3118786735358
E06000003,2024,138788,24.183647001181658,32.76075741418566,790.0,5.692134766694527,249.0,1.7941032365910596,10.45154079,0.755546391,Redcar and Cleveland,7.0,414576.0,4415768.0,81.0,26145.0,71303.0,9827.0,302249.0,361055.0,91022.0,27047.0,1372.0,113879.0,96521.0,149438.0,31816.641208173616,0.5836239444332363,188.38083984206128,513.7547914805315,70.80583335735079,2177.7747355679167,2601.4857192264462,655.834798397556,194.87996080352767,9.885580885955559,820.524829235957,695.456379514079,1076.7357408421476
E06000003,2025,139541,24.550490536831468,32.794662500627055,,,259.25,1.8578768963960413,,,Redcar and Cleveland,,,,,,,,,,,,,,,,,,,,,,,,,,,,
E06000004,2011,191824,15.744640920844107,39.29331053465677,,,,,,0.955002069,Stockton-on-Tees,29.0,572704.0,,,,,,,,,,,,,,,,,,,,,,,,,,
E06000004,2012,192837,16.274366433827534,38.91680538485871,651.0,3.3759081504068202,,,5.72392991437696,1.000017405,Stockton-on-Tees,32.0,575563.0,,,,,,,,,,,,,,,,,,,,,,,,,,
E06000004,2013,193923,16.649907437488075,38.43845237542736,790.0,4.0737818618730115,,,5.9550209678811,1.045423627,Stockton-on-Tees,32.0,578584.0,,,,,,,,,,,,,,,,,,,,,,,,,,
E06000004,2014,195113,16.971191053389575,38.14097471721515,806.0,4.130939506849876,620.5,3.1802083920599857,6.14292450181872,1.151209593,Stockton-on-Tees,29.0,581873.0,4107950.0,110.0,27671.0,85097.0,11733.0,204767.0,262775.0,61557.0,23003.0,2814.0,155958.0,49297.0,109159.0,21054.209611865943,0.5637758632177251,141.82038100997886,436.14213302035233,60.134383664850624,1049.4790198500357,1346.7836587003428,315.49409829175914,117.89578346906664,14.42241162813344,799.3214188700907,252.6587157185836,559.4655404816697
E06000004,2015,195790,17.222534348025945,37.70212983298432,803.0,4.101333060932632,748.0,3.8204198375810816,6.34945693356908,1.145355225,Stockton-on-Tees,27.0,584826.0,4227879.0,120.0,27950.0,88747.0,11568.0,219308.0,270327.0,64720.0,25113.0,2340.0,142147.0,57699.0,113668.0,21593.947596915063,0.612901578221564,142.75499259410591,453.2764696869094,59.08371214055876,1120.1184943051228,1380.6987077991726,330.5582511874968,128.2649777823178,11.951580775320497,726.0176719955053,294.69840134838347,580.5608049440727
E06000004,2016,196412,17.47856546443191,37.29812842392522,836.0,4.256359081929821,867.75,4.418009082948089,6.53785439161457,0.955327511,Stockton-on-Tees,32.0,587315.0,4384662.0,156.0,28516.0,91917.0,10732.0,230010.0,278850.0,70342.0,26094.0,2087.0,144542.0,69275.0,118623.0,22323.79895322078,0.79424882390078,145.18461193817078,467.9805714518461,54.640246013481864,1171.058794778323,1419.7197727226442,358.13494083864526,132.85338981324972,10.625623688980308,735.9122660529906,352.70248253670854,603.9498604973219
E06000004,2017,197046,17.72327273834536,36.88529581925033,810.0,4.110715264456015,695.75,3.530901413883053,6.7686760816408,1.041703463,Stockton-on-Tees,31.0,589248.0,4376424.0,103.0,26751.0,93285.0,9965.0,236187.0,288243.0,73424.0,27064.0,1821.0,126837.0,80260.0,119682.0,22210.16412411315,0.5227205830110735,135.76017782649734,473.41737462318446,50.57194766704221,1198.6388965013246,1462.8208641636977,372.62365133014623,137.34863940399703,9.241496909351115,643.6923357997625,407.31605817930836,607.381017630401
E06000004,2018,197509,18.007280680880363,36.56187819289248,791.0,4.004880790242471,916.5,4.640294872638715,6.92178666832329,1.294693589,Stockton-on-Tees,29.0,590967.0,4400964.0,136.0,25543.0,94962.0,9889.0,240780.0,300929.0,76938.0,27957.0,1747.0,116851.0,85660.0,122187.0,22282.346627242303,0.6885762167799949,129.32575224420154,480.7983433666314,50.06860446865712,1219.0836873256408,1523.621708377846,389.5417424016121,141.54798009204643,8.845166549372435,591.6236728452881,433.70175536304674,618.6401632330678
E06000004,2019,196860,18.436960276338514,36.0515086863761,527.0,2.677029360967185,894.0,4.5412983846388295,7.03968553187018,1.269739032,Stockton-on-Tees,21.0,591415.0,4442668.0,129.0,26671.0,94987.0,9876.0,251342.0,315894.0,78603.0,28817.0,1584.0,113741.0,81980.0,122591.0,22567.65213857564,0.6552880219445291,135.4820684750584,482.5104134918216,50.167631819567205,1276.7550543533475,1604.6632124352332,399.28375495275833,146.38321649903486,8.046327339225845,577.7760845270751,416.4380778218023,622.7318906837346
E06000004,2020,196388,18.736379004827178,35.788337372955574,567.0,2.8871417805568567,686.75,3.49690408782614,7.09858668999593,0.962758362,Stockton-on-Tees,18.0,590757.0,4483443.0,138.0,23420.0,99434.0,9710.0,273180.0,327939.0,81442.0,29261.0,1587.0,104573.0,82924.0,124711.0,22829.5160600444,0.7026905920932032,119.25372222335378,506.3140314072143,49.44293948713771,1391.0218546958063,1669.8525368148767,414.6994724728599,148.99586532782044,8.080941809071836,532.4816180214677,422.24575839664334,635.0235248589527
E06000004,2021,197032,19.04157700272037,35.889094157294245,585.0,2.9690608632100366,726.5,3.6872183198668234,7.3613154056017,1.057541132,Stockton-on-Tees,17.0,590280.0,4555109.0,108.0,22752.0,97929.0,9668.0,288373.0,332692.0,83721.0,29540.0,1691.0,110521.0,87019.0,126355.0,23118.6254009501,0.5481343132080069,115.47362864915344,497.0207885013602,49.06817166754639,1463.5845953956718,1688.5176012018353,424.910674408218,149.92488529781963,8.582362255877218,560.9291891672419,441.64907223192176,641.2917698647935
E06000004,2022,200573,19.20248488081646,36.45555483539659,3242.0,16.163691025212767,767.5,3.8265369715764335,7.68970578464475,1.256919742,Stockton-on-Tees,17.0,594173.0,4753399.0,97.0,24733.0,98861.0,9727.0,300363.0,348165.0,87297.0,30807.0,1649.0,123991.0,91604.0,128694.0,23699.097086846188,0.48361444461617464,123.31171194527678,492.8928619505118,48.49605879156217,1497.5245920437944,1735.851784637015,435.2380430067855,153.59495046691228,8.221445558474969,618.1839031175682,456.7115214909285,641.6317251075668
E06000004,2023,203361,19.386706398965387,36.934318773019406,3124.0,15.361844208083163,797.0,3.919138871268335,7.96704599336178,1.189605474,Stockton-on-Tees,28.0,601553.0,4946546.0,86.0,24434.0,98995.0,9844.0,313884.0,378679.0,93401.0,32030.0,1574.0,128058.0,97607.0,131158.0,24323.96575547917,0.42289327845555436,120.15086471840716,486.7944197756699,48.406528292052066,1543.4817885435261,1862.1023696775685,459.28668722124695,157.50315940617915,7.73993046847724,629.7077610751323,479.96911895594536,644.9515885543442
E06000004,2024,206018,19.63129435292062,37.15743284567368,2983.0,14.479317341203195,802.75,3.8965041889543635,8.169772017,1.395853758,Stockton-on-Tees,34.0,611321.0,5234157.0,75.0,25363.0,100460.0,10304.0,332047.0,427342.0,99729.0,34053.0,1374.0,123069.0,106892.0,135769.0,25406.309157452262,0.3640458600704793,123.11060198623422,487.62729470240464,50.01504722888291,1611.7378093176324,2074.2944791231835,484.0790610529177,165.2913823064004,6.669320156491181,597.3701327068509,518.8478676620489,659.0152316787854
E06000004,2025,207158,20.059085335830623,37.1566630301509,,,804.0,3.8810955888741927,,,Stockton-on-Tees,,,,,,,,,,,,,,,,,,,,,,,,,,,,
E06000005,2011,105584,17.587892104864373,37.70741779057433,,,,,,0.87887764,Darlington,,,,,,,,,,,,,,,,,,,,,,,,,,,,
E06000005,2012,105557,18.16269882622659,37.30875261706945,298.0,2.823119262578512,,,6.68420412098971,0.900193155,Darlington,16.0,316169.0,,,,,,,,,,,,,,,,,,,,,,,,,,
E06000005,2013,105591,18.524306048810978,36.91602504001288,318.0,3.011620308549024,,,6.78637725079454,0.836929917,Darlington,19.0,316732.0,,,,,,,,,,,,,,,,,,,,,,,,,,
E06000005,2014,105825,18.943538861327664,36.626506024096386,340.0,3.21285140562249,2.0,0.01889912591542641,6.83158176430404,0.872686565,Darlington,20.0,316973.0,2368590.0,101.0,19095.0,37751.0,7279.0,127318.0,149950.0,36360.0,11802.0,1487.0,73475.0,43558.0,57754.0,22382.14032600992,0.9544058587290338,180.43940467753367,356.7304512166312,68.78336876919442,1203.09945665013,1416.9619655090953,343.58610914245213,111.52374202693126,14.051500118119536,694.3066383179778,411.60406331207184,545.7500590597684
E06000005,2015,105988,19.201230327961657,36.0465335698381,398.0,3.755142091557535,2.0,0.018870060761595652,7.13599925967912,0.975383937,Darlington,16.0,317404.0,2418252.0,124.0,18563.0,37919.0,7346.0,135245.0,152976.0,38112.0,12465.0,1367.0,71689.0,44628.0,59081.0,22816.281088425105,1.1699437672189303,175.14246895875004,357.76691700947276,69.30973317734083,1276.040683851002,1443.333207532928,359.58787787296677,117.6076536966449,12.897686530550628,676.3878929690154,421.06653583424537,557.4310299279164
E06000005,2016,106258,19.445124131830074,35.572850985337574,424.0,3.9902877900958043,13.5,0.12704925746767304,7.43655231126757,0.977695286,Darlington,18.0,318071.0,2599404.0,207.0,19979.0,39663.0,6969.0,145729.0,160527.0,42702.0,13855.0,1317.0,73436.0,50432.0,63698.0,24463.136893222156,1.9480886145043197,188.02348999604735,373.27071844002336,65.58565002164544,1371.4637956671497,1510.7286039639368,401.87091795441285,130.3901823862674,12.394360895179656,691.1103163997063,474.6183816747915,599.4654520130249
E06000005,2017,106541,19.792380398156578,35.07851437474775,381.0,3.576088078767798,40.0,0.3754423179808712,7.52498395525809,1.069179296,Darlington,14.0,318787.0,2667479.0,322.0,21242.0,40629.0,7016.0,151298.0,165724.0,43312.0,14624.0,1469.0,78127.0,53532.0,66887.0,25037.11247313241,3.0223106597460134,199.37864296374167,381.3461484311204,65.85258257384481,1420.0917956467463,1555.4950676265476,406.5289419096874,137.26171145380653,13.788119127847494,733.3045494222882,502.4544541538,627.8052580696634
E06000005,2018,106411,20.059016455065734,34.87797314187443,368.0,3.4582890866545752,88.5,0.8316809352416573,7.69731433269389,1.20744586,Darlington,14.0,319210.0,2715825.0,1111.0,21227.0,42337.0,7244.0,160333.0,173989.0,44508.0,15623.0,1248.0,76514.0,57187.0,68929.0,25522.032496640386,10.440649932807698,199.48125663700182,397.8630028850401,68.07566886881995,1506.7333264418153,1635.0659236357144,418.2650289913637,146.81752826305552,11.728110815611169,719.0422042833917,537.4162445611826,647.7619794946012
E06000005,2019,106532,20.348815379416514,34.733225697443025,339.0,3.182142454849247,92.25,0.8659369954567642,7.80436336407883,1.279956937,Darlington,9.0,319484.0,2697017.0,615.0,21469.0,42736.0,7409.0,164175.0,177789.0,45138.0,16132.0,1154.0,75355.0,59837.0,69021.0,25316.49645177036,5.772913303045095,201.52630195621973,401.1564600307889,69.54717831261968,1541.0862463860624,1668.8788345285923,423.7036758908121,151.4286787068674,10.832425937746404,707.346149513761,561.6809972590395,647.8898359178463
E06000005,2020,106827,20.4695442163498,34.70938994823406,389.0,3.641401518342741,190.0,1.7785765770825728,7.98696922039991,1.123953581,Darlington,15.0,319770.0,2699105.0,409.0,18624.0,44627.0,7518.0,175563.0,184113.0,47474.0,16087.0,1254.0,65750.0,63356.0,69789.0,25266.131221507672,3.8286201054040645,174.3379482715044,417.75019423928404,70.3754668763515,1643.4328400123563,1723.4687859810722,444.4007601074635,150.58927050277552,11.738605408744979,615.4811049641008,593.0710400928604,653.2898986211351
E06000005,2021,108210,20.581277146289622,35.08363367526107,393.0,3.631827003049626,108.25,1.0003696516033638,8.17777974720004,1.206970692,Darlington,12.0,321569.0,2699128.0,395.0,17780.0,42889.0,7624.0,179000.0,188199.0,48925.0,16391.0,1003.0,65729.0,66988.0,69077.0,24943.424822105164,3.650309583217817,164.31013769522227,396.3496904167822,70.45559560114592,1654.1909250531376,1739.2015525367342,452.1301173643841,151.47398576841329,9.269013954348027,607.4207559375288,619.0555401534054,638.3605951390814
E06000005,2022,109364,20.785633297977398,35.23188617826707,881.0,8.05566731282689,93.0,0.8503712373358692,8.52158304876981,1.214329123,Darlington,11.0,324498.0,2751223.0,956.0,19060.0,43177.0,7575.0,182059.0,196821.0,50405.0,16780.0,991.0,77748.0,65612.0,69369.0,25156.568889214,8.741450568742913,174.28038477012544,394.80084854248196,69.26410884751839,1664.7068505175378,1799.6872828353023,460.8920668592956,153.43257379027833,9.061482754837058,710.9103544127867,599.9414798288285,634.2946490618485
E06000005,2023,110776,21.02621506463494,35.51942659059724,1145.0,10.33617390048386,134.0,1.2096482992706001,8.73776992371019,1.238309383,Darlington,,,2877051.0,1056.0,19990.0,44235.0,7768.0,189703.0,217014.0,52977.0,17338.0,1034.0,80763.0,71573.0,71794.0,25971.78991839388,9.532750776341446,180.45425001805447,399.31934715100743,70.12349245323897,1712.4918754964974,1959.034447894851,478.23535783924314,156.5140463638333,9.334151801834333,729.0658626417274,646.1056546544378,648.1006716256229
E06000005,2024,112150,21.297369594293357,35.79402585822559,1203.0,10.726705305394562,209.5,1.8680338831921535,9.529192215,1.375691891,Darlington,6.0,332875.0,3026888.0,322.0,20934.0,45167.0,7739.0,197140.0,237185.0,56719.0,18545.0,1028.0,83820.0,76536.0,73553.0,26989.638876504683,2.871154703522069,186.66072224699064,402.73740526081144,69.00579580918414,1757.8243423985734,2114.890771288453,505.7423094070441,165.35889433794026,9.166295140436915,747.3918858671423,682.4431564868479,655.8448506464556
E06000005,2025,113402,21.49521172466094,36.05580148498263,,,225.25,1.98629653797993,,,Darlington,,,,,,,,,,,,,,,,,,,,,,,,,,,,
E06000006,2011,125722,14.832726173621165,38.988402984362324,,,,,,0.532141328,Halton,,,,,,,,,,,,,,,,,,,,,,,,,,,,
E06000006,2012,125596,15.596038090385044,38.36746393197235,246.0,1.9586611038568107,,,7.19779048056016,0.617192864,Halton,,,,,,,,,,,,,,,,,,,,,,,,,,,,
E06000006,2013,125889,16.08242181604429,38.03509440856627,230.0,1.8270063309741122,,,7.33855523066338,0.633722126,Halton,6.0,377207.0,,,,,,,,,,,,,,,,,,,,,,,,,,
E06000006,2014,126335,16.55993984248229,37.77575493726996,250.0,1.9788657141726362,2.0,0.01583092571338109,7.55536323396208,0.703615487,Halton,9.0,377820.0,2768732.0,43.0,19124.0,60059.0,9361.0,157723.0,156288.0,46963.0,18121.0,1919.0,98590.0,37380.0,56622.0,21915.795306130527,0.34036490283769344,151.37531167134998,475.39478370997745,74.09664780148019,1248.4505481458027,1237.0918589464518,371.7338821387581,143.43610242608938,15.189773221989157,780.3854830411209,295.88000158309256,448.189337871532
E06000006,2015,126464,16.932882085020243,37.411437246963565,319.0,2.522456983805668,2.0,0.015814777327935223,7.97922067908671,0.760394335,Halton,9.0,378688.0,2769321.0,22.0,19104.0,59298.0,9345.0,162180.0,154006.0,47609.0,18484.0,1489.0,93503.0,41077.0,56286.0,21898.097482287452,0.17396255060728744,151.06275303643724,468.8923329959514,73.89454706477733,1282.4202935222672,1217.785298582996,376.462866902834,146.16017206477733,11.774101720647772,739.3645622469636,324.8118041497975,445.07527834008096
E06000006,2016,126851,17.40151831676534,36.93545971257617,546.0,4.304262481178706,2.0,0.015766529235086833,8.16499044215825,0.87274313,Halton,,,2856129.0,29.0,19724.0,62078.0,8995.0,169504.0,159138.0,51290.0,19382.0,1433.0,93254.0,45286.0,59416.0,22515.620688839663,0.2286146739087591,155.48951131642636,489.37730092786023,70.90996523480304,1336.2448857320794,1254.5269647066243,404.3326422338019,152.7934348172265,11.296718196939716,735.1459586443938,357.00152147007117,468.3920505159597
E06000006,2017,127038,17.730127993198884,36.452872368897495,399.0,3.14079251877391,3.0,0.02361498134416474,8.167688224399,0.973683119,Halton,9.0,380353.0,2847184.0,48.0,19614.0,63160.0,7922.0,170606.0,163539.0,51320.0,19057.0,1439.0,89301.0,50002.0,61457.0,22412.065681134776,0.3778397015066358,154.39474802814905,497.1740738991483,62.35929406949102,1342.9525024008565,1287.3234780144523,403.9736141941781,150.01023315858248,11.32731938475102,702.9471496717517,393.5987657236417,483.76863615611074
E06000006,2018,127873,17.95218693547504,36.248465274139186,418.0,3.2688683302964656,4.0,0.031281036653554695,8.30829128158606,0.932989419,Halton,6.0,381762.0,2857625.0,21.0,19371.0,62651.0,7967.0,171650.0,165972.0,52662.0,19626.0,1351.0,86248.0,56165.0,63245.0,22347.368091778564,0.1642254424311622,151.486240254002,489.94705684546386,62.30400475471757,1342.3474853956661,1297.944053865945,411.8304880623744,153.48040634066612,10.5651701297381,674.4817123239463,439.2248559117249,494.5922907885167
E06000006,2019,128456,18.23503767827116,36.32761412468083,525.0,4.0870025534035,75.0,0.5838575076290714,8.37116806123598,0.958444595,Halton,,,2929264.0,36.0,20072.0,63141.0,7994.0,178332.0,170662.0,52924.0,20874.0,1196.0,83756.0,63429.0,65136.0,22803.63704303419,0.2802516036619543,156.2558385750763,491.53795852276266,62.231425546490634,1388.273027340101,1328.5638662265678,412.0009964501464,162.49922152332317,9.310581054991593,652.0209254530735,493.7799713520583,507.0685682256959
E06000006,2020,128508,18.4058580010583,36.45920876521306,343.0,2.6690945310797773,216.0,1.6808292090764778,8.41262452285634,0.889448404,Halton,,,2974781.0,33.0,18094.0,67349.0,8726.0,192098.0,176134.0,53783.0,21590.0,1071.0,72525.0,71217.0,66122.0,23148.6055342858,0.2567933513866841,140.80057272698977,524.0841037133875,67.90238740000623,1494.8330065054315,1370.6072773679462,418.51869144333426,168.0051047405609,8.334111495004203,564.3617517975534,554.1833971425904,514.5360600118281
E06000006,2021,128570,18.80376448627207,36.4634051489461,332.0,2.5822509138990433,327.0,2.5433615929065883,8.44639997054438,0.967856288,Halton,,,3000798.0,24.0,18280.0,66677.0,8926.0,197356.0,177194.0,54667.0,21960.0,927.0,75071.0,76136.0,65915.0,23339.79933110368,0.18666874076378628,142.17935754841722,518.6046511627908,69.4252158357315,1535.0081667574084,1378.1908687874309,425.19250213891263,170.80189779886442,7.210080112001245,583.8920432449249,592.175468616318,512.6779186435405
E06000006,2022,129362,18.94760439696356,36.644455095004716,1569.0,12.128754966682642,600.25,4.640079776132095,8.59904973771662,1.051280618,Halton,6.0,386527.0,3086234.0,20.0,20001.0,67449.0,8952.0,203040.0,183808.0,55111.0,23004.0,883.0,85010.0,77224.0,65949.0,23857.346052163695,0.15460490715975325,154.61263740511126,521.3973191509098,69.20115644470555,1569.549017485815,1420.8809387609963,426.02155192405803,177.8265642151482,6.825806651103106,657.1481578825312,596.9604675252392,509.80195111392834
E06000006,2023,130202,19.08112010568194,37.04397781908112,1534.0,11.781693061550515,908.5,6.977619391407198,8.75316633830566,1.115206242,Halton,8.0,388403.0,3189122.0,7.0,19466.0,68481.0,9049.0,208873.0,194626.0,56518.0,23768.0,804.0,82047.0,80767.0,66941.0,24493.64833105482,0.053762615013594264,149.50615197923227,525.9596626779927,69.49970046543064,1604.222669390639,1494.8003870908283,434.07935361976007,182.54711909187262,6.17502035298997,630.1516105743383,620.3207324004239,514.131887375002
E06000006,2024,131247,19.374919045768664,37.206183760390715,1530.0,11.65740931221285,863.25,6.577293195273034,8.900853531,1.123866081,Halton,11.0,391376.0,3310834.0,3.0,18891.0,69147.0,9402.0,213690.0,209268.0,58205.0,24312.0,653.0,80412.0,86350.0,67772.0,25225.978498556156,0.022857665318064414,143.9347185078516,526.8463279160667,71.63592310681386,1628.1515006057282,1594.4593019269012,443.47680327931306,185.238519737594,4.975351817565354,612.6768611853986,657.9198000716207,516.3698979786204
E06000006,2025,131912,19.57138092061374,37.308205470313546,,,666.25,5.050715628600885,,,Halton,,,,,,,,,,,,,,,,,,,,,,,,,,,,
E06000007,2011,202709,16.036781790645705,39.16747653039579,,,,,,0.649874151,Warrington,30.0,604075.0,,,,,,,,,,,,,,,,,,,,,,,,,,
E06000007,2012,203914,16.657512480751688,38.6319723020489,1056.0,5.178653746187118,,,6.09719055818635,0.689989388,Warrington,27.0,607932.0,,,,,,,,,,,,,,,,,,,,,,,,,,
E06000007,2013,205905,17.00298681430757,38.319127753090015,1384.0,6.721546344187853,,,6.16099075689263,0.663961649,Warrington,29.0,612528.0,,,,,,,,,,,,,,,,,,,,,,,,,,
E06000007,2014,208056,17.326104510324143,37.98015918791095,1497.0,7.195178221248126,2.0,0.009612796554773715,6.23233766117159,0.718895495,Warrington,32.0,617875.0,3736092.0,134.0,29201.0,76403.0,14029.0,214710.0,205996.0,59952.0,23043.0,3353.0,155542.0,48616.0,72451.0,17957.14615295882,0.6440573691698389,140.35163609797362,367.22324758718804,67.42896143346022,1031.9817741377321,990.098819548583,288.15318952589683,110.75383550582535,16.115853424078132,747.5968008613065,233.66785865343945,348.2283615949552
E06000007,2015,209575,17.583204103542883,37.62089943934152,1299.0,6.198258380054873,2.25,0.010736013360372183,6.68014696816512,0.905257821,Warrington,31.0,623536.0,3799098.0,148.0,28925.0,77704.0,14192.0,227866.0,208553.0,64336.0,23357.0,2731.0,146780.0,51936.0,75680.0,18127.629726828105,0.7061911010378146,138.01741619945128,370.76941429082666,67.71800071573422,1087.2766312775857,995.1234641536442,306.9831802457354,111.44936180365023,13.03113443874508,700.3697960157461,247.81581772635096,361.1117738279852
E06000007,2016,210873,17.818307701792072,37.17023990743244,1523.0,7.222356584294812,2.0,0.009484381594609077,6.81467287495347,0.986249566,Warrington,26.0,628504.0,3878510.0,73.0,30395.0,80522.0,13921.0,234522.0,214624.0,69948.0,24173.0,2758.0,145411.0,56023.0,78767.0,18392.634429253627,0.34617992820323135,144.13888928407144,381.85068738055605,66.01603808927649,1112.1480701654552,1017.7879576806894,331.7067618898579,114.63297814324261,13.078962218965918,689.5667060268503,265.67175503739213,373.52814253128656
E06000007,2017,212137,18.01430207837388,36.87334128417014,1457.0,6.868203095169631,16.25,0.07660144152128107,6.73903391432052,1.012253165,Warrington,22.0,632585.0,3888621.0,78.0,29722.0,82798.0,13109.0,237787.0,221999.0,70504.0,24412.0,2412.0,133629.0,59625.0,80066.0,18330.70610030311,0.3676869193021491,140.1075719935702,390.30437877409406,61.79497211707528,1120.912429232053,1046.4888256174077,332.35126357023995,115.07657787184696,11.370010889189533,629.9184017875241,281.0683661973159,377.42590872879316
E06000007,2018,212008,18.285159050601862,36.43588921172786,1307.0,6.16486170333195,17.75,0.08372325572619901,6.86699885879575,0.987053156,Warrington,21.0,635018.0,3900862.0,138.0,29220.0,83224.0,12594.0,237156.0,228584.0,73285.0,25209.0,2283.0,129005.0,63612.0,81235.0,18399.598128372512,0.6509188332515754,137.82498773631184,392.551224482095,59.40341873891551,1118.6181653522508,1078.185728840421,345.6709180785631,118.90589034376062,10.76846156748802,608.4911890117354,300.0452813101392,383.1695030376212
E06000007,2019,212245,18.622346816179416,36.24396334424839,1199.0,5.649131899455818,20.0,0.09423072392753658,6.89442525900345,1.032324076,Warrington,19.0,636390.0,3941717.0,93.0,29352.0,83860.0,12713.0,244501.0,235199.0,73813.0,26242.0,2069.0,127559.0,65324.0,83491.0,18571.542321373883,0.438172866263045,138.2930104360527,395.1094254281609,59.89775966453862,1151.975311550331,1108.1486018516339,347.7726212631628,123.64013286532074,9.74816839030366,600.9988456736319,307.77639049211996,393.37086857169777
E06000007,2020,211627,18.838333482967673,36.00202242624996,1021.0,4.8245261710462275,27.75,0.13112693559895477,6.96070210744033,1.082836986,Warrington,16.0,635880.0,4005245.0,74.0,26013.0,90983.0,12829.0,266523.0,243604.0,75537.0,27076.0,1913.0,108757.0,71810.0,85374.0,18925.96407830759,0.3496718282638794,122.91909822470667,429.9215128504397,60.62080925401768,1259.39979303208,1151.1007574647847,356.9346066428197,127.94208678476754,9.039489290118935,513.9089057634422,339.32343226525916,403.41733332703296
E06000007,2021,211182,19.11242435434838,35.9864950611321,1061.0,5.024102432972507,41.0,0.19414533435614778,7.01049230582618,1.146648049,Warrington,13.0,635054.0,4028104.0,91.0,25126.0,87709.0,12436.0,273041.0,245587.0,74562.0,26905.0,1634.0,106278.0,77555.0,85072.0,19074.08775369113,0.4309079372294987,118.97794319591631,415.32422270837475,58.887594586659844,1292.9179570228523,1162.916347037153,353.06986390885584,127.40195660615014,7.737401861901109,503.2531181634798,367.24247331685467,402.8373630328342
E06000007,2022,211546,19.43974360186437,35.67971032305031,2312.0,10.929065073317387,105.5,0.4987095005341628,7.0927742940731,1.207110405,Warrington,12.0,634565.0,4122571.0,95.0,27056.0,87171.0,12835.0,278309.0,256560.0,75705.0,28729.0,1391.0,119866.0,76789.0,85052.0,19487.82297939928,0.4490749056942698,127.89653314172806,412.0664063607915,60.67238331143108,1315.5956624091214,1212.7858716307564,357.86542879562836,135.80497858621766,6.575402040218203,566.6190804836773,362.98960982481356,402.04967241167407
E06000007,2023,213242,19.639658228679153,35.72842123033924,2798.0,13.121242531958995,295.75,1.3869219009388396,7.1355321582166,1.323268771,Warrington,19.0,636536.0,4289721.0,123.0,27390.0,88688.0,13209.0,286033.0,275150.0,77737.0,30818.0,1475.0,121810.0,78705.0,86113.0,20116.67964097129,0.5768094465443018,128.44561577925552,415.903058496919,61.943707149623435,1341.3539546618397,1290.3180424119075,364.5482597236942,144.52124815936824,6.917023850836139,571.228932386678,369.0877031729209,403.8275761810525
E06000007,2024,214640,19.922661200149086,35.84979500559076,2389.0,11.130264629146478,306.75,1.4291371598956393,7.289088147,1.332160115,Warrington,26.0,640745.0,4516232.0,103.0,27171.0,91273.0,13632.0,293077.0,300180.0,80641.0,33040.0,1367.0,121163.0,85294.0,87562.0,21040.961610137907,0.47987327618337683,126.58870667163625,425.2376071561685,63.5109951546776,1365.4351472232574,1398.5277674245249,375.7035035408125,153.93216548639583,6.3688035780842345,564.4940365262767,397.3816623183004,407.9481923220276
E06000007,2025,215425,20.23627712661019,35.91830103284206,,,434.5,2.0169432517117327,,,Warrington,,,,,,,,,,,,,,,,,,,,,,,,,,,,
E06000008,2011,147657,12.969923539012711,41.75961857548237,,,,,,1.072779655,Blackburn with Darwen,178.0,440820.0,,,,,,,,,,,,,,,,,,,,,,,,,,
E06000008,2012,148532,13.38634099049363,41.44830743543479,691.0,4.652196159750087,,,7.10030607098914,1.086046576,Blackburn with Darwen,172.0,443155.0,,,,,,,,,,,,,,,,,,,,,,,,,,
E06000008,2013,149148,13.603937028991337,41.027033550567225,725.0,4.860943492369995,,,7.57290249775591,1.057226658,Blackburn with Darwen,157.0,445337.0,,,,,,,,,,,,,,,,,,,,,,,,,,
E06000008,2014,149579,13.815442007233635,40.61131575956518,733.0,4.900420513574767,283.0,1.8919768149272291,8.12160453491657,0.993411541,Blackburn with Darwen,149.0,447259.0,3565204.0,77.0,29295.0,84497.0,9443.0,182812.0,214212.0,76783.0,22939.0,1759.0,139564.0,48091.0,74462.0,23834.923351539986,0.5147781439908009,195.8496847819547,564.8988160102688,63.13051965850821,1222.1769098603415,1432.0994257215252,513.3274055850086,153.3570888961686,11.759672146491152,933.0454141289887,321.5090353592416,497.8105215304288
E06000008,2015,150490,13.965712007442354,40.33822845371785,857.0,5.694730546880192,313.5,2.083194896670875,8.1545552405355,0.981836021,Blackburn with Darwen,128.0,449217.0,3581060.0,52.0,29117.0,84960.0,9280.0,191711.0,215462.0,79916.0,22920.0,1552.0,130764.0,50186.0,75434.0,23795.999734201607,0.34553790949564755,193.48129443816865,564.5557844375043,61.665226925377105,1273.9118878330787,1431.7363279952156,531.0386072164264,152.30247857000464,10.31297760648548,868.9215230247856,333.48395242208784,501.25589740182073
E06000008,2016,151497,14.066945220037361,39.96316758747698,1001.0,6.607391565509547,334.5,2.207964514148795,8.35109896709104,1.073549509,Blackburn with Darwen,106.0,451566.0,3667858.0,58.0,30346.0,84636.0,9346.0,199895.0,220655.0,84111.0,23045.0,1434.0,125734.0,51587.0,78882.0,24210.76324943728,0.3828458649346192,200.30759685010264,558.6645280104557,61.69099058067157,1319.4650719156157,1456.4974883991101,555.19911285372,152.11522340376376,9.465533970969723,829.943827270507,340.5149936962448,520.6835778926315
E06000008,2017,152312,14.153185566468828,39.64296969378644,908.0,5.961447555018646,338.25,2.2207705236619573,8.25011323684835,1.018213391,Blackburn with Darwen,104.0,454299.0,3558797.0,92.0,29757.0,81496.0,8680.0,198583.0,218770.0,83358.0,22624.0,1423.0,121554.0,50205.0,78775.0,23365.178055570144,0.60402332055255,195.36871684437207,535.0596144755501,56.98828719995798,1303.7909028835547,1436.3280634487105,547.2845212458637,148.53721308892273,9.342665055937811,798.0592468091812,329.61946530805193,517.1949682231209
E06000008,2018,152787,14.321244608507268,39.57208401238325,1032.0,6.754501364644898,376.25,2.462578622526786,8.50391021050616,1.016329765,Blackburn with Darwen,87.0,456596.0,3527387.0,124.0,29350.0,79140.0,8227.0,203048.0,223122.0,85419.0,22713.0,1413.0,117885.0,51289.0,79924.0,23086.957660010343,0.8115873732712862,192.09749520574397,517.9760058120128,53.84620419276509,1328.9612336128073,1460.3467572502898,559.0724341730645,148.65793555734456,9.248169019615542,771.5643346619804,335.68955473960483,523.1073324301151
E06000008,2019,154066,14.396427505095218,39.64145236457103,1208.0,7.840795503225891,337.5,2.1906196045850477,8.84662121355444,1.048779607,Blackburn with Darwen,87.0,459165.0,3577982.0,99.0,29906.0,79380.0,7691.0,211348.0,227941.0,88148.0,23032.0,1155.0,115553.0,51486.0,83424.0,23223.696337933095,0.6425817506782807,194.1116145028754,515.2337309984033,49.92016408552179,1371.8016953773058,1479.5022912258382,572.1444056443343,149.494372541638,7.496787091246609,750.0227175366401,334.1814547012319,541.4822219048979
E06000008,2020,154564,14.498848373489299,39.78416707642142,1047.0,6.773893015191118,319.5,2.06710488858984,8.82728933892833,0.967272043,Blackburn with Darwen,85.0,461417.0,3581180.0,81.0,26339.0,83682.0,7368.0,228960.0,233192.0,89652.0,23326.0,1202.0,101579.0,51751.0,84919.0,23169.560829171085,0.5240547604875649,170.40837452446883,541.4067958903755,47.669573768794805,1481.3281229781837,1508.7083667606946,580.0315726818665,150.91483139670297,7.776713853161151,657.1970187106959,334.81923345669105,549.4099531585621
E06000008,2021,154954,14.55270596435071,40.01574660867096,1095.0,7.066613317500678,288.25,1.8602294874607948,9.02841724307771,1.016893506,Blackburn with Darwen,98.0,463584.0,3635151.0,93.0,26499.0,80395.0,6858.0,237530.0,234984.0,91701.0,23711.0,1038.0,115485.0,54425.0,84582.0,23459.549285594436,0.60017811737677,171.0120422835164,518.8313951237142,44.2582960104289,1532.906540005421,1516.4758573512138,591.7949843179266,153.01960581850096,6.698762213302012,745.2856976909277,351.2332692282871,545.8523174619565
E06000008,2022,155987,14.6114740330925,40.17321956316873,2217.0,14.212722855109721,340.75,2.1844769115375,9.33545310015898,1.03456533,Blackburn with Darwen,79.0,465786.0,3731044.0,88.0,29190.0,80166.0,6547.0,243562.0,243261.0,94940.0,24234.0,997.0,137498.0,57400.0,85730.0,23918.94196311231,0.564149576567278,187.13097886362326,513.9274426715047,41.97144633847692,1561.4249905440838,1559.495342560598,608.6404636283793,155.359100437857,6.391558270881547,881.4708918050864,367.9793828972927,549.5970818080995
E06000008,2023,158543,14.449076906580549,40.57195839614489,2572.0,16.22272821884284,588.75,3.713503592085428,9.57584930812545,1.173835278,Blackburn with Darwen,73.0,470411.0,3823498.0,157.0,29413.0,81793.0,6190.0,250327.0,256473.0,99306.0,25096.0,969.0,138718.0,58213.0,86411.0,24116.473133471674,0.9902676245561141,185.52064739534384,515.9042026453391,39.043035643327045,1578.9218067022828,1617.68731511325,626.366348561589,158.29144143860023,6.11190654901194,874.955059510669,367.1748358489495,545.0319471689069
E06000008,2024,161618,14.335655681916618,40.979965102896955,3046.0,18.84691061639174,733.5,4.5384796247942685,9.778993781,1.151022434,Blackburn with Darwen,81.0,477997.0,3950048.0,143.0,29153.0,84920.0,6234.0,258663.0,282243.0,105507.0,26595.0,922.0,133152.0,61110.0,90145.0,24440.64398767464,0.8848024353722976,180.38213565320694,525.436523159549,38.57243623853779,1600.4591072776545,1746.358697669814,652.81713670507,164.5546906903934,5.704810107785025,823.8686284943508,378.1138239552525,557.7658429135369
E06000008,2025,163801,14.352781729049273,41.18717223948572,,,754.0,4.603146500937113,,,Blackburn with Darwen,,,,,,,,,,,,,,,,,,,,,,,,,,,,
E06000009,2011,142080,19.25323761261261,36.920748873873876,,,,,,3.611964703,Blackpool,54.0,427411.0,,,,,,,,,,,,,,,,,,,,,,,,,,
E06000009,2012,142565,19.628239750289342,36.55034545645846,485.0,3.401957002069232,,,6.9043058146972,3.593857288,Blackpool,63.0,427398.0,,,,,,,,,,,,,,,,,,,,,,,,,,
E06000009,2013,142733,19.818121947972788,36.39522745265636,558.0,3.909397266224349,,,7.21296434780892,3.457355261,Blackpool,63.0,427378.0,,,,,,,,,,,,,,,,,,,,,,,,,,
E06000009,2014,142253,20.114162794457762,36.05758753769692,621.0,4.365461536839294,4.333333333333333,0.030462157798663878,7.42425129129145,3.863537788,Blackpool,51.0,427551.0,4790199.0,123.0,31438.0,93719.0,12746.0,265440.0,296812.0,79995.0,27053.0,1648.0,132609.0,66964.0,108857.0,33673.79949807737,0.8646566329005363,221.0006115863989,658.8191461691493,89.60092230040843,1865.9711921716942,2086.50784166239,562.3431491778732,190.17525113705864,11.584992935122635,932.2052961976198,470.7387541914758,765.2351795744203
E06000009,2015,141788,20.19352836629334,35.710356306598584,594.0,4.189353118740655,5.0,0.035263915140914606,7.62126184619965,3.898684263,Blackpool,40.0,426774.0,4792797.0,144.0,32410.0,95759.0,12798.0,272176.0,300215.0,82797.0,27328.0,1668.0,131727.0,74238.0,111368.0,33802.55733912602,1.0156007560583407,228.58069794340847,675.3674499957683,90.26151719468501,1919.5982734787146,2117.351256805936,583.9492763844613,192.73845459418288,11.764042091009113,929.0419499534516,523.5845064462436,785.4543402826756
E06000009,2016,141996,20.24352798670385,35.358742499788725,728.0,5.126904983238965,5.75,0.040494098425307753,7.78638545639102,4.063915253,Blackpool,42.0,426037.0,4805209.0,73.0,31942.0,96110.0,12758.0,276641.0,302172.0,85022.0,27762.0,1588.0,135365.0,76973.0,115004.0,33840.45325220429,0.5140989887039071,224.94999859150963,676.8500521141441,89.84760134088283,1948.2309360827066,2128.031775542973,598.7633454463505,195.5125496492859,11.183413617284995,953.3015014507451,542.0786501028198,809.9101383137554
E06000009,2017,142121,20.265829821067964,34.92094764320544,639.0,4.496168757607954,6.75,0.04749474039726712,7.77270518340052,4.131079197,Blackpool,34.0,425905.0,4814999.0,118.0,30041.0,96616.0,13085.0,280766.0,310112.0,88394.0,28137.0,1506.0,126045.0,77894.0,118683.0,33879.57444712604,0.8302784247225956,211.3762216702669,679.8150871440532,92.06943379233189,1975.5419677598666,2182.0279902336742,621.9629752112636,197.97918674931924,10.596604301968041,886.8851190183013,548.082267926626,835.0841888250153
E06000009,2018,141880,20.285452495066252,34.66591485762616,626.0,4.41217930645616,6.0,0.042289258528333803,8.10710405495391,4.515483379,Blackpool,31.0,425997.0,4781772.0,55.0,28236.0,96369.0,13565.0,280102.0,312671.0,90702.0,28619.0,1458.0,117120.0,78178.0,118630.0,33702.93205525797,0.38765153650972656,199.0132506343389,679.2289258528333,95.608965322808,1974.2176487172258,2203.7707922187765,639.2867211728221,201.7127149703975,10.276289822385115,825.4863264730759,551.0149422046801,836.1291232027065
E06000009,2019,142407,20.336781197553492,34.60293384454416,706.0,4.9576214652369615,,,8.21548162492048,4.905567646,Blackpool,22.0,426408.0,4807160.0,93.0,27592.0,95944.0,13680.0,287473.0,321607.0,91897.0,29596.0,1435.0,116546.0,77713.0,120157.0,33756.4866895588,0.6530577850807895,193.75452049407684,673.7309261482932,96.06269354736776,2018.6718349519338,2258.3651084567473,645.312379307197,207.82686244355966,10.076751845063797,818.4007808604914,545.7105338922946,843.7576804511015
E06000009,2020,141560,20.464114156541395,34.71743430347556,711.0,5.022605255721955,2.0,0.014128284826222096,8.24702723436901,4.702194214,Blackpool,12.0,425847.0,4840224.0,55.0,23348.0,101037.0,13679.0,309941.0,330257.0,92176.0,30128.0,1498.0,103104.0,80635.0,120941.0,34192.03164735801,0.3885278327211077,164.93359706131673,713.739756993501,96.63040406894604,2189.4673636620514,2332.9824809268157,651.144391070924,212.82848262220966,10.58208533484035,728.3413393614015,569.6171234812094,854.3444475840632
E06000009,2021,140976,20.827658608557485,34.77755078878674,769.0,5.454829190784247,31.25,0.22166893655657702,8.60524477217545,4.399883747,Blackpool,9.0,424943.0,4852339.0,40.0,23060.0,97013.0,12962.0,321668.0,330711.0,93572.0,30655.0,1456.0,111289.0,81488.0,119978.0,34419.61043014414,0.28373623879241855,163.5739416638293,688.1525933492226,91.94472818068324,2281.7217114969926,2345.8673816819883,663.7441834071047,217.44836000453978,10.327999092044037,789.4180569742367,578.0274656679151,851.0526614459199
E06000009,2022,141442,20.82903239490392,34.86376041062768,1387.0,9.806139619066473,267.5,1.8912345696469224,9.03607414285223,4.212663174,Blackpool,28.0,424216.0,4937907.0,53.0,25355.0,96534.0,12593.0,326225.0,340152.0,97319.0,32040.0,1296.0,123842.0,82994.0,119138.0,34911.179140566455,0.37471189604219396,179.26075705943074,682.4988334440973,89.03296050678017,2306.4224204974475,2404.886808727252,688.0488115269864,226.52394621116784,9.1627663635978,875.5673703708941,586.7705490589782,842.3099220882058
E06000009,2023,142525,20.793544992106646,35.32152253990528,2137.0,14.99386072618839,533.25,3.7414488686195404,9.33708661631997,4.314368725,Blackpool,37.0,425726.0,5098075.0,32.0,25661.0,95819.0,12352.0,333642.0,361926.0,101802.0,33571.0,1264.0,128388.0,85753.0,122001.0,35769.68952815295,0.2245220136818102,180.0456060340291,672.296088405543,86.66549728117874,2340.936677775829,2539.386072618839,714.2746886511138,235.5446412910016,8.868619540431503,900.8103841431328,601.6698824767584,855.9971934748289
E06000009,2024,143353,20.952473962874862,35.74114249440193,2218.0,15.472295661758038,453.0,3.160031530557435,9.55059997,4.122858524,Blackpool,35.0,428941.0,5325480.0,62.0,26369.0,99225.0,12305.0,341711.0,386269.0,106917.0,36516.0,1026.0,126258.0,92252.0,125833.0,37149.41438267773,0.4324987966767351,183.9445285414327,692.1724693588554,85.83705956624556,2383.703166309739,2694.530285379448,745.8302232949433,254.7278396685106,7.157157506295648,880.7489204969551,643.530306306809,877.7842110036065
E06000009,2025,143492,21.18166866445516,35.886321188637694,,,580.75,4.0472639589663535,,,Blackpool,,,,,,,,,,,,,,,,,,,,,,,,,,,,
E06000010,2011,256123,14.019435974121809,44.24592871393823,,,,,,0.98689723,Kingston upon Hull,52.0,768376.0,,,,,,,,,,,,,,,,,,,,,,,,,,
E06000010,2012,258085,14.292190557374509,43.94133715636321,2408.0,9.330259410659279,,,6.11197666548778,1.022830844,Kingston upon Hull,68.0,770382.0,,,,,,,,,,,,,,,,,,,,,,,,,,
E06000010,2013,259094,14.566142017954874,43.4000787359028,2831.0,10.926536315005364,,,6.23130485783931,1.152619243,Kingston upon Hull,65.0,773302.0,,,,,,,,,,,,,,,,,,,,,,,,,,
E06000010,2014,260896,14.631117380105483,43.04550472218815,2882.0,11.046547283208636,257.25,0.9860250827916106,6.34432612744453,1.06978631,Kingston upon Hull,59.0,778075.0,6501721.0,79.0,39957.0,129726.0,22660.0,292242.0,412401.0,124858.0,32824.0,2425.0,210892.0,69241.0,180519.0,24920.738531828774,0.3028026493315344,153.15298049797622,497.2326137618055,86.85453207408315,1120.1474917208388,1580.7103213541027,478.5738378510978,125.81258432478842,9.294891450999632,808.3374218079234,265.39693977676933,691.919385502269
E06000010,2015,262711,14.598931906163045,42.79417306469847,2796.0,10.642873728165169,267.75,1.019180772788349,6.68925034044677,1.173298717,Kingston upon Hull,51.0,782701.0,6670862.0,87.0,40721.0,135132.0,23568.0,315173.0,424803.0,134683.0,34329.0,1989.0,193027.0,77722.0,190326.0,25392.39696853196,0.3311623799536373,155.0030261389892,514.375111814884,89.71074679019912,1199.6947215761807,1616.9973849591377,512.6660094171923,130.67210737274038,7.571057169284879,734.7503530495487,295.84600568685744,724.4690934144364
E06000010,2016,265338,14.649239837490295,42.49410186253006,3268.0,12.316366295065162,337.75,1.272904747906444,6.78397363839639,1.245904088,Kingston upon Hull,48.0,788945.0,6798886.0,122.0,40729.0,134784.0,23312.0,329178.0,438027.0,145358.0,35146.0,1818.0,188640.0,84921.0,195780.0,25623.49154663109,0.45979090820010704,153.49855655805047,507.9709653347806,87.85775124558111,1240.598783438482,1650.8264930013795,547.8220232307473,132.45746934099148,6.851638287768808,710.9422698595753,320.0483911086991,737.8513443230897
E06000010,2017,267566,14.652833319629549,42.35553097179761,2910.0,10.875821292690402,396.75,1.4828117174827893,7.1974407610721,1.273336649,Kingston upon Hull,47.0,795615.0,6936232.0,104.0,40522.0,132983.0,23367.0,345418.0,455261.0,150604.0,36179.0,1748.0,186315.0,93398.0,202218.0,25923.443187848978,0.38868914585560194,151.44674584962215,497.01008349341845,87.33172376161396,1290.963724837984,1701.490473378531,562.8667319465104,135.21523661451755,6.532967566880695,696.3328674046777,349.06527735212995,755.7686701598858
E06000010,2018,268223,14.79589744354511,41.997889815563916,2897.0,10.800714330985784,506.25,1.887422033158976,7.41780205869616,1.238705516,Kingston upon Hull,49.0,801127.0,7023676.0,55.0,40515.0,129312.0,23429.0,362000.0,466501.0,157425.0,36899.0,1651.0,175688.0,97143.0,209686.0,26185.957207249194,0.2050532579234443,151.04968626851536,482.1063070653896,87.34895963433412,1349.6232612415788,1739.2281795371762,586.9183477926949,137.56836662031222,6.1553259787564825,655.0072141464378,362.1725206264936,781.7599534715517
E06000010,2019,268749,14.96414870380913,41.7489925543909,3254.0,12.107952029588947,507.75,1.8893093555696951,7.57699916399725,1.358454108,Kingston upon Hull,54.0,804538.0,7077889.0,16.0,40871.0,124494.0,22962.0,384362.0,471827.0,160413.0,38336.0,1481.0,169188.0,95684.0,214127.0,26336.42915880617,0.059535105246903246,152.0787054091364,463.2352120379983,85.44031791746202,1430.1895076818892,1755.6418814581637,596.8878023732182,142.6461121715802,5.5107181794164815,629.5390866570666,356.0348131527931,796.7545925752282
E06000010,2020,267591,15.166803068862555,41.4445926806208,2906.0,10.859857020602336,527.75,1.9722262706892233,7.68448804515814,1.350944757,Kingston upon Hull,59.0,804563.0,6985574.0,13.0,37785.0,123229.0,22055.0,415434.0,477992.0,162739.0,38321.0,1446.0,145759.0,95054.0,215807.0,26105.414606619805,0.04858160401508272,141.20430059306926,460.5124985518945,82.42055973481918,1552.4961601847594,1786.2783127982632,608.163204293119,143.20735749707575,5.403769185062278,544.7081553564956,355.2212144653594,806.480785975612
E06000010,2021,266516,15.427966801242702,41.265439973585075,2481.0,9.309009590418587,559.5,2.0993111107775895,7.89774972803612,1.339021564,Kingston upon Hull,60.0,802856.0,6913894.0,10.0,35698.0,118733.0,20915.0,432570.0,475950.0,164407.0,38537.0,1480.0,154830.0,98771.0,212211.0,25941.759594170704,0.0375211994777049,133.94317789551096,445.5004577586336,78.4755887076198,1623.054525807081,1785.8214891413647,616.874784253103,144.59544642723137,5.553137522700325,580.9407315133051,370.60063936123913,796.2411262363235
E06000010,2022,269026,15.512998743615858,41.62125593808777,6483.0,24.09804256837629,739.0,2.746946391798562,8.12373739406183,1.362887383,Kingston upon Hull,56.0,802875.0,7142856.0,7.0,36823.0,118768.0,20008.0,447987.0,500764.0,170543.0,40902.0,1229.0,174904.0,106706.0,213769.0,26550.801781240476,0.02601978990878205,136.87524625872592,441.47405826946095,74.37199378498732,1665.218231695078,1861.396296268762,633.9275757733453,152.03734954985765,4.568331685413306,650.1379048865166,396.63824314378536,794.6034955729186
E06000010,2023,273245,15.478782777360976,42.3026953832641,7925.0,29.00327544877308,921.75,3.373346264341525,8.44122793065055,1.458118916,Kingston upon Hull,52.0,808353.0,7264509.0,1.0,36265.0,116956.0,19259.0,456045.0,528618.0,176024.0,41861.0,1298.0,175226.0,113480.0,212914.0,26586.06378890739,0.003659719299529726,132.7197203974455,428.02613039579865,70.48253398964299,1668.9966879540339,1934.5934966788047,644.1984299804205,153.19950959761385,4.7503156507895845,641.2779739793958,415.3049461106333,779.2054749400721
E06000010,2024,274727,15.568546229529678,42.466157312532076,7640.0,27.80942535680876,920.25,3.3496889639533065,9.081334901,1.600038767,Kingston upon Hull,59.0,817238.0,7503397.0,1.0,36808.0,121567.0,18893.0,471943.0,562768.0,186232.0,44141.0,1272.0,176342.0,123990.0,215831.0,27312.193559424446,0.003639977140943555,133.98027860385037,442.50110109308514,68.77008812384658,1717.861731828324,2048.4626556545227,677.8802229122001,160.67223097838945,4.630050923280201,641.8808489882683,451.3207657055914,785.6199063069885
E06000010,2025,273257,15.863820505970569,42.379518182516826,,,811.25,2.9688169013053645,,,Kingston upon Hull,,,,,,,,,,,,,,,,,,,,,,,,,,,,
E06000011,2011,334673,21.599591242795206,33.23632321699091,,,,,,0.380647868,East Riding of Yorkshire,24.0,1001020.0,,,,,,,,,,,,,,,,,,,,,,,,,,
E06000011,2012,334972,22.594724335168312,32.68183609376306,1090.0,3.254003319680451,,,6.49342383697908,0.392578095,East Riding of Yorkshire,23.0,1003244.0,,,,,,,,,,,,,,,,,,,,,,,,,,
E06000011,2013,334572,23.355809810743278,32.20831390552706,1180.0,3.5268940616668463,,,6.75555828228936,0.43837297,East Riding of Yorkshire,25.0,1004217.0,,,,,,,,,,,,,,,,,,,,,,,,,,
E06000011,2014,335625,23.977653631284916,31.77564245810056,1149.0,3.423463687150838,4.0,0.011918063314711359,6.93712472771709,0.417899281,East Riding of Yorkshire,20.0,1005169.0,7379377.0,119.0,58083.0,141758.0,29760.0,395302.0,472349.0,120134.0,40531.0,3107.0,220847.0,100173.0,240167.0,21986.97057728119,0.35456238361266296,173.05921787709497,422.37020484171325,88.6703910614525,1177.8085661080077,1407.371322160149,357.94115456238364,120.76275605214153,9.257355679702048,658.0171322160148,298.46703910614525,715.5813780260708
E06000011,2015,334735,24.607824099660927,31.170328767532524,1222.0,3.6506490208672533,,,7.28990245369119,0.450245142,East Riding of Yorkshire,17.0,1004932.0,7491557.0,87.0,58560.0,143856.0,29468.0,411185.0,472446.0,125470.0,41123.0,2693.0,213761.0,108555.0,245042.0,22380.560742079557,0.2599070906836752,174.94435897052892,429.7608556021928,88.03381779616711,1228.3896216409996,1411.4030501740183,374.8338237710427,122.85240563430773,8.04517005989813,638.5976966854378,324.3013129789236,732.0477392564268
E06000011,2016,336323,24.996506334684216,30.788260095206095,1178.0,3.502585312333679,,,7.41822758070497,0.486560851,East Riding of Yorkshire,19.0,1006683.0,7743269.0,65.0,60518.0,147828.0,29381.0,432168.0,485834.0,134493.0,42523.0,2458.0,213440.0,120180.0,257066.0,23023.310924319776,0.19326659193691778,179.94011708982137,439.54175004385667,87.35947288767049,1284.9790231414445,1444.545868108931,399.892365374952,126.43500444513161,7.308450507399137,634.6280212771651,357.3350618304428,764.342611120857
E06000011,2017,336697,25.386623581439693,30.32192149024197,1025.0,3.044280168816473,2.0,0.005940058865983361,7.63053114813269,0.558990419,East Riding of Yorkshire,16.0,1007755.0,7753308.0,57.0,59823.0,149621.0,29123.0,444365.0,499672.0,137178.0,42648.0,2245.0,207261.0,130807.0,265942.0,23027.552963049864,0.1692916776805258,177.67607076986133,444.3787737936483,86.49616717701672,1319.7771289913483,1484.0405468418192,407.4226975589328,126.6658152582292,6.6677160770663235,615.5712703112888,388.5006400413428,789.8555674686736
E06000011,2018,337192,25.756542266720444,29.86636693634487,984.0,2.9182187003250375,2.25,0.006672756174523713,7.81439234435497,0.5624457,East Riding of Yorkshire,23.0,1010212.0,7815048.0,71.0,59012.0,149112.0,29586.0,450555.0,511864.0,140747.0,43629.0,2063.0,194555.0,134634.0,274017.0,23176.848798310755,0.2105625281738594,175.01008327599706,442.21689719803555,87.74229519087048,1336.197181427792,1518.019407340625,417.40907257586184,129.38919072813115,6.1181759946855205,576.9858122375383,399.2799354670336,812.6438349664287
E06000011,2019,338944,26.132635479607252,29.796367541540786,917.0,2.7054616691842903,1.0,0.0029503398791540787,7.92552540978443,0.616487622,East Riding of Yorkshire,25.0,1012833.0,8006020.0,74.0,59126.0,150757.0,29640.0,472453.0,527245.0,144921.0,45968.0,1734.0,192019.0,134945.0,286135.0,23620.480079305136,0.2183251510574018,174.44179569486403,444.78438916163145,87.44807401812689,1393.8969269259817,1555.5519495845922,427.56620562688823,135.62122356495468,5.1158893504531715,566.5213132552869,398.1336149924471,844.1955013217522
E06000011,2020,341050,26.278551532033426,29.939598299369592,875.0,2.5656062160973465,1.0,0.002932121389825539,7.92859279944151,0.616206229,East Riding of Yorkshire,23.0,1017186.0,8001364.0,38.0,53913.0,155418.0,28717.0,510663.0,543431.0,148247.0,45022.0,1644.0,166173.0,136824.0,289160.0,23460.970532180032,0.11142061281337047,158.07946048966426,455.7044421639056,84.20172995162,1497.325905292479,1593.4056589942825,434.67819967746664,132.0099692127254,4.820407564873186,487.23940771147926,401.18457704148955,847.8522210819528
E06000011,2021,343145,26.53834384881027,29.86142884203471,823.0,2.398403007474974,,,8.15339875072151,0.628706396,East Riding of Yorkshire,19.0,1023139.0,7992981.0,48.0,52599.0,146669.0,27807.0,524356.0,546901.0,148403.0,45363.0,1395.0,169528.0,140507.0,287059.0,23293.304579696633,0.139882556936572,153.28505442305732,427.4257238193767,81.03571376531788,1528.0887088548573,1593.7897973160034,432.4789811887103,132.19775896486908,4.065336810969123,494.04187734048287,409.46830057264424,836.553060659488
E06000011,2022,346506,26.734601998233796,29.969466618182658,1286.0,3.7113354458508656,100.0,0.2885952912792275,8.44207519813367,0.660968423,East Riding of Yorkshire,16.0,1030795.0,8308585.0,53.0,55846.0,148168.0,27686.0,545265.0,574722.0,152828.0,47302.0,1340.0,194020.0,148155.0,289294.0,23978.185081932203,0.15295550437799058,161.16892636779738,427.60587118260577,79.90049234356692,1573.6091149936797,1658.6206299458017,441.0544117562178,136.51134468090018,3.8671769031416483,559.9325841399572,427.5683537947395,834.8888619533284
E06000011,2023,351030,26.89428253995385,30.225906617668006,1543.0,4.395635700652366,142.0,0.4045238298720907,8.7592551365559,0.651129365,East Riding of Yorkshire,23.0,1040982.0,8657614.0,50.0,56799.0,149025.0,27729.0,566661.0,625512.0,161215.0,48218.0,1488.0,203880.0,160409.0,295754.0,24663.458963621342,0.14243796826482066,161.80668318947096,424.53636441329803,78.99324844030426,1614.280830698231,1781.9331681052902,459.2627410762613,137.36147907586246,4.238953935561063,580.8050593966327,456.96664102783234,842.5319773238754
E06000011,2024,355378,27.21946772169352,30.303507814214722,1265.0,3.559590070291352,51.0,0.14350916488921656,9.177914979,0.727434278,East Riding of Yorkshire,25.0,1053721.0,9170955.0,45.0,57105.0,155711.0,27263.0,593686.0,702589.0,174411.0,51189.0,1303.0,206167.0,178943.0,304877.0,25806.1979075801,0.1266257337257793,160.68805609801396,438.15599164832935,76.71549730146492,1670.5761189494003,1977.018836281368,490.7760187743754,144.0409929708648,3.6665184676597877,580.1343921120609,503.5286371131584,857.8949738025426
E06000011,2025,360334,27.54555495734513,30.47949957539394,,,55.0,0.1526361653354943,,,East Riding of Yorkshire,,,,,,,,,,,,,,,,,,,,,,,,,,,,
E06000012,2011,159735,17.850189376154255,37.84643315491282,,,,,,0.48481974,North East Lincolnshire,17.0,477375.0,,,,,,,,,,,,,,,,,,,,,,,,,,
E06000012,2012,159408,18.472096758004618,37.316822242296496,432.0,2.710027100271003,,,6.59174155955577,0.411478072,North East Lincolnshire,15.0,478094.0,,,,,,,,,,,,,,,,,,,,,,,,,,
E06000012,2013,159456,18.858493879189243,36.91237708207907,499.0,3.129389925747542,,,6.86108254653973,0.412994087,North East Lincolnshire,10.0,478599.0,,,,,,,,,,,,,,,,,,,,,,,,,,
E06000012,2014,159420,19.225944047170994,36.534939154434824,614.0,3.8514615481119057,1.0,0.006272738677706687,7.04971975569688,0.415318698,North East Lincolnshire,8.0,478284.0,3717386.0,50.0,23920.0,72397.0,11397.0,190356.0,268427.0,65609.0,22383.0,2940.0,126943.0,49932.0,102517.0,23318.190942165347,0.31363693388533437,150.04390917074394,454.127462049931,71.49040270982312,1194.053443733534,1683.7724250407728,411.548111905658,140.40270982310875,18.44185171245766,796.28026596412,313.21038765525026,643.0623510224565
E06000012,2015,159140,19.499183109212016,36.05944451426417,663.0,4.16614301872565,1.0,0.006283775292195551,7.17524437639854,0.505616724,North East Lincolnshire,14.0,478016.0,3796888.0,61.0,23916.0,75190.0,11667.0,201047.0,273301.0,69475.0,23892.0,2743.0,116474.0,55782.0,103652.0,23858.791001633785,0.3833102928239286,150.28276988814878,472.4770642201835,73.31280633404549,1263.334171170039,1717.3620711323363,436.5652884252859,150.1319592811361,17.2363956264924,731.8964433831846,350.5215533492522,651.3258765866533
E06000012,2016,158877,19.729728028600743,35.46454175242483,846.0,5.324873959100437,14.0,0.08811848159267861,7.24211806259228,0.543719471,North East Lincolnshire,20.0,477437.0,3834814.0,55.0,24003.0,76559.0,11978.0,208789.0,272932.0,70633.0,25557.0,1884.0,107385.0,65647.0,109070.0,24136.99906216759,0.34617974911409455,151.0791366906475,481.87591658956296,75.39165517979316,1314.1549752324124,1717.8823870037827,444.5766221668335,160.8602881474348,11.858229951471895,675.9002247021281,413.1938543653266,686.5059133795326
E06000012,2017,158699,19.949716129276176,34.947920276750324,667.0,4.202925034184211,37.75,0.23787169421357413,7.56914226171694,0.649045467,North East Lincolnshire,18.0,476716.0,3919475.0,47.0,24583.0,79068.0,12327.0,218110.0,281124.0,73356.0,26216.0,1914.0,105713.0,75259.0,114072.0,24697.540627225124,0.2961581358420658,154.90330751926604,498.226201803414,77.67534767074777,1374.3627874151696,1771.4289314992534,462.23353644320383,165.19322743054462,12.060567489398169,666.1226598781341,474.22479032634106,718.7946993994922
E06000012,2018,158460,20.18048718919601,34.59421936135302,750.0,4.73305566073457,58.75,0.3707560267575414,7.68341407016055,0.666267633,North East Lincolnshire,13.0,476036.0,3985076.0,22.0,25089.0,80811.0,11916.0,229359.0,290987.0,75696.0,27201.0,1881.0,103960.0,78971.0,119352.0,25148.782027009973,0.1388362993815474,158.33017796289283,509.9772813328285,75.19878833775086,1447.4252177205603,1836.3435567335605,477.6978417266187,171.6584627035214,11.870503597122303,656.0646219866212,498.36551811182636,753.1995456266566
E06000012,2019,157957,20.558759662439776,34.382775059035055,679.0,4.298638236988547,75.5,0.4779781839361345,7.75372578785269,0.707633317,North East Lincolnshire,12.0,475116.0,4017860.0,21.0,25653.0,80529.0,11717.0,239896.0,292832.0,75691.0,27703.0,1696.0,100900.0,82012.0,120169.0,25436.41623986275,0.13294757433985196,162.4049583114392,509.81596257209236,74.17841564476409,1518.7424425634827,1853.8716232898826,479.18737377893984,175.38317390175806,10.737099337161379,638.7814405186222,519.2045936552353,760.7703362307464
E06000012,2020,157313,20.8425241397723,34.33409826269921,561.0,3.5661388442150366,79.5,0.5053619217737886,7.77013001201792,0.781241,North East Lincolnshire,,,3993474.0,15.0,23603.0,83089.0,11826.0,256932.0,293589.0,76117.0,27260.0,1423.0,87533.0,82986.0,119808.0,25385.530757152937,0.09535130599505445,150.03845836008466,528.1763109215386,75.17496964650093,1633.2534501280886,1866.2729717188026,483.8570238950373,173.28510676167895,9.045660562064166,556.4257245110067,527.5215652870392,761.5899512436989
E06000012,2021,157188,21.01941624042548,34.481639819833575,692.0,4.4023716823167165,87.75,0.5582487212764333,8.08484542404675,0.822292209,North East Lincolnshire,10.0,472458.0,4045989.0,13.0,23736.0,80968.0,11438.0,268739.0,292674.0,78604.0,27380.0,1230.0,93519.0,85414.0,117467.0,25739.80838231926,0.0827035142631753,151.00389342697915,515.1029340662136,72.76636893401532,1709.6661322747284,1861.936025650813,500.0636180878948,174.18632465582616,7.825024811054279,594.9499961829148,543.3875359442196,747.3025930732626
E06000012,2022,157860,21.21436716077537,34.53629798555682,953.0,6.036994805523881,96.0,0.6081337894336754,8.32044008939316,0.953765631,North East Lincolnshire,9.0,472343.0,4118340.0,19.0,25831.0,80970.0,11051.0,275539.0,298581.0,80690.0,27841.0,1221.0,107167.0,88235.0,117415.0,26088.55948308628,0.1203598124920816,163.63233244647154,512.9228430254657,70.00506778157862,1745.4643354871405,1891.4291144051692,511.1491194729507,176.36513366273914,7.734701634359559,678.8736855441531,558.9446344862537,743.791967566198
E06000012,2023,158691,21.420874529746488,34.74047047406595,1111.0,7.001027153398743,134.5,0.8475590928282007,8.51784041556672,1.027377248,North East Lincolnshire,,,4254872.0,23.0,26582.0,82620.0,10793.0,286897.0,315882.0,81985.0,29222.0,1262.0,108923.0,89858.0,117909.0,26812.30819643206,0.14493575565091907,167.50792420490134,520.6344405164755,68.01267872784216,1807.8971082165972,1990.5476681097227,516.6329533495914,184.14402833178946,7.952561897019995,686.3842309897852,566.2450926643603,743.01000056714
E06000012,2024,159738,21.70742090172658,34.904656374813754,1165.0,7.293192602887228,193.5,1.2113585997070202,8.783307983,1.020810604,North East Lincolnshire,11.0,476416.0,4434627.0,2.0,26800.0,84839.0,10359.0,298884.0,342129.0,84947.0,30711.0,1010.0,106849.0,95988.0,120320.0,27761.87882657852,0.012520502322553181,167.77473112221261,531.1134482715446,64.8499417796642,1871.0889080869924,2141.8134695563986,531.7895553969624,192.25857341396537,6.322853672889356,668.9015763312424,600.9089884686174,753.2334197247994
E06000012,2025,160101,22.05045564987102,35.047876028257164,,,239.0,1.4928076651613669,,,North East Lincolnshire,,,,,,,,,,,,,,,,,,,,,,,,,,,,
E06000013,2011,167516,18.097375773060485,36.46935218128417,,,,,,0.569647133,North Lincolnshire,55.0,499627.0,,,,,,,,,,,,,,,,,,,,,,,,,,
E06000013,2012,167974,18.789812709109743,35.92401204948385,723.0,4.304237560574851,,,6.92519226585399,0.59102267,North Lincolnshire,39.0,502029.0,,,,,,,,,,,,,,,,,,,,,,,,,,
E06000013,2013,168309,19.33229952052475,35.523947026005736,880.0,5.228478572150034,,,7.20327056672713,0.614557743,North Lincolnshire,47.0,503799.0,,,,,,,,,,,,,,,,,,,,,,,,,,
E06000013,2014,168816,19.76767604966354,35.07250497583168,1019.0,6.036157710169652,,,7.44000658464546,0.626880646,North Lincolnshire,40.0,505099.0,4220863.0,155.0,24770.0,78947.0,11820.0,232630.0,298779.0,71797.0,28063.0,2381.0,120729.0,61755.0,117009.0,25002.742631030233,0.9181594161690835,146.72779831295614,467.6511705051654,70.01705999431333,1378.0091934413801,1769.850014216662,425.2973651786561,166.23424319969672,14.104113354184436,715.1514074495309,365.8124822291726,693.1155814614729
E06000013,2015,169212,20.11973146112569,34.75817317920715,1060.0,6.26433113490769,,,7.64721181490359,0.679731429,North Lincolnshire,31.0,506337.0,4352129.0,92.0,25655.0,82707.0,12555.0,248768.0,309693.0,76065.0,28853.0,1973.0,113846.0,82713.0,119898.0,25719.97848852327,0.543696664539158,151.61454270382714,488.77739167434936,74.19686547053401,1470.1557809138833,1830.2070775122331,449.5248563931636,170.5139115429166,11.659929555823465,672.8009833817932,488.81285015247147,708.566768314304
E06000013,2016,170174,20.434966563634866,34.463549073301444,1178.0,6.922326559874011,1.0,0.005876338336056036,7.81265278185196,0.742879868,North Lincolnshire,22.0,508202.0,4511252.0,87.0,27283.0,85899.0,13324.0,260833.0,315415.0,79569.0,29469.0,1809.0,116183.0,105161.0,127556.0,26509.643071209466,0.5112414352368753,160.32413882261685,504.7715867288775,78.29633198961064,1532.7429572085043,1853.485256267115,467.57436506164277,173.16981442523536,10.63029604992537,682.7306168979985,617.961615757989,749.5622127939638
E06000013,2017,170616,20.695011018896235,34.12634219533924,1148.0,6.7285600412622495,,,7.91643611924587,0.799251199,North Lincolnshire,24.0,510002.0,4638392.0,26.0,27397.0,88470.0,12860.0,268932.0,323248.0,82791.0,29437.0,1913.0,114472.0,119290.0,130531.0,27186.14901298823,0.1523889904815492,160.57696816242324,518.5328456885638,75.37393913818165,1576.241384160923,1894.5937075069162,485.24757349838234,172.5336428002063,11.21231303043091,670.93355840015,699.1724105593848,765.0572044825808
E06000013,2018,170384,21.043642595548878,33.830054465208,1124.0,6.596863555263405,,,7.98158507534595,0.769936621,North Lincolnshire,18.0,511174.0,4787173.0,31.0,27970.0,89635.0,12579.0,282556.0,338520.0,88052.0,29688.0,1874.0,111785.0,128560.0,136476.0,28096.376420321158,0.1819419663818199,164.15860644191943,526.0763921494977,73.82735468119073,1658.3482017090807,1986.8062728894731,516.7856136726454,174.24171283688608,10.9986853225655,656.0768616771527,754.5309418724763,800.9907033524275
E06000013,2019,170283,21.373830623139128,33.65338877045859,1087.0,6.383491012021165,1.0,0.005872576827986352,8.08641975308642,0.805443108,North Lincolnshire,23.0,511283.0,4925757.0,28.0,29394.0,92402.0,12577.0,301043.0,350236.0,90100.0,29861.0,1794.0,105976.0,136230.0,143616.0,28926.88641849157,0.16443215118361787,172.61852328183085,542.637844059595,73.85939876558436,1767.8981460274954,2056.787817926628,529.1191722015703,175.36101666050047,10.535402829407516,622.3522019226817,800.0211412765807,843.3959937280879
E06000013,2020,170034,21.699189573849935,33.62856840396626,838.0,4.928426079489984,2.5,0.01470294176458826,8.08261259360827,0.860877872,North Lincolnshire,19.0,510701.0,4924814.0,11.0,26464.0,94721.0,12385.0,321302.0,356747.0,92182.0,29726.0,1603.0,92167.0,139289.0,145812.0,28963.701377371584,0.06469294376418834,155.6394603432255,557.0709387534258,72.83837350177023,1889.6338379382946,2098.0921462766273,542.1386310973099,174.82385875766025,9.427526259453991,542.0504134467225,819.1832221790936,857.5461378312573
E06000013,2021,169929,22.077455878631664,33.59873829658269,832.0,4.8961625149327075,2.25,0.013240824108892537,8.34139770884553,0.937489927,North Lincolnshire,26.0,510246.0,4953842.0,14.0,25587.0,92486.0,11931.0,334458.0,362213.0,94942.0,29219.0,1490.0,92487.0,139679.0,145677.0,29152.422482330854,0.0823873500108869,150.57465176632593,544.2626037933491,70.21167664142084,1968.2220221386578,2131.554943535241,558.7156989095446,171.94828428343604,8.768367965444392,544.268488604064,821.9844758693337,857.2815705382836
E06000013,2022,170245,22.34838027548533,33.42183324033011,1126.0,6.613997474228318,2.75,0.016153190989456372,8.60967387895892,0.881959021,North Lincolnshire,,,5104012.0,37.0,26653.0,92855.0,12076.0,343730.0,377560.0,99130.0,30247.0,1432.0,106568.0,139305.0,145655.0,29980.392963082613,0.21733384240359482,156.55672706981116,545.419836118535,70.93306705042733,2019.031395929396,2217.745014537872,582.2784810126582,177.6674792211225,8.411407089782372,625.9684572234133,818.2619166495346,855.5611031160973
E06000013,2023,170649,22.633592930518198,33.4862788530844,1239.0,7.260517201975985,7.0,0.04101987119760444,8.81428636225207,0.943965733,North Lincolnshire,22.0,510531.0,5295847.0,64.0,26863.0,93383.0,12144.0,357621.0,406908.0,103402.0,31426.0,1360.0,112684.0,141434.0,148156.0,31033.56597460284,0.37503882237809777,157.41668571160685,547.2226617208422,71.16361654624404,2095.6524796512135,2384.4733927535467,605.9338173678135,184.1557817508453,7.969574975534577,660.326166575837,828.800637565998,868.1914338788977
E06000013,2024,171424,22.97869609856263,33.595645883890235,1100.0,6.416837782340862,34.0,0.19833862236326302,9.029945658,0.943831086,North Lincolnshire,22.0,511938.0,5586157.0,21.0,26825.0,94681.0,12142.0,376096.0,443843.0,107222.0,32987.0,1233.0,110400.0,150480.0,151970.0,32586.78481426171,0.12250326675378011,156.4833395557215,552.3205618816502,70.83022213925705,2193.951838715699,2589.1532107522867,625.478346089229,192.4292981146164,7.192691805114803,644.017173791301,877.8234086242301,886.5153070748554
E06000013,2025,171421,23.365865325718552,33.55889885136594,,,68.0,0.39668418688492074,,,North Lincolnshire,,,,,,,,,,,,,,,,,,,,,,,,,,,,
E06000014,2011,197783,17.035336707401544,43.63266812617869,,,,,,0.651768327,York,20.0,585251.0,,,,,,,,,,,,,,,,,,,,,,,,,,
E06000014,2012,199157,17.45557524967739,43.47323970535808,2890.0,14.511164558614562,,,4.93490682471283,0.685970664,York,15.0,592010.0,,,,,,,,,,,,,,,,,,,,,,,,,,
E06000014,2013,201168,17.703610912272328,43.43633182215859,3130.0,15.559134653622841,,,4.74035381177557,0.724038064,York,22.0,598108.0,,,,,,,,,,,,,,,,,,,,,,,,,,
E06000014,2014,202206,17.953967735873317,43.10307310366656,3316.0,16.39911773142241,,,4.81542352024127,0.695921719,York,18.0,602531.0,3408695.0,63.0,24379.0,61042.0,15202.0,180177.0,198690.0,48346.0,19519.0,1298.0,118382.0,48127.0,113448.0,16857.53637379702,0.31156345509035344,120.56516621663056,301.88026072421195,75.18075625846907,891.0566452034064,982.6117919349574,239.09280634600358,96.53027110966045,6.4191962651949,585.4524593731145,238.0097524306895,561.051600842705
E06000014,2015,203212,18.127866464578865,42.84933960592878,3402.0,16.741137334409384,,,4.90220628586347,0.656788766,York,15.0,606586.0,3535708.0,70.0,26463.0,63015.0,16104.0,196177.0,206130.0,50845.0,20654.0,1173.0,116306.0,57405.0,120061.0,17399.110288762477,0.3444678463870244,130.22360884199753,310.0948762868335,79.247288545952,965.3809814381041,1014.3593882251048,250.2066807078322,101.6376985611086,5.7722969115997085,572.3382477412752,282.48823888353047,590.816487215322
E06000014,2016,202892,18.36839303668947,42.31364469767167,3239.0,15.96415827139562,,,4.70877228525122,0.809981465,York,8.0,608310.0,3669997.0,47.0,28685.0,64735.0,16832.0,207202.0,210556.0,52700.0,21055.0,1180.0,121553.0,63439.0,127063.0,18088.42635490803,0.23165033613942393,141.38063600339095,319.0613725528853,82.96039272125071,1021.2428286970407,1037.7737909823945,259.7441003095243,103.77442185990576,5.8159020562663875,599.101985292668,312.67373775210456,626.2592906570984
E06000014,2017,203546,18.530946321715977,42.164916038635,2925.0,14.370216069094946,,,4.9580357608299,0.883625031,York,8.0,609650.0,3679010.0,82.0,29119.0,65200.0,17103.0,213099.0,215607.0,53668.0,22016.0,1232.0,121672.0,68436.0,131262.0,18074.58756251658,0.4028573393729182,143.05857152682933,320.3207137452959,84.02523262554902,1046.932880036945,1059.2544191484972,263.66521572519235,108.16228272724592,6.0526858793589655,597.761685319289,336.2188399673784,644.8763424483901
E06000014,2018,203906,18.668896452286837,42.18316282993144,2955.0,14.49197179092327,,,5.01562073775175,0.799889266,York,10.0,610344.0,3742097.0,171.0,29128.0,67160.0,18015.0,219216.0,224245.0,56314.0,22782.0,1251.0,115857.0,73578.0,139367.0,18352.069090659425,0.838621717850382,142.85013682775397,329.3674536305945,88.34953360862357,1075.0836169607564,1099.7469422184731,276.17627730424806,111.72795307641758,6.135179935852794,568.1882828362088,360.842741263131,683.4865084892058
E06000014,2019,203877,18.86529623253236,42.07340700520412,3517.0,17.250597173786154,,,4.95791944726348,0.837257147,York,14.0,611329.0,3708264.0,69.0,30266.0,68612.0,18023.0,225236.0,223304.0,56045.0,23088.0,992.0,111672.0,73684.0,140337.0,18188.73144101591,0.3384393531393929,148.45225307415745,336.536244892754,88.40134002364171,1104.7641470102071,1095.2878451223041,274.8961383579315,113.24475051133771,4.865678816148952,547.7420209243809,361.41398980758004,688.3415000220722
E06000014,2020,202169,19.046935979304443,41.85706018232271,3433.0,16.980842760264927,2.0,0.009892713521855478,5.00302685176635,0.766830027,York,24.0,609952.0,3692805.0,22.0,27681.0,74344.0,18327.0,241586.0,227235.0,56062.0,22739.0,1157.0,98923.0,73881.0,141574.0,18265.930978537755,0.10881984874041024,136.92010149924073,367.7319470344118,90.65188035752267,1194.9705444454887,1123.9853785694147,277.3026527311309,112.47520638673585,5.722934772393394,489.3084498612547,365.44178385410225,700.2755120715836
E06000014,2021,201851,19.322668701170667,41.96758995496678,3296.0,16.32887625030344,39.5,0.19568889923755642,5.14644968158693,0.807346046,York,24.0,607897.0,3750596.0,40.0,27135.0,71640.0,18189.0,248706.0,231199.0,57578.0,22496.0,1091.0,102237.0,73730.0,142094.0,18581.012727209676,0.19816597391144955,134.43084255217957,354.91525927540613,90.1110224868839,1232.1266676905243,1145.3943750588305,285.250011146836,111.44854372779922,5.404976938434786,506.49736686962166,365.26943141227935,703.9548974243377
E06000014,2022,204513,19.26723484570663,42.9092527125415,5238.0,25.61206378078655,117.75,0.57575802027255,5.31521528761039,0.794325769,York,20.0,608768.0,3853024.0,10.0,29039.0,72159.0,18568.0,253484.0,243162.0,60343.0,23146.0,908.0,116468.0,75506.0,142792.0,18839.99550150846,0.04889664715690445,141.99097367893484,352.8333162195068,90.79129444094018,1239.4517707920768,1188.98065159672,295.05703793890854,113.17617950937105,4.439815561846924,569.4894701070348,369.19902402292274,698.20500408287
E06000014,2023,206239,19.35085022716363,43.32643195515882,4758.0,23.07032132622831,398.25,1.9310120782199294,5.55085025129706,0.882383049,York,15.0,613345.0,3952491.0,33.0,28984.0,74035.0,19014.0,254149.0,256123.0,61699.0,23314.0,919.0,119409.0,76055.0,140562.0,19164.614840064198,0.16000853378846872,140.5359801007569,358.9767211827055,92.1940079228468,1232.3032986001679,1241.874718166787,299.162622006507,113.04360474982909,4.455995228836447,578.9836063984019,368.77118294793905,681.5490765568103
E06000014,2024,208237,19.36831590927645,43.97681487920014,5482.0,26.325773037452517,296.0,1.421457281847126,5.688985868,0.93177104,York,19.0,620795.0,4082041.0,14.0,29063.0,78105.0,19908.0,260611.0,278600.0,65280.0,23768.0,886.0,117453.0,82852.0,140536.0,19602.861163001773,0.06723108765493165,139.5669357510913,375.0774358063169,95.60260664531279,1251.5114989170993,1337.8986443331396,313.48895729385265,114.13917795588681,4.254767404447817,564.035209881049,397.8735767418855,674.8848667623909
E06000014,2025,209118,19.527730754884804,44.34003768207423,,,343.25,1.6414177641331689,,,York,,,,,,,,,,,,,,,,,,,,,,,,,,,,
E06000015,2011,248943,15.223163535427789,42.53905512506879,,,,,,1.930335402,Derby,138.0,739958.0,,,,,,,,,,,,,,,,,,,,,,,,,,
E06000015,2012,251804,15.433432352146909,42.40679258470874,2222.0,8.824323680322792,,,6.94968081520708,1.856378436,Derby,127.0,747782.0,,,,,,,,,,,,,,,,,,,,,,,,,,
E06000015,2013,253812,15.6052511307582,42.07838872866531,2635.0,10.38169984082707,,,7.05307419859824,1.693368077,Derby,121.0,754559.0,,,,,,,,,,,,,,,,,,,,,,,,,,
E06000015,2014,255320,15.778239072536424,41.680244399185334,2498.0,9.783800720664265,515.75,2.020014099953,7.13630838577837,2.151676655,Derby,105.0,760936.0,4124760.0,79.0,31046.0,77917.0,9310.0,181161.0,225642.0,73161.0,30465.0,1660.0,168565.0,59709.0,88660.0,16155.25614914617,0.30941563528121574,121.59642801190662,305.1738994203353,36.4640451198496,709.5448848503838,883.761554128153,286.54629484568386,119.32085226382578,6.501644994516685,660.2107159642802,233.85947046843177,347.25050916496946
E06000015,2015,257406,15.834518231898246,41.51729174922107,2540.0,9.867679852062501,650.75,2.5281073479250677,7.3191395314572,2.294560909,Derby,106.0,766538.0,4131499.0,58.0,30848.0,78833.0,9097.0,183528.0,222304.0,73316.0,30738.0,1738.0,158863.0,70008.0,90793.0,16050.51552799857,0.22532497299985238,119.8418063293008,306.2593723534028,35.34105654102857,712.9903731847742,863.6317723751583,284.8263055251237,119.4144658632666,6.7519793633404035,617.1689859599232,271.975012237477,352.7229357513034
E06000015,2016,259883,15.869064155793184,41.20854384473013,2796.0,10.758687563249616,735.5,2.8301197077146254,7.32740326802009,2.443642378,Derby,100.0,772609.0,4256079.0,63.0,32101.0,83022.0,8560.0,193429.0,229741.0,77419.0,32059.0,1857.0,158904.0,81496.0,95525.0,16376.904222284644,0.2424167798586287,123.52096905145778,319.45914122893765,32.93789897761685,744.2926239884872,884.0170384365273,297.899439363098,123.35935786488535,7.145523177737674,611.444380740564,313.58726811680646,367.569252317389
E06000015,2017,261104,15.991329125559163,40.90515656596605,2730.0,10.45560389729763,728.5,2.7900759850481034,7.27950473034834,2.485751152,Derby,93.0,778393.0,4264641.0,35.0,31004.0,85066.0,7888.0,200775.0,236108.0,78943.0,31930.0,2079.0,160027.0,89778.0,98213.0,16333.112476254673,0.13404620381150806,118.74195722777131,325.79355352656415,30.210184447576445,768.9464734358723,904.2680311293584,302.3431276426252,122.28843679147008,7.9623445064035785,612.8860530669772,343.8400024511306,376.14513756970405
E06000015,2018,262395,16.009070294784582,40.87196783475295,3135.0,11.947636197336077,864.75,3.2956039558680614,7.27718218165092,2.718035221,Derby,87.0,783382.0,4244103.0,23.0,30744.0,86707.0,7550.0,205716.0,242468.0,82887.0,33585.0,2472.0,158518.0,67711.0,99874.0,16174.481221059854,0.08765410926275272,117.16686674669869,330.4445587758913,28.77341412755578,783.9935974389756,924.0572419443968,315.88635454181673,127.99405476476305,9.42091122163151,604.1197431353494,258.0498866213152,380.6246308047028
E06000015,2019,263014,16.213205380702167,40.82254176583756,3197.0,12.155246488780065,835.0,3.1747359456150623,7.23052975400633,2.731933832,Derby,88.0,786513.0,4250342.0,40.0,31362.0,87840.0,7177.0,215424.0,245862.0,83524.0,34284.0,2269.0,161365.0,53926.0,101355.0,16160.13596234421,0.15208315907138023,119.24080086991567,333.974617320751,27.287520816382397,819.0590614948253,934.7867413901921,317.56484445694906,130.35047564008,8.626917198324044,613.5224740888318,205.03091090208125,385.3597146919936
E06000015,2020,261999,16.273726235596317,40.72649132248596,3196.0,12.198519841678785,862.0,3.290088893469059,7.26165506821913,2.715231895,Derby,85.0,787408.0,4200277.0,24.0,27354.0,95029.0,7263.0,240547.0,248653.0,85596.0,34710.0,2082.0,140661.0,53424.0,101685.0,16031.652792567911,0.09160340306642392,104.40497864495667,362.7074912499666,27.721479852976536,918.1218248924614,949.0608742781461,326.7035370364009,132.4814216848156,7.946595216012275,536.8760949469272,203.90917522585963,388.11216836705484
E06000015,2021,261260,16.48051749215341,40.55959580494527,3051.0,11.6780218938988,775.0,2.9663936308658045,7.45630037480513,2.563262463,Derby,98.0,786273.0,4203480.0,3.0,28355.0,90930.0,6647.0,249322.0,245191.0,86826.0,34653.0,1965.0,148503.0,53161.0,99894.0,16089.259741253922,0.011482814054964402,108.53173084283856,348.0440940059711,25.44208834111613,954.3060552706116,938.4942203169256,332.33560437877975,132.63798514889382,7.521243206001684,568.4107785347929,203.47929265865423,382.3547424022047
E06000015,2022,264414,16.45903772114941,40.88663989047478,6565.0,24.82848865793793,910.25,3.4425181722601677,7.53990744327333,2.610183001,Derby,100.0,787580.0,4358826.0,16.0,30435.0,89750.0,6299.0,258407.0,256659.0,90142.0,35914.0,1947.0,170011.0,55441.0,101428.0,16484.853298236856,0.060511168092461064,115.10358755587828,339.4298335186488,23.822490488400767,977.2818383292866,970.6709932151853,340.91235713691407,135.8248806795404,7.3634527672513554,642.9727624104625,209.67497938838338,383.59542233013383
E06000015,2023,269643,16.290057594671474,41.66212362271596,9017.0,33.44051208449691,1319.75,4.894434493014837,7.62706124676794,3.050513506,Derby,106.0,795484.0,4543211.0,33.0,31661.0,89759.0,5988.0,270744.0,273548.0,92890.0,36664.0,2021.0,179778.0,55558.0,103149.0,16848.98551047125,0.12238404112103782,117.41821593736904,332.8808832419162,22.207140552508317,1004.0831766446747,1014.4821115326561,344.492532719188,135.97237829277972,7.495095366836892,666.7260043835739,206.0428047455339,382.5391350786039
E06000015,2024,273656,16.286871108252697,42.01735024994884,8295.0,30.31177829099307,1241.75,4.537631186599234,7.833858682,3.136789799,Derby,96.0,808373.0,4768045.0,22.0,32224.0,92809.0,5855.0,280441.0,297039.0,98815.0,38012.0,1721.0,177969.0,60666.0,105876.0,17423.49884526559,0.08039290203759464,117.75367614815681,339.1447656912328,21.395474610459846,1024.7939018329582,1085.4466921975034,361.0920279474961,138.90431782968398,6.288917473031836,650.3383810331219,221.68708159148713,386.89449527874416
E06000015,2025,275344,16.484470335289675,42.1229443895636,,,1290.75,4.687772386541925,,,Derby,,,,,,,,,,,,,,,,,,,,,,,,,,,,
E06000016,2011,329627,11.344944437197196,47.603199980584115,,,,,,3.333866358,Leicester,601.0,974247.0,,,,,,,,,,,,,,,,,,,,,,,,,,
E06000016,2012,334099,11.390935022253883,47.42366783498304,7418.0,22.202999709666894,,,8.41953241558344,3.550051928,Leicester,579.0,988638.0,,,,,,,,,,,,,,,,,,,,,,,,,,
E06000016,2013,338852,11.411176560858427,47.17546303400895,7746.0,22.859537497196417,,,8.65461439057079,3.462293148,Leicester,530.0,1002578.0,,,,,,,,,,,,,,,,,,,,,,,,,,
E06000016,2014,342917,11.472747049577595,46.71830209642567,8763.0,25.554288647107025,782.5,2.281893286130463,8.85399758657416,3.553139448,Leicester,484.0,1015868.0,6772168.0,166.0,43147.0,125623.0,21750.0,272754.0,441904.0,195331.0,63568.0,3240.0,247789.0,161422.0,169558.0,19748.708871242896,0.4840821539906158,125.82344998935602,366.3364604262839,63.42642680298731,795.3936375274483,1288.6616878136692,569.6159712116926,185.37430340286426,9.448350475479488,722.5917641878356,470.7319847076698,494.45784256831826
E06000016,2015,349853,11.39392830703181,46.684750452332835,9910.0,28.326182711024344,870.5,2.488187896059202,8.96388468557401,3.890944004,Leicester,425.0,1031622.0,6707982.0,106.0,41135.0,126349.0,21460.0,280625.0,445127.0,198951.0,66793.0,2972.0,218069.0,160649.0,173657.0,19173.715817786328,0.30298439630359036,117.57795416932254,361.14882536379565,61.340048534670274,802.122605780142,1272.3258054097007,568.6702700848642,190.91732813495955,8.494996469945947,623.3160784672419,459.19000265825935,496.37133310276033
E06000016,2016,356789,11.352367926141222,46.547679440789935,9961.0,27.918461611764936,930.25,2.607283296289964,8.98707373344711,3.83288455,Leicester,397.0,1049559.0,6872383.0,142.0,41116.0,130236.0,19984.0,300822.0,459408.0,207095.0,69208.0,3001.0,219233.0,162874.0,180734.0,19261.756948784856,0.3979943327849233,115.2389787801754,365.0224642575864,56.01069539699935,843.1369801199028,1287.6181720849017,580.4411010429134,193.97459002379557,8.41113375132081,614.4612081650499,456.499499704307,506.5570967714812
E06000016,2017,361895,11.383135992484007,46.51763633097998,8860.0,24.4822393235607,910.0,2.514541510659169,9.22530068594469,3.904406548,Leicester,390.0,1068537.0,6777282.0,151.0,37876.0,129824.0,19602.0,315383.0,473516.0,212944.0,71292.0,2902.0,195936.0,165370.0,183501.0,18727.205404882632,0.4172480968236643,104.66019149200736,358.73388690089666,54.16488207905608,871.4765332485943,1308.4347669904255,588.4137664239627,196.99636634935547,8.018900509816383,541.4167092665,456.9557468326448,507.0559140082068
E06000016,2018,367094,11.438759554773437,46.65072161353768,10728.0,29.224122431856692,1034.25,2.817398268563365,9.36398458070389,3.882632494,Leicester,407.0,1085778.0,6940196.0,82.0,37795.0,133374.0,19806.0,326194.0,493234.0,223778.0,74989.0,2722.0,185995.0,166465.0,188570.0,18905.773453121,0.2233760290279874,102.95728069649736,363.3238353119365,53.95348330400388,888.5843952775039,1343.617710995004,609.5931832173776,204.27737854609447,7.414994524563191,506.66859169585985,453.4669594163893,513.6831438269217
E06000016,2019,369776,11.573493141793952,46.659599324996755,12060.0,32.61433949201679,950.0,2.569122928475618,9.35711397636911,3.94986105,Leicester,423.0,1098765.0,7012767.0,120.0,37833.0,132246.0,19688.0,338475.0,505948.0,230604.0,77037.0,2386.0,188460.0,166636.0,191712.0,18964.90578079702,0.3245207909653412,102.31329237159795,357.6381376833542,53.24304443771364,915.3514560166155,1368.2553762277703,623.6316039980961,208.3342347799749,6.452555060360867,509.6599022110683,450.6403876941716,518.4544156462291
E06000016,2020,368922,11.734187714476231,46.45074026487984,12493.0,33.86352670754252,935.25,2.535088717940378,9.62299351977865,3.936600924,Leicester,420.0,1105792.0,6784762.0,114.0,32756.0,128029.0,19442.0,366688.0,509087.0,228387.0,75861.0,2257.0,150993.0,157627.0,187916.0,18390.776370072806,0.30900840828142534,88.78841597952955,347.03541670054915,52.69948661234624,993.9445194377131,1379.9312591821576,619.0658187909639,205.6288321108527,6.117824363957693,409.28163676874783,427.2637576506687,509.3651232509853
E06000016,2021,366940,11.940916771134246,46.176214094947404,11925.0,32.49850111734889,907.75,2.4738376846350905,9.9294575385234,3.764422655,Leicester,429.0,1105638.0,6936340.0,140.0,32267.0,125210.0,19330.0,388684.0,532279.0,245223.0,77118.0,2167.0,156004.0,157847.0,191161.0,18903.19943314983,0.38153376573826786,87.9353572791192,341.22744862920365,52.67891208371941,1059.2576443015207,1450.5886520957106,668.2918188259661,210.16514961574097,5.905597645391617,425.14852564451957,430.17114514634545,520.9598299449501
E06000016,2022,373297,11.989381109411541,46.62239450089339,18533.0,49.64679598282333,1035.25,2.7732609691478904,10.0020201300013,3.747023344,Leicester,423.0,1108948.0,7181202.0,145.0,33911.0,127400.0,19788.0,400572.0,557280.0,258800.0,79638.0,2122.0,179386.0,161324.0,193501.0,19237.234695162297,0.38843065976956687,90.84187657548814,341.28321416995044,53.00873031393233,1073.0651465187239,1492.8595729405808,693.2817568852682,213.33683367399146,5.684481793317386,480.5449816098174,432.15991556321103,518.3566972142825
E06000016,2023,382934,11.898133882078897,47.63457932698585,21626.0,56.474483853614466,1573.25,4.108410326583693,10.3055192096842,3.796494722,Leicester,455.0,1122722.0,7485729.0,80.0,35292.0,128753.0,20292.0,418338.0,585965.0,267312.0,82006.0,2623.0,192258.0,160988.0,197448.0,19548.352979886877,0.20891328531809658,92.16209581807831,336.2276528070111,52.9908548209352,1092.4545744175236,1530.1984153927308,698.062851561888,214.15178594744785,6.849744342367091,502.06563010858264,420.40664970987166,515.6188794935942
E06000016,2024,386755,12.04483458520252,47.84320823260204,19851.0,51.327067523367504,1556.75,4.0251580457912635,10.70692386,3.733725071,Leicester,482.0,1144130.0,7862336.0,129.0,34238.0,130740.0,20559.0,435312.0,635631.0,281930.0,86161.0,2356.0,186760.0,168531.0,204678.0,20328.983464984292,0.33354449199105374,88.52632803712946,338.04346420860753,53.15768380499283,1125.5497666481365,1643.4978216183372,728.9627800545564,222.7792788716371,6.091711807216455,482.8896846841023,435.75648666468436,529.218756060038
E06000016,2025,383116,12.45549650758517,47.560790987586,,,1547.0,4.037941511187212,,,Leicester,,,,,,,,,,,,,,,,,,,,,,,,,,,,
E06000017,2011,37581,21.186237726510736,35.70953407306884,,,,,,0.42934835,Rutland,6.0,112668.0,,,,,,,,,,,,,,,,,,,,,,,,,,
E06000017,2012,37114,22.166837312065528,34.32666918144096,117.0,3.152449210540497,,,6.65611133101394,0.688129783,Rutland,7.0,112365.0,,,,,,,,,,,,,,,,,,,,,,,,,,
E06000017,2013,37833,22.5385245684984,34.652287685354054,132.0,3.4890175243834745,,,6.83828572003307,0.72039187,Rutland,8.0,112528.0,,,,,,,,,,,,,,,,,,,,,,,,,,
E06000017,2014,38294,22.953987569854284,34.48320885778451,150.0,3.9170627252311068,,,6.74710618035096,0.475873232,Rutland,6.0,113241.0,871033.0,55.0,7568.0,14454.0,2894.0,44162.0,64973.0,13878.0,4749.0,654.0,25655.0,16577.0,32063.0,22745.939311641512,1.436256332584739,197.62887136366012,377.4481642032694,75.57319684545882,1153.235493811041,1696.6887763096045,362.406643338382,124.01420588081683,17.078393482007627,669.948294772027,432.8876586410404,837.2852143938998
E06000017,2015,38438,23.599042614079817,33.73484572558406,122.0,3.173942452781102,,,6.69143725722006,0.669440091,Rutland,,,873525.0,3.0,7654.0,14668.0,2916.0,45972.0,65143.0,14042.0,4931.0,531.0,23454.0,17183.0,32419.0,22725.55804152141,0.07804776523232218,199.125865029398,381.6015401425673,75.86242780581716,1196.0039544201052,1694.755190176388,365.31557313075604,128.28451012019357,13.814454446121026,610.1774285862949,447.0315833289973,843.4101670222176
E06000017,2016,39044,23.955025099887308,33.4289519516443,138.0,3.534473926851757,,,6.58463584968407,0.710260928,Rutland,,,956545.0,7.0,8388.0,16092.0,3004.0,52420.0,70746.0,15864.0,5501.0,543.0,23643.0,22489.0,35245.0,24499.154799713142,0.17928490933306016,214.8345456408155,412.1503944268005,76.93883823378752,1342.5878496055732,1811.9557422395246,406.3108288085237,140.89232660588056,13.907386538264522,605.547587337363,575.9911894273127,902.6995184919579
E06000017,2017,39831,24.106851447365116,33.16763325048329,137.0,3.4395320227963144,,,6.53218995647372,0.611218214,Rutland,,,941289.0,9.0,8336.0,15519.0,2804.0,53274.0,70269.0,15443.0,5306.0,555.0,22651.0,23583.0,34916.0,23632.07049785343,0.22595465843187468,209.28422585423414,389.6211493560292,70.3974291381085,1337.5009414777435,1764.1786548166,387.71308779593784,133.21282418216967,13.933870603298939,568.6776631267103,592.0765233109889,876.6036504230374
E06000017,2018,40053,24.482560607195467,33.14108805832272,138.0,3.4454347988914686,,,6.56329923273657,0.612196863,Rutland,,,934626.0,2.0,7583.0,15600.0,2728.0,52958.0,72694.0,16003.0,5305.0,548.0,21516.0,24759.0,35388.0,23334.731480787956,0.04993383766509375,189.32414550720296,389.48393378773125,68.10975457518788,1322.1980875340173,1814.9451976131625,399.5456020772477,132.44950440666116,13.681871520235688,537.1882256010786,618.1559433750281,883.5293236461689
E06000017,2019,40175,25.072806471686373,32.5749844430616,119.0,2.962041070317362,1.0,0.024891101431238332,6.48194741476915,0.855960786,Rutland,,,975830.0,7.0,7964.0,16368.0,2666.0,57279.0,76219.0,16709.0,5561.0,514.0,22193.0,27247.0,36306.0,24289.483509645303,0.17423771001866833,198.23273179838208,407.417548226509,66.35967641568139,1425.7373988799004,1897.1748599875543,415.9054138145613,138.41941505911637,12.794026135656503,552.4082140634723,678.2078406969508,903.696328562539
E06000017,2020,40633,25.122437427706544,32.98550439298108,102.0,2.5102748997120568,1.0,0.024610538232471144,6.33396146130934,0.747698486,Rutland,,,951308.0,14.0,7268.0,17628.0,2516.0,60558.0,74668.0,16484.0,5650.0,629.0,19420.0,26269.0,34375.0,23412.20190485566,0.344547535254596,178.86939187360025,433.8345679620013,61.9201141928974,1490.3649742819875,1837.6196687421552,405.68011222405437,139.04954101346195,15.48002854822435,477.9366524745896,646.4942288287845,845.9872517411956
E06000017,2021,41342,25.122151806879202,33.46233854191863,81.0,1.9592666053891927,,,6.46849058809774,0.856087208,Rutland,6.0,122150.0,909278.0,16.0,6538.0,17279.0,2556.0,58986.0,71007.0,15423.0,5753.0,476.0,18730.0,22963.0,32649.0,21994.049634754003,0.38701562575588994,158.1442600745005,417.9526873397513,61.82574621450341,1426.7814813023076,1717.5511586280297,373.0588747520681,139.15630593585215,11.513714866237725,453.0501669004886,555.4399883895312,789.729572831503
E06000017,2022,41135,25.666707183663547,32.79931931445241,314.0,7.633402212228029,,,6.70876542494641,1.007787466,Rutland,,,953294.0,28.0,6978.0,17513.0,2682.0,61915.0,74368.0,15723.0,5948.0,436.0,20481.0,22936.0,33788.0,23174.76601434302,0.6806855475872129,169.63656253798467,425.74449981767356,65.19995137960375,1505.1659171022245,1807.9008143916374,382.2292451683481,144.59705846602648,10.599246383858029,497.8971678619181,557.5787042664398,821.3929743527409
E06000017,2023,40765,26.262725377161782,32.125597939408806,327.0,8.02158714583589,,,6.78315079070033,1.080471635,Rutland,6.0,123314.0,979366.0,10.0,6790.0,17687.0,2624.0,63990.0,79343.0,15982.0,6066.0,458.0,20794.0,22412.0,34184.0,24024.678032626027,0.24530847540782533,166.5644548019134,433.8771004538207,64.36894394701336,1569.7289341346743,1946.3510364283086,392.05200539678646,148.80412118238684,11.235128173678401,510.094443763032,549.7853550840182,838.5624923341102
E06000017,2024,41382,26.55744043303852,32.685708762263786,312.0,7.539509931854429,,,6.98982476,1.145213008,Rutland,6.0,123415.0,1043236.0,1.0,6738.0,17836.0,2742.0,66440.0,89154.0,16921.0,6649.0,364.0,21250.0,23069.0,35772.0,25209.898023295154,0.024165095935430862,162.82441641293315,431.0086511043449,66.26069305495143,1605.5289739500265,2154.4149630274032,408.8975883234257,160.6737228746798,8.796094920496834,513.5082886279059,557.4645981344546,864.4338118022329
E06000017,2025,41629,27.007614883855005,32.74640274808427,,,2.0,0.048043431261860725,,,Rutland,,,,,,,,,,,,,,,,,,,,,,,,,,,,
E06000018,2011,303899,11.719354127522632,51.11073086782122,,,,,,2.617762327,Nottingham,191.0,898460.0,,,,,,,,,,,,,,,,,,,,,,,,,,
E06000018,2012,307436,11.764399744987575,51.16934906777345,7301.0,23.74803211074825,,,5.19704771883162,2.749044657,Nottingham,196.0,911088.0,,,,,,,,,,,,,,,,,,,,,,,,,,
E06000018,2013,308681,11.85139350980462,50.72194271756279,8251.0,26.729860276466642,,,5.18157380910229,2.410044193,Nottingham,185.0,920016.0,,,,,,,,,,,,,,,,,,,,,,,,,,
E06000018,2014,310339,11.844144628938032,50.36782357357599,8290.0,26.7127238278141,641.5,2.0670943709942997,5.3595680690334,2.824186087,Nottingham,168.0,926456.0,5247245.0,147.0,38415.0,119718.0,11480.0,251960.0,296049.0,101434.0,37361.0,2563.0,208944.0,115095.0,108149.0,16908.10694111923,0.4736755612410944,123.78399105494314,385.7652438140227,36.99180573501881,811.8863565326949,953.9535797949984,326.8490263872733,120.3877050580172,8.258710635788605,673.2766426391784,370.8686307553997,348.4866549160757
E06000018,2015,313265,11.76448055160966,50.28554099564267,8300.0,26.495139897530844,814.0,2.5984390212759165,5.53300548134531,3.045832872,Nottingham,162.0,932285.0,5369709.0,122.0,38517.0,124436.0,11732.0,263061.0,302933.0,107540.0,38977.0,2815.0,195630.0,135300.0,112532.0,17141.107369160294,0.3894466346384052,122.95341005219224,397.22279858905404,37.45072063588336,839.7395176607665,967.0183391058689,343.2876318771647,124.42181539591081,8.986002266451727,624.4872551992722,431.902702185051,359.2230220420411
E06000018,2016,317625,11.687996851633216,50.18402203856749,8971.0,28.243998425816606,968.5,3.0491932310114125,5.69635618105693,2.97974062,Nottingham,152.0,941229.0,5536361.0,89.0,39277.0,129612.0,11840.0,277174.0,315437.0,115894.0,40881.0,3980.0,200806.0,149113.0,121403.0,17430.495080676897,0.28020464384100746,123.65840220385675,408.06611570247935,37.276662731208184,872.6454151908697,993.1113734750099,364.8768201495474,128.70838252656435,12.530499803227075,632.210940574577,469.4624163715073,382.2211727666273
E06000018,2017,320378,11.626266472729089,50.10487611508905,7660.0,23.90925718994438,950.0,2.9652473016249554,5.78514270169791,3.263606787,Nottingham,145.0,951268.0,5515041.0,61.0,37889.0,131983.0,11726.0,286706.0,320955.0,118381.0,41414.0,4112.0,191872.0,152345.0,123611.0,17214.168888001048,0.19040008989381293,118.26342632765046,411.96024695828055,36.60051564089919,894.8991503786152,1001.8009975716185,369.50414822490933,129.2660544731536,12.83483884661244,598.8925581656667,475.5164212274251,385.828614948592
E06000018,2018,322323,11.646081725474136,50.00015512389746,8774.0,27.221141525736606,979.25,3.0381015316933633,5.79646003193118,3.308242083,Nottingham,124.0,960326.0,5536294.0,84.0,35903.0,132946.0,11343.0,291592.0,328091.0,121544.0,41865.0,4261.0,186027.0,154610.0,127149.0,17176.230054944885,0.26060814772759006,111.38826580790078,412.46203342609743,35.19140737707207,904.6577501450408,1017.8950928106278,377.0875798500262,129.88523934066137,13.219658541276917,577.1446654442904,479.67411571622256,394.4769687549446
E06000018,2019,323160,11.72948384701077,49.95915336056443,10549.0,32.643272682262655,920.0,2.846886990964228,5.91644702734083,3.124393225,Nottingham,124.0,965861.0,5572370.0,109.0,34373.0,137028.0,10981.0,300913.0,335468.0,126838.0,43187.0,3046.0,180533.0,144074.0,130800.0,17243.377893303626,0.33729421958163136,106.36526797871024,424.02525064983286,33.98007179106325,931.1579403391509,1038.086396831291,392.4928827825226,133.63968312910012,9.42567149399678,558.6489664562446,445.82869166976116,404.75306349795767
E06000018,2020,322822,11.78110537695696,49.985750661355176,10367.0,32.11367255019794,936.75,2.9017539077262393,6.07920617642062,2.292059898,Nottingham,117.0,968305.0,5614492.0,79.0,29266.0,147811.0,11345.0,331357.0,346507.0,129871.0,44179.0,2226.0,148645.0,138015.0,135714.0,17391.912571014367,0.24471690281331507,90.65677060423391,457.8715205283407,35.1432058533805,1026.4387185507803,1073.3686056092831,402.29909981351955,136.85250695429679,6.895440831170119,460.45498757829387,427.52662457948963,420.3988575747626
E06000018,2021,319978,11.911443911768934,49.88342948577715,8048.0,25.15172918138122,936.25,2.9259824112907764,6.33824484633004,2.512764454,Nottingham,129.0,965960.0,5677720.0,65.0,27315.0,145936.0,11657.0,345090.0,350870.0,134805.0,44518.0,2006.0,147048.0,138656.0,137348.0,17744.09490652482,0.203138965803899,85.36524386051542,456.08135559319703,36.4306296057854,1078.4803955271925,1096.5441374094469,421.2945890029939,139.12831507166118,6.2691810061941755,459.5565945158729,433.3297914231604,429.24201038821417
E06000018,2022,326632,11.780229738666144,50.91111709814103,12705.0,38.89698498616179,1213.5,3.7151901834480396,6.35083530765998,3.314506769,Nottingham,132.0,969372.0,5864349.0,68.0,29695.0,145892.0,11605.0,356298.0,360062.0,138558.0,46883.0,2001.0,171602.0,144711.0,137312.0,17953.99409733278,0.20818535844620245,90.91270910382326,446.6555634475495,35.52928065835558,1090.8239241715448,1102.3475960714197,424.2021602292488,143.53462000048987,6.126160327218399,525.3679982365476,443.03987361924123,420.387469690661
E06000018,2023,327193,11.85783314435211,51.02951469010645,16491.0,50.40144501868927,1540.25,4.707466235524598,6.45270496953135,3.515940189,Nottingham,134.0,973736.0,6059936.0,64.0,30317.0,142643.0,11603.0,367397.0,383140.0,140776.0,48602.0,2032.0,181016.0,147108.0,138913.0,18520.98302836552,0.19560320667006936,92.6578502596327,435.9598157662297,35.46225010926273,1122.875489390054,1170.990821930787,430.25370347165125,148.54229766529235,6.210401811774702,553.2392196654574,449.6061957315713,424.55981637748977
E06000018,2024,330561,11.884947105072891,51.445875345246414,16768.0,50.72588720387462,1443.0,4.365306252098705,6.555264869,3.545050383,Nottingham,125.0,984835.0,6283545.0,71.0,30006.0,142072.0,11657.0,381531.0,411335.0,144802.0,51102.0,1852.0,173405.0,151118.0,142397.0,19008.730612504198,0.2147863783083909,90.772958697487,429.79056815534807,35.26429312592835,1154.1924183433619,1244.35429466876,438.0492556593186,154.59173949739989,5.602596797565351,524.5779145150215,457.15616784799175,430.7737452391541
E06000018,2025,325765,12.223535370589229,50.98521940662748,,,1561.25,4.79256519270026,,,Nottingham,,,,,,,,,,,,,,,,,,,,,,,,,,,,
E06000019,2011,183619,21.444403901557028,34.030792020433616,,,,,,0.551425338,Herefordshire,14.0,548851.0,,,,,,,,,,,,,,,,,,,,,,,,,,
E06000019,2012,184208,22.15810388256753,33.47737340397811,1334.0,7.241813602015114,,,6.05585668079941,0.607855082,Herefordshire,16.0,550692.0,,,,,,,,,,,,,,,,,,,,,,,,,,
E06000019,2013,184748,22.72122025678221,33.207937298374,1367.0,7.399268192348496,,,6.27664760183699,0.635933161,Herefordshire,18.0,552575.0,,,,,,,,,,,,,,,,,,,,,,,,,,
E06000019,2014,185523,23.27312516507387,32.92745373888952,1512.0,8.149932892417652,2.0,0.010780334513779962,6.40138090104433,0.692973614,Herefordshire,15.0,554479.0,3524426.0,216.0,37356.0,66313.0,15472.0,189303.0,196743.0,66329.0,24074.0,1978.0,119017.0,44715.0,105973.0,18997.24562453173,1.164276127488236,201.35508804838216,357.43816130614533,83.39666779860178,1020.3748322310441,1060.4776766223056,357.52440398225554,129.76288654236942,10.661750834128384,641.5215364132749,241.0213288918355,571.212194714402
E06000019,2015,185778,23.628201401672964,32.63464995855268,1645.0,8.854654480078374,,,6.55922727630646,0.829689205,Herefordshire,11.0,556049.0,3619326.0,175.0,37393.0,67185.0,15715.0,201343.0,199892.0,69690.0,24514.0,2149.0,116440.0,46613.0,111769.0,19481.994638762393,0.9419845191572737,201.27786928484534,361.64131382617967,84.59020982032318,1083.7827945181884,1075.9723971622043,375.1251493718309,131.9531914435509,11.56756989525132,626.7695852038454,250.90699652273142,601.6266726953676
E06000019,2016,186225,24.04027386226339,32.172909115317495,1782.0,9.569069673781716,,,6.82510148849797,0.802379727,Herefordshire,9.0,557526.0,3727539.0,154.0,37495.0,68767.0,16783.0,208687.0,201602.0,73471.0,25744.0,2207.0,119797.0,48889.0,118659.0,20016.318968989126,0.8269566384749631,201.34246207544638,369.2683581688817,90.12216404886563,1120.6175325547053,1082.5721573365552,394.5281245804806,138.24137468116527,11.851255202040543,643.2917170089945,262.52651362599005,637.1808296415627
E06000019,2017,186687,24.430195996507525,31.752077005897572,1487.0,7.9652037903014135,1.0,0.0053565593747823895,6.89472322814278,0.811109245,Herefordshire,12.0,558690.0,3640861.0,153.0,36610.0,68877.0,16215.0,205238.0,197777.0,73519.0,25615.0,2124.0,111747.0,52297.0,120871.0,19502.488121829585,0.8195535843417057,196.1036387107833,368.94374005688667,86.85661026209645,1099.369532961588,1059.4042434663368,393.8088886746265,137.2082683850509,11.377332112037797,598.5794404538077,280.13198562299465,647.4526881893222
E06000019,2018,186511,24.855370460723496,31.28984349448558,1466.0,7.860126212394978,1.6666666666666667,0.008936023433827853,7.04320518925597,0.79435128,Herefordshire,17.0,559423.0,3738933.0,142.0,36430.0,70287.0,16556.0,211173.0,207734.0,75880.0,26140.0,2327.0,104509.0,61393.0,127672.0,20046.715743307366,0.7613491965621331,195.3236002166092,376.851767456075,88.76688238227236,1132.2281259550375,1113.7895352016772,406.8392748953145,140.15259153615605,12.476475918310447,560.3369238275491,329.16557200379606,684.5279903062018
E06000019,2019,186373,25.368481486052165,31.053317808910087,1425.0,7.645957300681966,,,7.06432509438904,0.826690257,Herefordshire,15.0,559571.0,3757613.0,187.0,37269.0,70664.0,16551.0,217591.0,208923.0,74589.0,26173.0,2065.0,102729.0,66054.0,129985.0,20161.78845648243,1.0033642212123002,199.96995272920435,379.153632768695,88.80578195339453,1167.502803517677,1120.993920793248,400.213550246012,140.43343188122742,11.079931105900533,551.2010859942159,354.4182902029801,697.4454454239616
E06000019,2020,185886,25.766329901122194,30.79521857482543,1157.0,6.2242449673455775,,,7.03440432186523,0.758172512,Herefordshire,12.0,558770.0,3783114.0,351.0,34613.0,76090.0,16096.0,237639.0,214924.0,73861.0,26363.0,2050.0,91531.0,73316.0,132405.0,20351.796262225234,1.8882540912171977,186.20552381567197,409.33690541514693,86.59070613171514,1278.4125754494692,1156.214023648903,397.3456849897249,141.82348321013956,11.028264635314116,492.40394650484706,394.41378048911696,712.291404409154
E06000019,2021,187522,26.06627489041286,30.769723019165752,1041.0,5.551348641759367,1.0,0.005332707628971534,7.19873341187177,0.824971914,Herefordshire,,,3843103.0,339.0,33820.0,74354.0,15669.0,249656.0,218739.0,74232.0,25953.0,2180.0,92418.0,81558.0,132309.0,20494.14468702339,1.80778788622135,180.3521720118173,396.50814304454946,83.55819583835498,1331.3424558185175,1166.4711340536044,395.8575527138149,138.39976109469822,11.625302631157945,492.8381736542912,434.92496880366036,705.5652136815946
E06000019,2022,188873,26.447930620046275,30.62692920639795,1458.0,7.719472873306402,1.25,0.006618203766552127,7.34093908991194,0.880482316,Herefordshire,,,3970208.0,221.0,35645.0,76138.0,15572.0,255478.0,232710.0,75556.0,26828.0,2101.0,107890.0,84570.0,132325.0,21020.516431676315,1.1700984259264162,188.72469860700048,403.11743870219675,82.44693524219979,1352.6443694969637,1232.0977588114765,400.03600302849003,142.0425365192484,11.123876890820815,571.2304034986473,447.76119402985074,700.6030507272081
E06000019,2023,190940,26.615690792919242,31.00398030795014,2130.0,11.155336755001573,111.25,0.5826437624384624,7.52451569559241,0.941785276,Herefordshire,6.0,566085.0,4058527.0,163.0,34723.0,76840.0,15457.0,258047.0,267490.0,75958.0,27306.0,1882.0,108693.0,82334.0,131627.0,21255.509584162563,0.8536713103592751,181.85293809573687,402.4300827485074,80.95213155965226,1351.4559547501833,1400.9112810306904,397.8108306274222,143.00827485073845,9.856499423902797,569.2521210851577,431.2035194301875,689.3631507279774
E06000019,2024,192067,26.960383616133953,31.050102308048753,1793.0,9.33528404150635,,,7.740743696,0.985640764,Herefordshire,11.0,569610.0,4121731.0,144.0,33535.0,77206.0,15071.0,256928.0,306711.0,75506.0,28231.0,1589.0,103893.0,82018.0,130270.0,21459.860361228115,0.7497383725470799,174.60053002337725,401.9743110477073,78.46740981011835,1337.6998651512233,1596.8958748769962,393.12323303847097,146.98516663455982,8.273154680397985,540.9206162432902,427.02806833032224,678.2529013313062
E06000019,2025,192539,27.383543074390122,30.96411636084118,,,8.75,0.04544533834703618,,,Herefordshire,,,,,,,,,,,,,,,,,,,,,,,,,,,,
E06000020,2011,166831,14.591412866913224,40.3648003068974,,,,,,0.786233962,Telford and Wrekin,29.0,497361.0,,,,,,,,,,,,,,,,,,,,,,,,,,
E06000020,2012,167964,15.18718296777881,39.935343287847395,745.0,4.435474268295587,,,6.32575562731878,0.905815125,Telford and Wrekin,31.0,500436.0,,,,,,,,,,,,,,,,,,,,,,,,,,
E06000020,2013,169014,15.67799117232892,39.405019702509854,804.0,4.7570023785011895,,,6.50862242858533,0.925400734,Telford and Wrekin,33.0,503809.0,,,,,,,,,,,,,,,,,,,,,,,,,,
E06000020,2014,170610,16.075259363460525,38.945548326592814,954.0,5.591700369263232,3.25,0.019049293710802415,6.61604190515666,0.975347579,Telford and Wrekin,35.0,507588.0,2842690.0,83.0,25679.0,56709.0,10584.0,132982.0,147328.0,51093.0,20252.0,2799.0,113513.0,22956.0,62371.0,16661.918996541823,0.4864896547681848,150.51286559990623,332.38966062950584,62.03622296465623,779.4502080769006,863.5367211769533,299.4724810972393,118.70347576343708,16.40583787585722,665.3361467674814,134.55248813082468,365.5764609342946
E06000020,2015,172898,16.366296891809043,38.70894978542262,1174.0,6.790130597230737,2.5,0.01445939224282525,6.94506507289281,1.075640202,Telford and Wrekin,26.0,512522.0,2848493.0,58.0,26551.0,57181.0,11048.0,139678.0,146706.0,51070.0,20061.0,2600.0,106189.0,25574.0,64010.0,16474.99103517681,0.3354579000335458,153.56452937570128,330.72100313479626,63.89894619949334,807.8635958773382,848.5118393503684,295.3764647364342,116.02794711332693,15.037767932538259,614.1713611493482,147.9137988872052,370.2182789852977
E06000020,2016,175352,16.637962498289156,38.34173548063324,1441.0,8.21775628450203,3.0,0.0171084447283179,7.19944577437255,1.076879382,Telford and Wrekin,19.0,518860.0,2950353.0,78.0,26738.0,59323.0,11085.0,146501.0,151742.0,54393.0,21424.0,2345.0,105278.0,28835.0,67531.0,16825.317076508967,0.44481956293626534,152.481865048588,338.30808887266755,63.21570327113463,835.4680870477667,865.3565399881381,310.1932113691318,122.17710661982754,13.373100962635156,600.3809480359505,164.4406679136822,385.1167936493453
E06000020,2017,177528,16.940426298950026,37.8543103059799,1271.0,7.1594340047767115,4.0,0.022531656978054166,7.3969745805176,1.118851185,Telford and Wrekin,19.0,525778.0,2924997.0,54.0,25754.0,59324.0,10492.0,150462.0,155509.0,55191.0,22467.0,2221.0,95002.0,32864.0,70507.0,16476.257266459375,0.3041773692037313,145.07007345320176,334.1670046415213,59.10053625343608,847.5395430579965,875.9688612500563,310.88617006894685,126.55468433148573,12.510702537064576,535.1381190572755,185.12009373169303,397.1598846379163
E06000020,2018,179548,17.124111658163834,37.49192416512576,1303.0,7.257112304230624,5.5,0.03063247710918529,7.82867056172606,1.228560686,Telford and Wrekin,21.0,532428.0,2951069.0,73.0,25466.0,60086.0,10398.0,152934.0,160819.0,57286.0,23404.0,2262.0,92907.0,37520.0,74373.0,16436.10065275024,0.40657651435827746,141.83393855682047,334.6514581059104,57.912090360237926,851.7722280392986,895.6880611312852,319.0567424866888,130.34954441152226,12.598302403814023,517.4493728696505,208.96918929756944,414.2234945529886
E06000020,2019,182081,17.376332511354835,37.487711513007945,1240.0,6.810155919618191,3.5,0.019222214289244897,7.91305257924827,1.259373188,Telford and Wrekin,25.0,539157.0,2982495.0,58.0,26274.0,61605.0,9810.0,160298.0,171507.0,59075.0,24887.0,2198.0,90467.0,40292.0,76977.0,16380.045144743273,0.3185395510789154,144.29841663874868,338.33843179683765,53.877120622140694,880.3664303249653,941.9269446015785,324.44351689632634,136.68092771898222,12.071550573645794,496.85030288717655,221.28613089778725,422.7623969552012
E06000020,2020,183483,17.600540649542463,37.36858455551741,1052.0,5.733501196296115,5.25,0.028613005019538597,7.87598603388077,1.312927008,Telford and Wrekin,23.0,545112.0,3061180.0,66.0,24218.0,66993.0,9405.0,179816.0,182469.0,60370.0,25479.0,2104.0,80677.0,42254.0,79706.0,16683.725467754506,0.3597063488170566,131.99042963108297,365.11829433789507,51.25815470643057,980.0144972558766,994.4736024590834,329.0223072437228,138.86300093196647,11.46700239259223,439.6974106592981,230.288364589635,434.405367254732
E06000020,2021,185857,17.74105898620983,37.45137390574474,1101.0,5.923909242051685,8.0,0.043043845537160286,8.0406795155024,1.373524427,Telford and Wrekin,23.0,551421.0,3085207.0,56.0,23019.0,64881.0,8952.0,188315.0,187482.0,61589.0,26038.0,1978.0,79749.0,43803.0,80704.0,16599.89669477071,0.301306918760122,123.8532850524866,349.0909677870621,48.166063156082366,1013.2252215412925,1008.7432811247356,331.37842534852064,140.09695626207244,10.642590809062881,429.0879547178745,235.68119575802902,434.226313778873
E06000020,2022,188960,17.75560965283658,37.67834462320068,1676.0,8.869602032176122,5.5,0.029106689246401356,8.28791439571979,1.400470495,Telford and Wrekin,22.0,558340.0,3201457.0,87.0,24800.0,65595.0,8730.0,195966.0,200964.0,65830.0,26952.0,2108.0,93370.0,44960.0,82710.0,16942.511642675698,0.4604149026248942,131.2447078746825,347.1369602032176,46.20025402201524,1037.0766299745976,1063.5266723116004,348.3806096528366,142.6333615580017,11.15580016934801,494.12574089754446,237.93395427603724,437.7116850127011
E06000020,2023,192358,17.719564561910605,37.97866478129321,2167.0,11.265452957506316,183.25,0.9526507865542374,8.39283316856456,1.545469284,Telford and Wrekin,25.0,567274.0,3338864.0,36.0,24027.0,67125.0,8759.0,202344.0,215424.0,68680.0,27839.0,2178.0,95273.0,46305.0,85163.0,17357.55206437996,0.18715104128759916,124.90772413936514,348.9587124008359,45.53488807328003,1051.9136193971656,1119.9118310649933,357.0425976564531,144.72493995570758,11.322637997899749,495.29003212759545,240.7230268561744,442.73178136599466
E06000020,2024,196090,17.881584986485798,38.23652404508134,2332.0,11.892498342597786,352.25,1.7963690142281605,8.665905815,1.660804987,Telford and Wrekin,34.0,577369.0,3478921.0,33.0,24829.0,68971.0,9065.0,207936.0,233042.0,70699.0,29736.0,1515.0,99584.0,47979.0,85886.0,17741.450354429086,0.16829007088581774,126.62042939466572,351.7313478504768,46.22877250242235,1060.4110357488908,1188.444081799174,360.54362792595236,151.64465296547502,7.72604416339436,507.84843694222036,244.67846397062573,437.9927584272528
E06000020,2025,199378,18.018537652098026,38.50123885283231,,,697.5,3.4983799616808273,,,Telford and Wrekin,,,,,,,,,,,,,,,,,,,,,,,,,,,,
E06000021,2011,248719,15.681552273851214,41.213578375596555,,,,,,1.705925226,Stoke-on-Trent,108.0,741969.0,,,,,,,,,,,,,,,,,,,,,,,,,,
E06000021,2012,250322,16.056918688728917,41.034747245547734,1493.0,5.964317958469492,,,7.16094934372785,1.814894199,Stoke-on-Trent,118.0,746422.0,,,,,,,,,,,,,,,,,,,,,,,,,,
E06000021,2013,251568,16.269159829549068,40.73173058576607,1906.0,7.576480315461426,,,7.32793420455504,1.75439775,Stoke-on-Trent,121.0,750609.0,,,,,,,,,,,,,,,,,,,,,,,,,,
E06000021,2014,253316,16.505471426992372,40.31881128708807,2128.0,8.400574776168895,494.0,1.950133430182065,7.63836847017214,1.910656571,Stoke-on-Trent,103.0,755206.0,6273342.0,98.0,38750.0,134421.0,18983.0,316417.0,400693.0,138057.0,35718.0,3024.0,213492.0,97043.0,132953.0,24764.88654486886,0.3868685752183044,152.97099275213566,530.6455178512214,74.93802207519462,1249.099938416839,1581.7911225504904,544.999131519525,141.00175275150406,11.937658892450536,842.7892434745535,383.090685152142,524.8503844999921
E06000021,2015,254095,16.654794466636496,39.895708298077494,2175.0,8.55979062948897,663.0,2.6092603160235344,7.82388668484446,1.994326949,Stoke-on-Trent,91.0,758979.0,6339542.0,92.0,39695.0,138821.0,16941.0,331794.0,406175.0,142427.0,36828.0,3144.0,203057.0,108538.0,134566.0,24949.495267518054,0.3620693047875795,156.2210984080757,546.3350321730062,66.67191404789548,1305.787205572719,1598.5163029575554,560.5265747063106,144.9379169208367,12.373324937523368,799.1381176331687,427.1551978590685,529.5893268265806
E06000021,2016,256168,16.68475375534805,39.500640204865554,2639.0,10.301833171980888,783.75,3.0595156303675712,7.88748911672204,2.144681931,Stoke-on-Trent,89.0,763579.0,6522331.0,101.0,41139.0,144930.0,16076.0,346285.0,416577.0,144424.0,37994.0,2822.0,215804.0,123707.0,139177.0,25461.14659129946,0.3942725086661878,160.59382904968615,565.7615314949564,62.75569157740234,1351.7886699353548,1626.186721214203,563.7862652634209,148.3167296461697,11.016208113425563,842.4315293088911,482.913556728397,543.3036132538022
E06000021,2017,258235,16.726237729200147,39.37963482874126,2240.0,8.674269560671481,892.0,3.454218057195965,8.11946219969142,2.146340132,Stoke-on-Trent,82.0,768498.0,6563605.0,116.0,40357.0,150182.0,15338.0,354373.0,432250.0,145094.0,39471.0,3233.0,202846.0,140586.0,141703.0,25417.178151683544,0.44920324510620174,156.28013243750846,581.5710496253412,59.395511839990704,1372.2888067070692,1673.862954285825,561.8680659089589,152.84914903092144,12.519604236451295,785.5093229035568,544.4110984181075,548.7366158731388
E06000021,2018,258843,16.739490733765255,39.27013672380555,2251.0,8.696391248749242,1023.25,3.9531685230042917,8.40211557160111,2.211348534,Stoke-on-Trent,80.0,773246.0,6481225.0,96.0,39059.0,151140.0,14527.0,355664.0,438632.0,145629.0,40460.0,3318.0,195669.0,140009.0,139797.0,25039.212959206932,0.3708811905286216,150.89842105059824,583.9060743384986,56.122823487596726,1374.0529973767884,1694.5870662911495,562.615175994715,156.3109684248753,12.818581147645483,755.9369965577589,540.9031729658519,540.0841436701012
E06000021,2019,259181,16.93334002106636,39.184585289816766,2353.0,9.07859758238451,995.0,3.839015977251419,8.58113996106773,2.261514425,Stoke-on-Trent,72.0,776259.0,6547765.0,82.0,39821.0,152032.0,14827.0,373837.0,445965.0,149407.0,41904.0,2871.0,195989.0,145303.0,143250.0,25263.290904811693,0.3163812162156948,153.6416635478681,586.5862080939575,57.20712552231838,1442.3781064198379,1720.6701108491748,576.4581508675404,161.6785181012497,11.077200875064145,756.185831523144,560.6236568266963,552.7025514987596
E06000021,2020,258866,17.083742167762473,39.180502653882705,2201.0,8.502468458584751,1012.25,3.910324260428175,8.5594826576684,2.156770229,Stoke-on-Trent,75.0,776890.0,6519805.0,120.0,34942.0,161852.0,14610.0,405797.0,450855.0,148992.0,43651.0,2632.0,163542.0,150789.0,144233.0,25186.022884426693,0.4635602976057111,134.98103265782296,625.2346774006628,56.43846623349532,1567.5948173958727,1741.6539831418572,575.5564655072508,168.62392125655745,10.167422527485263,631.7631515919433,582.4982809638964,557.1724367047044
E06000021,2021,258102,17.268366769726697,39.137240315844124,2456.0,9.515617856506342,904.0,3.5024912631440284,8.78396984665164,2.224211216,Stoke-on-Trent,72.0,776149.0,6590362.0,90.0,33490.0,160639.0,14524.0,420433.0,455267.0,150515.0,45700.0,2364.0,164722.0,158718.0,146300.0,25533.94394464204,0.3486993514192063,129.75490310032467,622.3857234736655,56.272326444583925,1628.9412712803467,1763.9034180285314,583.1609208762427,177.061781776197,9.159169630611153,638.2050507163834,614.9429295394843,566.83016791811
E06000021,2022,260709,17.307035813876773,39.640748880936215,4753.0,18.23105454740726,931.25,3.5719902266511707,9.0775267790858,2.302068472,Stoke-on-Trent,76.0,777592.0,6767779.0,90.0,37443.0,161846.0,14558.0,430048.0,466909.0,154068.0,48242.0,2305.0,200349.0,160118.0,150160.0,25959.130678265803,0.3452124782803816,143.61989804724809,620.7917639974071,55.84003620895327,1649.5326206613504,1790.9201446823852,590.9577344855759,185.04155974669075,8.841275138180885,768.4774978999575,614.1636844144238,575.967841539801
E06000021,2023,265750,17.15032925682032,40.389087488240826,6986.0,26.287864534336784,1280.75,4.819379115710254,9.25013517897697,2.550351381,Stoke-on-Trent,82.0,784548.0,6812496.0,97.0,38287.0,160282.0,14185.0,428675.0,476510.0,155987.0,49334.0,2083.0,213563.0,159171.0,149412.0,25634.98024459078,0.36500470366886173,144.07149576669804,603.1307619943556,53.377234242709314,1613.0761994355598,1793.0761994355598,586.9689557855127,185.64063969896517,7.838193791157102,803.6237064910631,598.9501411100658,562.2276575729069
E06000021,2024,270010,17.086774563905042,40.707381208103406,7026.0,26.02125847190845,1228.5,4.5498314877226775,9.397535898,2.59409976,Stoke-on-Trent,96.0,796871.0,6989537.0,78.0,38366.0,160038.0,13857.0,432619.0,493040.0,158693.0,52501.0,1607.0,224103.0,160598.0,151364.0,25886.21532535832,0.2888781896966779,142.09103366541981,592.7113810599608,51.3203214695752,1602.2332506203475,1826.00644420577,587.7300840709604,194.44094663160624,5.9516314210584795,829.9803710973667,594.7853783193216,560.5866449390763
E06000021,2025,272282,17.088533211890613,41.0041794903813,,,1274.75,4.681727033002549,,,Stoke-on-Trent,,,,,,,,,,,,,,,,,,,,,,,,,,,,
E06000022,2011,175538,18.263282024404973,40.49949298727341,,,,,,0.674789488,Bath and North East Somerset,28.0,523165.0,,,,,,,,,,,,,,,,,,,,,,,,,,
E06000022,2012,176598,18.76918198394093,40.12955979116411,2705.0,15.317274261316664,,,4.59451260906925,0.6505813,Bath and North East Somerset,27.0,526403.0,,,,,,,,,,,,,,,,,,,,,,,,,,
E06000022,2013,178743,18.97472908029965,40.129123937720635,2902.0,16.235600834718003,,,4.60599268849312,0.669350266,Bath and North East Somerset,24.0,530879.0,,,,,,,,,,,,,,,,,,,,,,,,,,
E06000022,2014,180065,19.228056535140087,39.88559686779774,3179.0,17.654735789853664,1.0,0.005553550106905839,4.59692590411016,0.699828744,Bath and North East Somerset,39.0,535406.0,3761459.0,118.0,25124.0,58645.0,12972.0,219875.0,227701.0,53048.0,18516.0,2954.0,113763.0,95857.0,113973.0,20889.451031571934,0.6553189126148891,139.52739288590232,325.687946019493,72.04065198678255,1221.0868297559214,1264.5489128925667,294.604726071141,102.82953377946853,16.40518701579985,631.7885208119291,532.3466525976731,632.9547663343793
E06000022,2015,182561,19.17550846018591,39.97622712408455,3529.0,19.3305251395424,1.0,0.005477621178674526,4.75304986379249,0.811534584,Bath and North East Somerset,40.0,541369.0,3842284.0,95.0,26504.0,59507.0,13774.0,227178.0,231892.0,55229.0,19237.0,2593.0,109833.0,101340.0,119838.0,21046.576212882268,0.52037401197408,145.17887171958964,325.956803479385,75.44875411506291,1244.3950241289212,1270.2165303651932,302.52354007701535,105.37299861416184,14.203471716303044,601.6235669173591,555.1021302468764,656.4271668099977
E06000022,2016,185507,19.106017562679575,40.17961586355232,3834.0,20.667683699267414,,,4.97419301498813,0.852742076,Bath and North East Somerset,36.0,548133.0,3866400.0,67.0,25781.0,59608.0,14488.0,226194.0,234952.0,59462.0,20138.0,2255.0,99541.0,102749.0,123046.0,20842.340181233052,0.36117235468203357,138.97588770235086,321.32480175950235,78.09947872587018,1219.3286506708644,1266.5398071231812,320.53776946422505,108.55655042666854,12.155875519522173,536.5889157821538,553.8820637496159,663.2957246896344
E06000022,2017,186894,19.10815756525089,40.165548385715965,3303.0,17.673119522296062,,,5.0043928806242,0.863436103,Bath and North East Somerset,20.0,554962.0,3864689.0,62.0,25598.0,60582.0,15783.0,225789.0,244610.0,61222.0,20660.0,2059.0,96502.0,104188.0,124341.0,20678.50760324034,0.33173884661893904,136.96533864115486,324.15165815917044,84.44893897075347,1208.1126199878006,1308.8167624428822,327.5760591565272,110.5439446959239,11.0169400836838,516.3461641358203,557.471079863452,665.3022568942823
E06000022,2018,189489,19.161534442632554,40.35590456438105,3390.0,17.89022054050631,,,5.13022548615258,0.854782045,Bath and North East Somerset,13.0,561890.0,3911216.0,104.0,25422.0,61523.0,16562.0,230335.0,254598.0,62735.0,21689.0,2045.0,94625.0,110326.0,128958.0,20640.860419338325,0.5488445239565357,134.16082200022163,324.6784773786341,87.40349044007831,1215.5586867839295,1343.6030587527507,331.0746270232045,114.46047000089715,10.792183187414572,499.3693565325692,582.2290475964304,680.5566550037205
E06000022,2019,190176,19.323679118290425,40.148073363621066,3652.0,19.2032643446071,,,5.26790516314091,0.800978422,Bath and North East Somerset,17.0,566559.0,3919875.0,72.0,25234.0,61358.0,16787.0,235170.0,256671.0,62095.0,22027.0,1561.0,94522.0,113362.0,131289.0,20611.82799091368,0.37859666834931854,132.6876156823153,322.63797745246507,88.27086488305571,1236.5913679959617,1349.649798081777,326.51333501598515,115.82428907958943,8.208186101295642,497.0238095238095,596.0899377418813,690.3552498738012
E06000022,2020,191974,19.323970954400075,40.42474501755446,3197.0,16.653296800608416,1.0,0.0052090387239938744,5.40616136809895,0.845787585,Bath and North East Somerset,,,3938211.0,43.0,23145.0,67650.0,17486.0,251924.0,259915.0,62653.0,22022.0,1591.0,85398.0,117062.0,130460.0,20514.29360225864,0.22398866513173657,120.5632012668382,352.39146967818556,91.08525112775688,1312.2818715034327,1353.9072999468679,326.3619031743882,114.7134507797931,8.287580609874254,444.8414889516289,609.7804911081708,679.5711919322408
E06000022,2021,192419,19.60929014286531,40.06828847463088,2113.0,10.981244055940422,3.6666666666666665,0.019055637263818367,5.52852451040019,0.911289454,Bath and North East Somerset,19.0,574569.0,3927636.0,20.0,22947.0,64352.0,17828.0,255613.0,260604.0,62379.0,21952.0,1626.0,84293.0,117527.0,126979.0,20411.892796449414,0.10393983962082746,119.25537498895639,334.43682796397445,92.6519730380056,1328.4187112499287,1354.356898227306,324.18316278537986,114.08436796782021,8.450308961173272,438.0700450579205,610.7868765558495,659.9088447606525
E06000022,2022,195748,19.517440791221365,40.880622024235244,3755.0,19.182826899891698,11.25,0.05747185156425609,5.59410801963993,1.035994411,Bath and North East Somerset,21.0,579860.0,3970933.0,9.0,24697.0,65364.0,18145.0,257345.0,272817.0,63247.0,22527.0,1531.0,98210.0,117211.0,125478.0,20285.944173120544,0.04597748125140487,126.16731716288291,333.9191205018697,92.69571081186015,1314.6749902936428,1393.7153891738355,323.10419518973373,115.08163557226639,7.821280421766762,501.7164926333858,598.7851727731573,641.0180436070867
E06000022,2023,198945,19.408379200281484,41.56676468370655,4281.0,21.518510140993744,2.0,0.010053029731835432,5.67523768366465,0.981860518,Bath and North East Somerset,16.0,586150.0,4081704.0,72.0,24834.0,66634.0,18222.0,262007.0,292161.0,64730.0,22746.0,1622.0,101575.0,119279.0,124635.0,20516.745834275807,0.36190907034607556,124.82847018020055,334.93679157556113,91.59315388675263,1316.982080474503,1468.5516097413858,325.3663072708537,114.33310714016437,8.153007112518535,510.56824750559207,599.5576666917992,626.4796803136545
E06000022,2024,200539,19.563775624691456,41.77691122425065,4264.0,21.26269703150011,5.25,0.026179446391973633,5.700269911,1.039788723,Bath and North East Somerset,22.0,593759.0,4190345.0,34.0,25047.0,68977.0,18233.0,265133.0,307268.0,64763.0,23189.0,1396.0,101292.0,123607.0,124244.0,20895.41186502376,0.16954308139563876,124.89839881519306,343.9580331007934,90.91997067902004,1322.1019352844085,1532.2106921845627,322.9446641301692,115.63336807304316,6.961239459656227,505.09875884491294,616.3738724138447,619.5503119094042
E06000022,2025,200898,19.86928690181087,41.878465689056135,,,6.75,0.03359913986201953,,,Bath and North East Somerset,,,,,,,,,,,,,,,,,,,,,,,,,,,,
E06000023,2011,428074,13.099137065086877,48.23067974228755,,,,,,1.733002305,Bristol,247.0,1270108.0,,,,,,,,,,,,,,,,,,,,,,,,,,
E06000023,2012,433264,13.194726540861922,48.03076184497212,6856.0,15.824070312788505,,,4.7359957763022,1.830123186,Bristol,251.0,1284382.0,,,,,,,,,,,,,,,,,,,,,,,,,,
E06000023,2013,438984,13.202531299546225,48.062571756601606,7549.0,17.19652652488473,,,4.7730272210883,1.643787384,Bristol,267.0,1300322.0,,,,,,,,,,,,,,,,,,,,,,,,,,
E06000023,2014,443834,13.221384571709242,48.01660080120045,8090.0,18.22753552003677,273.25,0.615658106409153,4.96123939533154,2.328903675,Bristol,283.0,1316082.0,8220640.0,532.0,63243.0,127846.0,26138.0,414031.0,455307.0,134892.0,42959.0,8320.0,283791.0,207884.0,210371.0,18521.879801907922,1.1986463407490187,142.4924633984778,288.0491354875922,58.89138732048468,932.8510208771747,1025.8497546379951,303.9244402186403,96.79069201548326,18.745747283894428,639.407976856212,468.3823231208064,473.9857694543456
E06000023,2015,451790,13.108523871710307,48.37535138006596,8972.0,19.858783948294562,294.75,0.6524048783726953,5.21984068691095,2.397320986,Bristol,274.0,1334608.0,8231350.0,580.0,64118.0,125947.0,26448.0,425266.0,463307.0,142682.0,44254.0,7232.0,263727.0,226095.0,218066.0,18219.416100400627,1.283782288231258,141.91991854622722,278.77332388941767,58.540472343345364,941.2913079085415,1025.4919320923436,315.8148697403661,97.95258859204498,16.007437083600788,583.7380198764913,500.442683547666,482.67115252661637
E06000023,2016,459588,12.952905645926352,48.537385658459314,9861.0,21.456173790438395,319.5,0.6951878639128959,5.48648332015347,2.441463709,Bristol,243.0,1355212.0,8432143.0,366.0,64937.0,126691.0,27057.0,442651.0,478992.0,157083.0,46525.0,7115.0,257440.0,240851.0,229352.0,18347.1783423414,0.7963654403509229,141.29394153024015,275.6621147636579,58.872294315778475,963.1474276961104,1042.2204235097522,341.7909083788088,101.23197298449917,15.481257125947588,560.1538769506601,524.0585045736617,499.038269058374
E06000023,2017,463113,12.906353309019613,48.62960011919337,8363.0,18.058227689570366,283.75,0.6127014357187123,5.4577931923281,2.528896809,Bristol,206.0,1374491.0,8464319.0,346.0,63235.0,126846.0,28280.0,452188.0,492993.0,166688.0,47266.0,6593.0,240560.0,253999.0,236200.0,18277.005827951278,0.7471178740393812,136.54334903144587,273.89859494335076,61.065010051542494,976.4096451621958,1064.519890393921,359.9294340690069,102.06148391429305,14.236266310813992,519.4412594766288,548.4600950523954,510.026710543647
E06000023,2018,467026,12.833546740438434,48.924042772779245,9169.0,19.63273993310865,329.75,0.7060634739821766,5.53801457713134,2.507861853,Bristol,175.0,1389727.0,8350772.0,279.0,61379.0,124524.0,28274.0,452410.0,499035.0,176317.0,48889.0,6044.0,228591.0,264136.0,239520.0,17880.743256264104,0.5973971470539113,131.42523114344812,266.6318363431586,60.54052665162111,968.7040978446596,1068.5379400718589,377.53144364553583,104.68153807282678,12.941463644422367,489.4609721942675,565.5702252123008,512.8622389331643
E06000023,2019,469920,12.876234252638747,49.142832822608106,9911.0,21.090823970037455,306.25,0.6517066734763364,5.51175798292157,2.550228357,Bristol,158.0,1400059.0,8192731.0,265.0,60811.0,125678.0,29251.0,454794.0,495698.0,174267.0,50974.0,5206.0,222116.0,258853.0,238375.0,17434.31009533538,0.5639257745999319,129.40713312904322,267.4455226421519,62.24676540687776,967.8115423901941,1054.8561457269323,370.843973442288,108.47378277153558,11.078481443649983,472.6676881171263,550.8448246510044,507.2671944160708
E06000023,2020,471851,12.842401520819072,49.33697290034354,9005.0,19.08441435961776,297.0,0.6294359872078262,5.52821231991362,2.442434072,Bristol,140.0,1408797.0,7891868.0,154.0,51891.0,136805.0,30278.0,467508.0,481720.0,171542.0,52564.0,4641.0,193802.0,237019.0,231979.0,16725.339143076948,0.32637421558924323,109.97327546195727,289.93262703692477,64.1685616857864,990.7958232577657,1020.9155008678588,363.55120578318156,111.39957317034403,9.835732042530374,410.7271151274449,502.31746886199244,491.6361308972536
E06000023,2021,471285,12.944821074296868,49.47515834367739,7248.0,15.379229128871065,322.25,0.6837688447542357,5.56739012763877,2.417366505,Bristol,128.0,1413056.0,7623973.0,132.0,48402.0,130174.0,31268.0,457046.0,460948.0,164274.0,52587.0,4320.0,188358.0,223277.0,218567.0,16176.99056833975,0.2800852987046055,102.7021865750024,276.2107854058585,66.34626605981518,969.7868593314024,978.0663505097764,348.5661542378815,111.58216365893249,9.16642795760527,399.6689901015309,473.7621609005167,463.76820819673867
E06000023,2022,479802,12.784648667575375,50.57794673636208,12817.0,26.71310248810968,359.5,0.7492674061383654,5.73867545469643,2.424010515,Bristol,114.0,1422775.0,7613673.0,164.0,51582.0,131301.0,32172.0,449875.0,466435.0,164263.0,53566.0,4023.0,212576.0,215566.0,213717.0,15868.364450335763,0.3418076623273767,107.50684657421186,273.6566333612615,67.05265922192905,937.6263542044426,972.1405913272558,342.3558051029383,111.64188561114793,8.38470869233559,443.0494245542953,449.28116181258105,445.4274888391461
E06000023,2023,486729,12.713440127874033,51.34890257206782,14416.0,29.618124253948295,894.75,1.838291944798851,5.86752244228607,2.348360777,Bristol,126.0,1437300.0,7706495.0,124.0,49938.0,133550.0,31702.0,448540.0,483612.0,164181.0,55629.0,4175.0,221379.0,210232.0,208579.0,15833.23574309318,0.25476189008668065,102.59918763829565,274.3826646860984,65.13275354458024,921.5395014474174,993.5960257145147,337.31501513162357,114.2915256744513,8.577668476708805,454.83010052822004,431.9282393282504,428.5320989708852
E06000023,2024,494225,12.637766199605442,52.03824169153726,15434.0,31.228691385502554,1122.75,2.2717385806059993,6.017249751,2.363739967,Bristol,131.0,1460414.0,7886960.0,84.0,50587.0,136973.0,31594.0,448806.0,509395.0,164733.0,59161.0,3555.0,221545.0,213008.0,205241.0,15958.237644797411,0.16996307349891243,102.3562142748748,277.14704840912543,63.92634933481714,908.1005614851535,1030.6945217259345,333.31579746067075,119.70458799129952,7.193080074864688,448.26748950376856,430.9939804744802,415.27846628559865
E06000023,2025,495260,12.73189839680168,52.33453135726689,,,1235.0,2.49363970439769,,,Bristol,,,,,,,,,,,,,,,,,,,,,,,,,,,,
E06000024,2011,203091,21.19591710120094,34.189599736078904,,,,,,0.774091363,North Somerset,29.0,607769.0,,,,,,,,,,,,,,,,,,,,,,,,,,
E06000024,2012,204465,21.881495610495683,33.66395226566894,957.0,4.680507666348764,,,5.54226594181088,0.826973736,North Somerset,25.0,610523.0,,,,,,,,,,,,,,,,,,,,,,,,,,
E06000024,2013,206403,22.36159358148864,33.34883698395856,786.0,3.8080841848228952,,,5.6962969274623,0.772055209,North Somerset,22.0,613959.0,,,,,,,,,,,,,,,,,,,,,,,,,,
E06000024,2014,208617,22.84952808256278,33.058187971258334,971.0,4.654462483881947,2.0,0.00958694641376302,5.81732732254475,0.758793056,North Somerset,24.0,619485.0,4329014.0,147.0,35716.0,65633.0,16429.0,229904.0,247584.0,63480.0,23795.0,3985.0,140362.0,91999.0,129176.0,20751.012621214955,0.704640561411582,171.20368905698,314.6100269872542,78.75197131585634,1102.0386641548866,1186.7872704525516,304.2896791728383,114.06069495774554,19.101990729422816,672.8214862643025,440.994741559892,619.201694972126
E06000024,2015,210553,23.100596999330335,32.842087265439105,1001.0,4.754147411815552,1.0,0.004749398013801751,6.05700104166074,0.834154189,North Somerset,25.0,625573.0,4507507.0,195.0,36621.0,67590.0,17924.0,246035.0,258950.0,67337.0,24833.0,3499.0,134900.0,101407.0,141876.0,21407.94479299749,0.9261326126913413,173.9277046634339,321.0118117528603,85.12820999938258,1168.5181403257136,1229.8566156739635,319.8102140553685,117.94180087673888,16.618143650292325,640.6937920618561,481.6222043855941,673.8255926061372
E06000024,2016,212660,23.289288065456596,32.63848396501458,1143.0,5.374776638766106,1.0,0.004702341766199568,6.38674664381605,0.892580986,North Somerset,24.0,631830.0,4563491.0,136.0,36735.0,68552.0,19226.0,254983.0,261734.0,70761.0,25196.0,3225.0,131592.0,107607.0,147646.0,21459.09432897583,0.6395184802031412,172.74052478134112,322.3549327565127,90.4072227969529,1199.0172105708643,1230.7627198344776,332.74240571804756,118.4802031411643,15.165052195993605,618.7905576977334,506.00489043543683,694.2819524123013
E06000024,2017,213701,23.4397592898489,32.37748068563086,1014.0,4.7449473797502115,1.0,0.0046794352857497164,6.46626273446479,0.936834395,North Somerset,22.0,636914.0,4690138.0,147.0,36007.0,70227.0,20103.0,268095.0,277012.0,74828.0,25738.0,2837.0,123432.0,118207.0,156765.0,21947.1972522356,0.6878769870052082,168.49242633399,328.62270181234527,94.07068754942654,1254.53320293307,1296.2597273761003,350.1527835620797,120.4393053846262,13.275557905671944,577.5920561906589,553.1420068226166,733.5716725705543
E06000024,2018,214360,23.579958947564844,32.34045530882627,1001.0,4.669714498973689,2.0,0.009330098899048329,6.68211045441226,0.943512678,North Somerset,19.0,640721.0,4735075.0,58.0,35347.0,71447.0,20094.0,277205.0,288409.0,81392.0,26711.0,2674.0,117887.0,125312.0,163838.0,22089.359022205634,0.27057286807240155,164.89550289233065,333.30378802015304,93.73950363873857,1293.175032655346,1345.4422466878148,379.69770479567086,124.60813584623997,12.474342228027616,549.9486844560553,584.5866766187721,764.3123717111401
E06000024,2019,215540,23.73573350654171,32.28542265936717,996.0,4.6209520274659,2.0,0.009279020135473694,6.9007722410358,0.959017396,North Somerset,18.0,643601.0,4738310.0,122.0,35030.0,72690.0,20161.0,284225.0,293799.0,82410.0,27609.0,2365.0,114631.0,125086.0,167334.0,21983.43694905818,0.5660202282638953,162.52203767282174,337.24598682379144,93.53716247564257,1318.6647490025055,1363.0834183910179,382.3420246821936,128.09223346014662,10.972441310197643,531.8316785747426,580.3377563329312,776.3477776746776
E06000024,2020,215850,23.861014593467686,32.24507760018531,748.0,3.4653694695390316,5.0,0.02316423442205235,7.08469188799502,1.013599873,North Somerset,18.0,645750.0,4601854.0,112.0,30462.0,80793.0,20259.0,288563.0,286703.0,80770.0,27816.0,2394.0,99032.0,118349.0,162266.0,21319.68496641186,0.5188788510539727,141.12578179291174,374.30159833217516,93.85684503127172,1336.8681955061386,1328.251100301135,374.1950428538337,128.86726893676166,11.091035441278665,458.80009265693764,548.2927959230948,751.7535325457494
E06000024,2021,217385,24.011776341513904,32.47648181797272,721.0,3.3166961841893414,6.5,0.029900867125146627,7.26026730418697,0.948946655,North Somerset,18.0,648775.0,4457575.0,73.0,28340.0,77920.0,19945.0,285374.0,278022.0,78645.0,28111.0,2479.0,95835.0,113596.0,154010.0,20505.439657750074,0.335809738482416,130.36778066563932,358.44239482945005,91.74966074016147,1312.7584699956299,1278.9382892103872,361.77749154725484,129.31435011615335,11.403730708190539,440.85378475975807,522.5567541458702,708.4665455298203
E06000024,2022,219054,24.095885032914257,32.4915317684224,1420.0,6.48241985994321,54.0,0.24651455805417843,7.47715003474264,0.963241994,North Somerset,17.0,652299.0,4420971.0,55.0,28614.0,78701.0,19916.0,278869.0,279407.0,77644.0,28730.0,2191.0,105872.0,110084.0,147396.0,20182.105782135914,0.2510796424625891,130.62532526226408,359.2767080263314,90.91822107790773,1273.0605238890867,1275.5165393008117,354.4514138066413,131.15487505363973,10.002099938827868,483.3146164872589,502.54275201548484,672.8751814621053
E06000024,2023,222108,24.081077673924398,32.951987321483244,1996.0,8.986619122228825,202.25,0.9105930448250401,7.74392110903466,1.033013701,North Somerset,23.0,658376.0,4446526.0,64.0,27313.0,79013.0,20597.0,276507.0,289416.0,76818.0,29522.0,2175.0,108791.0,109866.0,140979.0,20019.657103751328,0.2881481081275776,122.97170745763323,355.74135105444196,92.73416536099555,1244.9213895942514,1303.0417634664218,345.85877140850397,132.91731950222413,9.792533362148143,489.81126298917644,494.65125074288187,634.7317521205899
E06000024,2024,224667,24.11257550062982,33.13392710099836,1699.0,7.562303320024747,95.25,0.4239607953103927,8.081419308,1.048780918,North Somerset,21.0,665569.0,4550496.0,43.0,27392.0,80895.0,20948.0,280016.0,308384.0,78815.0,32067.0,1752.0,107876.0,114141.0,137806.0,20254.40318337807,0.1913943747857941,121.92266777052261,360.06623135573983,93.24021774448406,1246.360168605091,1372.627043580054,350.8080848544735,142.731242238513,7.798208014528169,480.15952498586796,508.04524028896105,613.3789119007241
E06000024,2025,227160,24.304014791336503,33.35050184891706,,,99.0,0.4358161648177496,,,North Somerset,,,,,,,,,,,,,,,,,,,,,,,,,,,,
E06000025,2011,263417,16.99055110338361,38.91434493597604,,,,,,0.677675724,South Gloucestershire,56.0,784618.0,,,,,,,,,,,,,,,,,,,,,,,,,,
E06000025,2012,265741,17.524205899729434,38.453607083588906,1929.0,7.258947621932633,,,5.18426840026614,0.790513813,South Gloucestershire,44.0,790629.0,,,,,,,,,,,,,,,,,,,,,,,,,,
E06000025,2013,268167,17.938448802425356,38.30225195493853,2171.0,8.095701559103096,,,5.36271343104475,0.759039462,South Gloucestershire,48.0,797325.0,,,,,,,,,,,,,,,,,,,,,,,,,,
E06000025,2014,269840,18.27786836643937,37.81203676252594,2552.0,9.45745627038245,41.5,0.1537948413874889,5.54137746157829,0.813476145,South Gloucestershire,51.0,803748.0,4278929.0,255.0,32359.0,75576.0,16808.0,211356.0,250665.0,59353.0,26422.0,4994.0,154771.0,85896.0,121128.0,15857.282093092203,0.945004447079751,119.91921138452416,280.0770827156834,62.28876371182923,783.2641565372072,928.9393714793952,219.95627038244885,97.91728431663208,18.50726356359324,573.5658167803142,318.3219685739698,448.88823006225914
E06000025,2015,272189,18.45225192788834,37.52833509069066,2313.0,8.497771768881183,48.75,0.17910349058925965,5.86285477522271,0.968180358,South Gloucestershire,54.0,810196.0,4345602.0,238.0,33558.0,76559.0,17206.0,220414.0,254669.0,63070.0,27622.0,4801.0,148629.0,93788.0,126994.0,15965.38434690601,0.8743924258511548,123.28933204501284,281.27146945688474,63.21342890418055,809.782908199817,935.6329609205368,231.71399285055605,101.48095624731344,17.63847914500586,546.0507221085348,344.56939846944584,466.56551146446037
E06000025,2016,275808,18.52484336930038,37.592818192365705,2664.0,9.658893143056039,51.25,0.18581767026337162,6.06549428416911,1.102053881,South Gloucestershire,55.0,817837.0,4364202.0,186.0,34062.0,76546.0,17937.0,222085.0,252726.0,66597.0,28159.0,4032.0,144016.0,96471.0,130288.0,15823.333623390185,0.6743821789070658,123.49895579533589,277.53364659473255,65.03437173686042,805.2159473256758,916.3113470240168,241.46145144448312,102.09638589163477,14.61886529759833,522.1603434273118,349.77593108249215,472.38658777120315
E06000025,2017,278379,18.550609061746755,37.54701324453353,2268.0,8.14716627331803,60.0,0.2155334992941278,6.24676978735972,1.213956833,South Gloucestershire,43.0,826376.0,4337296.0,163.0,33814.0,77418.0,18381.0,222615.0,255338.0,68262.0,29346.0,3689.0,136747.0,98385.0,135557.0,15580.543072573722,0.5855326730823804,121.46749575219395,278.1028741392131,66.02868750875605,799.6831657560376,917.2315440460667,245.21246214692917,105.4174345047579,13.251717981600624,491.22599046623486,353.42105546754607,486.95124273023464
E06000025,2018,281719,18.56424309329509,37.76209627323681,2497.0,8.86344194037321,71.25,0.25291158920768564,6.38323145381614,1.218351603,South Gloucestershire,38.0,835906.0,4291435.0,143.0,33218.0,76206.0,19466.0,220538.0,257949.0,70330.0,30885.0,3610.0,131501.0,101091.0,138556.0,15233.033625705046,0.5075979965852498,117.91181993404776,270.5035869075213,69.09722098970961,782.8296990973274,915.6251442039763,249.64592377510925,109.63051835339469,12.81418718652274,466.7807283143842,358.8362872223741,491.82341269136975
E06000025,2019,284563,18.685141778797664,37.94625443223469,2551.0,8.96462294816965,76.5,0.26883326363582055,6.49947466995569,1.235751152,South Gloucestershire,38.0,844661.0,4276385.0,119.0,33853.0,76459.0,20343.0,226487.0,262025.0,71405.0,31657.0,2987.0,127103.0,101965.0,140992.0,15027.902432853181,0.4181850767668319,118.96486893939128,268.689183063153,71.48856316527448,795.9116258965502,920.7978549565474,250.92861686164397,111.2477729009042,10.496796842878378,446.6603177503751,358.32135590361366,495.46849028158965
E06000025,2020,287182,18.729586116121485,38.143059105375684,2569.0,8.945546726466143,83.5,0.2907563844530646,6.5324449594438,1.233200669,South Gloucestershire,36.0,853464.0,4255919.0,299.0,30637.0,87286.0,21658.0,243002.0,265391.0,71628.0,32372.0,2513.0,112866.0,98794.0,143091.0,14819.588275031165,1.0411516042091775,106.68147725135977,303.93966195652933,75.4155901135865,846.1602746690252,924.1212889387218,249.41674617489954,112.72294224568392,8.750548432701214,393.0120968584382,344.01181132522237,498.25894380567024
E06000025,2021,290886,18.758207682734817,38.54052790440241,2402.0,8.257530441478792,89.5,0.3076806721533522,6.68618621291138,1.211294413,South Gloucestershire,35.0,862631.0,4208568.0,117.0,28643.0,83899.0,21978.0,245887.0,265037.0,72559.0,31774.0,2609.0,111084.0,96252.0,140004.0,14468.100905509376,0.402219426166952,98.46812840769235,288.4257062904368,75.555372207669,845.3036584778916,911.1370090000894,249.44136190810144,109.23179527374985,8.969149426235708,381.8815618489718,330.8925145933458,481.30195334254654
E06000025,2022,295327,18.7473546272437,38.976456605728565,4361.0,14.766682355490694,192.25,0.6509733278704622,6.98693988830746,1.211376548,South Gloucestershire,26.0,873459.0,4249474.0,47.0,30333.0,85133.0,22702.0,246459.0,272782.0,73897.0,32911.0,2565.0,126529.0,94461.0,136711.0,14389.046717706136,0.1591456250190467,102.70987752559029,288.26690414354255,76.87072296132762,834.5291829057282,923.6608911477786,250.22094153260622,111.4391843617414,8.68528783348627,428.436952936914,319.85223159413124,462.91399025487
E06000025,2023,300441,18.72081373713974,39.53654794119311,5363.0,17.850426539653377,402.75,1.3405294217500274,7.04236087447766,1.310833573,South Gloucestershire,35.0,886712.0,4335157.0,75.0,29683.0,86161.0,23103.0,249052.0,285910.0,75816.0,34251.0,2514.0,130487.0,94934.0,133538.0,14429.312244334162,0.2496330394320349,98.7981001261479,286.78176414004747,76.89696146664403,828.9547698216954,951.6344307201747,252.3490469010555,114.0024164478217,8.36769948176181,434.31821888490583,315.982172872544,444.473290929001
E06000025,2024,305766,18.725757605489164,39.930535115088006,4512.0,14.7563823315869,132.0,0.43170267459429756,7.120027232,1.403653979,South Gloucestershire,42.0,902158.0,4215396.0,20.0,28360.0,84599.0,21604.0,240591.0,289986.0,71348.0,34638.0,2050.0,122737.0,94063.0,126978.0,13786.346421773515,0.06540949615065114,92.75066554162333,276.67889824244685,70.65533774193338,786.8468044190655,948.3919075371361,233.34183656783293,113.28270638331273,6.704473355441743,401.40826645212354,307.63067182093494,415.2783501108691
E06000025,2025,308787,18.917571011733006,40.18498188071389,,,135.25,0.4380041905909251,,,South Gloucestershire,,,,,,,,,,,,,,,,,,,,,,,,,,,,
E06000026,2011,256589,16.366640814688083,42.690060758645146,,,,,,1.104130983,Plymouth,39.0,763932.0,,,,,,,,,,,,,,,,,,,,,,,,,,
E06000026,2012,257886,16.831468168105285,42.48621483911496,1966.0,7.623523572431229,,,5.51465594903977,1.153249025,Plymouth,47.0,768702.0,,,,,,,,,,,,,,,,,,,,,,,,,,
E06000026,2013,259549,17.07962658303442,42.34422016651962,2081.0,8.01775387306443,,,5.62663660447429,1.216645241,Plymouth,48.0,774024.0,,,,,,,,,,,,,,,,,,,,,,,,,,
E06000026,2014,261980,17.314298801435225,42.14291167264677,2368.0,9.038857928086115,218.75,0.8349874036185968,6.02901806526309,1.256733656,Plymouth,43.0,779415.0,5647275.0,494.0,43648.0,93779.0,16329.0,272612.0,324912.0,88387.0,30313.0,3254.0,183671.0,87196.0,156002.0,21556.13023894954,1.885640125200397,166.6081380258035,357.9624398809069,62.329185434002596,1040.583250629819,1240.2168104435455,337.3807160851973,115.70730590121384,12.420795480571035,701.0878693030003,332.83456752423854,595.4729368654096
E06000026,2015,263088,17.496807151979567,41.82478866386912,2435.0,9.255458249711122,242.5,0.9217448154229764,6.31922078259852,1.339381576,Plymouth,41.0,784617.0,5835313.0,810.0,44586.0,96996.0,17099.0,284238.0,331253.0,95556.0,31816.0,3571.0,183896.0,96075.0,159158.0,22180.08042936204,3.078817733990148,169.47181171319104,368.682722130998,64.9934622635772,1080.3913519430762,1259.0958158486894,363.20926838168214,120.9329197834945,13.573405096393602,698.9904518640151,365.18199233716473,604.961077662227
E06000026,2016,264440,17.651263046437755,41.38216608682499,2313.0,8.746785660263198,260.25,0.9841551958856452,6.46499931337545,1.350194931,Plymouth,46.0,789508.0,5972161.0,764.0,44570.0,99121.0,17892.0,292075.0,335480.0,102948.0,33316.0,3469.0,180408.0,103339.0,161884.0,22584.18166691877,2.889124186961125,168.54484949326877,374.83361064891847,67.65996067160793,1104.5038572076842,1268.6431704734532,389.30570261685074,125.98699137800634,13.118287702314325,682.2265920435638,390.7842988957798,612.1766752382392
E06000026,2017,265294,17.808921423025023,41.06199160177011,1777.0,6.698229134469683,215.25,0.8113639961702865,6.55303240454252,1.433248878,Plymouth,55.0,792822.0,5887323.0,675.0,44069.0,100025.0,18141.0,292205.0,335907.0,103084.0,34477.0,3495.0,171325.0,111683.0,161614.0,22191.692989664298,2.544347026317972,166.11382089304698,377.0345352703039,68.38073985842122,1101.438404185545,1266.1688541768754,388.5651390532767,129.9577072983181,13.174063491824164,645.7929693095208,420.9782354670667,609.1882967575596
E06000026,2018,265689,17.923210972226926,40.8304446175792,1949.0,7.33564430593664,317.0,1.1931242919353078,6.73540387156962,1.505377769,Plymouth,48.0,795423.0,5879762.0,526.0,43558.0,102953.0,18444.0,294180.0,338639.0,103051.0,35662.0,3609.0,164931.0,116658.0,158051.0,22130.242501571385,1.9797582888264098,163.9435580697733,387.4944013489456,69.4195092758827,1107.2343981120785,1274.5691391062483,387.8632536537079,134.22460094320803,13.58355069272721,620.7671375179251,439.07726703024963,594.8722002039979
E06000026,2019,265041,18.1515312725201,40.4122381065571,1989.0,7.504499303881286,341.5,1.2884798955633279,7.10775425477373,1.571908355,Plymouth,43.0,796024.0,5833705.0,505.0,43645.0,104724.0,18989.0,298975.0,333942.0,102592.0,38175.0,3240.0,162213.0,117509.0,153412.0,22010.575722246744,1.9053655849472346,164.67263555449912,395.1237733029984,71.64551899517434,1128.0330213061375,1259.9635528088106,387.0797348334786,144.03431921853598,12.224523752928791,612.0298368931599,443.3615931120091,578.8236536988617
E06000026,2020,264830,18.33251519842918,40.18389155307178,1962.0,7.408526224370351,358.75,1.354642600913794,7.27548518472343,1.46594131,Plymouth,30.0,795560.0,5846591.0,398.0,38538.0,122548.0,19343.0,326174.0,342121.0,104502.0,39595.0,2896.0,140848.0,123572.0,154444.0,22076.770003398404,1.5028508854737,145.51976739795342,462.74213646490205,73.03930823547181,1231.6353887399464,1291.8513763546428,394.60030963259453,149.51100706113354,10.935316995808632,531.8430691386927,466.60876788883434,583.1816637087943
E06000026,2021,264768,18.616298042059462,40.10303359922649,1626.0,6.141225525743292,333.5,1.2595933043268068,7.38226141716788,1.467417002,Plymouth,31.0,794639.0,5813073.0,277.0,35970.0,124680.0,19242.0,339896.0,349202.0,104242.0,39513.0,2598.0,137176.0,131344.0,153428.0,21955.345812182743,1.046198936427363,135.8547860768673,470.90282813633064,72.67494561276287,1283.7503021513176,1318.898054145516,393.71072032874065,149.23631254532268,9.81236403190718,518.0988639110467,496.0720328740633,579.4809040367415
E06000026,2022,267574,18.723044839932133,40.62240725930023,3851.0,14.392280266393595,303.75,1.1351999820610372,7.47175839949396,1.65531528,Plymouth,33.0,797105.0,5845858.0,212.0,38926.0,123184.0,19090.0,339888.0,362504.0,102681.0,39431.0,2508.0,156875.0,135659.0,150131.0,21847.63093574114,0.7923041850105018,145.4775127628245,460.3735788978002,71.34474948986075,1270.2579473341955,1354.780359825693,383.74804726916665,147.36484112806178,9.373108000029898,586.2864104883135,506.9961954449984,561.0821679236399
E06000026,2023,270641,18.75030021319756,41.2199186376048,4809.0,17.768926363706903,350.25,1.2941498146991772,7.62493704180424,1.645769954,Plymouth,33.0,802880.0,5956119.0,133.0,39405.0,120540.0,19326.0,347220.0,386259.0,104097.0,40466.0,2252.0,158622.0,141354.0,148577.0,22007.452677162735,0.4914259110777746,145.59878215052413,445.38706256627785,71.40824930442912,1282.9541717625932,1427.200608924738,384.6313012440835,149.5191046441596,8.320986103362017,586.09745012766,522.2933701841184,548.98186158047
E06000026,2024,271904,18.92910733199953,41.507296692950455,5098.0,18.749264446275156,413.25,1.5198378839590445,7.851190286,1.658764839,Plymouth,44.0,810179.0,6085722.0,123.0,38625.0,120234.0,19806.0,350118.0,406599.0,106166.0,41483.0,1882.0,156151.0,151109.0,147754.0,22381.877427327294,0.4523655407790985,142.0538131105096,442.1928327645051,72.84188537130753,1287.6529951747675,1495.377044839355,390.4539837589738,152.56487583853124,6.921560550782629,574.2872484406261,555.7439390373072,543.4050253030481
E06000026,2025,271361,19.20062204959445,41.53065473667918,,,483.25,1.7808380717936623,,,Plymouth,,,,,,,,,,,,,,,,,,,,,,,,,,,,
E06000027,2011,131193,23.742882623310695,32.7471740108085,,,,,,1.446639061,Torbay,37.0,394277.0,,,,,,,,,,,,,,,,,,,,,,,,,,
E06000027,2012,131806,24.489021744078418,32.372577879610944,468.0,3.550672958742394,,,6.38282639245017,1.450774193,Torbay,28.0,394442.0,,,,,,,,,,,,,,,,,,,,,,,,,,
E06000027,2013,132920,24.85404754739693,32.15543183869997,518.0,3.8970809509479385,,,6.47511091400116,1.492751598,Torbay,26.0,395919.0,,,,,,,,,,,,,,,,,,,,,,,,,,
E06000027,2014,134217,25.145845906256287,31.995201800070035,530.0,3.9488291349083946,1.0,0.007450621009261122,6.87091983929637,1.628292322,Torbay,21.0,398943.0,3304605.0,305.0,27045.0,60936.0,8944.0,168685.0,202405.0,51133.0,19143.0,1501.0,98596.0,64611.0,95612.0,24621.35944030935,2.2724394078246424,201.50204519546705,454.0110418203357,66.63835430683147,1256.8080049472123,1508.0429453794975,380.9726040665489,142.62723798028566,11.183382134900944,734.6014290291097,481.39207402937035,712.3687759374744
E06000027,2015,135052,25.368746853064003,31.57598554630809,561.0,4.153955513431863,1.0,0.007404555282409738,7.14779149223048,1.733151913,Torbay,24.0,402189.0,3370102.0,188.0,28255.0,64766.0,8549.0,177849.0,207567.0,55201.0,20147.0,1374.0,99797.0,65899.0,97795.0,24954.106566359624,1.3920563930930308,209.21570950448717,479.56342742054915,63.30154310932086,1316.8927524212897,1536.941326303942,408.7388561443,149.179575274709,10.17385895803098,738.9524035186447,487.95278855551936,724.1284838432604
E06000027,2016,136172,25.543430367476425,31.04970184766325,593.0,4.3547865934259615,,,7.32763608112799,1.844061494,Torbay,20.0,405441.0,3334878.0,148.0,28620.0,65375.0,8448.0,180028.0,208396.0,56575.0,19902.0,1498.0,98105.0,65505.0,99914.0,24490.188878770965,1.0868607349528538,210.17536644831537,480.091355050965,62.03918573568722,1322.063272919543,1530.3880386569926,415.46720324295745,146.15339423670065,11.00079311459037,720.4491378550657,481.046030020856,733.7338072437799
E06000027,2017,137329,25.65517844009641,30.852187083573025,496.0,3.611764448878241,1.0,0.007281783163060971,7.43345382845876,2.119254827,Torbay,17.0,408553.0,3273298.0,104.0,28385.0,64315.0,8317.0,178715.0,207770.0,55530.0,19954.0,1431.0,95854.0,65173.0,98497.0,23835.44626408115,0.7573054489583408,206.69341508348566,468.3278841322663,60.56259056717809,1301.3638779864414,1512.9360877891777,404.35741904477567,145.3007012357186,10.420231706340248,697.9880433120462,474.5756540861726,717.2337962120164
E06000027,2018,138100,25.88414192614048,30.616944243301955,510.0,3.692976104272266,1.0,0.00724112961622013,7.53495049020407,2.055736542,Torbay,14.0,411601.0,3274299.0,64.0,27989.0,63655.0,8537.0,179948.0,211671.0,56456.0,20151.0,1268.0,90731.0,67002.0,99961.0,23709.623461259955,0.46343229543808834,202.67197682838523,460.93410572049237,61.81752353367125,1303.0267921795798,1532.7371469949312,408.80521361332364,145.91600289645186,9.181752353367125,656.9949312092687,485.17016654598115,723.8305575669805
E06000027,2019,138754,26.273837150640702,30.298946336682185,458.0,3.3008057425371518,1.5,0.010810499156781065,7.55984982691089,2.068041563,Torbay,10.0,414183.0,3328926.0,32.0,28736.0,63397.0,8587.0,188695.0,217750.0,57368.0,20983.0,1098.0,88727.0,71299.0,103112.0,23991.56781065771,0.23062398201132941,207.1003358461738,456.9021433616328,61.886504172852675,1359.9247589258687,1569.324127592718,413.4511437508108,151.22446920449138,7.91328538276374,639.4554391224757,513.8518529195555,743.1281260360062
E06000027,2020,138695,26.61595587440066,30.220267493420817,424.0,3.0570676664623817,1.0,0.007210065251090522,7.57434906674643,2.131161928,Torbay,10.0,415549.0,3368345.0,26.0,26242.0,69338.0,8677.0,203123.0,222174.0,57500.0,20895.0,1020.0,79029.0,71656.0,105206.0,24285.98723818451,0.1874616965283536,189.20653231911749,499.93150438011463,62.56173618371247,1464.5300839972601,1601.8890370957856,414.578751937705,150.65431342153644,7.354266556112333,569.8042467284329,516.6444356321425,758.5421248062295
E06000027,2021,139440,26.76706827309237,30.339931153184164,423.0,3.033562822719449,1.0,0.00717154331612163,7.80142987256885,1.889935732,Torbay,7.0,416889.0,3378905.0,26.0,24192.0,67584.0,8710.0,211839.0,224914.0,58458.0,20864.0,1024.0,77597.0,70952.0,105457.0,24231.963568559953,0.1864601262191624,173.49397590361446,484.6815834767642,62.46414228341939,1519.2125645438898,1612.9804934021802,419.2340791738382,149.62707974756168,7.343660355708549,556.4902467010901,508.83534136546183,756.2894434882387
E06000027,2022,139406,27.016053828386152,30.33944019626128,725.0,5.20063698836492,46.0,0.32997145029625696,8.05179772842364,1.91293335,Torbay,10.0,417570.0,3458852.0,35.0,26744.0,67403.0,8760.0,216257.0,233528.0,60225.0,21484.0,986.0,90893.0,72114.0,104634.0,24811.35675652411,0.2510652339210651,191.84253188528473,483.50142748518715,62.83804140424372,1551.2746940590791,1675.1646270605283,432.0115346541756,154.1110138731475,7.072866304176291,652.0020659082105,517.2948079709626,750.5702767456207
E06000027,2023,139734,27.20597707072008,30.594558232069502,1215.0,8.695092103568207,107.75,0.7711079622711724,8.24387117449127,1.920280099,Torbay,14.0,418619.0,3549435.0,44.0,26226.0,67975.0,8994.0,221747.0,250521.0,62743.0,21373.0,995.0,88619.0,74355.0,104424.0,25401.36974537335,0.314883993874075,187.6851732577612,486.4599882634148,64.36515092962343,1586.9222952180571,1792.84211430289,449.01741881002476,152.95490002433195,7.120672134197833,634.1978330256059,532.1181673751556,747.3055949160547
E06000027,2024,139862,27.451344897112868,30.764610830675952,1106.0,7.90779482632881,40.25,0.287783672477156,8.389194717,2.012525558,Torbay,19.0,419305.0,3631791.0,20.0,26852.0,68924.0,8869.0,225704.0,267393.0,64396.0,21975.0,871.0,88006.0,77475.0,104308.0,25966.960289428152,0.14299809812529496,191.98924654302098,492.8000457593914,63.412506613662046,1613.7621369635783,1911.8345226008496,460.42527634382463,157.11916031516782,6.2275671733565945,629.2345311807353,553.9388826128613,745.7922809626632
E06000027,2025,139486,27.897423397330197,30.78086689703626,,,47.5,0.34053596776737455,,,Torbay,,,,,,,,,,,,,,,,,,,,,,,,,,,,
E06000030,2011,209709,13.861589154495038,42.27572493312161,,,,,,1.215828657,Swindon,62.0,621019.0,,,,,,,,,,,,,,,,,,,,,,,,,,
E06000030,2012,212801,14.248993190821471,41.69529278527826,1819.0,8.547892162160892,,,6.37647242744157,1.3551476,Swindon,62.0,629449.0,,,,,,,,,,,,,,,,,,,,,,,,,,
E06000030,2013,215994,14.499939813142957,41.202070427882255,2095.0,9.699343500282415,,,6.56552962923944,1.472563982,Swindon,71.0,638504.0,,,,,,,,,,,,,,,,,,,,,,,,,,
E06000030,2014,218998,14.70013424780135,40.75790646489922,2157.0,9.84940501739742,91.75,0.4189535977497511,6.89199266076953,1.501114488,Swindon,66.0,647793.0,4253440.0,209.0,24202.0,80160.0,6893.0,235987.0,285359.0,89902.0,27078.0,3306.0,138108.0,70524.0,90936.0,19422.27782902127,0.9543466150375802,110.51242477100247,366.03074000675804,31.47517328925378,1077.5760509228394,1303.0210321555448,410.51516452205044,123.64496479419904,15.096028274230815,630.6358962182303,322.03033817660435,415.23666882802587
E06000030,2015,221805,14.858546921845765,40.405761817812945,2532.0,11.415432474470817,122.0,0.5500326863686571,7.17680015424223,1.561599851,Swindon,70.0,656797.0,4312990.0,254.0,23666.0,81793.0,6491.0,247520.0,290691.0,93414.0,28424.0,3005.0,128637.0,73845.0,95910.0,19444.962917878318,1.145150019160975,106.69732422623476,368.76084849304567,29.26444399359798,1115.935168278443,1310.5700953540272,421.1537161019815,128.1485989946124,13.547936250309958,579.9553662000407,332.92757151552036,432.4068438493271
E06000030,2016,224498,14.972071020677244,40.01104686901442,2835.0,12.628174861245979,172.75,0.7694946057425901,7.46181327182199,1.612375736,Swindon,70.0,665301.0,4383868.0,325.0,24093.0,82495.0,7154.0,256146.0,293641.0,98221.0,29357.0,2806.0,122536.0,78724.0,100976.0,19527.42563408137,1.447674366809504,107.31944159858885,367.46429812292314,31.86665360047751,1140.9723026485758,1307.9893807517215,437.51391994583474,130.76731195823572,12.4989977638999,545.8222344965211,350.66682108526584,449.7857441937122
E06000030,2017,227680,15.01317638791286,39.77556219255095,2623.0,11.520555165144062,167.5,0.7356816584680252,7.64483585453983,1.685393214,Swindon,77.0,673983.0,4413341.0,140.0,24378.0,82377.0,7085.0,259888.0,301140.0,103465.0,29445.0,2622.0,119581.0,83186.0,106058.0,19383.964335910052,0.6148981026001406,107.07132817990161,361.810435699227,31.118236120871398,1141.4617006324665,1322.6458186929021,454.4316584680253,129.32624736472243,11.516163035839774,525.21521433591,365.3636683063949,465.82044975404074
E06000030,2018,230174,15.1919851938099,39.52748790045791,2755.0,11.969205905097882,196.5,0.8537019819788507,7.69072299084877,1.811992526,Swindon,72.0,682352.0,4380483.0,126.0,23741.0,80534.0,6837.0,265667.0,304698.0,105553.0,29316.0,2665.0,110452.0,83627.0,109483.0,19031.180758904135,0.5474119579101029,103.14370867256945,349.8831318915255,29.703615525645816,1154.2007350960578,1323.7724504070834,458.5791618514689,127.36451554041724,11.578197363733523,479.8630601197355,363.320792096414,475.6532014910459
E06000030,2019,231934,15.498374537583969,39.2840204540947,2529.0,10.903964058740849,186.75,0.8051859580742797,7.95697316698,2.011995554,Swindon,66.0,689788.0,4357767.0,93.0,24283.0,82306.0,6687.0,268291.0,306702.0,104929.0,29889.0,2197.0,100468.0,82771.0,111612.0,18788.823544629075,0.40097613976389834,104.69788819233057,354.86819526244534,28.831477920442886,1156.7558012193124,1322.367570084593,452.40887493856013,128.86855743444255,9.472522355497684,433.17495494407893,356.8730759612648,481.2231065734218
E06000030,2020,232574,15.711558471712229,38.945883890718655,1997.0,8.58651439971794,220.75,0.9491602672697722,8.01562268464616,1.946663022,Swindon,58.0,694682.0,4286991.0,45.0,22056.0,88149.0,5085.0,281589.0,308272.0,103438.0,30514.0,2052.0,89403.0,82334.0,110523.0,18432.804182754735,0.19348680419995357,94.83433229853725,379.0148511871491,21.864008874594752,1210.7501268413494,1325.4792023184018,444.75306784077327,131.2012520746085,8.822998271517884,384.4066834641877,354.012056377755,475.21649023536594
E06000030,2021,233760,15.992898699520875,38.70679329226557,2280.0,9.753593429158112,254.25,1.0876540041067762,8.19416287739346,1.820788503,Swindon,55.0,698268.0,4261593.0,61.0,20543.0,85560.0,5203.0,289492.0,310841.0,102791.0,31197.0,1765.0,83370.0,84501.0,110109.0,18230.633983572898,0.2609514031485284,87.88073237508556,366.0164271047228,22.257871321013006,1238.4154688569472,1329.7441820670774,439.72878165639975,133.45739219712527,7.550479123887748,356.6478439425052,361.48613963039014,471.03439425051334
E06000030,2022,236108,16.18115438697545,38.74963999525641,3651.0,15.463262574753927,435.0,1.8423772172056856,8.42401128361279,1.722548246,Swindon,54.0,702380.0,4342894.0,55.0,22288.0,85681.0,5601.0,292366.0,321852.0,104407.0,32090.0,1486.0,96574.0,87328.0,110964.0,18393.67577549257,0.23294424585359244,94.39747911972488,362.88901689057553,23.72219492774493,1238.2723160587527,1363.155843935826,442.2001795788368,135.91237908075965,6.293729987971606,409.02468361936064,369.8646382164094,469.9713690345096
E06000030,2023,240013,16.26661889147671,39.035385583280906,5045.0,21.01969476653348,767.5,3.197743455562824,8.60392360038658,1.907530904,Swindon,62.0,710024.0,4514358.0,43.0,23585.0,87071.0,6101.0,302106.0,348325.0,110072.0,34025.0,1608.0,104804.0,92023.0,113932.0,18808.806189664727,0.17915696233120704,98.26551061817484,362.7761829567565,25.41945644610917,1258.7068200472474,1451.2755559073885,458.60849204001454,141.76315449579815,6.699637102990255,436.6596809339494,383.4083987117364,474.6909542399786
E06000030,2024,243324,16.40610872745804,39.28465749371209,4416.0,18.148641317749174,563.25,2.314814814814815,8.985073895,1.891878724,Swindon,68.0,720139.0,4722091.0,27.0,23054.0,89273.0,6065.0,308674.0,380108.0,115331.0,36115.0,1538.0,105763.0,98149.0,115923.0,19406.59778731239,0.11096316023080337,94.74609985040522,366.8894149364633,24.92561358517861,1268.5719452252963,1562.1475892226001,473.9811937992142,148.42350117538754,6.320790386480577,434.6591376107577,403.36752642567114,476.4141638309415
E06000030,2025,245286,16.723335208695154,39.280676434855636,,,555.25,2.263684025994146,,,Swindon,,,,,,,,,,,,,,,,,,,,,,,,,,,,
E06000031,2011,184457,13.594496278265396,43.17157928406078,,,,,,1.732122064,Peterborough,135.0,545182.0,,,,,,,,,,,,,,,,,,,,,,,,,,
E06000031,2012,188675,13.760169603816086,42.894395123890284,3496.0,18.529216907380416,,,6.1819299936717,1.724714398,Peterborough,158.0,554894.0,,,,,,,,,,,,,,,,,,,,,,,,,,
E06000031,2013,192488,13.835667677985121,42.72889738581107,3704.0,19.242757990108473,,,6.29314551086455,1.719796062,Peterborough,168.0,565620.0,,,,,,,,,,,,,,,,,,,,,,,,,,
E06000031,2014,195766,13.920701245364363,42.40879417263468,3540.0,18.08281315448035,129.0,0.658949970883606,6.46118156783524,1.783138871,Peterborough,161.0,576929.0,3383075.0,70.0,24422.0,70305.0,10554.0,151818.0,195545.0,74562.0,20898.0,3089.0,128941.0,38617.0,114138.0,17281.218393388022,0.3575697516422668,124.75097820867771,359.12773413156526,53.91130226903548,775.5074936403665,998.8711012126723,380.8730831707242,106.74989528314416,15.779042326042315,658.6485906643646,197.26101570242025,583.0328044706436
E06000031,2015,200246,13.895908033119264,42.33492803851263,3954.0,19.745712773288854,140.5,0.7016369865065969,6.53991517103752,1.960344076,Peterborough,133.0,588500.0,3492592.0,103.0,23798.0,72074.0,11097.0,162250.0,200141.0,79411.0,22782.0,2654.0,125726.0,42038.0,120082.0,17441.50694645586,0.5143673281863308,118.84382209881845,359.92728943399624,55.41683729013314,810.2533883323512,999.4756449567033,396.5672223165506,113.77006282272805,13.25369795151963,627.8577349859673,209.93178390579587,599.6724029443784
E06000031,2016,205091,13.831421174015437,42.2583146018109,4511.0,21.99511436386775,152.25,0.7423533943468997,6.67549735079476,2.139952898,Peterborough,115.0,601103.0,3585594.0,49.0,25129.0,73579.0,11028.0,168549.0,204437.0,83214.0,23683.0,2625.0,130212.0,48995.0,128057.0,17482.9417185542,0.23891833381279529,122.52609817105578,358.7626955839115,53.771252760969524,821.8254335880171,996.8111716262538,405.74184142648875,115.47556938139655,12.799196454256892,634.8986547435042,238.89395439097765,624.3911239401046
E06000031,2017,208237,13.85152494513463,42.01654845200421,3775.0,18.128382564097638,170.25,0.8175780480894366,6.93805482749562,2.317062855,Peterborough,114.0,613574.0,3625327.0,50.0,25628.0,75293.0,11489.0,176841.0,215079.0,87980.0,24975.0,2620.0,124566.0,54597.0,135181.0,17409.619808199313,0.24011102733904158,123.07130817289914,361.5735916287691,55.17271186196497,849.229483713269,1032.8567929810742,422.49936370577757,119.93545815585126,12.581817832565779,598.1934046303011,262.18683519259304,649.1689757343796
E06000031,2018,211037,13.91509545719471,41.65715016798002,3255.0,15.423835630718782,227.5,1.0780100172007752,7.34025770643575,2.314578533,Peterborough,119.0,624365.0,3692475.0,67.0,25779.0,74906.0,12458.0,183729.0,227857.0,91893.0,26354.0,2744.0,126365.0,54613.0,142273.0,17496.813355004102,0.31747987319759097,122.1539350919507,354.9424982349067,59.03230239247146,870.6008898913461,1079.7016636893059,435.4354923544212,124.87857579476584,13.002459284390888,598.781256367367,258.78400470059756,674.1614029767292
E06000031,2019,213026,14.051805882849981,41.58928957028719,3505.0,16.453390665928104,210.75,0.989315858158159,7.44159150050741,2.280152559,Peterborough,118.0,632300.0,3878559.0,50.0,28228.0,77554.0,13425.0,199869.0,245692.0,100390.0,27667.0,2563.0,132401.0,59071.0,153458.0,18206.974735478296,0.23471313360810417,132.5096467097913,364.0588472768582,63.02047637377598,938.2375860223635,1153.3427844488467,471.2570296583516,129.87616535070836,12.031395228751421,621.525072056932,277.2947903072864,720.372161144649
E06000031,2020,213718,14.201424306796808,41.346072862370036,3164.0,14.804555535799512,195.5,0.9147568290925425,7.50267532482085,2.355339289,Peterborough,104.0,637781.0,3900032.0,36.0,24991.0,81071.0,13985.0,221720.0,259305.0,103904.0,28209.0,2485.0,115310.0,59047.0,158935.0,18248.49568122479,0.16844627031883136,116.93446504271984,379.3363216949438,65.43669695580157,1037.4418626414247,1213.3044479173489,486.1733686446626,131.9916899839976,11.627471715063775,539.5427619573456,276.28463676433427,743.6668881423184
E06000031,2021,216470,14.229685406753823,41.416824502240495,3175.0,14.667159421628863,225.75,1.0428696817110916,7.65574221977417,2.238466024,Peterborough,114.0,643214.0,3974901.0,27.0,24456.0,78572.0,14108.0,234685.0,268367.0,106367.0,29447.0,2312.0,123105.0,62376.0,161281.0,18362.36429990299,0.12472859980597772,112.97639395759228,362.96946459093635,65.17300318750867,1084.145609091329,1239.742227560401,491.3706287245346,136.03270661061578,10.680463805608168,568.6931214486996,288.1507830184321,745.0501224188109
E06000031,2022,218712,14.28819634953729,41.35118329126888,3992.0,18.252313544752916,326.0,1.4905446431837301,7.80373278192412,2.436466932,Peterborough,112.0,648205.0,4140927.0,22.0,26677.0,80770.0,14596.0,242077.0,288002.0,112207.0,31124.0,2319.0,141122.0,68593.0,166083.0,18933.24097443213,0.10058890230074252,121.97318848531403,369.29843812868063,66.73616445371081,1106.8299864662204,1316.8093200190206,513.0354072936099,142.30586341855957,10.602984747064633,645.2412304766085,313.62248070521963,759.3684845824646
E06000031,2023,221822,14.317786333186069,41.50940844460874,5372.0,24.217615926283237,471.75,2.1267051960581007,8.02681044196161,2.773722649,Peterborough,127.0,655770.0,4285722.0,2.0,26930.0,80605.0,14353.0,246667.0,306669.0,117790.0,32675.0,2618.0,149513.0,70150.0,168772.0,19320.545302089064,0.009016238245079387,121.40364796999397,363.376941872312,64.70503376581223,1112.0042195994988,1382.5003831901254,531.0113514439505,147.30279232898448,11.80225586280892,674.0224143682773,316.2445564461595,760.8442805492692
E06000031,2024,224152,14.410756986330703,41.483457653734966,4944.0,22.056461686712588,439.5,1.9607230807666227,8.330142303,2.921548605,Peterborough,119.0,662955.0,4504579.0,11.0,26598.0,83113.0,14335.0,260593.0,336139.0,124922.0,35233.0,2154.0,146922.0,75141.0,172560.0,20096.091045362075,0.0490738427495628,118.66055176844284,370.78857204040116,63.95213961954388,1162.5727185124379,1499.6029479995716,557.3093258146258,157.18351832684962,9.60955066205075,655.4570113137513,335.22341982226345,769.8347549876869
E06000031,2025,224757,14.53703332932901,41.3668984725726,,,527.0,2.3447545571439377,,,Peterborough,,,,,,,,,,,,,,,,,,,,,,,,,,,,
E06000032,2011,203641,11.782499594875295,45.62980932130563,,,,,,4.232354641,Luton,295.0,598673.0,,,,,,,,,,,,,,,,,,,,,,,,,,
E06000032,2012,205873,11.85925303463786,45.28082847192201,4518.0,21.94556838439232,,,7.20147040662721,4.270028591,Luton,289.0,609097.0,,,,,,,,,,,,,,,,,,,,,,,,,,
E06000032,2013,209624,11.836430943021792,45.02347059497004,4947.0,23.5993970156089,,,7.46390775160206,4.100880146,Luton,253.0,619138.0,,,,,,,,,,,,,,,,,,,,,,,,,,
E06000032,2014,213749,11.806371023958008,44.826876383047406,5511.0,25.78257676059303,50.0,0.23391922301390886,7.59606414590292,4.094252586,Luton,218.0,629246.0,3473341.0,268.0,23500.0,64774.0,11552.0,153016.0,200025.0,82689.0,23256.0,2694.0,172269.0,53640.0,67558.0,16249.624559647064,1.2538070353545514,109.94203481653715,303.0376750300586,54.044697285133495,715.8676765739255,935.7938516671423,386.8509326359422,108.80050900822928,12.603567735989408,805.9406125876612,250.94854244932142,316.06229736747304
E06000032,2015,217612,11.692829439552966,44.532930169292136,5542.0,25.467345550796832,74.5,0.3423524437990552,7.61209307926846,4.358759403,Luton,190.0,640985.0,3425235.0,283.0,23421.0,62828.0,11365.0,159374.0,195818.0,82711.0,23354.0,2943.0,163722.0,55531.0,68960.0,15740.101648806132,1.3004797529548002,107.62733672775398,288.7156958255979,52.225980184916274,732.3768909802768,899.8492730180321,380.08473797400876,107.31944929507564,13.524070363766704,752.3574067606565,255.1835376725548,316.89428891789055
E06000032,2016,220952,11.620170896846373,44.33858937687824,6444.0,29.164705456388717,70.75,0.3202052934574025,7.73868203533783,4.212951183,Luton,185.0,652313.0,3488210.0,361.0,24796.0,65101.0,11778.0,166677.0,196174.0,84581.0,24619.0,2709.0,162164.0,58240.0,74558.0,15787.184546869908,1.633839023860386,112.22346935080922,294.6386545494044,53.30569535464716,754.3584126869184,887.8579963068902,382.80259965965456,111.4223903834317,12.260581483761179,733.9331619537274,263.5866613563127,337.4398059306999
E06000032,2017,220752,11.704990215264187,43.87819815902008,5335.0,24.167391461912008,114.5,0.5186815974487207,7.96845341531881,4.102422237,Luton,173.0,659316.0,3384709.0,302.0,23881.0,65761.0,12208.0,164467.0,194841.0,85205.0,25080.0,2872.0,145741.0,55081.0,77414.0,15332.631187939407,1.368051025585272,108.18022033775458,297.8953758063347,55.30187721968544,745.0306225991158,882.6239399869537,385.97611799666595,113.61165470754511,13.01007465391027,660.2023990722621,249.51529317967675,350.6831195187359
E06000032,2018,221532,11.741418846938592,43.777874076882796,5592.0,25.242402903418018,153.0,0.6906451438166947,8.19058465010097,4.098995686,Luton,162.0,663236.0,3382451.0,252.0,23922.0,67032.0,12200.0,165545.0,198259.0,88210.0,25993.0,2842.0,138890.0,55696.0,79788.0,15268.453315999493,1.1375331780510265,107.98439954498673,302.583825361573,55.07105068342271,747.2735315891158,894.9451997905494,398.1817525233375,117.33293609952513,12.8288463969088,626.9523138869329,251.41288843146813,360.1646714695845
E06000032,2019,223106,11.747779082588545,43.87959086712146,7107.0,31.854813407080044,139.5,0.6252633277455559,8.3450857581351,4.090959072,Luton,151.0,665390.0,3362756.0,203.0,24091.0,67033.0,12223.0,170901.0,201410.0,89991.0,26644.0,2569.0,131524.0,56055.0,82548.0,15072.458831228205,0.909881401665576,107.98006328830242,300.45359604851507,54.78561759880953,766.0080858426039,902.7547443815944,403.35535575018156,119.42305451220496,11.5147060141816,589.5135047914443,251.24828556829488,369.99453174724124
E06000032,2020,224132,11.69043242375029,43.89154605321864,6931.0,30.923741366694628,177.75,0.7930594471115235,8.42642605777887,3.752005816,Luton,147.0,668770.0,3403948.0,280.0,21000.0,70564.0,12507.0,192374.0,212937.0,94729.0,27529.0,2425.0,103126.0,58006.0,85432.0,15187.246800992272,1.2492638266735674,93.69478700051755,314.8323309478343,55.80193814359395,858.3067121160744,950.0517552156765,422.648260846287,122.82494244463084,10.819517070297861,460.1127906769225,258.80284832152483,381.16824014420075
E06000032,2021,224958,11.755083171080823,44.00332506512327,6906.0,30.69906382524738,243.75,1.0835355933107513,8.93547427891763,3.813750982,Luton,148.0,672196.0,3409861.0,177.0,19483.0,68637.0,11440.0,201388.0,216346.0,100095.0,28682.0,1995.0,108844.0,59311.0,86333.0,15157.767227660275,0.7868135385271917,86.60727780296766,305.11028725362064,50.8539371793846,895.2248864232434,961.7172983401347,444.94972394847036,127.4993554352368,8.868322086789533,483.84142817770424,263.6536597942727,383.77386000942397
E06000032,2022,227839,11.706073148144084,44.403284775652985,9323.0,40.919245607644,557.5,2.4469032957483137,9.63673979984604,3.768138647,Luton,149.0,676636.0,3550504.0,117.0,21073.0,68558.0,10983.0,208734.0,231615.0,108759.0,29476.0,1794.0,137692.0,61406.0,87777.0,15583.390025412682,0.5135205122915744,92.49075004718243,300.90546394603206,48.20509219229368,916.1469283134143,1016.5731064479742,477.3502341565755,129.37205658381575,7.873981188470806,604.3390288756534,269.51487673313176,385.2588889522865
E06000032,2023,233813,11.487385218101645,45.467104053239126,13340.0,57.054141557569515,1127.25,4.821160500057739,9.96591127973804,3.891431093,Luton,150.0,686144.0,3768229.0,109.0,23013.0,71619.0,11614.0,219606.0,257208.0,117851.0,31463.0,1881.0,149685.0,65484.0,93392.0,16116.422098001394,0.46618451497564295,98.42480957004102,306.30888787193186,49.67217391676254,939.237766933404,1100.0585938335337,504.0395529760963,134.5648017860427,8.044890574946646,640.1910928819184,280.0699704464679,399.4303139688555
E06000032,2024,238047,11.445638886438392,45.69055690682932,13516.0,56.77870336530181,803.5,3.375383852768571,10.66395371,3.848706961,Luton,158.0,700276.0,4016220.0,114.0,25365.0,75573.0,11471.0,229664.0,281826.0,127752.0,33998.0,1783.0,158693.0,70691.0,98124.0,16871.54217444454,0.4788970245371712,106.55458795952059,317.4709196083126,48.187962881279745,964.7842652921482,1183.9090599755511,536.6671287602869,142.82053544048023,7.4901174978050555,666.6456624112045,296.9623645750629,412.20431259373146
E06000032,2025,236380,11.722649970386666,45.224215246636774,,,774.5,3.276503934343007,,,Luton,,,,,,,,,,,,,,,,,,,,,,,,,,,,
E06000033,2011,174274,17.783490365745894,39.23993252005463,,,,,,2.728861094,Southend-on-Sea,65.0,516409.0,,,,,,,,,,,,,,,,,,,,,,,,,,
E06000033,2012,175196,18.198474851023995,38.878170734491654,895.0,5.108564122468549,,,5.92477068332143,2.773367882,Southend-on-Sea,61.0,521592.0,,,,,,,,,,,,,,,,,,,,,,,,,,
E06000033,2013,176350,18.525659200453642,38.542103770910124,900.0,5.103487383045081,,,6.20036794470488,2.959504604,Southend-on-Sea,50.0,525820.0,,,,,,,,,,,,,,,,,,,,,,,,,,
E06000033,2014,178610,18.693802138738032,38.367952522255194,1032.0,5.777951962376127,9.0,0.0503891159509546,6.31890934716327,2.727431059,Southend-on-Sea,40.0,530156.0,2914959.0,106.0,19512.0,60469.0,12715.0,126058.0,168783.0,49149.0,20786.0,4045.0,132721.0,46699.0,87386.0,16320.245227030962,0.5934718100890207,109.24360338166957,338.5532724931415,71.1886232573764,705.7723531717149,944.9806841722188,275.17496220816304,116.37646268406024,22.647108224623484,743.0770953474049,261.45792508818096,489.2559207211242
E06000033,2015,179203,18.845108619833372,37.88329436449167,1080.0,6.026684821124647,7.5,0.04185197792447671,6.46978445215481,2.794376373,Southend-on-Sea,38.0,534163.0,2889160.0,128.0,19338.0,61088.0,12975.0,130684.0,167785.0,50850.0,20963.0,3131.0,119789.0,47317.0,88391.0,16122.274738704149,0.7142737565777358,107.91113988047076,340.88715032672445,72.40392180934471,729.2511844109753,936.2845488077767,283.7564103279521,116.97906843077403,17.47180571753821,668.4542111460188,264.0413385936619,493.24509076298943
E06000033,2016,180465,18.90837558529355,37.61006289308176,1129.0,6.256060731997895,9.5,0.052641786495996455,6.48843180907724,2.917164087,Southend-on-Sea,31.0,538278.0,2956039.0,124.0,21316.0,62518.0,13688.0,135970.0,168864.0,52818.0,21771.0,3299.0,128116.0,49404.0,92521.0,16380.123569667248,0.6871138447898485,118.11708641564847,346.427285069127,75.8485024797052,753.4424957748039,935.7160668273626,292.67725043637273,120.63835092677252,18.280553015820242,709.9215914443245,273.7594547419167,512.6811293048513
E06000033,2017,181405,18.905212094484718,37.33689810093437,1002.0,5.523552272539345,11.75,0.06477219481271189,6.71086376014594,2.838429928,Southend-on-Sea,36.0,541073.0,2924088.0,208.0,21558.0,62534.0,13422.0,136710.0,169124.0,53241.0,22705.0,3323.0,124974.0,51108.0,91543.0,16119.114688128771,1.146605661365453,118.83906176786748,344.7203770568617,73.98914032138033,753.6175959868801,932.3006532344754,293.49246161902926,125.16193048703178,18.318127945756732,688.9225765552217,281.7342410628153,504.63327912681564
E06000033,2018,181877,18.939173177477088,36.90186224756291,1007.0,5.536708874679041,15.5,0.0852224305437191,6.84617456365655,2.952064991,Southend-on-Sea,31.0,543747.0,2922223.0,190.0,21371.0,64043.0,13385.0,139986.0,175386.0,55354.0,22841.0,3025.0,117871.0,49876.0,90915.0,16067.028816177966,1.0446620518262344,117.50248794514974,352.1225883426711,73.5936924404955,769.674010457617,964.3110453768205,304.3485432462598,125.58487329348955,16.63211950933873,648.0808458463687,274.2292868257119,499.8707917988531
E06000033,2019,182115,19.103313840155945,36.672432254344784,1097.0,6.023666364659693,49.25,0.27043351728303544,6.91463902384652,3.096064806,Southend-on-Sea,38.0,545397.0,2946790.0,93.0,21655.0,64815.0,13737.0,145850.0,181165.0,56615.0,23673.0,2313.0,103570.0,50554.0,91351.0,16180.929632375146,0.5106663372045137,118.9083820662768,355.90149081624253,75.43035993740219,800.8675836696592,994.7835159102765,310.8749965681026,129.98929248002636,12.700765999505807,568.7065864975428,277.59382807566647,501.6116190319304
E06000033,2020,181276,19.180145192965423,36.484697367550034,956.0,5.273726251682517,67.25,0.37098126613561644,6.87869239858212,3.047389746,Southend-on-Sea,38.0,545268.0,3028642.0,81.0,20200.0,70569.0,14758.0,166219.0,193214.0,59057.0,24337.0,2180.0,91857.0,51871.0,92386.0,16707.35232463205,0.4468324543789581,111.43229109203645,389.29036386504555,81.41176989783534,916.9388115360003,1065.8553807453827,325.78499084269293,134.25384496568768,12.02586111785344,506.7245526159007,286.14378075420905,509.64275469449905
E06000033,2021,180655,19.190169106861145,36.59129279566024,1109.0,6.138772798981484,100.25,0.5549251335418339,7.1063371314767,3.077697277,Southend-on-Sea,46.0,544046.0,3060847.0,35.0,20373.0,67903.0,14972.0,174869.0,195308.0,60868.0,23956.0,1846.0,94742.0,53389.0,90534.0,16943.05167307852,0.19373944811934352,112.77296504386815,375.8711355899366,82.87620049265173,967.9721015194708,1081.110403808364,336.92950651794854,132.60634911848553,10.218372035094518,524.4360798206527,295.53015416124657,501.14306274390407
E06000033,2022,180685,19.364086670171847,36.495005119406706,1898.0,10.504469103688741,159.75,0.8841353737166893,7.22757117276101,3.059143543,Southend-on-Sea,40.0,542741.0,3174489.0,49.0,21564.0,69109.0,14722.0,182570.0,203870.0,64126.0,24392.0,1768.0,108457.0,55775.0,90954.0,17569.189473392922,0.27119019287710655,119.34582284085563,382.4833273376318,81.47881672524005,1010.4325206851703,1128.3172371807289,354.90494507014967,134.99737111547722,9.78498491850458,600.2545867116805,308.6863879126657,503.38434291723166
E06000033,2023,182327,19.38879046987007,36.70986743598041,2635.0,14.452055921503671,204.0,1.1188688455357683,7.37219192602904,3.378606558,Southend-on-Sea,41.0,544236.0,3310654.0,56.0,21952.0,69455.0,15095.0,190695.0,217701.0,65568.0,24740.0,1912.0,109657.0,58381.0,92093.0,18157.782445825356,0.3071404674019756,120.39906322157442,380.9364493465038,82.79080991844323,1045.895561271781,1194.0140516763838,359.61761011808454,135.69027077722993,10.486653101296024,601.4303970339007,320.1994219177631,505.09798329375246
E06000033,2024,184503,19.4582201915416,36.85468528967009,2668.0,14.460469477461071,203.75,1.1043180869687756,7.598582609,3.517143726,Southend-on-Sea,39.0,548837.0,3472330.0,23.0,21940.0,70925.0,15608.0,197015.0,236087.0,69201.0,26626.0,1651.0,108928.0,60033.0,94242.0,18819.91078735847,0.12465921963328508,118.91405559801196,384.41109358655416,84.59483043636148,1067.814615480507,1279.5835298071033,375.0670720801288,144.31201660677604,8.948363983241466,590.3860641832382,325.37682314108713,510.78844246435017
E06000033,2025,185214,19.714492424978673,36.828209530597036,,,238.75,1.2890494239096395,,,Southend-on-Sea,,,,,,,,,,,,,,,,,,,,,,,,,,,,
E06000034,2011,158268,12.787802967119063,42.64222710844896,,,,,,1.833747149,Thurrock,47.0,469856.0,,,,,,,,,,,,,,,,,,,,,,,,,,
E06000034,2012,160026,13.195355754689864,42.149400722382616,1067.0,6.667666504193068,,,6.09055858170531,1.964978337,Thurrock,44.0,474879.0,,,,,,,,,,,,,,,,,,,,,,,,,,
E06000034,2013,161702,13.51869488318017,41.732940841795404,1113.0,6.883031749761908,,,6.17684745017775,2.069000721,Thurrock,34.0,479996.0,,,,,,,,,,,,,,,,,,,,,,,,,,
E06000034,2014,164451,13.61803819982852,41.52543918857289,1415.0,8.60438671701601,19.25,0.11705614438343337,6.31195600703424,2.060384274,Thurrock,24.0,486179.0,3010155.0,110.0,17035.0,58767.0,11457.0,142623.0,212612.0,68217.0,21554.0,2792.0,109865.0,53295.0,120551.0,18304.266924494226,0.6688922536196192,103.58708673100193,357.35264607694694,69.66816863381797,867.2674535271905,1292.859271150677,414.8165715015415,131.06639667742976,16.977701564599787,668.0713403992679,324.0782968787055,733.0511824190793
E06000034,2015,166622,13.734080733636615,41.18543769730288,1665.0,9.992678037714107,32.0,0.19205146979390475,6.37508535012518,1.992647171,Thurrock,26.0,492775.0,3051052.0,153.0,16986.0,60592.0,10756.0,151477.0,210557.0,71354.0,22847.0,2388.0,105282.0,61777.0,123003.0,18311.21940680102,0.9182460899521071,101.94332080997708,363.64945805475867,64.55330028447624,909.1056403116035,1263.6806664186001,428.23876798982127,137.11874782441694,14.331840933370144,631.8613388388088,370.7613640455642,738.2158418456146
E06000034,2016,168977,13.766370571142819,40.891363913432,1894.0,11.208626026027211,38.0,0.22488267634056705,6.51046351262217,2.132701397,Thurrock,27.0,500050.0,3069466.0,232.0,17536.0,62203.0,10743.0,157697.0,210371.0,74003.0,23638.0,2245.0,102314.0,64720.0,126458.0,18164.992868851976,1.3729679187108303,103.77743716600483,368.1151872740077,63.57669978754506,933.2453529178528,1244.9682501168797,437.94717624292065,139.88886061416642,13.285831799594028,605.4906880818099,383.0107055989869,748.374039070406
E06000034,2017,170966,13.726705894739306,40.72447153235146,1651.0,9.656890843793503,42.0,0.24566288033878084,6.67673469992079,2.252406597,Thurrock,39.0,506565.0,3064370.0,174.0,18036.0,64012.0,10305.0,160777.0,213613.0,76461.0,23659.0,2065.0,97589.0,63467.0,125664.0,17923.856205327374,1.0177462185463775,105.49465975691074,374.41362610109616,60.27514242597944,940.4033550530515,1249.4472585192377,447.2292736567505,138.38424014131465,12.078424949990056,570.8094006995543,371.22585777289055,735.0233379736321
E06000034,2018,173113,13.697989174700918,40.652637294715014,1776.0,10.259194861160053,85.5,0.4938970499038201,6.86810081754135,2.213140965,Thurrock,34.0,513056.0,3098920.0,93.0,17726.0,66425.0,9758.0,167337.0,223374.0,79696.0,25010.0,1815.0,94880.0,59694.0,124393.0,17901.139717987673,0.5372213525269622,102.39554510637561,383.70890689896197,56.36780599954943,966.6345104064975,1290.336369885566,460.3698162471911,144.4721078139712,10.484481234800391,548.0813110511631,344.82678943811266,718.5653301600688
E06000034,2019,174924,13.69451876243397,40.81200978710754,1806.0,10.32448377581121,113.5,0.6488532162539159,7.00721733311266,2.33226037,Thurrock,39.0,519003.0,3123895.0,129.0,17703.0,67805.0,9554.0,173012.0,230190.0,80958.0,25711.0,1297.0,89525.0,58515.0,123518.0,17858.584299467195,0.7374631268436578,101.20395143033547,387.6254830669319,54.618005533831834,989.0695387711235,1315.9429237840434,462.81813816285927,146.9838329788937,7.414648647412591,511.7936932610734,334.5167043973383,706.1238023370149
E06000034,2020,175803,13.600450504257607,40.85993981900195,1378.0,7.838319027547881,189.25,1.0764890246469059,7.13559710252813,2.454528809,Thurrock,30.0,523840.0,3118427.0,122.0,16434.0,72302.0,11123.0,184886.0,240075.0,82727.0,26716.0,1146.0,78182.0,57445.0,121685.0,17738.18990574677,0.6939585786363145,93.47963345335404,411.26715698821977,63.269682542391195,1051.6657849979806,1365.5910308697803,470.5664863511999,151.96555235121127,6.518660091124725,444.7136852044618,326.75779139150075,692.1668003390158
E06000034,2021,175933,13.614842013721132,40.97468922828577,1496.0,8.503237027732148,265.75,1.510518208636242,7.44090732431191,2.492967844,Thurrock,38.0,526660.0,3080833.0,104.0,14746.0,68802.0,10883.0,188280.0,240435.0,84496.0,27161.0,1008.0,78203.0,55945.0,116152.0,17511.39922584166,0.5911341249225557,83.81599813565391,391.0693275280931,61.85877578396321,1070.1801253886422,1366.6282050553336,480.27374057169493,154.382634298284,5.729453826172463,444.5044420319099,317.9903713345421,660.2058738269683
E06000034,2022,177098,13.622401156421867,40.97731199674757,2205.0,12.450733492190764,269.75,1.5231679635004347,7.6071138723309,2.443058014,Thurrock,32.0,528514.0,3117688.0,55.0,15570.0,67521.0,10971.0,191257.0,246896.0,87084.0,27301.0,967.0,93031.0,56084.0,112665.0,17604.309478367908,0.310562513410654,87.91742425097969,381.2634812363776,61.948751538696094,1079.9500841342083,1394.1207692915787,491.72774396097077,154.15758506589572,5.460253644874589,525.3080215473918,316.6834182204203,636.1731922438424
E06000034,2023,179372,13.538344892179381,41.3581829940013,2782.0,15.509667060633767,265.5,1.480164128180541,7.75876870668874,2.539255857,Thurrock,34.0,531991.0,3196958.0,27.0,15638.0,67387.0,10797.0,197640.0,263672.0,89282.0,27844.0,1011.0,93136.0,57702.0,111430.0,17823.060455366503,0.15052516557768214,87.18194590014049,375.68293825123203,60.193341212675335,1101.8442120286331,1469.9730169703187,497.74769752246726,155.23047075351784,5.63633119996432,519.2337711571483,321.6890038579042,621.2229333452267
E06000034,2024,181287,13.570746937176963,41.40671973169615,2564.0,14.143319708528466,192.0,1.0590941435403531,8.0269287,2.627541304,Thurrock,35.0,537047.0,3318571.0,49.0,15857.0,68799.0,10757.0,201779.0,285329.0,92634.0,29367.0,985.0,96300.0,58493.0,111034.0,18305.620369910695,0.2702896512160276,87.46904080270511,379.5032186532956,59.33685261491448,1113.036235361609,1573.9076712615906,510.97982756623475,161.99175892369558,5.43337360097525,531.2019063694584,322.6541340526348,612.4763496555186
E06000034,2025,181664,13.674696142328695,41.319689096353706,,,158.25,0.8711137044213494,,,Thurrock,,,,,,,,,,,,,,,,,,,,,,,,,,,,
E06000035,2011,264885,14.093285765520886,41.60409234195972,,,,,,1.160171509,Medway,68.0,787853.0,,,,,,,,,,,,,,,,,,,,,,,,,,
E06000035,2012,268144,14.601109851423116,41.24835909063787,1783.0,6.6494122561012,,,6.71273925502509,1.245900393,Medway,68.0,795767.0,,,,,,,,,,,,,,,,,,,,,,,,,,
E06000035,2013,271084,15.013796461613374,40.92716648714052,1823.0,6.724852813150168,,,6.66311817143104,1.407587647,Medway,64.0,804113.0,,,,,,,,,,,,,,,,,,,,,,,,,,
E06000035,2014,273977,15.330483945732672,40.56763888939582,2150.0,7.847374049646503,3.75,0.013687280319150879,6.85986020578676,1.430770636,Medway,52.0,813205.0,4849443.0,352.0,27997.0,97601.0,18412.0,237537.0,318882.0,101251.0,32129.0,4665.0,202101.0,78780.0,142901.0,17700.182862065063,1.2847793792909623,102.18740989207123,356.23793238118526,67.20272139632159,866.9961347120378,1163.9006193950588,369.5602185584921,117.26896783306628,17.026976717023693,737.6568106081897,287.5423849447216,521.5802786365279
E06000035,2015,276037,15.47365027152157,40.218521430098136,2296.0,8.317725522303169,5.0,0.018113513768081815,6.97112277345467,1.347530484,Medway,46.0,821098.0,4914882.0,361.0,28695.0,98857.0,18974.0,249415.0,317146.0,102909.0,32822.0,4617.0,193212.0,81768.0,145283.0,17805.156555099496,1.307795694055507,103.95345551502155,358.1295261142528,68.73716204711687,903.5564072932252,1148.925687498415,372.8087176719063,118.90434977919627,16.726018613446747,699.9496444317247,296.22115875770277,526.3171241536461
E06000035,2016,277504,15.670044395756458,39.775642873616235,2402.0,8.655731088560886,6.0,0.02162130996309963,7.21511994268302,1.526607394,Medway,42.0,827518.0,5071266.0,291.0,29176.0,99528.0,19994.0,262429.0,326009.0,109176.0,34778.0,4198.0,187849.0,84437.0,154651.0,18274.5690152214,1.0486335332103323,105.13722324723247,358.6542896678967,72.04941190036901,945.6764587177122,1174.790273293358,393.42135608856086,125.32431964944648,15.127709870848708,676.9235758763838,304.2730915590406,557.2928678505535
E06000035,2017,278652,15.846288560641948,39.538564230653286,2134.0,7.658297805147639,2.75,0.009868940470551082,7.43502642308395,1.600473523,Medway,38.0,832193.0,5094848.0,288.0,28843.0,100170.0,19724.0,272011.0,338326.0,114200.0,36234.0,3947.0,174941.0,88823.0,160751.0,18283.90967945681,1.0335472201886224,103.5090363607654,359.48064252185526,70.78362976041801,976.1674059400256,1214.1524195053328,409.830182449794,130.03315963998105,14.164621104460043,627.8117508577006,318.75959978754867,576.888018029657
E06000035,2018,278827,16.052247450928352,39.264490167738415,2109.0,7.563829901695317,4.75,0.01703565293174621,7.73601718445306,1.7440871,Medway,42.0,834983.0,5069937.0,319.0,27810.0,100335.0,19245.0,275218.0,344629.0,115559.0,37227.0,3498.0,164650.0,88542.0,163958.0,18183.09202480391,1.1440785863635874,99.73926484881306,359.8467867172118,69.02129277293805,987.0564902251217,1235.9957966767925,414.44695097677055,133.512895092656,12.545413464262786,590.5095274130554,317.5517435542469,588.0277017648937
E06000035,2019,279852,16.275031087860725,39.112102111115874,2363.0,8.443748838671869,6.75,0.024119891942884095,7.64767514182073,1.813076138,Medway,54.0,837331.0,5185756.0,183.0,29597.0,100616.0,19158.0,290069.0,360677.0,116954.0,38418.0,3167.0,160669.0,94976.0,170330.0,18530.35175735746,0.6539170704515244,105.75947286422824,359.5328959592928,68.45761330989238,1036.5085831082145,1288.8133727827567,417.9137544130469,137.27970498692167,11.316695967868732,574.1213212698141,339.3793862470163,608.6431399453998
E06000035,2020,280364,16.43185287697422,38.97469004579761,2161.0,7.707836954815883,9.75,0.034776219486096646,7.69765081689016,1.844306231,Medway,59.0,839043.0,5213118.0,175.0,28618.0,108081.0,19572.0,321917.0,368333.0,118738.0,40088.0,2890.0,142802.0,97038.0,172733.0,18594.10623332525,0.6241885548786577,102.07444607724244,385.5024182848012,69.80924797762908,1148.2108972621309,1313.7671027664037,423.51371788104035,142.98554735986073,10.308028134853263,509.344994364469,346.11433707608677,616.1026379991725
E06000035,2021,279903,16.553591780009505,38.837025683897636,2311.0,8.256431692407727,11.5,0.04108566181855857,7.91655260609676,1.877167463,Medway,58.0,840119.0,5219866.0,122.0,28346.0,103792.0,18659.0,336769.0,366947.0,119941.0,40756.0,2819.0,149968.0,101280.0,170192.0,18648.83906210366,0.4358652819012301,101.27079738337925,370.81417491059403,66.66237946717256,1203.1632386934045,1310.9791606377923,428.50916210258555,145.60758548497157,10.071346144914488,535.7856114439645,361.83963730292277,608.0392135847061
E06000035,2022,282849,16.626539248857163,38.920413365435266,3522.0,12.45187361454345,14.25,0.05038023821897903,8.18729603775595,2.023788691,Medway,52.0,843017.0,5447774.0,129.0,30059.0,104928.0,19112.0,349757.0,385278.0,126869.0,43782.0,2536.0,173289.0,108408.0,174244.0,19260.36153566037,0.4560737354560207,106.27225127188004,370.96825514673907,67.56962195376332,1236.5502441231895,1362.1331523180213,448.53968018271235,154.78930454058525,8.965914675321462,612.6555158406076,383.2716396381108,616.0318756651076
E06000035,2023,287701,16.55677248254264,39.28627290138025,5850.0,20.333610241187902,47.25,0.16423300579420996,8.4768093870734,2.175502539,Medway,57.0,850656.0,5683201.0,222.0,31976.0,108652.0,19495.0,365181.0,409875.0,133457.0,45971.0,2539.0,182296.0,109196.0,179644.0,19753.84513783407,0.7716344399220023,111.14316599525202,377.65596921804234,67.76132164990736,1269.3073711943998,1424.656153437075,463.8739524714895,159.78741818763228,8.825134427756595,633.6300534235195,379.5468211789323,624.412150114181
E06000035,2024,291691,16.537020340017346,39.36700138159902,5510.0,18.889852618010156,146.0,0.5005296700960948,8.741532048,2.232247829,Medway,60.0,863408.0,5784443.0,127.0,31983.0,110535.0,19063.0,368942.0,444605.0,135750.0,48790.0,2252.0,176813.0,110325.0,180617.0,19830.72155123058,0.4353922472753701,109.64685231974933,378.94552797309484,65.35340480165655,1264.8384763328318,1524.2328354320155,465.3897446270197,167.26604523279772,7.720498746961682,606.1654284842522,378.2255880366552,619.2066261900435
E06000035,2025,292697,16.75691927146503,39.27884467555185,,,211.25,0.7217361298544228,,,Medway,,,,,,,,,,,,,,,,,,,,,,,,,,,,
E06000036,2011,113696,12.548374613003096,42.34537714607374,,,,,,1.199274898,Bracknell Forest,31.0,338505.0,,,,,,,,,,,,,,,,,,,,,,,,,,
E06000036,2012,115100,12.927888792354475,41.78105994787142,865.0,7.515204170286708,,,5.0676006395684,1.330616713,Bracknell Forest,32.0,341689.0,,,,,,,,,,,,,,,,,,,,,,,,,,
E06000036,2013,116552,13.301359050037751,41.41499073374974,850.0,7.292882147024504,,,5.20525197509918,1.486395359,Bracknell Forest,26.0,345348.0,,,,,,,,,,,,,,,,,,,,,,,,,,
E06000036,2014,117979,13.521050356419362,41.071716152874664,1013.0,8.586273828393189,3.0,0.02542825418082879,5.33585836003059,1.47494638,Bracknell Forest,30.0,349631.0,1451234.0,90.0,11774.0,32486.0,5086.0,67424.0,80985.0,24941.0,12760.0,1388.0,83358.0,16569.0,48525.0,12300.782342620296,0.7628476254248638,99.79742157502606,275.354088439468,43.10936692123175,571.4915366294001,686.4357216114732,211.40202917468363,108.1548411157918,11.764805600996787,706.5494706685088,140.4402478407174,411.3020113749057
E06000036,2015,119078,13.606207695796034,40.847175800735656,1021.0,8.574211861133039,4.0,0.03359142746771024,5.39770652253305,1.50459516,Bracknell Forest,27.0,353609.0,1463611.0,66.0,11781.0,32521.0,5241.0,71173.0,81785.0,25920.0,12737.0,1346.0,78316.0,19206.0,49888.0,12291.195686860712,0.554258553217219,98.93515174927359,273.1067031693512,44.013167839567345,597.7006667898353,686.8187238616705,217.67244999076235,106.96350291405633,11.303515342884495,657.6865583902987,161.28923898621073,418.95228337728213
E06000036,2016,119553,13.847414954037122,40.50337507214373,1146.0,9.585706757672328,4.25,0.03554908701580053,5.63375852924838,1.641412377,Bracknell Forest,24.0,356610.0,1489105.0,61.0,12423.0,33573.0,5510.0,74007.0,82966.0,26853.0,13037.0,1221.0,78723.0,20756.0,51055.0,12455.60546368556,0.5102339548150193,103.91207246995057,280.82105844269904,46.088345754602564,619.030890065494,693.9683654948014,224.61167850242154,109.04786998235093,10.213043587362927,658.4778299164387,173.6133764941072,427.0490911980461
E06000036,2017,120164,14.119869511667387,40.125994474218565,1031.0,8.579940747644885,4.0,0.03328783995206551,5.72442109400048,1.682999015,Bracknell Forest,15.0,358795.0,1443767.0,60.0,12613.0,33303.0,5409.0,72630.0,82480.0,26333.0,12668.0,1177.0,73236.0,20612.0,49755.0,12014.971206018441,0.4993175992809827,104.96488132885057,277.1462334809094,45.013481575180585,604.4239539296295,686.3952598115908,219.14217236443528,105.42258912819148,9.794946905895277,609.4670616823674,171.53223927299356,414.0591192037549
E06000036,2018,121046,14.442443368636717,39.82039885663301,1057.0,8.732217504089354,,,5.90608688546359,1.500567794,Bracknell Forest,15.0,360763.0,1491739.0,36.0,12428.0,34721.0,5312.0,75109.0,86574.0,28235.0,13511.0,1314.0,74414.0,22389.0,53358.0,12323.736430778383,0.2974075971118418,102.67171158072138,286.84136609222935,43.88414321828065,620.4996447631479,715.2157031211275,233.2584306792459,111.61872346050262,10.855377294582224,614.7580258744609,184.96274143713958,440.8076268526015
E06000036,2019,121660,14.69340785796482,39.68765411803386,994.0,8.170310701956272,,,5.97025410461242,1.725113869,Bracknell Forest,19.0,362870.0,1474627.0,40.0,13082.0,34318.0,5251.0,75890.0,84305.0,27866.0,13420.0,1332.0,78924.0,22859.0,52872.0,12120.886075949367,0.32878513891172123,107.52917968107842,282.08120992931117,43.1612691106362,623.7876048002631,692.9557783988164,229.04816702285058,110.30741410488245,10.948545125760315,648.7259575867171,187.89248725957586,434.58819661351305
E06000036,2020,123188,14.963308114426729,39.580965678475174,760.0,6.1694320875409945,3.0,0.024353021398188134,6.06618010641033,1.512798548,Bracknell Forest,19.0,365894.0,1481018.0,65.0,11602.0,37730.0,5490.0,84525.0,89761.0,28890.0,13525.0,1096.0,62897.0,24079.0,55355.0,12022.421015033931,0.527648796960743,94.18125142059291,306.27983245121277,44.56602915868429,686.1463778939507,728.6505179075884,234.51959606455176,109.79153813683152,8.896970484138066,510.57732896061304,195.46546741565737,449.3538331655681
E06000036,2021,125195,15.183513718598986,39.859419305882824,926.0,7.396461520028756,5.5,0.04393146691161788,6.21113775022903,1.419707656,Bracknell Forest,25.0,370043.0,1459991.0,67.0,10837.0,35400.0,5353.0,86828.0,90567.0,28897.0,13084.0,887.0,60521.0,25147.0,54393.0,11661.73569231998,0.5351651423778905,86.56096489476417,282.75889612204963,42.75729861416191,693.5420743639921,723.4074843244539,230.81592715364033,104.50896601301969,7.084947481928192,483.4138743560046,200.8626542593554,434.4662326770238
E06000036,2022,127130,15.426728545583261,39.81200346102415,1512.0,11.89333752851412,5.0,0.039329819869425,6.50859707632128,1.523338318,Bracknell Forest,23.0,375543.0,1579842.0,48.0,12255.0,36366.0,5856.0,90997.0,98433.0,31183.0,14230.0,913.0,77472.0,26546.0,56203.0,12426.980256430426,0.37756627074648,96.39738849996067,286.0536458743019,46.06308503107056,715.7791237316134,774.2704318414222,245.28435459765595,111.93266734838355,7.181625108157005,609.3919609848188,208.8098796507512,442.09077322425867
E06000036,2023,128972,15.747604131129238,39.81096672145892,1786.0,13.847967000589275,6.75,0.0523369413516112,6.77533905028144,1.553197026,Bracknell Forest,29.0,381454.0,1646712.0,61.0,12974.0,35765.0,5973.0,94532.0,107982.0,32803.0,15012.0,877.0,83075.0,27079.0,57232.0,12767.98064696213,0.4729708773997457,100.59547808826721,277.3082529541296,46.31237788047018,732.9652947926681,837.2514964488415,254.34202772694846,116.39735756598331,6.799925565238967,644.1320596718667,209.96030146078218,443.75523369413514
E06000036,2024,130502,16.074083155813703,39.70054098787758,1565.0,11.99215337695974,5.75,0.044060627423334504,7.164654001,1.694828868,Bracknell Forest,22.0,387065.0,1724883.0,25.0,13300.0,36835.0,6166.0,97703.0,118384.0,34239.0,15224.0,776.0,88612.0,29260.0,56318.0,13217.29168901626,0.1915679453188457,101.9141469096259,282.2562106327872,47.2483180334401,748.6705184594872,907.1431855450492,262.3637951908783,116.65721598136427,5.94626902269697,679.0087508237422,224.211123201177,431.54894177867004
E06000036,2025,132145,16.347951114306255,39.614817057020694,,,14.25,0.10783608914450037,,,Bracknell Forest,,,,,,,,,,,,,,,,,,,,,,,,,,,,
E06000037,2011,154148,15.493551651659445,37.852583231699406,,,,,,0.820685685,West Berkshire,24.0,461130.0,,,,,,,,,,,,,,,,,,,,,,,,,,
E06000037,2012,155172,16.19042095223365,37.3153661743098,926.0,5.967571469079473,,,4.36593951967842,0.834834576,West Berkshire,22.0,463263.0,,,,,,,,,,,,,,,,,,,,,,,,,,
E06000037,2013,156789,16.673363565046017,36.89608327114785,961.0,6.1292565167199236,,,4.57941646905845,0.788928688,West Berkshire,26.0,466109.0,,,,,,,,,,,,,,,,,,,,,,,,,,
E06000037,2014,157663,17.147333236079486,36.42325720048458,1096.0,6.951535870813063,,,4.72785033699596,0.723969996,West Berkshire,27.0,469624.0,2434387.0,109.0,18722.0,54054.0,12398.0,124753.0,170566.0,42912.0,15882.0,1414.0,82926.0,32661.0,84471.0,15440.445760895074,0.6913480017505692,118.74694760343264,342.8451824461034,78.63607821746383,791.2636446090713,1081.8391125375008,272.17546285431587,100.73384370461046,8.968496096103715,525.9699485611716,207.15703747867286,535.7693307878196
E06000037,2015,158895,17.436672016111267,36.18049655432833,1198.0,7.539570156392586,,,4.91347290927564,0.756462812,West Berkshire,23.0,473347.0,2509455.0,70.0,18797.0,54668.0,13208.0,134052.0,174397.0,45343.0,16666.0,1382.0,80442.0,36476.0,89348.0,15793.165297838195,0.44054249661726297,118.29824727020988,344.0511029296076,83.12407564744014,843.6514679505334,1097.5612826080117,285.3645489159508,104.88687498033293,8.697567576072249,506.25885018408377,229.56040152301836,562.3084426822744
E06000037,2016,160551,17.75635156430044,35.78987362271179,1351.0,8.414771630198505,,,5.0464730769548,0.832931459,West Berkshire,18.0,477109.0,2542064.0,131.0,19482.0,56430.0,13712.0,137310.0,175386.0,47204.0,17286.0,1463.0,79444.0,39543.0,92100.0,15833.373818911126,0.8159401062590703,121.34461946671152,351.4771007343461,85.40588348873567,855.2422594689539,1092.4005456210175,294.0124944721615,107.66672272362054,9.112369278297862,494.82096031790525,246.29556963207952,573.6494945531326
E06000037,2017,160729,18.21202147714476,35.32903209750574,1148.0,7.142457179476013,,,5.2002689935704,0.88523972,West Berkshire,19.0,480175.0,2570540.0,83.0,20026.0,58116.0,14213.0,139149.0,178090.0,47194.0,18311.0,1474.0,72844.0,42577.0,94257.0,15993.006862482813,0.5163971654150775,124.59481487472702,361.5775622320801,88.42834833788551,865.7367369920798,1108.0141107080863,293.62467258553215,113.92468067368054,9.17071592556415,453.21006165657724,264.8993025527441,586.4343086810718
E06000037,2018,160953,18.555727448385554,34.99530918963921,1135.0,7.051748025821203,,,5.39905145180118,0.869545817,West Berkshire,20.0,482233.0,2622483.0,78.0,20228.0,59857.0,14690.0,141656.0,181897.0,48105.0,18490.0,1867.0,72961.0,45801.0,99726.0,16293.470764757412,0.484613520717228,125.67643970600112,371.89117319962975,91.26887973507795,880.1078575733288,1130.124943306431,298.87606941156736,114.87825638540443,11.599659527936728,453.30624468012405,284.56133156884306,619.5970252185421
E06000037,2019,160883,18.930527153272877,34.74574690924461,1026.0,6.37730524666994,,,5.535530589598,0.878724694,West Berkshire,19.0,482565.0,2651343.0,71.0,20955.0,61498.0,14920.0,147020.0,183899.0,48615.0,18837.0,1483.0,68654.0,49475.0,100612.0,16479.945053237447,0.44131449562725705,130.24993318125593,382.2529415786627,92.73820105293909,913.8317908044977,1143.0604849486895,302.1761155622409,117.08508667789636,9.217878831200315,426.73247018019305,307.52161508674004,625.3737187894308
E06000037,2020,161026,19.256517581011764,34.43356973408021,752.0,4.670053283320706,,,5.6070700642074,0.861932099,West Berkshire,20.0,482862.0,2703348.0,44.0,18600.0,68205.0,15397.0,162017.0,190149.0,50183.0,19045.0,1323.0,60338.0,54128.0,100280.0,16788.270217232,0.27324779849216896,115.50929663532597,423.5651385490542,95.61809894054376,1006.1542856433123,1180.8589917156237,311.6453243575572,118.27282550643996,8.216064486480445,374.70967421410205,336.1444735632755,622.756573472607
E06000037,2021,161864,19.639326842287353,34.451761973014385,817.0,5.047447239657984,23.0,0.14209459793406812,5.86236466072015,0.786653101,West Berkshire,19.0,483773.0,2694674.0,41.0,18149.0,64476.0,15324.0,168539.0,191325.0,50392.0,18448.0,1265.0,58928.0,57717.0,97550.0,16647.76602579944,0.25329906588246925,112.12499382197402,398.33440419117284,94.67207038007217,1041.2383235308653,1182.010823901547,311.3230860475461,113.97222359511689,7.815202886373745,364.0587159590767,356.5771264765482,602.6664360203628
E06000037,2022,162376,19.90072424496231,34.2094890870572,1520.0,9.360989308764841,55.75,0.34333891708134207,6.19026846968315,0.900030732,West Berkshire,18.0,485374.0,2782312.0,46.0,19279.0,63388.0,14996.0,172837.0,201555.0,51978.0,19337.0,1169.0,68737.0,60477.0,98416.0,17134.995319505346,0.2832930975020939,118.73060058136672,390.3778883578854,92.3535497856826,1064.424545499335,1241.2856579790116,320.10888308617035,119.08779622604327,7.199339803911908,423.3199487609006,372.4503621224812,606.099423560132
E06000037,2023,164121,20.079697296506847,34.47517380469288,1821.0,11.095472243040195,145.5,0.8865410276564243,6.48791167400363,1.029076934,West Berkshire,15.0,488537.0,2852194.0,58.0,19361.0,62996.0,14977.0,176059.0,217678.0,54607.0,20079.0,1164.0,72847.0,61525.0,98360.0,17378.60480986589,0.35339779796613474,117.96784080038508,383.8387531150797,91.25584172653103,1072.739015726202,1326.3263080288323,332.7240267851159,122.34266181658654,7.092328221251394,443.8615411799831,374.8758537908007,599.3139208267071
E06000037,2024,164918,20.452588559162734,34.43468875441128,1380.0,8.367794904134175,40.5,0.2455765895778508,6.863936674,1.139372349,West Berkshire,14.0,491785.0,2941028.0,47.0,18938.0,63118.0,14820.0,176767.0,235942.0,56979.0,20277.0,936.0,72355.0,65106.0,98249.0,17833.274718344874,0.2849901163002219,114.83282601050219,382.7235353327108,89.86284092700615,1071.8478274051347,1430.6625110661055,345.4989752483052,122.95201251531064,5.6755478480214405,438.733188614948,394.7780108902606,595.7445518378831
E06000037,2025,165523,20.762069319671586,34.64775288026438,,,36.5,0.22051316131292933,,,West Berkshire,,,,,,,,,,,,,,,,,,,,,,,,,,,,
E06000038,2011,155339,11.52575978987891,49.8007583414339,,,,,,2.878076792,Reading,168.0,461961.0,,,,,,,,,,,,,,,,,,,,,,,,,,
E06000038,2012,159065,11.633608902021185,49.580988903907205,4350.0,27.34731084776664,,,4.45783671107054,3.198491096,Reading,154.0,468700.0,,,,,,,,,,,,,,,,,,,,,,,,,,
E06000038,2013,163089,11.595509200497888,49.58458265119045,4433.0,27.18147759812127,,,4.56571832400561,3.293317795,Reading,161.0,477493.0,,,,,,,,,,,,,,,,,,,,,,,,,,
E06000038,2014,166300,11.625977149729405,49.238123872519544,5191.0,31.214672279013833,9.25,0.05562236921226699,4.73034963027584,3.048018217,Reading,173.0,488454.0,2934997.0,107.0,20325.0,65732.0,14384.0,131691.0,177130.0,57184.0,21293.0,1885.0,126945.0,40061.0,89405.0,17648.8093806374,0.6434155141310884,122.21888153938664,395.26157546602525,86.49428743235117,791.888153938665,1065.1232711966325,343.8604930847866,128.03968731208658,11.334936861094407,763.349368610944,240.8959711365003,537.6127480457005
E06000038,2015,169220,11.566008746011109,48.98889020210377,5591.0,33.03982980735138,11.5,0.06795887010991608,4.93153772468586,3.081103802,Reading,167.0,498609.0,2918856.0,98.0,20917.0,66012.0,15244.0,132605.0,173656.0,58074.0,21536.0,1676.0,121592.0,42075.0,93051.0,17248.88311074341,0.5791277626758067,123.60832052948824,390.0957333648505,90.08391443091833,783.6248670369934,1026.2143954615292,343.1863845881101,127.26628058149156,9.90426663514951,718.543907339558,248.64082259780167,549.8818106606784
E06000038,2016,171750,11.54410480349345,48.96535662299854,5837.0,33.985443959243085,9.25,0.053857350800582245,5.01744484912119,3.402527571,Reading,128.0,507270.0,2969646.0,123.0,21656.0,66830.0,15590.0,133495.0,174430.0,60204.0,22021.0,1712.0,117289.0,45057.0,98536.0,17290.515283842793,0.7161572052401747,126.09024745269288,389.11208151382823,90.77147016011645,777.2634643377002,1015.6040756914119,350.53275109170306,128.21542940320234,9.967976710334788,682.9053857350801,262.3406113537118,573.7176128093158
E06000038,2017,173047,11.568533404219663,48.56946378729478,5271.0,30.45993285061284,10.5,0.060677157072933946,5.1741346927824,3.560933113,Reading,102.0,514017.0,2967886.0,107.0,21406.0,67299.0,15935.0,135178.0,174861.0,61017.0,22141.0,1746.0,112234.0,50669.0,101816.0,17150.750952053488,0.6183291244575173,123.700497552688,388.90590417632205,92.08480932925737,781.1634989338156,1010.4827012314574,352.6036279161153,127.94789854779337,10.089744404699301,648.5752425641589,292.8048449265229,588.3719451940802
E06000038,2018,174484,11.635450814974439,48.52593934114303,5506.0,31.555901973819953,11.0,0.0630430297333853,5.41244110836062,3.388528824,Reading,87.0,519281.0,2857127.0,153.0,19823.0,65292.0,16369.0,128905.0,169411.0,60593.0,22151.0,1881.0,104012.0,53150.0,100853.0,16374.722037550722,0.8768712317461772,113.60927076408151,374.20049975929027,93.81375942779854,738.7783407074575,970.925700923867,347.2696636940923,126.95146832947435,10.780358084408887,596.1119644208065,304.61245730267535,578.0071525182825
E06000038,2019,174288,11.830418617460754,48.19322041678142,5593.0,32.09056274671808,17.0,0.09753970439731938,5.63803186759152,3.503635406,Reading,85.0,521819.0,2816173.0,128.0,19553.0,64995.0,16701.0,128367.0,166259.0,60811.0,22626.0,1682.0,98895.0,54941.0,100798.0,16158.157761865417,0.7344165978151107,112.18787294592858,372.9172404296337,95.82415312586065,736.5223079041587,953.9325713761131,348.9109978885523,129.81960892316167,9.650693105664187,567.4228862572294,315.23111172312497,578.3415955200587
E06000038,2020,173879,11.938762012663979,47.74814669971647,4443.0,25.552251853300284,30.25,0.1739715549318779,5.8395081191865,3.289669752,Reading,76.0,522651.0,2844848.0,78.0,17317.0,70437.0,17325.0,144013.0,173027.0,63172.0,23353.0,1483.0,82893.0,58581.0,103250.0,16361.078681151834,0.4485878110640158,99.59224518199437,405.09204676815483,99.63825418825735,828.236877368745,995.100040832993,363.3101179555898,134.30604040740977,8.528919535999172,476.7280695196084,336.9066994864245,593.8037370815337
E06000038,2021,173371,12.175623374151387,47.50679179332184,4344.0,25.05609357966442,102.75,0.5926596720328082,6.09060428529619,2.36441946,Reading,89.0,521538.0,2817679.0,27.0,15517.0,66331.0,17426.0,146431.0,171874.0,65453.0,22769.0,1338.0,82501.0,60703.0,101310.0,16252.30863293169,0.15573538827139488,89.50170443730497,382.5957051640701,100.51277318582693,844.6106903692082,991.3653379169527,377.5314210565781,131.33107613153294,7.717553685449124,475.8638988066055,350.13352867549935,584.3537846583339
E06000038,2022,176479,12.181052703154483,47.710492466525764,6858.0,38.86014766629457,258.5,1.4647635129392165,6.39693051930746,2.841501474,Reading,94.0,523428.0,2924914.0,45.0,16848.0,66533.0,17613.0,151216.0,183487.0,68995.0,23970.0,1257.0,96792.0,64150.0,102455.0,16573.722652553563,0.2549878455793607,95.46744938491265,377.00236288736903,99.80224275976178,856.8498234917469,1039.710107151559,390.9530312388443,135.8235257452728,7.12266048651681,548.4618566514996,363.49933986479977,580.5506604185201
E06000038,2023,180350,12.13806487385639,48.370390906570556,8414.0,46.65372886054893,664.5,3.6845023565289714,6.740317775571,2.765624046,Reading,104.0,529412.0,3015382.0,48.0,17795.0,65962.0,17947.0,156661.0,195244.0,72212.0,25170.0,1317.0,103277.0,65762.0,102684.0,16719.611865816467,0.2661491544219573,98.66925422789022,365.74438591627387,99.51205988355974,868.6498475187136,1082.5838647075132,400.39922373163296,139.56196285001386,7.302467424452453,572.6476296090934,364.6354311061824,569.3595785971721
E06000038,2024,182809,12.200165199743996,48.715872850899025,7927.0,43.36219770361415,640.0,3.5009217270484494,7.029089594,3.061283827,Reading,106.0,538948.0,3142183.0,56.0,17952.0,66410.0,18306.0,162215.0,217405.0,76969.0,26321.0,1131.0,101566.0,70669.0,102779.0,17188.33864853481,0.3063306511167393,98.200854443709,363.2753310832618,100.13730177398268,887.346903051819,1189.2467001077628,421.0350693893627,143.980876215066,6.186785114518432,555.5853377021919,386.5728711387295,562.2206784129884
E06000038,2025,183762,12.34096276705739,48.60471697086449,,,675.0,3.673229503379371,,,Reading,,,,,,,,,,,,,,,,,,,,,,,,,,,,
E06000039,2011,140713,9.149829795399146,47.958610789337165,,,,,,3.409918547,Slough,218.0,413255.0,,,,,,,,,,,,,,,,,,,,,,,,,,
E06000039,2012,143095,9.1561550019218,47.61801600335441,2840.0,19.846954820224326,,,7.78160848850124,3.355519533,Slough,241.0,421608.0,,,,,,,,,,,,,,,,,,,,,,,,,,
E06000039,2013,144880,9.165516289342904,47.01822197680839,2637.0,18.201270016565434,,,8.15344894461479,3.696162224,Slough,247.0,428688.0,,,,,,,,,,,,,,,,,,,,,,,,,,
E06000039,2014,147313,9.158051224263982,46.49148411884898,3093.0,20.99611032291787,34.25,0.23249815019719916,8.4140739244916,3.429831743,Slough,220.0,435288.0,2370815.0,178.0,13405.0,41748.0,6025.0,114791.0,149299.0,70935.0,16017.0,1564.0,100542.0,47089.0,70098.0,16093.725604664896,1.2083115543095313,90.99672126696218,283.3965773556984,40.899309633229926,779.231975453626,1013.481498577858,481.5257309266663,108.7276750863807,10.616849836742174,682.505956704432,319.65271225214343,475.84395131454795
E06000039,2015,150104,9.16231412887065,46.26991952246443,3508.0,23.370463145552417,41.75,0.2781404892607792,8.66251469883716,3.492087841,Slough,207.0,442297.0,2471104.0,206.0,13425.0,43064.0,6584.0,125885.0,157403.0,77237.0,16865.0,1678.0,96619.0,52415.0,74254.0,16462.612588605232,1.372381815274743,89.43798966050205,286.8944198688909,43.86292170761605,838.6518680381602,1048.6262857751958,514.556574108618,112.35543356606087,11.178915951606886,643.6803816020891,349.1912274156585,494.6836859777221
E06000039,2016,152565,9.166584734375512,45.91944417133681,3707.0,24.297840264805163,23.0,0.1507554157244453,8.92425737520841,3.333333254,Slough,182.0,449982.0,2464209.0,168.0,13659.0,43328.0,6241.0,125821.0,158501.0,80734.0,17473.0,1230.0,96986.0,55719.0,74974.0,16151.863140300855,1.1011699931176877,89.52905319044342,283.9969848916855,40.90715432766362,824.7042244289319,1038.9080064234918,529.1777275259726,114.52823386753187,8.062137449611642,635.7028151935241,365.2148264674073,491.4233277619375
E06000039,2017,154573,9.252586156702659,45.42772670518137,3029.0,19.595919080305098,27.25,0.1762921079360561,9.15933496136219,3.391721964,Slough,167.0,457242.0,2531346.0,199.0,13076.0,43861.0,6214.0,130161.0,165831.0,85551.0,17763.0,1290.0,93877.0,60290.0,77573.0,16376.378798367114,1.287417595569731,84.59433406869246,283.75589527278373,40.20107004457441,842.0681490299082,1072.8329009594172,553.4666468270655,114.91657663369412,8.345571348165592,607.3311639160785,390.04224541155315,501.85349317151116
E06000039,2018,155915,9.313407946637591,45.0790494820896,3235.0,20.7484847513068,37.75,0.24211910335759868,9.44850922974822,3.464812994,Slough,132.0,463053.0,2524388.0,191.0,12531.0,43295.0,6092.0,131681.0,169601.0,89218.0,18173.0,1073.0,79459.0,59081.0,81883.0,16190.796267196869,1.2250264567232145,80.37071481255813,277.6833531090658,39.072571593496455,844.5691562710451,1087.7785973126383,572.2220440624699,116.55709841901036,6.881954911329891,509.6302472501042,378.9308276945772,525.177179873649
E06000039,2019,157632,9.411160170523752,45.02068107998376,3591.0,22.78090742996346,50.75,0.32195239545269994,9.60109206734415,3.412592411,Slough,130.0,468120.0,2509457.0,76.0,12488.0,43942.0,6384.0,135487.0,173480.0,92635.0,19058.0,944.0,74845.0,57776.0,84095.0,15919.718077547706,0.4821356069833536,79.2224928948437,278.7631952902964,40.4993909866017,859.5145655704426,1100.5379618351603,587.666209906618,120.9018473406415,5.988631749898498,474.80841453511977,366.5245635403979,533.4893930166463
E06000039,2020,158281,9.560844321175631,44.6054801271157,2873.0,18.151262627858053,67.25,0.42487727522570623,9.73526157736684,3.443985224,Slough,133.0,471828.0,2454599.0,53.0,10693.0,46999.0,6831.0,150353.0,177164.0,94324.0,19817.0,918.0,61227.0,51714.0,86810.0,15507.856280918115,0.33484751802174617,67.5570662303119,296.9339339529065,43.15742255861411,949.9118656061056,1119.3004845812195,595.9274960355317,125.20138235164043,5.799811727244585,386.82469784749907,326.72272730144493,548.4549630088261
E06000039,2021,158448,9.73000605877007,44.476421286478846,3296.0,20.80177723922044,128.75,0.8125694234070483,10.1899425755004,3.05690074,Slough,141.0,474361.0,2466930.0,95.0,10374.0,47292.0,6683.0,156223.0,178867.0,96725.0,20732.0,829.0,63721.0,51118.0,87517.0,15569.335049984853,0.5995657881450065,65.47258406543472,298.4701605574068,42.17787539129557,985.9575381197617,1128.8687771382408,610.4526406139553,130.84418862970819,5.232000403918005,402.1571745935575,322.6168837725942,552.3389376956478
E06000039,2022,159765,9.850718242418552,44.23309235439552,4568.0,28.591994491909993,264.25,1.6539918004569212,10.4898019949382,3.032463312,Slough,140.0,476461.0,2566305.0,56.0,10828.0,50023.0,6925.0,157949.0,185682.0,99864.0,22218.0,746.0,77444.0,51166.0,87191.0,16062.998779457328,0.3505148186398773,67.77454386129628,313.10362094326047,43.34491284073483,988.633305166964,1162.2195099051733,625.0680687259412,139.06675429537134,4.669358119738366,484.7369574061903,320.2578787594279,545.745313429099
E06000039,2023,163608,9.800254266295047,44.65246198229915,6797.0,41.54442325558652,545.25,3.3326609945723926,10.7063479545161,3.267127514,Slough,149.0,482120.0,2626404.0,80.0,10803.0,50507.0,6737.0,161133.0,195441.0,102574.0,22815.0,822.0,78637.0,50654.0,85622.0,16053.029191726566,0.48897364432057117,66.02977849493912,308.70739817123854,41.1776930223461,984.8723778788323,1194.5687252457094,626.9497824067282,139.44917118967288,5.024204195393868,480.6427558554594,309.6058872426776,523.3362671751992
E06000039,2024,166739,9.815939882091172,44.81375083213885,6557.0,39.32493297908707,378.5,2.2700148135709104,10.98306026,3.035362005,Slough,161.0,491031.0,2750929.0,57.0,10930.0,51824.0,6663.0,167740.0,213384.0,107121.0,23508.0,608.0,76959.0,55126.0,86664.0,16498.413688459208,0.34185163638980687,65.55155062702788,310.8091088467605,39.96065707482952,1006.0033945267754,1279.7485891123254,642.4471779247807,140.98681172371192,3.6464174548246064,461.553685700406,330.61251416885074,519.758424843618
E06000039,2025,167450,10.020901761719916,44.455061212302176,,,342.75,2.0468796655718124,,,Slough,,,,,,,,,,,,,,,,,,,,,,,,,,,,
E06000040,2011,145098,16.721801816703195,38.90198348702256,,,,,,1.148845911,Windsor and Maidenhead,32.0,431510.0,,,,,,,,,,,,,,,,,,,,,,,,,,
E06000040,2012,146642,17.147202029432222,38.5237517218805,1545.0,10.535862849661079,,,4.83074872370569,1.21049726,Windsor and Maidenhead,31.0,435728.0,,,,,,,,,,,,,,,,,,,,,,,,,,
E06000040,2013,147525,17.497373326554822,38.043721403152006,1564.0,10.601592950347397,,,4.92372593930196,1.256355166,Windsor and Maidenhead,31.0,439265.0,,,,,,,,,,,,,,,,,,,,,,,,,,
E06000040,2014,148936,17.72372025568029,37.73500026857174,1618.0,10.863726701401944,1.6666666666666667,0.011190488979606453,4.97012329727215,1.435976505,Windsor and Maidenhead,42.0,443103.0,2066947.0,68.0,16087.0,39052.0,6881.0,104394.0,117653.0,35525.0,13412.0,1902.0,93667.0,32500.0,65076.0,13878.08857495837,0.4565719503679433,108.01283772895741,262.2065853789547,46.2010528012032,700.9319439222215,789.9567599505828,238.52527260031152,90.05210291668905,12.770586023526883,628.9077187516787,218.21453510232584,436.9393565021217
E06000040,2015,150043,17.75091140539712,37.44193331245043,1738.0,11.583346107449199,3.75,0.024992835387189008,5.06926765733231,1.582462549,Windsor and Maidenhead,37.0,446504.0,2103776.0,84.0,16205.0,38906.0,6892.0,110622.0,121936.0,37226.0,13575.0,1784.0,86628.0,35474.0,67365.0,14021.153935871716,0.5598395126730337,108.00237265317276,259.29900095306016,45.933499063601765,737.2686496537659,812.673700205941,248.10221069959945,90.47406410162421,11.889924888198715,577.3544917123758,236.42555800670476,448.9712948954633
E06000040,2016,152085,17.713778479139954,37.143045007725945,1979.0,13.012460137423151,2.0,0.013150540815991058,5.1451235694753,1.560314894,Windsor and Maidenhead,38.0,451064.0,2109995.0,103.0,16432.0,39452.0,6933.0,111926.0,122480.0,38467.0,13800.0,1592.0,86767.0,36672.0,68783.0,13873.787684518526,0.6772528520235395,108.04484334418252,259.4075681362396,45.586349738633,735.9437156853076,805.3391195712924,252.93092678436403,90.7387316303383,10.467830489528883,570.5164874905481,241.12831640201205,452.2668244731565
E06000040,2017,152648,17.868560347990147,36.81476337718149,1712.0,11.215345107698758,3.0,0.019653058015827264,5.14846447392331,1.537732244,Windsor and Maidenhead,31.0,454776.0,2105905.0,68.0,16226.0,40204.0,7020.0,112817.0,126395.0,39271.0,13966.0,1527.0,83921.0,37495.0,68878.0,13795.82438027357,0.445469315025418,106.29683978827104,263.3771814894398,45.9881557570358,739.0663487238614,828.0160893034956,257.26508044651746,91.49153608301451,10.003406530056077,549.7680939154133,245.63047010114775,451.2211100047167
E06000040,2018,153470,17.987228774353294,36.42079885319606,1771.0,11.539714602202384,,,5.18144004589788,1.642643929,Windsor and Maidenhead,36.0,458203.0,2068483.0,56.0,15265.0,39041.0,6693.0,110818.0,127007.0,38946.0,14046.0,1592.0,79965.0,37144.0,70033.0,13478.093438457026,0.3648921613344628,99.46569362090311,254.38847983319212,43.6111292109207,722.0824916921874,827.5689059751091,253.76946634521403,91.52277318042614,10.373362872222584,521.0464585912556,242.02775786798722,456.3302274060077
E06000040,2019,153893,18.19445978699486,36.1043062387503,1648.0,10.708739188916974,3.0,0.019494064057494494,5.2570333841842,1.771735549,Windsor and Maidenhead,36.0,460011.0,2068258.0,36.0,15617.0,39629.0,6896.0,114849.0,129899.0,38804.0,14148.0,1368.0,75656.0,38786.0,73392.0,13439.584646475148,0.23392876868993392,101.47959946196383,257.5100881781497,44.81035524682734,746.2912543130617,844.0864756681591,252.1492205623388,91.93400609514403,8.889293210217488,491.6143034446011,252.0322561779938,476.9027831025453
E06000040,2020,153991,18.264054392789188,35.98262236104708,1309.0,8.500496782279484,3.0,0.019481658018975136,5.41903277023644,1.766661286,Windsor and Maidenhead,29.0,461354.0,2043563.0,51.0,13290.0,44555.0,6803.0,125233.0,132979.0,39083.0,13977.0,1243.0,64536.0,40545.0,75417.0,13270.665168743628,0.3311881863225773,86.30374502405985,289.3350910118124,44.177906501029284,813.2488262301043,863.5504672350982,253.80054678520176,90.76504471040515,8.07190030586203,419.0894273041931,263.29460812644896,489.7494009390159
E06000040,2021,153922,18.522368472343135,35.767466638947,1512.0,9.823157183508531,4.0,0.025987188316160134,5.65007636202738,1.472952724,Windsor and Maidenhead,28.0,461806.0,2051298.0,48.0,13088.0,42124.0,6699.0,129889.0,136093.0,39828.0,14171.0,1061.0,65525.0,42426.0,75019.0,13326.866854640662,0.31184625979392155,85.03008017047596,273.6710801574824,43.52204363248918,843.8624757994309,884.1686048777952,258.75443406400643,92.0661114070763,6.893101700861475,425.7026286040982,275.6331128753525,487.38322007250423
E06000040,2022,155140,18.713420136650768,35.69743457522238,2321.0,14.960680675518885,125.5,0.8089467577671781,5.88968284698511,1.718811393,Windsor and Maidenhead,24.0,462982.0,2144158.0,60.0,14008.0,43026.0,6726.0,130324.0,142680.0,40890.0,14998.0,955.0,79935.0,42793.0,75881.0,13820.794121438701,0.3867474539125951,90.29263890679385,277.33659920072193,43.35438958360191,840.0412530617507,919.6854454041511,263.56838984143354,96.67397189635169,6.155730308108805,515.2442954750547,275.8347299213614,489.11305917236047
E06000040,2023,157220,18.80549548403511,35.85548912352118,3000.0,19.081541788576516,423.25,2.6920875206716706,6.12062081177737,1.838131666,Windsor and Maidenhead,26.0,466165.0,2258785.0,77.0,13805.0,44009.0,6544.0,134876.0,156313.0,43290.0,15394.0,991.0,83626.0,45772.0,77696.0,14367.03345630327,0.48975957257346386,87.8068947970996,279.919857524488,41.62320315481491,857.8806767586821,994.2310138659204,275.34664800915914,97.91375143111564,6.303269304159776,531.9043378705,291.13344358224145,494.1864902684137
E06000040,2024,158760,19.012345679012345,35.80813807004283,2632.0,16.57848324514991,378.0,2.3809523809523814,6.442075887,1.970335484,Windsor and Maidenhead,28.0,471186.0,2365619.0,39.0,13776.0,44738.0,6719.0,139577.0,173629.0,46579.0,16522.0,873.0,82881.0,49751.0,78223.0,14900.59838750315,0.24565381708238848,86.77248677248677,281.79642227261274,42.321743512219705,879.169816074578,1093.6570924666162,293.392542202066,104.06903502141597,5.498866213151928,522.0521541950114,313.37238599143365,492.7122700932225
E06000040,2025,159776,19.310785099138794,35.904641498097334,,,343.0,2.1467554576406966,,,Windsor and Maidenhead,,,,,,,,,,,,,,,,,,,,,,,,,,,,
E06000041,2011,154943,15.52441865718361,37.88683580413442,,,,,,0.837111235,Wokingham,36.0,463758.0,,,,,,,,,,,,,,,,,,,,,,,,,,
E06000041,2012,157038,16.09355697347139,37.51512372801488,1259.0,8.01716781925394,,,4.29966348921653,0.833387434,Wokingham,40.0,466631.0,,,,,,,,,,,,,,,,,,,,,,,,,,
E06000041,2013,158372,16.598893743843607,37.0242214532872,1204.0,7.602353951456065,,,4.4752276886727,0.949872613,Wokingham,36.0,470353.0,,,,,,,,,,,,,,,,,,,,,,,,,,
E06000041,2014,159576,16.92798415801875,36.57066225497569,1547.0,9.694440266706774,2.0,0.012533213014488395,4.55255617830287,1.053978801,Wokingham,45.0,474986.0,1830035.0,46.0,14979.0,40051.0,9919.0,83127.0,103279.0,28158.0,11311.0,1927.0,98245.0,25177.0,65442.0,11468.109239484635,0.2882638993332331,93.86749887201083,250.98385722163735,62.15846994535519,520.9241991276884,647.2088534616735,176.4551060309821,70.88158620343911,12.075750739459568,615.6627563042061,157.77435203288715,410.0992630470747
E06000041,2015,161773,17.054143769355825,36.51660042157838,1745.0,10.786719662737292,1.3333333333333333,0.008242001652521331,4.67992157132538,1.088534117,Wokingham,48.0,479721.0,1912302.0,38.0,15097.0,41012.0,11193.0,90635.0,109168.0,30486.0,11743.0,1735.0,91252.0,28923.0,70567.0,11820.897183089884,0.23489704709685794,93.3221242110859,253.51572882990365,69.18954337250345,560.2603648322031,674.8221273018365,188.44924678407398,72.58936905416849,10.724904650343381,564.0743510969074,178.78756034690585,436.20999796010454
E06000041,2016,163797,17.149886750062578,36.186865449306154,2003.0,12.22855119446632,,,4.80230796725274,1.115893483,Wokingham,52.0,485146.0,2020293.0,36.0,15504.0,42016.0,11912.0,94501.0,114802.0,32364.0,12451.0,1559.0,88168.0,32266.0,76932.0,12334.12699866298,0.21978424513269473,94.6537482371472,256.51263454153616,72.72416466724054,576.9397485912441,700.8797474923228,197.58603637429258,76.01482322631063,9.517878837829752,538.2760368016508,196.987734818098,469.6789318485687
E06000041,2017,165664,17.295248213250918,35.99152501448715,1757.0,10.605804519992272,,,5.02231488691837,1.235911131,Wokingham,40.0,491234.0,2024883.0,20.0,15502.0,42882.0,11976.0,94289.0,115330.0,32330.0,12852.0,1696.0,82329.0,35287.0,78819.0,12222.83054858026,0.12072628935677032,93.57494688043268,258.84923700985127,72.29090206683406,569.1580548580258,696.1681475758161,195.15404674521923,77.57871354066062,10.237589337454123,496.9637338226772,213.00342862661773,475.77627004056404
E06000041,2018,168734,17.32253132148826,36.03897258406723,1936.0,11.47368046748136,,,5.22805401582315,1.219563007,Wokingham,30.0,498195.0,2148915.0,31.0,16330.0,44964.0,12683.0,100710.0,122519.0,35007.0,13838.0,2016.0,81973.0,41682.0,85880.0,12735.518626951298,0.18372112318797634,96.77954650515012,266.47859945239253,75.16564533526142,596.8565908471321,726.1073642537959,207.46855998198347,82.01073879597473,11.947799495063235,485.8119880996124,247.02786634584612,508.9667761091422
E06000041,2019,171789,17.334055149049124,36.05003812816886,1988.0,11.572335830582865,1.0,0.00582109448218454,5.35670884845342,1.261253834,Wokingham,17.0,506187.0,2230904.0,38.0,16877.0,46567.0,13607.0,106389.0,127786.0,35924.0,14892.0,1684.0,79656.0,46076.0,90899.0,12986.30296468342,0.22120159032301254,98.24261157582849,271.0709067518875,79.20763261908505,619.3004208651311,743.8543795004337,209.11699817799743,86.68773902869218,9.802723107998766,463.68510207289177,268.21274936113485,529.1316673360925
E06000041,2020,174708,17.22588547748243,36.19124481992811,1550.0,8.871946333310438,2.75,0.015740549946195937,5.4837677914601,1.243052006,Wokingham,12.0,515231.0,2244136.0,44.0,14729.0,51873.0,13760.0,117846.0,131383.0,36921.0,15270.0,1456.0,69244.0,49543.0,95149.0,12845.067197838678,0.251848799139135,84.30638551182544,296.91256267600795,78.75998809442041,674.5312178034205,752.014790393113,211.32976165945465,87.402980973968,8.333905716967742,396.3413238088697,283.576023994322,544.6173043020353
E06000041,2021,178231,17.26916193030393,36.570518035583035,1591.0,8.926617703990887,11.0,0.06171765854424876,5.6401408286507,1.07769084,Wokingham,19.0,524728.0,2293071.0,50.0,14580.0,49785.0,14231.0,123625.0,135319.0,38292.0,15533.0,1550.0,73599.0,54145.0,95453.0,12865.72481779264,0.28053481156476706,81.80395105228608,279.3285118750386,79.84581806756401,693.6223215938866,759.2338033226544,214.8447800887612,87.15094456071054,8.69657915850778,412.9416319271058,303.7911474434863,535.5577873658343
E06000041,2022,181466,17.275963541379653,36.32526203255706,2996.0,16.509979830932515,47.75,0.2631346918982069,5.92450005347022,1.217396259,Wokingham,27.0,534257.0,2379518.0,32.0,15931.0,49393.0,14806.0,127542.0,143282.0,40685.0,15569.0,1463.0,86473.0,57161.0,95805.0,13112.748393638478,0.17634157362811767,87.7905502959232,272.1887295691755,81.59104184805969,702.8424057399181,789.5804172682485,224.20177884562398,85.79568624425512,8.062116319310505,476.52452801075685,314.995646567401,527.9501394200566
E06000041,2023,185044,17.340200168608547,36.34540974038607,3634.0,19.638572447634076,177.75,0.9605823479821015,6.25028218827602,1.232671499,Wokingham,37.0,544110.0,2479423.0,38.0,16078.0,49304.0,15358.0,131217.0,156676.0,44300.0,16259.0,1353.0,89169.0,59485.0,97699.0,13399.099673591145,0.20535656384427486,86.88744298653293,266.44473746784547,82.99647651369405,709.1124273145847,846.6959209701477,239.40252048161517,87.86558872484382,7.311774496876419,481.87998530079335,321.4640842178076,527.9771297637319
E06000041,2024,187433,17.42222554192698,36.319111362460184,2900.0,15.472195397822155,119.75,0.638894965134208,6.527278959,1.332625031,Wokingham,33.0,553079.0,2550467.0,23.0,15680.0,49921.0,15274.0,131160.0,171412.0,46671.0,17068.0,1141.0,83800.0,61664.0,96670.0,13607.353027481819,0.12271051522410675,83.6565599440867,266.3405056740275,81.49045258839159,699.7700511649496,914.5241232867212,249.000976348882,91.0618727758719,6.087508603074165,447.09309459913675,328.99222655562255,515.757630726713
E06000041,2025,189024,17.65701709835788,36.14197138987642,,,249.75,1.3212607922803454,,,Wokingham,,,,,,,,,,,,,,,,,,,,,,,,,,,,
E06000042,2011,249895,11.163088497168811,43.2469637247644,,,,,,2.463448286,Milton Keynes,95.0,735523.0,,,,,,,,,,,,,,,,,,,,,,,,,,
E06000042,2012,254003,11.621909977441211,42.72784179714413,2576.0,10.141612500639756,,,5.13607860394994,2.719125748,Milton Keynes,106.0,749348.0,,,,,,,,,,,,,,,,,,,,,,,,,,
E06000042,2013,259672,11.911950460581041,42.452016389907264,2887.0,11.117871776702916,,,5.38034697411965,2.875095129,Milton Keynes,112.0,763570.0,,,,,,,,,,,,,,,,,,,,,,,,,,
E06000042,2014,264948,12.192958618294911,42.2343252260821,3619.0,13.659284085933844,10.25,0.03868683666228845,5.51952552762755,2.926166296,Milton Keynes,99.0,778623.0,3774078.0,131.0,31045.0,74943.0,15605.0,173661.0,208446.0,67712.0,33189.0,3773.0,192147.0,47637.0,75422.0,14244.598940169391,0.4944366441716865,117.17393601763365,282.859278047013,58.898349864879144,655.453145522895,786.7430590153539,255.56713015384153,125.266089949726,14.240530217250177,725.2253272340233,179.7975451786766,284.66717997493845
E06000042,2015,269783,12.390699191572486,42.13015645908008,4183.0,15.505054061968321,14.75,0.05467357098112186,5.72405869530079,2.988234997,Milton Keynes,78.0,794403.0,3901814.0,237.0,32298.0,77267.0,16808.0,187543.0,212972.0,70762.0,34511.0,3419.0,185396.0,60441.0,79394.0,14462.786758246442,0.878483818476331,119.71844037615418,286.4042582371758,62.30192413903026,695.1624083059348,789.4196446773889,262.29228676380643,127.92132936471165,12.67314841928513,687.2041603807505,224.03561380813468,294.28837250679254
E06000042,2016,274231,12.60907774832167,41.86689323964103,4676.0,17.051318049381727,11.0,0.04011216820855411,5.92693629122541,3.025690317,Milton Keynes,71.0,808962.0,3955921.0,245.0,32986.0,77675.0,16888.0,195174.0,213617.0,73956.0,34919.0,3432.0,185489.0,72841.0,83467.0,14425.506233795595,0.8934073828268869,120.28545277521506,283.2466059635854,61.583117882369244,711.7138470851216,778.9673669278819,269.6850465483479,127.3342546976819,12.514996481068879,676.3969062578628,265.61913131629905,304.36748580576227
E06000042,2017,276588,12.928615847397573,41.585679783649326,3902.0,14.107625782752686,13.25,0.04790518749909613,6.10375453154973,3.225685358,Milton Keynes,72.0,820602.0,4033445.0,193.0,32925.0,81105.0,17679.0,204141.0,222584.0,78617.0,36809.0,3805.0,176997.0,81805.0,88654.0,14582.863320172964,0.6977887688547587,119.03987157794265,293.2339797822031,63.91817432426569,738.0688966983383,804.7493022112312,284.23865098992,133.08241861541353,13.756923655400813,639.9301488133975,295.764819876495,320.5272824562165
E06000042,2018,278892,13.209414396970871,41.17973982760352,3730.0,13.374352796064427,12.75,0.045716621487887785,6.32793458278223,3.443357468,Milton Keynes,82.0,829711.0,4099295.0,112.0,32111.0,83043.0,17676.0,209974.0,229879.0,84204.0,37552.0,3905.0,170561.0,86263.0,94642.0,14698.503363309095,0.4015891456190927,115.13775941941684,297.7604233896992,63.37937266038467,752.8864219841372,824.2581357658162,301.9233251581257,134.6471035382872,14.001835836094259,611.5664845173043,309.30611132624813,339.3499992828765
E06000042,2019,281434,13.5065414981843,41.01849812034082,3760.0,13.360148382924594,9.5,0.03375569405260203,6.49252722124097,3.536603928,Milton Keynes,83.0,836914.0,4080957.0,95.0,31925.0,82814.0,17473.0,217636.0,232164.0,85931.0,37286.0,3338.0,162990.0,82696.0,97090.0,14500.582729876276,0.3375569405260203,113.43689817150735,294.2572681339142,62.08560444011739,773.3109716665364,824.9323109503472,305.33268901412055,132.48576931003362,11.860684920798482,579.1411130140636,293.83798688147135,344.98319321759277
E06000042,2020,283707,13.685598169942933,40.901704927971466,3137.0,11.057182233783447,10.0,0.03524763224030426,6.64126447660791,3.605304718,Milton Keynes,77.0,844033.0,4113366.0,100.0,28059.0,88524.0,17604.0,240609.0,244431.0,89831.0,37203.0,3354.0,135093.0,82019.0,102891.0,14498.641203777137,0.3524763224030426,98.90133130306971,312.0261396440694,62.04993179583161,848.0897545707368,861.561399612981,316.6330051778772,131.13176622360393,11.822055853398048,476.17083822394227,289.09755487175147,362.66641288371454
E06000042,2021,288312,13.85027331501984,41.07251866034019,3475.0,12.05291489774966,12.75,0.04422292516440523,6.85327996302722,3.197734118,Milton Keynes,73.0,853453.0,4216398.0,86.0,27347.0,85351.0,17458.0,255085.0,250845.0,93117.0,37197.0,3324.0,137884.0,85221.0,102785.0,14624.427703321402,0.29828796581481176,94.85210466439135,296.0369322123255,60.55245706040678,884.7533227892006,870.0470323815866,322.9730292183468,129.01648214434363,11.52917672521435,478.24578928383136,295.58603179888456,356.5061461194817
E06000042,2022,292805,14.084458940250338,40.94636362083981,5412.0,18.483290927409026,36.25,0.1238025306944895,7.08915798195404,3.257751942,Milton Keynes,69.0,864603.0,4549708.0,35.0,30858.0,88177.0,17792.0,271134.0,272829.0,99856.0,38977.0,3202.0,173064.0,95633.0,109208.0,15538.35487781971,0.1195334779119209,105.38754461160157,301.1458137668414,60.763989685968475,925.9882857191645,931.7771212923277,341.03242772493644,133.11589624494115,10.935605607827735,591.0554806099623,326.6098598043066,372.9717730230017
E06000042,2023,300323,14.097155396023615,41.23959869873436,7342.0,24.447012050359113,186.0,0.6193331846045758,7.43416435826408,3.387725353,Milton Keynes,75.0,881069.0,5029579.0,40.0,33885.0,96890.0,19188.0,299040.0,318748.0,111128.0,42921.0,3539.0,191486.0,101539.0,123462.0,16747.23214672203,0.13318993217302702,112.82852129207554,322.6193132061148,63.89121046340107,995.7279329255501,1061.3506125072006,370.0282695631038,142.91612696996233,11.783979249008567,637.6001838021064,338.0993130729249,411.0973851486566
E06000042,2024,305806,14.290759501121626,41.21861572369411,6524.0,21.333786779853895,205.75,0.6728121750390771,7.656394202,3.418351173,Milton Keynes,75.0,898641.0,4917808.0,48.0,31876.0,96159.0,17500.0,285638.0,314877.0,110379.0,43112.0,2956.0,180890.0,102225.0,117024.0,16081.463411443856,0.15696225711725736,104.23601891395198,314.4444517112156,57.2258229073334,934.0496916345658,1029.6625965481383,360.9445203822031,140.97826726748332,9.66625900080443,591.5188060404308,334.280556954409,382.6739828518734
E06000042,2025,308866,14.535429603776395,41.15376894834653,,,319.75,1.035238582427331,,,Milton Keynes,,,,,,,,,,,,,,,,,,,,,,,,,,,,
E06000043,2011,272952,13.133811073009173,48.9917641196987,,,,,,7.639691353,Brighton and Hove,80.0,808031.0,,,,,,,,,,,,,,,,,,,,,,,,,,
E06000043,2012,274051,13.332189993833264,48.52563938828904,5947.0,21.700340447580924,,,4.16475305523611,7.71916914,Brighton and Hove,76.0,816498.0,,,,,,,,,,,,,,,,,,,,,,,,,,
E06000043,2013,275494,13.459458282213042,47.98180722629168,6191.0,22.472358744655057,,,4.1407980630621,7.941568851,Brighton and Hove,69.0,822497.0,,,,,,,,,,,,,,,,,,,,,,,,,,
E06000043,2014,275999,13.608744959220866,47.36502668487929,6700.0,24.275450273370556,21.75,0.07880463335012083,4.14135911377155,8.015352249,Brighton and Hove,68.0,825544.0,4577103.0,149.0,33128.0,72808.0,11946.0,235118.0,227085.0,66135.0,26378.0,3101.0,146374.0,100051.0,139848.0,16583.766607850026,0.5398570284674945,120.02942039645072,263.7980572393378,43.28276551726637,851.8798981155728,822.7747201982615,239.62043340736741,95.57281004641321,11.235547954883895,530.3425012409465,362.5049366120892,506.697488034377
E06000043,2015,277351,13.642640552945545,46.92213116231778,6539.0,23.576623123767355,18.0,0.06489971191738989,4.13261212565598,8.169917107,Brighton and Hove,61.0,828844.0,4668778.0,203.0,33364.0,73896.0,12606.0,243841.0,232186.0,69018.0,27088.0,3007.0,142604.0,108553.0,146735.0,16833.463733680426,0.7319245288461191,120.2952215784331,266.4349506581912,45.45143157947871,879.1783696471258,837.155806180616,248.84712872857858,97.66685535656984,10.841857429755075,514.1643621259703,391.39213487602353,529.0588460110113
E06000043,2016,279796,13.634576620108936,46.73369168965961,7355.0,26.287009106634834,17.75,0.06343907704184477,4.13600519163832,8.206807137,Brighton and Hove,65.0,833146.0,4709460.0,157.0,34473.0,74748.0,12727.0,248975.0,233739.0,69747.0,27637.0,2901.0,137934.0,114520.0,152116.0,16831.763141717536,0.5611231039757537,123.20762269653605,267.1517820126092,45.48671174713005,889.8447440277916,835.3907847145778,249.27804543310125,98.77553646227966,10.368268309768546,492.980600151539,409.29820297645426,543.6675291998456
E06000043,2017,279500,13.661538461538461,46.26404293381037,6607.0,23.638640429338103,20.5,0.07334525939177103,4.27836765022194,8.212352753,Brighton and Hove,58.0,836647.0,4695247.0,146.0,34670.0,77142.0,12796.0,251288.0,235756.0,72021.0,28581.0,3095.0,135224.0,123447.0,154978.0,16798.73703041145,0.5223613595706619,124.04293381037567,276.0,45.78175313059034,899.0626118067978,843.4919499105546,257.6779964221825,102.25760286225402,11.07334525939177,483.8067978533095,441.67084078711986,554.4830053667264
E06000043,2018,281250,13.643022222222223,46.25208888888889,6731.0,23.932444444444442,24.0,0.08533333333333334,4.09636897120851,7.984721184,Brighton and Hove,53.0,840546.0,4678366.0,109.0,33955.0,76944.0,13179.0,253494.0,240640.0,74686.0,29509.0,2631.0,129298.0,127138.0,155670.0,16634.190222222223,0.38755555555555554,120.72888888888889,273.5786666666667,46.858666666666664,901.312,855.6088888888888,265.55022222222226,104.92088888888888,9.354666666666667,459.7262222222222,452.04622222222224,553.4933333333332
E06000043,2019,279920,13.820734495570163,45.989925693055156,7119.0,25.43226636181766,29.25,0.1044941411831952,4.21858492887017,7.948039055,Brighton and Hove,44.0,840670.0,4681754.0,99.0,33739.0,77025.0,12723.0,261796.0,245043.0,76707.0,29685.0,2571.0,127082.0,129473.0,158712.0,16725.328665332952,0.3536724778508145,120.53086596170334,275.1679051157474,45.452272077736495,935.2529294084025,875.4036867676479,274.0318662474993,106.04815661617604,9.184767076307516,453.99399828522434,462.5357244927122,566.990568733924
E06000043,2020,278496,13.957830633115018,45.609272664598414,5883.0,21.124181316787315,62.75,0.2253174192807078,4.26544067753559,7.317430973,Brighton and Hove,41.0,839666.0,4719043.0,43.0,29814.0,82383.0,13117.0,280374.0,251245.0,80675.0,29467.0,2579.0,111294.0,133285.0,158335.0,16944.742473859587,0.15440078133976792,107.05360220613582,295.8139434677697,47.099419740319426,1006.7433643571183,902.1494025048834,289.6810008043204,105.80762380788234,9.260456164540964,399.62512926577045,478.5885614156038,568.5359933356315
E06000043,2021,276454,14.19295796045635,45.20064820910531,4066.0,14.707690972096625,87.0,0.3146997330478127,4.3765233325624,7.477081299,Brighton and Hove,37.0,834870.0,4777112.0,136.0,29279.0,78006.0,13072.0,290293.0,255919.0,83558.0,29777.0,2393.0,112219.0,136967.0,157419.0,17279.95254183336,0.4919444102816382,105.90912050467709,282.16629167962844,47.28453920001158,1050.0589609844676,925.7200112857835,302.24919878171414,107.7105051835025,8.656051277970295,405.92286601025853,495.44227972827304,569.4220376626853
E06000043,2022,278709,14.20585628738218,45.53997179854257,6643.0,23.834895895001594,133.0,0.4772002339357538,4.54102355808286,7.275579929,Brighton and Hove,37.0,832950.0,4908894.0,112.0,31144.0,78725.0,12893.0,293294.0,269980.0,87187.0,30865.0,2400.0,129992.0,142423.0,157974.0,17612.972670419684,0.4018528285774769,111.74379011800839,282.4630708014452,46.2597189182983,1052.3305670071652,968.6805951727429,312.82448718914713,110.74274601824843,8.611132040945932,466.40761511110156,511.0096911115177,566.8062387651637
E06000043,2023,282366,14.15715773145492,46.23750734861846,7516.0,26.617935587145762,208.5,0.7384033488451158,4.71686228399857,6.929133892,Brighton and Hove,38.0,835589.0,5039456.0,37.0,32084.0,80289.0,13190.0,297398.0,288934.0,89735.0,31626.0,2279.0,131668.0,146383.0,157142.0,17847.247898118047,0.1310356062698767,113.62557815034388,284.3437241027603,46.71242288377496,1053.2358711742916,1023.2605908643393,317.79676023317256,112.00356983489513,8.071085045649973,466.30260017140876,518.415814935226,556.5188443367828
E06000043,2024,285063,14.304206438576736,46.49638851762593,7157.0,25.106730792842285,141.5,0.4963815016329724,4.974586729,6.495484352,Brighton and Hove,36.0,843005.0,5118082.0,21.0,32100.0,82810.0,13322.0,295957.0,307925.0,91684.0,32142.0,2060.0,129496.0,148562.0,157352.0,17954.213629969516,0.07366792603740226,112.60668694288631,290.4971883408229,46.7335290795368,1038.216113631022,1080.1998154793853,321.62714908634234,112.75402279496112,7.226472744621364,454.271511911402,521.1549727604073,551.9902618017771
E06000043,2025,284170,14.69296547841081,46.356054474434316,,,149.0,0.5243340254073267,,,Brighton and Hove,,,,,,,,,,,,,,,,,,,,,,,,,,,,
E06000044,2011,205433,13.415079368942672,47.30642107159025,,,,,,1.659525633,Portsmouth,70.0,607116.0,,,,,,,,,,,,,,,,,,,,,,,,,,
E06000044,2012,205729,13.846856787327017,46.933587389235356,2912.0,14.154543112541257,,,5.37240912150831,1.831117034,Portsmouth,63.0,613862.0,,,,,,,,,,,,,,,,,,,,,,,,,,
E06000044,2013,205905,14.05696801923217,46.4165513222117,3235.0,15.711128918676089,,,5.53285737231779,1.739287615,Portsmouth,58.0,617067.0,,,,,,,,,,,,,,,,,,,,,,,,,,
E06000044,2014,206200,14.263821532492726,45.851600387972844,3417.0,16.57129000969932,126.75,0.614694471387003,5.67626203247276,1.876172662,Portsmouth,52.0,617834.0,3492337.0,136.0,30758.0,61014.0,10941.0,183516.0,181547.0,56101.0,18866.0,3134.0,137644.0,66736.0,69994.0,16936.64888457808,0.6595538312318138,149.1658583899127,295.89718719689625,53.06013579049466,889.9903006789525,880.4413191076625,272.07080504364694,91.4936954413191,15.198836081474296,667.5266731328808,323.64694471387,339.44713870029096
E06000044,2015,207873,14.239944581547388,45.65287459169782,3818.0,18.366983687155138,133.0,0.6398137324231622,5.87056030712963,1.88113308,Portsmouth,46.0,619978.0,3549724.0,141.0,29717.0,64906.0,11160.0,188627.0,181684.0,58399.0,19306.0,2881.0,132068.0,68216.0,71246.0,17076.40722941411,0.6782987689598937,142.95747884525647,312.23872268163734,53.68662596874053,907.414623351758,874.0144222674422,280.9359560885733,92.87401442226745,13.859423782790453,635.3302256666329,328.16190654871,342.7381141369971
E06000044,2016,209951,14.205219313077814,45.49775900090974,3988.0,18.994908335754534,145.0,0.6906373391886679,5.65834847417405,1.965296745,Portsmouth,38.0,624024.0,3570989.0,91.0,28023.0,65806.0,11279.0,188497.0,180648.0,60640.0,19829.0,2671.0,126019.0,73789.0,72519.0,17008.678215393116,0.43343446804254326,133.47400107644165,313.4350396044792,53.72205895661369,897.8142518968712,860.4293382741688,288.8292982648332,94.44584688808341,12.722016089468495,600.230529980805,351.4581973889145,345.4091669008483
E06000044,2017,210965,14.236010712677459,45.30798947692745,3517.0,16.67101177920508,146.75,0.6956130163771241,6.0955564380902,1.991814613,Portsmouth,40.0,628789.0,3459101.0,85.0,26124.0,64503.0,11145.0,182802.0,177778.0,60144.0,19255.0,2593.0,115473.0,80260.0,71737.0,16396.563410992345,0.4029104353802764,123.83096722205104,305.7521389803996,52.828668262507996,866.5039224515915,842.6895456592326,285.0899438295452,91.27106392055555,12.291138340483018,547.3561965254901,380.44225345436445,340.04218709264575
E06000044,2018,211215,14.342257888880997,45.16345903463296,3727.0,17.645527069573657,207.5,0.9824112870771489,6.24501088038141,2.058750868,Portsmouth,35.0,632131.0,3630349.0,132.0,26454.0,66378.0,11707.0,193757.0,189177.0,63752.0,20983.0,2897.0,114777.0,88893.0,76751.0,17187.931728333686,0.624955613947873,125.246786449826,314.26745259569634,55.426934640058704,917.3448855431669,895.6608195440665,301.83462348791517,99.34427005657741,13.715881921265062,543.4131098643562,420.86499538385056,363.3785479251
E06000044,2019,210412,14.51057924452978,45.145238864703536,4330.0,20.578674220101515,252.0,1.1976503241260004,6.6175989175269,2.237201691,Portsmouth,37.0,632592.0,3658645.0,276.0,27288.0,66874.0,11299.0,199331.0,192684.0,64703.0,21665.0,2448.0,111989.0,90478.0,76991.0,17388.005436952266,1.311712259757048,129.68842081250116,317.82407847461167,53.699408778966976,947.336653803015,915.7462502138661,307.5062258806532,102.96465981027698,11.634317434366862,532.2367545577248,430.00399216774707,365.9059369237496
E06000044,2020,209142,14.667546451693108,44.94601753832325,4552.0,21.7651165237016,285.5,1.3651012230924444,7.00226576479256,2.327726364,Portsmouth,37.0,630769.0,3641205.0,144.0,23386.0,72880.0,11553.0,214619.0,195603.0,66384.0,22258.0,2255.0,99275.0,91156.0,77351.0,17410.204550018647,0.6885274119975902,111.81876428455308,348.4713735165581,55.23998049172333,1026.187948857714,935.2640789511432,317.4111369308891,106.42529955723862,10.782148014267818,474.6774918476442,435.85697755591895,369.8491933710111
E06000044,2021,207119,14.940686272143067,44.57147823232055,3985.0,19.240146968650873,299.5,1.4460286115711258,7.04701901761755,2.402112007,Portsmouth,35.0,626673.0,3587175.0,58.0,21576.0,70655.0,11285.0,217798.0,193101.0,67175.0,23159.0,2065.0,96252.0,88844.0,75276.0,17319.39126782188,0.2800322519904016,104.17199774042942,341.13239248934184,54.48558558123591,1051.5597313621638,932.3191015792853,324.3304573699178,111.81494696285709,9.970113799313438,464.71835032034727,428.95147234198697,363.4432379453358
E06000044,2022,209614,14.959878634060702,45.106719970994305,6670.0,31.82039367599492,425.0,2.0275363286803363,7.13802346991769,2.470280647,Portsmouth,40.0,625860.0,3642233.0,39.0,24097.0,72873.0,10899.0,218437.0,196548.0,68957.0,23744.0,1908.0,111301.0,94816.0,75272.0,17375.905235337334,0.18605627486713675,114.9589244993178,347.6533055998168,51.9955728147929,1042.0916541834038,937.6663772457946,328.97134733367045,113.27487667808447,9.102445447346074,530.9807551022355,452.3361989180112,359.09815184100296
E06000044,2023,213939,14.775707094078218,45.95328574967631,8822.0,41.236053267520184,674.75,3.1539364024324694,7.31942764909513,2.551928282,Portsmouth,46.0,630694.0,3660545.0,39.0,22959.0,72981.0,10521.0,217333.0,204462.0,69365.0,24648.0,1953.0,110992.0,93994.0,76676.0,17110.22768172236,0.18229495323433315,107.31563670018089,341.1299482562787,49.17756930713895,1015.8643351609571,955.7023263640571,324.2279341307569,115.21041044409854,9.128770350426992,518.8020884457719,439.3495342130234,358.4012265178392
E06000044,2024,212936,15.087162339857986,45.55312394334448,7864.0,36.93128451741368,722.25,3.391864222113687,7.573742152,2.665442467,Portsmouth,52.0,637896.0,3813216.0,31.0,22612.0,74852.0,9901.0,223134.0,223905.0,72038.0,26396.0,1817.0,110016.0,100742.0,80483.0,17907.803283615736,0.1455836495472818,106.19153172784311,351.5234624488109,46.49753916669797,1047.8923244542962,1051.5131307059398,338.3082240673254,123.96212946613066,8.533080362174552,516.6622835030244,473.10929105458916,377.9680279520607
E06000044,2025,211475,15.418843834968673,45.36659179572053,,,742.25,3.50987114316113,,,Portsmouth,,,,,,,,,,,,,,,,,,,,,,,,,,,,
E06000045,2011,235870,13.119091024717005,49.40772459405605,,,,,,1.793467402,Southampton,114.0,698972.0,,,,,,,,,,,,,,,,,,,,,,,,,,
E06000045,2012,238097,13.31390147712907,49.29587521052344,5366.0,22.53703322595413,,,5.3694825595111,1.976133466,Southampton,119.0,707052.0,,,,,,,,,,,,,,,,,,,,,,,,,,
E06000045,2013,239484,13.415927577625228,48.82831420888243,5913.0,24.690584757228038,,,5.35462694830563,2.033349514,Southampton,131.0,713451.0,,,,,,,,,,,,,,,,,,,,,,,,,,
E06000045,2014,241230,13.487128466608631,48.71533391369233,6851.0,28.400281888653982,80.5,0.3337064212577208,5.46454990730839,2.181487083,Southampton,109.0,718811.0,3729116.0,121.0,29385.0,76953.0,15616.0,166763.0,198961.0,63018.0,26642.0,5610.0,176116.0,54808.0,71560.0,15458.757202669653,0.5015959872321021,121.81320731252332,319.0026116154707,64.73490030261577,691.3029059403888,824.7771836007131,261.2361646561373,110.44231646146831,23.25581395348837,730.0750321270158,227.20225510923186,296.6463541018944
E06000045,2015,244666,13.394178185771624,48.77996942770961,7289.0,29.791634309630272,72.5,0.2963223333033605,5.52118468281597,2.249019861,Southampton,91.0,725380.0,3755847.0,84.0,29365.0,79852.0,15372.0,174756.0,200508.0,65076.0,28184.0,5133.0,163699.0,58622.0,73979.0,15350.915125109334,0.3433251861721694,120.02076299935423,326.3714615026199,62.828509069507,714.2635266036147,819.5172193929684,265.9789263730964,115.19377436995741,20.979621197877922,669.0713053714043,239.6001079022014,302.367308902749
E06000045,2016,248662,13.298372891716467,48.85225728096774,7928.0,31.882635867161042,101.75,0.4091899847986423,5.59020426846713,2.248450756,Southampton,86.0,734558.0,3779503.0,60.0,29306.0,82062.0,15416.0,178059.0,198265.0,66819.0,29429.0,4450.0,156958.0,60653.0,76670.0,15199.358969203175,0.24129139152745493,117.85475866839325,330.01423619210016,61.99580152978743,716.0683980664517,797.3272956865142,268.71415817455016,118.34940602102452,17.895778204952908,631.2102371894379,243.91744617191208,308.3301831401662
E06000045,2017,250492,13.248327291889561,48.72770387876659,7105.0,28.36417929514715,124.5,0.49702186097759615,5.68912060693191,2.405390024,Southampton,91.0,743820.0,3825981.0,74.0,28419.0,85429.0,15519.0,185040.0,200650.0,69352.0,30451.0,4644.0,150821.0,66033.0,79435.0,15273.865033613849,0.29541861616339044,113.45272503712692,341.04482378678756,61.95407438161698,738.7062261469429,801.0235855835716,276.8631333535602,121.56476055123517,18.53951423598358,602.0990690321447,263.61320920428597,317.115915877553
E06000045,2018,250803,13.360286758930316,48.41648624617728,7155.0,28.52836688556357,184.25,0.7346403352431988,5.80150382382554,2.453143835,Southampton,97.0,749957.0,3815649.0,73.0,27083.0,86033.0,15746.0,189414.0,204091.0,72877.0,31780.0,4291.0,133841.0,70678.0,81157.0,15213.72950084329,0.29106509890232574,107.98515169276286,343.03018703923,62.7823431139181,755.2302005956867,813.7502342475967,290.57467414664103,126.7129978509029,17.109045745066844,533.6499164683038,281.8068364413504,323.5886333098089
E06000045,2019,249428,13.594303767018939,47.88195391054733,7575.0,30.369485382555286,169.5,0.6795548214314351,5.9045407768394,2.573340178,Southampton,86.0,750723.0,3852015.0,95.0,27210.0,86422.0,15897.0,198054.0,208541.0,74665.0,33270.0,3971.0,123380.0,73270.0,84478.0,15443.394486585306,0.3808714338406273,109.08959699793127,346.4807479513126,63.73382298699425,794.0327469249643,836.0769440479818,299.34490113379417,133.3851853039755,15.920425934538223,494.65176323428,293.7521048158186,338.68691566303704
E06000045,2020,248679,13.687122756646119,47.61278596101802,8275.0,33.27582948298811,195.5,0.7861540379364562,6.0861531850897,2.491577148,Southampton,73.0,748910.0,3843915.0,103.0,23972.0,91045.0,15757.0,214288.0,209254.0,76833.0,33816.0,3492.0,113956.0,76711.0,85580.0,15457.336566416947,0.4141885724166496,96.39736366963032,366.114549278387,63.36280908319561,861.7052505438738,841.4622867230446,308.96456878144113,135.98253169748952,14.042198979407187,458.24536852729824,308.4739764917826,344.1384274506492
E06000045,2021,247672,13.891760069769695,47.2386866500856,7404.0,29.89437643334733,234.0,0.9447979585903937,6.18673393486627,2.538772821,Southampton,62.0,745779.0,3902056.0,46.0,22918.0,86612.0,15223.0,221490.0,212550.0,80242.0,34325.0,2961.0,109187.0,79135.0,86477.0,15754.933944894861,0.1857295132271714,92.5336735682677,349.704447818082,61.46435608385284,894.2876061888304,858.1914790529411,323.9849478342324,138.59055525049257,11.955328014470751,440.85322523337317,319.5153267224394,349.1593720727414
E06000045,2022,252949,13.713436305342183,48.076885063787564,9295.0,36.746537839643565,264.75,1.046653673270106,6.281792089765,2.664918661,Southampton,66.0,748529.0,4080589.0,48.0,26029.0,89838.0,15547.0,231538.0,222930.0,84649.0,36924.0,2817.0,122693.0,84624.0,90019.0,16132.062194355385,0.18976157249089737,102.90216604928267,355.1625031132758,61.462982656582945,915.3544785707791,881.3239032374115,334.64848645379107,145.9740896386228,11.13663228555954,485.0503461172015,334.54965230145206,355.8780623762102
E06000045,2023,258617,13.618207619762043,49.0358329112162,12207.0,47.20107340198054,365.25,1.412320149100794,6.37233420975752,3.021021128,Southampton,66.0,757237.0,4411990.0,53.0,27856.0,93247.0,16215.0,252695.0,245443.0,91029.0,39929.0,2641.0,130982.0,96663.0,95943.0,17059.93805511625,0.20493625709060115,107.71140334935444,360.5602106590054,62.698894504228264,977.1012733114992,949.0598065865739,351.98382163585535,154.39433602586064,10.212012358042974,506.47095898568153,373.76893243676943,370.9848927178028
E06000045,2024,260604,13.70815490168992,49.323878374852264,11270.0,43.24569077988059,307.75,1.18091050022256,6.498953288,3.038076401,Southampton,80.0,768989.0,4733019.0,40.0,28799.0,95697.0,16367.0,270405.0,271055.0,99270.0,42309.0,2302.0,136621.0,112256.0,101923.0,18161.72813924575,0.15348958573160812,110.50866448711454,367.2123221439426,62.80410124173075,1037.6087857438874,1040.102991512026,380.92277938941845,162.3497720679652,8.833325658854047,524.2475173059507,430.753173397185,391.10297616306735
E06000045,2025,259230,13.96096130849053,49.099641245226245,,,323.5,1.247926551710836,,,Southampton,,,,,,,,,,,,,,,,,,,,,,,,,,,,
E06000046,2011,138392,24.0223423319267,32.323400196543155,,,,,,0.422527522,Isle of Wight,12.0,415117.0,,,,,,,,,,,,,,,,,,,,,,,,,,
E06000046,2012,138632,24.912718564256448,31.924086790928502,460.0,3.318137226614346,,,6.23600044966645,0.50460279,Isle of Wight,16.0,415388.0,,,,,,,,,,,,,,,,,,,,,,,,,,
E06000046,2013,138146,25.57511618143124,31.371881922024524,446.0,3.2284684319488077,,,6.43242833043155,0.508381426,Isle of Wight,15.0,415170.0,,,,,,,,,,,,,,,,,,,,,,,,,,
E06000046,2014,138899,26.160015550867897,30.903030259397116,513.0,3.693331125494064,,,6.60129694404939,0.591960371,Isle of Wight,12.0,415677.0,3251303.0,88.0,26807.0,59411.0,10717.0,186012.0,206629.0,55695.0,20707.0,3114.0,102234.0,47691.0,114476.0,23407.677521076464,0.6335538772777342,192.99634986572977,427.72806139713026,77.1567829861986,1339.1889070475668,1487.6205012275107,400.9748090339023,149.07954700897776,22.419167884578002,736.0312169274077,343.3502041051412,824.1672006277943
E06000046,2015,139316,26.62867150937437,30.449481753710987,469.0,3.366447500646013,,,6.63846540459038,0.525210083,Isle of Wight,6.0,416361.0,3243631.0,104.0,26640.0,61480.0,10380.0,188687.0,203307.0,56826.0,21787.0,2923.0,99534.0,50659.0,111100.0,23282.544718481724,0.746504349823423,191.21996037784606,441.2989175686928,74.5068764535301,1354.3814062993483,1459.322690861064,407.8928479140946,156.38548336156651,20.98107898590255,714.4477303396594,363.62657555485373,797.4676275517528
E06000046,2016,139650,27.13641245972073,29.982098102398854,554.0,3.9670605084138924,,,7.00910467883953,0.389121294,Isle of Wight,7.0,417865.0,3263481.0,63.0,27043.0,62261.0,10510.0,189572.0,199870.0,58190.0,22913.0,2603.0,97248.0,53721.0,109896.0,23369.001074113858,0.4511278195488722,193.6484067311135,445.8360186179735,75.25957751521662,1357.4794128177587,1431.2209094163982,416.6845685642678,164.07447189402077,18.639455782312925,696.3694951664876,384.6831364124597,786.9387755102041
E06000046,2017,141277,27.491382178273888,29.57664729573816,488.0,3.4542069834438727,,,7.20284051030098,0.418573499,Isle of Wight,,,3289963.0,80.0,27273.0,63885.0,9758.0,192347.0,204158.0,58281.0,23868.0,2548.0,95369.0,57536.0,109763.0,23287.32206940974,0.5662634399088315,193.04628495791957,452.1967482321963,69.06998308287973,1361.4884234518004,1445.0901420613404,412.52999426658266,168.9446972967999,18.035490561096285,675.049725008317,407.2566659824316,776.9346744339135
E06000046,2018,141665,27.902445911128368,29.168107860092473,508.0,3.5859245402887097,,,7.34737223393045,0.631463706,Isle of Wight,6.0,422592.0,3298146.0,69.0,27430.0,65342.0,9701.0,196094.0,209733.0,58101.0,25415.0,2311.0,91779.0,61396.0,106727.0,23281.30448593513,0.4870645537006318,193.62580736243956,461.24307344792294,68.47845268767867,1384.209225990894,1480.4856527723855,410.12953093565807,179.40211061306604,16.31313309568348,647.8593865810186,433.3886281015071,753.3759220696714
E06000046,2019,141764,28.51429135746734,28.90860867357016,472.0,3.3294771592223698,,,7.58820051244991,0.552791595,Isle of Wight,,,3286494.0,56.0,27788.0,66716.0,9969.0,202528.0,213008.0,58733.0,26061.0,2077.0,88712.0,63227.0,105234.0,23182.853192630006,0.39502271380604387,196.01591377218475,470.6131316836432,70.32109703450806,1428.6278603876865,1502.5535396856749,414.30123303518525,183.83369543748765,14.651110295984875,625.7724104850315,446.00180581812026,742.3182190118789
E06000046,2020,140915,28.963559592662243,28.726537274243338,445.0,3.157932086718944,,,7.65774947613884,0.653771281,Isle of Wight,,,3242093.0,42.0,26335.0,72220.0,9797.0,216580.0,214371.0,58827.0,26272.0,2256.0,75746.0,65726.0,103497.0,23007.43710747614,0.29805201717347335,186.88571124436717,512.5075400063869,69.52418124401234,1536.954901891211,1521.2787850832062,417.4644289110457,186.43863321860695,16.00965120817514,537.5297164957599,466.4230209700884,734.4640386048327
E06000046,2021,140885,29.314689285587537,28.64463924477411,480.0,3.4070341058309968,,,7.83962625037644,0.747491598,Isle of Wight,,,3233014.0,31.0,26643.0,69362.0,9414.0,224065.0,214623.0,59184.0,27090.0,1852.0,77076.0,65901.0,101655.0,22947.89367214395,0.22003761933491855,189.1116868367818,492.33062426802,66.82045640061042,1590.4106185896298,1523.3914185328458,420.0873052489619,192.28448734783692,13.145473258331265,547.0845015438123,467.76448876743444,721.5459417255208
E06000046,2022,140682,29.716665955843677,28.43931704127038,750.0,5.331172431441122,,,8.04382965243313,0.770001888,Isle of Wight,,,3284577.0,31.0,28647.0,69948.0,9020.0,229592.0,218635.0,59144.0,28511.0,1713.0,89828.0,65159.0,100050.0,23347.528468460783,0.22035512716623307,203.6294621913251,497.2064656459249,64.11623377546523,1631.9927211725735,1554.1078460641731,420.40914971353834,202.66274292375712,12.176397833411524,638.5180762286575,463.16515261369614,711.1784023542458
E06000046,2023,141169,29.8670387974697,28.66918374430647,1031.0,7.303303133124127,,,8.38403287919485,0.861842275,Isle of Wight,,,3366179.0,31.0,29862.0,70206.0,9356.0,234749.0,230031.0,61484.0,30655.0,1868.0,94848.0,65779.0,100688.0,23845.029716155816,0.21959495356629288,211.53369365795606,497.31881645403735,66.2751737279431,1662.8934114430222,1629.4724762518683,435.53471371193393,217.15107424434544,13.232366879414036,671.8755534147015,465.95924034313487,713.2444091833194
E06000046,2024,141356,30.346076572625144,28.645405925464782,947.0,6.699397266476131,,,8.744571973,0.890277028,Isle of Wight,,,3460163.0,42.0,30362.0,70827.0,9776.0,238710.0,246807.0,63368.0,33667.0,1492.0,92857.0,68210.0,100353.0,24478.359602705226,0.2971221596536404,214.79102408104362,501.054076233057,69.15871982795211,1688.7150174028693,1745.9959251818104,448.28659554599733,238.17170831093125,10.554911004838846,656.901723308526,482.5405359517813,709.9309544695662
E06000046,2025,140777,30.97025792565547,28.416573730083748,,,,,,,Isle of Wight,,,,,,,,,,,,,,,,,,,,,,,,,,,,
E06000047,2011,512994,18.13159608104578,37.81116348339357,,,,,,0.529242277,County Durham,41.0,1530933.0,,,,,,,,,,,,,,,,,,,,,,,,,,
E06000047,2012,513122,18.802935754070184,37.283531012117976,2699.0,5.259957670885287,,,6.77039421579941,0.530648232,County Durham,34.0,1536744.0,,,,,,,,,,,,,,,,,,,,,,,,,,
E06000047,2013,513179,19.26053092585628,36.843284701829184,2829.0,5.5126963496168,,,6.8882542478941,0.600059032,County Durham,30.0,1539295.0,,,,,,,,,,,,,,,,,,,,,,,,,,
E06000047,2014,513604,19.70934805803693,36.37607962554809,2871.0,5.589909735905484,2.75,0.005354319670407552,6.97967341243204,0.591360152,County Durham,35.0,1539905.0,14530753.0,706.0,116665.0,233401.0,39481.0,812100.0,929864.0,229319.0,81746.0,6434.0,423893.0,249271.0,369451.0,28291.744223175832,1.3745998862937205,227.14971067203527,454.43766014283375,76.8705072390402,1581.1792743047172,1810.4687658195808,446.4899027266143,159.16153300986753,12.527161003418977,825.3304101992975,485.33695220442206,719.3304569279055
E06000047,2015,513924,20.05024089164935,35.96057004537636,3044.0,5.923054770744312,2.0,0.003891625999174975,7.28914961785606,0.665406823,County Durham,29.0,1540707.0,14988553.0,436.0,121099.0,239412.0,39019.0,863214.0,962670.0,242909.0,85349.0,5985.0,411544.0,264181.0,383009.0,29164.921272406038,0.8483744678201447,235.63600843704515,465.8509818572396,75.92367743090418,1679.6530226259138,1873.1758003128866,472.655489916797,166.0731937017925,11.645690802531114,800.787665102233,514.0468240440221,745.2638911590041
E06000047,2016,514431,20.38407483219324,35.429241239349885,3169.0,6.160204186761684,3.0,0.005831685882071648,7.56230408394656,0.729571998,County Durham,27.0,1541959.0,15427092.0,322.0,121832.0,247809.0,38664.0,906744.0,995702.0,266092.0,89962.0,5339.0,393245.0,300531.0,398790.0,29988.651539273487,0.6259342846756902,236.8286514615177,481.71474891676434,75.1587676481394,1762.6153944843913,1935.5404320501682,517.254986577403,174.87670844097653,10.37845697479351,764.4271048984218,584.2007966082915,775.2060043037842
E06000047,2017,515911,20.582619870481537,35.06360593203091,2985.0,5.785881673389402,5.25,0.010176173797418546,7.637932516135,0.722354889,County Durham,26.0,1544266.0,15570574.0,214.0,121128.0,253676.0,39356.0,930016.0,1035675.0,277745.0,92772.0,5339.0,379556.0,330115.0,408723.0,30180.73659991743,0.41480022717096554,234.7846818540407,491.7049646159899,76.28447542308655,1802.6675143580965,2007.468342407896,538.3583602598122,179.82171343506923,10.348684172270023,735.7005374958085,639.8681167875854,792.2354824766287
E06000047,2018,516648,20.869141078645423,34.78809556990446,2911.0,5.634397113702173,6.25,0.01209721125408402,7.91090949296003,0.7449947,County Durham,31.0,1546990.0,15900412.0,192.0,121464.0,256556.0,39414.0,966463.0,1089639.0,295903.0,95214.0,5452.0,373006.0,352128.0,421726.0,30776.102878555612,0.371626329725461,235.1001068425698,496.5779408804447,76.28791749895481,1870.6411328409285,2109.054907790217,572.7361762747557,184.29181957541692,10.552639321162571,721.9731809665382,681.5626887164956,816.2733621343739
E06000047,2019,518562,21.127271184544952,34.7759766431015,3654.0,7.046409108264778,2.0,0.0038568194352844986,8.1140350877193,0.861726344,County Durham,32.0,1551121.0,16099296.0,231.0,121787.0,259487.0,37851.0,1011296.0,1130109.0,307138.0,97331.0,4961.0,361890.0,374258.0,433073.0,31046.03885359899,0.4454626447753596,234.8552342824966,500.3972524018343,72.99223622247678,1950.193033812736,2179.3131775949646,592.287903857205,187.69404622783776,9.566840609223197,697.8721927175535,721.7227641053529,835.1421816484817
E06000047,2020,519204,21.266592707298095,34.977195861357,4011.0,7.725287170360783,1.5,0.002889037834839485,8.25810091016587,0.840277553,County Durham,30.0,1554414.0,16144855.0,245.0,106252.0,273768.0,37653.0,1089700.0,1158268.0,317048.0,98572.0,4994.0,327158.0,385887.0,440304.0,31095.397955331624,0.47187617969044926,204.6440320182433,527.284073312224,72.52062773014076,2098.7896857497244,2230.8533832559074,610.6424449734593,189.85215830386514,9.61856996479226,630.1145599802776,743.2280953151362,848.0366098874431
E06000047,2021,521447,21.477734074603937,35.14048407604224,3077.0,5.900887338502283,1.75,0.003356045772628858,8.4721880569833,0.867311597,County Durham,29.0,1559213.0,16177092.0,173.0,105288.0,266494.0,35785.0,1127353.0,1171320.0,319840.0,100073.0,4724.0,344699.0,403032.0,436772.0,31023.46355430178,0.3317690963798814,201.9150556048841,511.0663212176885,68.62634169915638,2161.970439948835,2246.287733940362,613.3701028100651,191.91403920245008,9.059405845656414,661.0432124453683,772.9107656195164,837.6153281158008
E06000047,2022,527377,21.572613140125565,35.73572605555419,4879.0,9.25144630880755,1.5,0.002844265108262211,8.74174371815128,0.906986475,County Durham,23.0,1568406.0,16608433.0,127.0,113271.0,266291.0,35498.0,1159933.0,1223725.0,330209.0,103693.0,4487.0,387234.0,421955.0,438948.0,31492.52432320712,0.24081444583286718,214.7818353853126,504.934799962835,67.31048187539464,2199.437973214607,2320.398879738783,626.1346247561042,196.62025458068896,8.508145027181694,734.2641032885393,800.1012558378542,832.3229871609873
E06000047,2023,533311,21.694845971675065,36.229517111029026,5959.0,11.173592894202445,91.5,0.1715696844805376,9.07613361138862,1.011295557,County Durham,17.0,1583199.0,17137288.0,349.0,112338.0,265340.0,36057.0,1202943.0,1308247.0,342983.0,107442.0,4147.0,402249.0,445656.0,441540.0,32133.760601225178,0.6544024031006298,210.6425706576463,497.53333420837,67.60970615644531,2255.6125787767364,2453.0658471323486,643.1200556523304,201.46218622904834,7.775950617932126,754.2484591542271,835.6399924246828,827.922169240837
E06000047,2024,536793,21.992648935436936,36.26612120500826,6038.0,11.248283789095609,334.0,0.6222137770052888,9.658138626,1.063602805,County Durham,11.0,1599763.0,17895926.0,578.0,112077.0,271588.0,35597.0,1260468.0,1417127.0,363951.0,115166.0,3725.0,402627.0,476145.0,454395.0,33338.59793253638,1.0767651590091525,208.78998049527473,505.9454948183005,66.31420305406367,2348.1453744739592,2639.98785379094,678.0099591462631,214.54452647482364,6.939360237558985,750.0600790248754,887.0179007550396,846.4994886296953
E06000047,2025,539146,22.331056893680007,36.36825646485367,,,506.5,0.9394486836589717,,,County Durham,,,,,,,,,,,,,,,,,,,,,,,,,,,,
E06000049,2011,370736,19.437551249406585,35.4724116352337,,,,,,0.673151672,Cheshire East,26.0,1107810.0,,,,,,,,,,,,,,,,,,,,,,,,,,
E06000049,2012,372501,20.19699275975098,34.9488994660417,1619.0,4.346297056920653,,,5.90899479702176,0.721754253,Cheshire East,29.0,1112288.0,,,,,,,,,,,,,,,,,,,,,,,,,,
E06000049,2013,373956,20.80886521408936,34.477853009444964,1908.0,5.102204537432211,,,6.03264464594871,0.787619591,Cheshire East,42.0,1117193.0,,,,,,,,,,,,,,,,,,,,,,,,,,
E06000049,2014,376574,21.31427023639444,34.02545050906329,2099.0,5.573937658999293,1.0,0.0026555205616957092,6.09920648478362,0.894963801,Cheshire East,42.0,1123031.0,7796013.0,330.0,55462.0,139907.0,27149.0,451202.0,490927.0,115156.0,46026.0,4592.0,268695.0,106815.0,206569.0,20702.47282074705,0.876321785359584,147.28048139276743,371.5259152251616,72.09472772947682,1198.1761884782275,1303.6667427915893,305.79912580263107,122.22298937260672,12.194150419306697,713.5250973248286,283.6494287975272,548.5482269089209
E06000049,2015,378511,21.612053546660466,33.7480284588823,2182.0,5.7646937605512125,1.0,0.0026419311459904733,6.26734382364784,0.896706164,Cheshire East,51.0,1129041.0,7920304.0,254.0,56715.0,143687.0,26090.0,468824.0,496242.0,119153.0,46904.0,3885.0,249395.0,112770.0,215170.0,20924.897823312927,0.6710505110815802,149.83712494484968,379.61116057393315,68.92798359889144,1238.6007275878376,1311.0371957486045,314.79402183820287,123.91713847153716,10.26390250217299,658.884418154294,297.93057533334564,568.4643246827701
E06000049,2016,381414,21.858400583093438,33.37816650673546,2632.0,6.900638151719654,,,6.45259986092869,0.92871958,Cheshire East,47.0,1136499.0,8090007.0,246.0,58655.0,147727.0,25845.0,479152.0,505115.0,126914.0,46725.0,3484.0,246425.0,122936.0,224761.0,21210.56647107867,0.6449684594692382,153.78302841531774,387.3140472033014,67.7610155893596,1256.2517369577415,1324.3221276618058,332.7460449799955,122.50467995406567,9.134431352808233,646.0827342467765,322.31643306223685,589.283560645388
E06000049,2017,384221,22.040180000572587,33.07471481256881,2128.0,5.538479156527103,,,6.50496952088486,0.951837957,Cheshire East,42.0,1144146.0,8047837.0,108.0,57628.0,149400.0,26001.0,481047.0,516353.0,129740.0,47303.0,3388.0,231777.0,133317.0,232022.0,20945.854078772376,0.28108822786885673,149.9865962558007,388.83871521858515,67.67199085942725,1252.0060069595363,1343.8958307848868,337.670247071347,123.11404113778268,8.817841814997097,603.2387610255556,346.9799932851145,603.8764148758137
E06000049,2018,386891,22.21478400893275,32.76685164555391,2185.0,5.6475854956564,28.0,0.07237180497866323,6.60353064853778,0.970106184,Cheshire East,30.0,1152526.0,8064026.0,100.0,56934.0,151643.0,25585.0,481214.0,533765.0,134532.0,48505.0,3289.0,227694.0,146962.0,239899.0,20843.14703624535,0.25847073206665444,147.15772659482903,391.95277222783676,66.12973679925354,1243.7973486072306,1379.626303015578,347.72584526391154,125.37122858893073,8.501102377672265,588.5223486718481,379.8537572597967,620.0687015205833
E06000049,2019,390556,22.399348620940405,32.74588023228423,2042.0,5.228443552269073,43.0,0.11009944796648881,6.66025767731038,1.058953285,Cheshire East,21.0,1161668.0,8146208.0,103.0,59011.0,156123.0,24620.0,497953.0,546742.0,135981.0,49619.0,2943.0,224871.0,154303.0,246048.0,20857.976833027784,0.263726584663915,151.09484939419698,399.7454910435379,63.03833509151056,1274.9848933315582,1399.9067995370701,348.1728612542119,127.0470815964932,7.5354110550087565,575.7714642714488,395.08546789704934,629.9941621688056
E06000049,2020,393203,22.442860303710805,32.77111314003199,1921.0,4.885517150174337,48.5,0.12334595616004965,6.60442661649598,1.119167209,Cheshire East,22.0,1170650.0,8232887.0,144.0,54859.0,171774.0,23915.0,537730.0,567928.0,137888.0,49426.0,2747.0,193540.0,163730.0,251742.0,20938.00657675552,0.36622304509375564,139.51826410276624,436.8583149162137,60.82100085706366,1367.5633197101752,1444.3633441250447,350.67891140199845,125.70097379724976,6.986213228281575,492.21394546837126,416.400688702782,640.2341792916128
E06000049,2021,400474,22.47087201666026,33.123248949994256,2059.0,5.141407432192851,136.5,0.3408460973746111,6.70760414063272,1.183787584,Cheshire East,32.0,1184233.0,8310820.0,89.0,53665.0,165885.0,23635.0,554178.0,579615.0,139149.0,48870.0,2611.0,198119.0,171959.0,251407.0,20752.458336870808,0.22223664957025924,134.0037056088535,414.2216473478927,59.01756418643907,1383.805190848844,1447.3224229288294,347.46075900058435,122.03039398313,6.51977406772974,494.7112671484291,429.38867442081136,627.773588297867
E06000049,2022,406971,22.48145445252856,33.18835985856486,3763.0,9.246359077182404,313.5,0.7703251583036629,6.90945637172652,1.274052262,Cheshire East,36.0,1200760.0,8551608.0,61.0,55458.0,169134.0,22715.0,569143.0,606196.0,143338.0,51766.0,2557.0,227276.0,181004.0,254301.0,21012.81909521809,0.14988782984536983,136.2701519272872,415.59226578797995,55.814787785861895,1398.4853957653004,1489.5311950974394,352.20691400615766,127.19825245533464,6.283002965813289,558.4574822284635,444.75896316936587,624.8627052050392
E06000049,2023,414906,22.44628903896304,33.6531648132348,5190.0,12.508857427947534,735.25,1.7720881356259006,7.07716980972253,1.279527545,Cheshire East,40.0,1222393.0,8892075.0,124.0,55060.0,171445.0,22987.0,585031.0,649863.0,148437.0,53711.0,2421.0,232565.0,192132.0,256424.0,21431.541120157337,0.2988628749644498,132.70475722211776,413.2140774054846,55.40291053877264,1410.0326338977986,1566.2897138146955,357.7605529927261,129.45341836464164,5.835056615233331,560.5245525492521,463.07356365056177,618.029143950678
E06000049,2024,420472,22.663815902129034,33.771808824368804,4470.0,10.63091002492437,390.75,0.9293127723130197,7.242482084,1.445865512,Cheshire East,38.0,1243217.0,9210420.0,125.0,53267.0,176232.0,23017.0,598417.0,695053.0,154645.0,56173.0,1963.0,222465.0,204766.0,260650.0,21904.95443216195,0.2972849559542609,126.68382199052495,419.12897886185044,54.74086264959379,1423.2029718982478,1653.0304039270154,367.7890561083734,133.59510264654958,4.668562948305714,529.0839818109172,486.9908103274415,619.898590155825
E06000049,2025,425459,22.924888179589573,33.913726116970146,,,502.75,1.1816649782940307,,,Cheshire East,,,,,,,,,,,,,,,,,,,,,,,,,,,,
E06000050,2011,329526,18.694124287613118,36.99890145238919,,,,,,0.716797113,Cheshire West and Chester,26.0,988195.0,,,,,,,,,,,,,,,,,,,,,,,,,,
E06000050,2012,331231,19.289861154300173,36.592287557625944,1497.0,4.519504514975953,,,5.95080668931376,0.829479039,Cheshire West and Chester,26.0,990310.0,,,,,,,,,,,,,,,,,,,,,,,,,,
E06000050,2013,333476,19.7348534827094,36.30486151926975,1717.0,5.148796315177104,,,6.1301212516372,0.894524992,Cheshire West and Chester,27.0,994233.0,,,,,,,,,,,,,,,,,,,,,,,,,,
E06000050,2014,336437,20.05813867083585,36.098586065147416,2043.0,6.072459331167499,1.0,0.0029723246848592753,6.3888518190517,0.853759468,Cheshire West and Chester,31.0,1001144.0,7155854.0,629.0,54479.0,135185.0,32509.0,419066.0,442312.0,114659.0,41328.0,4591.0,246956.0,96774.0,178930.0,21269.521485448982,1.8695922267764842,161.92927650644845,401.81371252270117,96.62730318009018,1245.600216385237,1314.6948760094758,340.80377604127966,122.84023457586413,13.645942628188932,734.0334148741073,287.6437490525715,531.8380558618702
E06000050,2015,339181,20.28061713362482,35.83779751813928,2114.0,6.232660437937266,,,6.57172248412677,0.921362996,Cheshire West and Chester,34.0,1009094.0,7292068.0,284.0,55723.0,139122.0,33485.0,437540.0,450210.0,121142.0,42814.0,4287.0,231912.0,109000.0,185274.0,21499.04623195285,0.8373110522110613,164.28691465618653,410.17038100601155,98.72310064537814,1289.9897105085486,1327.3443972392322,357.1603362216634,126.22758939917037,12.639269298693028,683.7411293675059,321.36234046128766,546.2393235470148
E06000050,2016,342424,20.499147256033456,35.52846763077354,1968.0,5.747260706025279,12.0,0.03504427259771511,6.66064322261025,0.938343465,Cheshire West and Chester,30.0,1018042.0,7435777.0,182.0,56751.0,144428.0,33543.0,447507.0,459278.0,125643.0,44136.0,3938.0,227802.0,125949.0,194459.0,21715.116346985025,0.5315048010653459,165.7331261827442,421.78118356189987,97.95750297876317,1306.8797747821416,1341.25528584445,366.92229516622666,128.89283461439618,11.500362124150175,665.2629488587248,367.8159241174684,567.8895170899236
E06000050,2017,346040,20.610334065425963,35.30314414518553,1968.0,5.687203791469194,27.25,0.0787481216044388,6.74557719231259,1.024541497,Cheshire West and Chester,26.0,1027645.0,7310077.0,124.0,54995.0,144014.0,33977.0,448263.0,469698.0,125377.0,43788.0,4073.0,213934.0,139638.0,199325.0,21124.947982892154,0.3583400762917582,158.9267136747197,416.177320540978,98.18807074326668,1295.4080453126805,1357.351751242631,362.31938504219164,126.54028436018957,11.770315570454283,618.2348861403307,403.5313836550688,576.0172234423766
E06000050,2018,350076,20.81490876266868,35.19264388304254,1967.0,5.618779922074064,58.25,0.16639244049863458,6.76536967298287,1.115192533,Cheshire West and Chester,21.0,1038540.0,7358763.0,118.0,54145.0,146904.0,34675.0,450436.0,479489.0,127882.0,44731.0,4274.0,209393.0,153138.0,205882.0,21020.472697357145,0.3370696648727705,154.6664152926793,419.63459363109723,99.04992058867218,1286.680606496875,1369.6711571201683,365.2978210445732,127.77511169003303,12.208777522595094,598.1358333618986,437.44215541768074,588.1065825706419
E06000050,2019,353362,20.978486651083024,35.11498123737131,1893.0,5.357112536152727,85.0,0.24054652169729626,6.86662726556344,1.128263474,Cheshire West and Chester,26.0,1049478.0,7480507.0,108.0,55647.0,150729.0,33996.0,466294.0,496152.0,129589.0,46687.0,3766.0,205881.0,162563.0,213508.0,21169.528698615017,0.30563558050950584,157.47873285752286,426.55690198719725,96.20728884260333,1319.5929386861064,1404.08985686067,366.7315670615403,132.12229951154904,10.657625890729621,582.6348051007182,460.0466377256185,604.2189029946627
E06000050,2020,354738,21.10487176451353,35.080820210972604,1886.0,5.31659985679572,167.5,0.47217946766345864,6.87167557536234,1.249139905,Cheshire West and Chester,26.0,1058176.0,7616999.0,127.0,50686.0,162436.0,33999.0,503880.0,520565.0,133280.0,47406.0,3635.0,177678.0,172514.0,218627.0,21472.182286645355,0.3580107008552791,142.88291640591083,457.9041433395914,95.84256549904437,1420.4285980075435,1467.463310950617,375.71390716528816,133.63665578539656,10.246999193771178,500.871065406018,486.313842892501,616.3055550857252
E06000050,2021,357730,21.329494311352136,35.10273111005507,2088.0,5.83680429374109,176.25,0.4926900176110474,7.03033829543067,1.249719977,Cheshire West and Chester,24.0,1065830.0,7752004.0,137.0,50373.0,157118.0,33741.0,525495.0,533008.0,135835.0,47162.0,3400.0,181338.0,182834.0,220021.0,21669.98574343779,0.382970396667878,140.81290358650378,439.20834148659605,94.31973835015235,1468.9710116568363,1489.9728845777543,379.7137505940234,131.8368602018282,9.504374807815951,506.9130349705084,511.09495988594756,615.0476616442569
E06000050,2022,361841,21.489825641649233,35.28096594913235,3669.0,10.139812790700889,222.25,0.614220057981268,7.22538900015406,1.345488906,Cheshire West and Chester,23.0,1074544.0,8001034.0,164.0,54408.0,158203.0,33746.0,539218.0,558350.0,140719.0,48287.0,3090.0,209337.0,192527.0,223735.0,22112.01605124903,0.45323774807166683,150.36438656758077,437.2168991352555,93.2619576001614,1490.2070246323663,1543.0810770476535,388.89733335912734,133.44811671424742,8.53966244842348,578.5331126102349,532.0762434328891,618.3240705171609
E06000050,2023,366508,21.55860172219979,35.68162222925557,4551.0,12.4171914392046,437.5,1.1936983640193393,7.44261630374871,1.328557134,Cheshire West and Chester,23.0,1086471.0,8312045.0,75.0,53586.0,159185.0,33658.0,551924.0,598365.0,148306.0,50563.0,2990.0,215147.0,200657.0,226324.0,22679.027470068868,0.20463400526045816,146.20690407849216,434.32885503181376,91.83428465408667,1505.898916258308,1632.6110207689871,404.6460104554335,137.95878943979395,8.1580756763836,587.0185643969572,547.4832745806367,617.5144880875724
E06000050,2024,370951,21.70205768416853,35.95730972554327,4512.0,12.163331545136689,638.0,1.7199037069586012,7.571647822,1.347227335,Cheshire West and Chester,34.0,1100393.0,8557574.0,103.0,52303.0,160188.0,33999.0,560340.0,641995.0,153924.0,53505.0,2471.0,207600.0,206892.0,228001.0,23069.284083342543,0.2776647050419058,140.99705891074564,431.8306191383768,91.65361462834714,1510.5499109046748,1730.6733234308574,414.9442918336923,144.2373790608463,6.661257147170382,559.6426482203849,557.7340403449513,614.6391302355297
E06000050,2025,373951,21.995929948041322,36.04269008506462,,,661.25,1.76827980136435,,,Cheshire West and Chester,,,,,,,,,,,,,,,,,,,,,,,,,,,,
E06000051,2011,307108,20.816455448897457,34.79362309024838,,,,,,0.518074393,Shropshire,26.0,913700.0,,,,,,,,,,,,,,,,,,,,,,,,,,
E06000051,2012,307921,21.611062577739094,34.23865212181047,961.0,3.12093036850361,,,5.77995515924621,0.553200424,Shropshire,32.0,919552.0,,,,,,,,,,,,,,,,,,,,,,,,,,
E06000051,2013,308181,22.32194716741136,33.682154318403796,1030.0,3.342191763930937,,,6.05124116773901,0.584463775,Shropshire,35.0,923210.0,,,,,,,,,,,,,,,,,,,,,,,,,,
E06000051,2014,309436,22.95919026874701,33.13576959371243,1145.0,3.700280510347859,,,6.17314546559094,0.648989975,Shropshire,35.0,925538.0,5980440.0,177.0,55366.0,112103.0,22741.0,327377.0,365291.0,93536.0,34952.0,5712.0,204931.0,64365.0,161146.0,19326.904432580566,0.5720084282371799,178.925529027004,362.2816996083196,73.49177212735428,1057.9796791582103,1180.5058234982355,302.27898499205,112.95389030364922,18.459390633281195,662.2726508874209,208.00747165811347,520.7732778345118
E06000051,2015,310751,23.45865339130043,32.72974181901265,1270.0,4.086873413118542,,,6.49032535754113,0.609248877,Shropshire,28.0,928368.0,6054243.0,240.0,55438.0,113569.0,23562.0,340340.0,373348.0,96525.0,36163.0,5122.0,192223.0,70174.0,164513.0,19482.617915952003,0.7723225347625591,178.40006950902813,365.46624146020446,75.82276485031424,1095.217714504539,1201.437807118883,310.61846944981676,116.3729159359101,16.482650096057615,618.5756441652641,225.82067314344926,529.4045715058037
E06000051,2016,312836,23.826861358667163,32.23733841373755,1300.0,4.15553197202368,,,6.7834919436943,0.708194554,Shropshire,25.0,933023.0,6147630.0,236.0,58116.0,116130.0,23410.0,346301.0,377208.0,102876.0,37604.0,4945.0,192540.0,76539.0,170170.0,19651.286936286106,0.7543888810750681,185.7714585277909,371.21686762393074,74.83154112698027,1106.9729826490557,1205.769157002391,328.84962088762165,120.20355713536806,15.807004308966997,615.466250687261,244.66173969747726,543.9591351378997
E06000051,2017,315232,24.15776317125165,31.805146685615675,1247.0,3.9558166683585423,,,6.87134787121957,0.711714685,Shropshire,,,6072664.0,324.0,57369.0,118895.0,21983.0,346443.0,380028.0,101447.0,37506.0,4759.0,187333.0,83688.0,172957.0,19264.110242614963,1.0278144350827327,181.98977261191757,377.1666582072886,69.73594051365343,1099.0096183128617,1205.5501979494468,321.8169475180185,118.97903766115115,15.096817581971374,594.2702517510912,265.4806618617399,548.6657445944574
E06000051,2018,317112,24.52098942960216,31.509372083049524,1212.0,3.821993491258609,,,6.89285578060037,0.780085683,Shropshire,23.0,945180.0,6205857.0,182.0,57880.0,123335.0,21326.0,353286.0,401242.0,104706.0,38884.0,4853.0,184893.0,99696.0,185385.0,19569.92166805419,0.5739297156840485,182.5222634274326,388.93198617523143,67.25068745427482,1114.073261182169,1265.3005878049394,330.1861802769999,122.61913771790408,15.303741264915866,583.0526753954439,314.38734579580716,584.6041777037766
E06000051,2019,319729,24.908594465938343,31.316208414000606,1109.0,3.468562438815372,,,6.9442976030449,0.79109782,Shropshire,22.0,952073.0,6304895.0,162.0,59106.0,128472.0,20043.0,369116.0,417885.0,106072.0,39978.0,4079.0,183078.0,112825.0,196166.0,19719.496823872716,0.5066790938576107,184.8628056885675,401.81528732145034,62.687463445605495,1154.4651877058384,1306.9974884980718,331.75595582508936,125.03714082863925,12.757679159538235,572.6036737361953,352.8769676820057,613.5383402819263
E06000051,2020,321054,25.210712216636455,31.202227662636194,1092.0,3.401296978078454,,,6.91088206055804,0.819624484,Shropshire,19.0,957895.0,6323405.0,116.0,55584.0,138011.0,19219.0,402247.0,429624.0,107605.0,40444.0,3700.0,161129.0,121609.0,197943.0,19695.7676901705,0.36130993540027534,173.12975387318022,429.86849564247757,59.86220386601631,1252.8951515944357,1338.1674110897231,335.1616861960916,125.97257782179943,11.524541042939818,501.87507397509455,378.7805166732076,616.5411426115232
E06000051,2021,324669,25.458543932435806,31.265689055622804,1032.0,3.1786219195549927,2.0,0.006160119999137584,7.12004529592226,0.883257866,Shropshire,19.0,965452.0,6360742.0,119.0,54069.0,131836.0,18965.0,415761.0,434911.0,108790.0,41531.0,3509.0,163028.0,129209.0,197708.0,19591.467001777193,0.36652713994868624,166.535764116685,406.0627901031512,58.41333789182213,1280.5688254807203,1339.5519744724627,335.07972735308886,127.91797184209148,10.80793053848689,502.13602160970095,397.971472484284,608.9525023947466
E06000051,2022,327098,25.813670520761363,31.07600780194315,2048.0,6.261120520455643,18.5,0.05655797345138154,7.36493458328284,0.915090203,Shropshire,21.0,973075.0,6612419.0,95.0,58568.0,133734.0,18575.0,428182.0,461569.0,112633.0,43056.0,4010.0,196708.0,134777.0,199636.0,20215.406391968154,0.2904328366422295,179.0533723838116,408.84994711065184,56.7872625329412,1309.032766938349,1411.103094485445,344.34022831078147,131.63027594176668,12.259322894056217,601.3732887391546,412.0385939382081,610.3247344832436
E06000051,2023,329211,26.201433123437553,31.176358019628747,2384.0,7.241556327097211,76.75,0.23313315776204319,7.55101818221481,0.978150725,Shropshire,17.0,981579.0,6820181.0,114.0,58586.0,135500.0,18577.0,439553.0,494994.0,115921.0,43505.0,4333.0,206467.0,140738.0,199637.0,20716.747010276085,0.3462824753729371,177.9588166859552,411.5901352020437,56.42885565792152,1335.1710605052688,1503.5767334627337,352.11763883952847,132.14929027280377,13.161771629745058,627.157051252844,427.5009036757581,606.4104783862022
E06000051,2024,331751,26.56540598219749,31.189054441433484,2480.0,7.475486132671793,26.666666666666668,0.08038157131905155,7.755662073,0.99217999,Shropshire,18.0,989365.0,7046019.0,118.0,59225.0,138461.0,18106.0,445436.0,530701.0,119335.0,46160.0,3011.0,208834.0,150307.0,201630.0,21238.87795364596,0.355688453086803,178.522446051406,417.3642279902698,54.57707738635302,1342.6817100777391,1599.6967605221987,359.7125555009631,139.1404999532782,9.076084171562407,629.4901899316053,453.0717315094755,607.7751084397636
E06000051,2025,333162,27.059208433134632,31.202838258865057,,,15.75,0.0472742989896807,,,Shropshire,,,,,,,,,,,,,,,,,,,,,,,,,,,,
E06000052,2011,535984,21.83143526672438,33.800449267142305,,,,,,0.2762563525,Cornwall,43.0,1596622.0,,,,,,,,,,,,,,,,,,,,,,,,,,
E06000052,2012,539660,22.60942074639588,33.51536152392247,2161.0,4.0043731238187,,,4.7734234544550755,0.2786991895,Cornwall,48.0,1607666.0,,,,,,,,,,,,,,,,,,,,,,,,,,
E06000052,2013,542275,23.163155225669634,33.22981881886497,2377.0,4.3833848139781475,,,4.873106319362465,0.62925601,Cornwall,55.0,1617919.0,,,,,,,,,,,,,,,,,,,,,,,,,,
E06000052,2014,545966,23.65128964074686,32.958462614888106,2534.0,4.641314660619892,,,5.213207597186365,0.3339865505,Cornwall,49.0,1627901.0,12487567.0,625.0,102061.0,241779.0,43286.0,697910.0,749074.0,202594.0,70515.0,12508.0,378669.0,126596.0,396682.0,22872.42612177315,1.1447599301055378,186.93654916240203,442.8462578255789,79.2833253352773,1278.3030445119293,1372.015839814201,371.0743892476821,129.1563943542272,22.909851529216102,693.5761567570142,231.87524497862506,726.5690537505999
E06000052,2015,549572,23.953185387901858,32.75985676126149,2508.0,4.5635512726266985,1.0,0.0018195977961031494,5.468983084496955,0.341189176,Cornwall,40.0,1637813.0,12733144.0,703.0,104198.0,248587.0,43960.0,722870.0,762670.0,213071.0,71731.0,11885.0,360925.0,136478.0,411347.0,23169.20075986404,1.2791772506605141,189.59845115835597,452.32835733989356,79.98951911669444,1315.3326588690836,1387.7526511539888,387.70352201349414,130.521569512275,21.625919806685932,656.7383345585291,248.33506801656563,748.4860946336421
E06000052,2016,553439,24.22218166771767,32.39291051046276,2945.0,5.321272985821382,,,5.52373150795694,0.358785689,Cornwall,38.0,1648977.0,12998166.0,502.0,106479.0,257040.0,44177.0,737756.0,776766.0,220873.0,71600.0,11549.0,357546.0,143878.0,431821.0,23486.176434981997,0.9070557008089419,192.39518718413413,464.4414289560367,79.82270855505304,1333.0394135577724,1403.5259531764116,399.0918601688714,129.37288481657419,20.867701770204125,646.0440988076374,259.97083689440024,780.2503979661716
E06000052,2017,559091,24.41552448528057,32.141100464861715,2602.0,4.653982983092198,,,5.55902926529899,0.3824574945,Cornwall,35.0,1662102.0,12948862.0,658.0,105378.0,264151.0,44180.0,739224.0,790089.0,222056.0,72257.0,11411.0,347386.0,157129.0,443976.0,23160.56241291668,1.17691037773815,188.48094496244798,472.46512642843476,79.02112536241863,1322.189053302593,1413.1670872899044,397.173268752314,129.24014158696883,20.409915380501566,621.34071197712,281.0436941392367,794.1032855116608
E06000052,2018,562127,24.635358201972153,31.868065401590744,2456.0,4.369119433864589,4.25,0.007560569052900857,6.60170395636429,0.780804932,Cornwall,39.0,1674657.0,12950322.0,725.0,104495.0,270694.0,44639.0,737593.0,806977.0,222179.0,73843.0,11028.0,332624.0,170293.0,444835.0,23038.07146783556,1.2897441325536756,185.89215604302942,481.553100989634,79.41088045939797,1312.146543396777,1435.5777253183,395.24698155399045,131.36355307608423,19.618342474209566,591.723934271081,302.9439966413284,791.34252579933
E06000052,2019,565793,24.942514311771266,31.606789055361237,2400.0,4.241834027639084,5.0,0.008837154224248092,5.599420115261295,0.826199234,Cornwall,38.0,1687011.0,13179013.0,569.0,105589.0,276306.0,44603.0,766127.0,836116.0,225898.0,75554.0,8702.0,320537.0,185248.0,450540.0,23292.9940808741,1.0056681507194327,186.62125547682635,488.3517470170186,78.83271797282752,1354.0764908721035,1477.7772082722834,399.259092989839,133.53647005176805,15.380183211881377,566.5269807155621,327.41302914670206,796.2982928385469
E06000052,2020,567075,25.179738129877002,31.520169289776483,1970.0,3.4739672882775645,5.0,0.0088171758585725,5.825572213309815,0.836151302,Cornwall,37.0,1694995.0,13527618.0,459.0,98292.0,304411.0,46070.0,853056.0,883865.0,234674.0,77993.0,7706.0,285965.0,207492.0,455217.0,23855.07737071816,0.8094167438169554,173.33156989816163,536.8090640567826,81.24145836088701,1504.3089538420845,1558.6386280474364,413.8323854869285,137.53559934752897,13.589031433231936,504.280738879337,365.898690649385,802.7456685623595
E06000052,2021,574219,25.371504600161263,31.60205426849338,1889.0,3.2896856425858427,5.0,0.008707479202185927,5.909152306311525,0.802018046,Cornwall,33.0,1707087.0,13711527.0,369.0,95139.0,294226.0,47011.0,894734.0,913373.0,240385.0,79408.0,6769.0,284655.0,222522.0,455758.0,23878.567236542156,0.6426119651213212,165.68417276335333,512.3933551484712,81.86946095479252,1558.1755392977243,1590.635280267633,418.6294776034927,138.28870169743598,11.788185343919306,495.72549845964693,387.52113740576334,793.7006612459707
E06000052,2022,577600,25.619806094182824,31.532375346260388,2728.0,4.7229916897506925,63.5,0.10993767313019391,6.1965987609768,0.85417819,Cornwall,31.0,1719225.0,14166653.0,304.0,101717.0,295689.0,47399.0,923265.0,961072.0,248764.0,81412.0,6402.0,336270.0,237111.0,457438.0,24526.75380886427,0.5263157894736842,176.10283933518005,511.9269390581718,82.06198060941828,1598.4504847645428,1663.905817174515,430.68559556786704,140.9487534626039,11.083795013850416,582.1849030470913,410.51073407202216,791.963296398892
E06000052,2023,581426,25.785740575756847,31.663530698661567,3447.0,5.92852744803294,40.66666666666666,0.06994297927279938,6.270843295335015,0.880506933,Cornwall,23.0,1733964.0,14687457.0,351.0,103829.0,299793.0,47792.0,953715.0,1039985.0,255206.0,83562.0,6067.0,352514.0,255968.0,458167.0,25261.094275109815,0.6036881735594899,178.57646544874154,515.6167766835332,82.19790652636793,1640.3033232088005,1788.67990079563,438.9311795482142,143.7190631309917,10.43468988314936,606.2921162796298,440.24175045491603,788.0056963396889
E06000052,2024,584588,26.134303133146762,31.716525142493516,3200.0,5.473940621429109,11.0,0.018816670886162564,7.606154139,0.980557263,Cornwall,22.0,1745400.0,15174110.0,248.0,103803.0,305715.0,48036.0,968145.0,1131122.0,262510.0,86940.0,5326.0,350700.0,281169.0,459731.0,25956.930350948016,0.4242303981607559,177.5660807269393,522.9580490875625,82.17069115342773,1656.115075916714,1934.9045823725428,449.0512976660486,148.7201242584521,9.110689921791074,599.9096799797464,480.9695033083128,786.4188111969455
E06000052,2025,587081,26.458018569839595,31.745874930375876,,,16.75,0.02853098635452348,,,Cornwall,,,,,,,,,,,,,,,,,,,,,,,,,,,,
E06000054,2011,474319,18.22275725830085,36.414311887147676,,,,,,0.589134157,Wiltshire,43.0,1411229.0,,,,,,,,,,,,,,,,,,,,,,,,,,
E06000054,2012,476806,18.94103681581188,35.846864343150045,2065.0,4.330901876234779,,,5.42841201471034,0.61491555,Wiltshire,44.0,1421324.0,,,,,,,,,,,,,,,,,,,,,,,,,,
E06000054,2013,479505,19.517836101813327,35.427784903181404,2289.0,4.773672850126694,,,5.64128020698282,0.665475428,Wiltshire,41.0,1430630.0,,,,,,,,,,,,,,,,,,,,,,,,,,
E06000054,2014,484344,19.973407330327205,35.05194655038568,2617.0,5.403184513486282,2.0,0.004129296533042631,5.79877584696626,0.677541494,Wiltshire,43.0,1440655.0,8647911.0,324.0,66894.0,158066.0,30741.0,478938.0,512160.0,130061.0,53784.0,9460.0,324765.0,143621.0,240506.0,17854.894455180616,0.6689460383529061,138.11258114067687,326.3506928959583,63.469352361131754,988.8385114711857,1057.4302561815568,268.5302181920288,111.04504236658242,19.531572601291646,670.525494276795,296.5268486860578,496.56029598797545
E06000054,2015,488377,20.302757910384805,34.688570510077255,2600.0,5.323756032737005,2.5,0.005118996185324043,6.10033541987149,0.722688377,Wiltshire,45.0,1452226.0,8856030.0,318.0,67624.0,162829.0,31664.0,504617.0,525552.0,137226.0,55421.0,8103.0,303934.0,154013.0,252741.0,18133.59351484611,0.6511363147732182,138.46679921454123,333.4084119440514,64.83515808484019,1033.252999219865,1076.1194732757685,280.98374821091085,113.47995503473751,16.591690435872287,622.334794636111,315.3567837961247,517.5120859499935
E06000054,2016,492706,20.616351333249444,34.17535000588586,2999.0,6.086794153105504,2.5,0.005074019800854871,6.32352600695097,0.781937957,Wiltshire,44.0,1465427.0,9003627.0,245.0,68950.0,166972.0,32481.0,521081.0,529884.0,143076.0,56640.0,7453.0,291163.0,157367.0,264659.0,18273.832671004617,0.49725394048377736,139.94146610757736,338.88769367533575,65.92369486062682,1057.5901247397028,1075.456763262473,290.3881828108446,114.95699260816795,15.126667830308541,590.9467309105228,319.39330960045135,537.1540025897798
E06000054,2017,497177,20.843884572295178,33.83483145841421,2754.0,5.539274745211464,4.25,0.008548263495696705,6.52090525508247,0.820538998,Wiltshire,36.0,1478260.0,9123217.0,300.0,69652.0,172349.0,35718.0,534888.0,547648.0,147655.0,57995.0,7612.0,286663.0,162715.0,275559.0,18350.038316334023,0.6034068349903555,140.0949762358275,346.65521534584263,71.84161777395174,1075.8502505144043,1101.5151545626607,296.98678740166986,116.6485979842189,15.310442759821955,576.581378462801,327.2778105181857,554.2472801436913
E06000054,2018,498703,21.19116989470687,33.483656605233975,2702.0,5.41805443319972,7.0,0.014036410448703938,6.77437060982489,0.819426239,Wiltshire,26.0,1488586.0,9207981.0,243.0,68520.0,174066.0,38904.0,547222.0,566361.0,153924.0,60543.0,7305.0,276891.0,168789.0,283647.0,18463.857245695333,0.48726396271929384,137.39640627788484,349.03740302344283,78.01035887091113,1097.2903712229522,1135.6679225912017,308.64863455804357,121.40091397084036,14.647996903968895,555.2222465074403,338.45595474661275,568.7693877919323
E06000054,2019,502985,21.534638209886975,33.44374086702387,3668.0,7.2924639899798205,1.0,0.0019881308587731245,7.02622377622378,0.830836535,Wiltshire,29.0,1498865.0,9423995.0,238.0,72021.0,180449.0,40847.0,572867.0,588017.0,158900.0,63061.0,6272.0,275635.0,177371.0,295354.0,18736.13527242363,0.4731751443880036,143.1871725796992,358.75622533475155,81.20918118830582,1138.9345606727834,1169.0547431831963,315.9139934590495,125.37352008509201,12.469556746225036,547.9984492579301,352.6367585514479,587.2024016620774
E06000054,2020,507047,21.699960753145174,33.63849899516219,2163.0,4.26587673332058,5.0,0.009861018801018447,7.16406884834158,0.842342734,Wiltshire,30.0,1508735.0,9588877.0,153.0,65920.0,200230.0,42538.0,624308.0,612436.0,165664.0,65445.0,5409.0,241998.0,187940.0,303482.0,18911.219275530668,0.30174717531116446,130.00767187262718,394.8943589055847,83.89360355154453,1231.2625851252449,1207.8485820841065,326.72316373038393,129.07087508653046,10.667650138941754,477.2693655617724,370.65597469268135,598.528341554136
E06000054,2021,513240,21.91138648585457,33.77308861351415,2029.0,3.9533161873587406,15.0,0.02922609305588029,7.34007568139977,0.829269648,Wiltshire,32.0,1523272.0,9668626.0,142.0,64894.0,193067.0,44082.0,645598.0,623404.0,166644.0,65837.0,4958.0,237846.0,194798.0,298534.0,18838.410879900242,0.2766736809290001,126.43987218455305,376.1729405346427,85.889642272621,1257.8871483126804,1214.6442210271998,324.69020341360766,128.27721923466603,9.660197958070299,463.4206219312602,379.54563167329127,581.6654976229444
E06000054,2022,515957,22.28402754493107,33.623538395641496,3813.0,7.390150729615065,33.0,0.06395881827361583,7.48959611556296,0.831961572,Wiltshire,23.0,1536472.0,10003641.0,186.0,69585.0,196238.0,44647.0,663695.0,664372.0,169686.0,68581.0,4669.0,274709.0,202387.0,300622.0,19388.516872530075,0.36049515754219824,134.8658899869563,380.3378963750855,86.53240483218563,1286.337814972953,1287.6499398205665,328.87624356293253,132.91999139463172,9.049203712712494,532.426151791719,392.2555561800692,582.6493293045738
E06000054,2023,519941,22.637183834319664,33.73248118536526,4008.0,7.708566933555923,103.5,0.19906104731113725,7.64773301630918,0.932452559,Wiltshire,25.0,1549204.0,10441365.0,132.0,69908.0,199786.0,45703.0,688400.0,729322.0,177036.0,70755.0,4578.0,288834.0,214908.0,306031.0,20081.826591863308,0.2538749588895663,134.4537168640288,384.247443459931,87.90035792522613,1323.9963765119505,1402.7014603580021,340.49247895434286,136.08274785023687,8.804845165124505,555.513029362947,413.3315126139312,588.5879359388854
E06000054,2024,524001,23.039269009028608,33.81443928542121,3906.0,7.454184247739986,81.25,0.15505695599817557,7.790222239,0.994109929,Wiltshire,33.0,1559664.0,10945885.0,67.0,71652.0,203097.0,46766.0,715162.0,802111.0,184882.0,73497.0,4122.0,291179.0,235144.0,311963.0,20889.053646844186,0.1278623514077263,136.74019706069262,387.58895498291037,89.24792128259297,1364.810372499289,1530.7432619403398,352.8275709397501,140.26118270766656,7.866397201532057,555.6840540380649,448.74723521519996,595.3481004807243
E06000054,2025,526392,23.501876928220792,33.88387361510053,,,178.25,0.3386259669599842,,,Wiltshire,,,,,,,,,,,,,,,,,,,,,,,,,,,,
E06000055,2011,157840,15.924353775975671,39.957551951343135,,,,,,2.020223618,Bedford,76.0,469183.0,,,,,,,,,,,,,,,,,,,,,,,,,,
E06000055,2012,160344,16.233847228458814,39.56306441151524,1456.0,9.080476974504814,,,6.60155714806484,1.936282516,Bedford,80.0,474719.0,,,,,,,,,,,,,,,,,,,,,,,,,,
E06000055,2013,163672,16.491519624615083,39.45207488147026,1600.0,9.775648858692996,,,6.77704980262143,2.136617899,Bedford,76.0,481856.0,,,,,,,,,,,,,,,,,,,,,,,,,,
E06000055,2014,166856,16.63230570072398,39.238624922088505,1809.0,10.841683847149637,11.25,0.06742340700963705,6.84899786463075,2.155239344,Bedford,82.0,490872.0,2681616.0,264.0,24238.0,54822.0,9392.0,126572.0,161523.0,50958.0,16321.0,1942.0,104697.0,42050.0,79852.0,16071.438845471544,1.5822026178261495,145.26298125329626,328.55875725176196,56.2880567675121,758.5702641798916,968.038308481565,305.401064390852,97.81488229371433,11.638778347796903,627.4691949944863,252.01371242268783,478.5683463585367
E06000055,2015,170149,16.699481043085765,39.13746187165367,2060.0,12.10703559821098,12.5,0.07346502183380449,6.95910052833883,2.36996007,Bedford,66.0,500677.0,2746885.0,163.0,25120.0,56204.0,9399.0,134134.0,163079.0,52837.0,17243.0,1896.0,100489.0,43478.0,84451.0,16143.997319996004,0.9579838847128105,147.63530787721348,330.3222469717718,55.239819217274274,788.3325790924425,958.4481836508002,310.53370869061825,101.34058971842326,11.143174511751464,590.5941263245743,255.52897754321214,496.3355647109298
E06000055,2016,173703,16.649683655434853,39.02177855304744,2341.0,13.477026879213371,15.25,0.0877935326390448,6.82229061150136,2.300301313,Bedford,62.0,510708.0,2755373.0,133.0,24912.0,57939.0,9552.0,136733.0,160328.0,52705.0,18248.0,1833.0,105510.0,45144.0,86786.0,15862.552748081496,0.7656747436716694,143.41721213795964,333.55209754581097,54.9904146733217,787.1654490711156,923.0007541608377,303.42020575349875,105.05287761293702,10.55249477556519,607.4161068029913,259.89188442341236,499.6229195811241
E06000055,2017,175537,16.723539766544945,38.66250420139344,1991.0,11.342338082569487,5.5,0.03133242564245714,7.1020078756592,2.530354023,Bedford,53.0,519389.0,2712992.0,100.0,24742.0,57914.0,9928.0,137934.0,164102.0,52723.0,18719.0,2018.0,100783.0,47028.0,88987.0,15455.385474287474,0.5696804662264935,140.95034095375902,329.92474521041146,56.55787668696628,785.7830542848516,934.8570386870005,300.35263220859423,106.63848647293733,11.496151808450639,574.141064277047,267.9093296569954,506.94155648096984
E06000055,2018,178288,16.724064435071345,38.59205330700888,2063.0,11.571165754285202,4.0,0.02243560979987436,7.23343393075886,2.578659296,Bedford,46.0,527528.0,2724583.0,155.0,24807.0,58199.0,10595.0,140253.0,170047.0,55979.0,19272.0,2291.0,100856.0,50254.0,93039.0,15281.92026384277,0.8693798797451314,139.14004307637083,326.432513685722,59.42632145741721,786.6653953154447,953.7770349098088,313.98075024679173,108.09476801579467,12.84999551287804,565.6914654940322,281.8697837207215,521.8466750426276
E06000055,2019,180651,16.847401896474416,38.52234418851819,2201.0,12.183713347836436,7.0,0.03874874758512269,7.44882218614646,2.584636688,Bedford,42.0,534476.0,2789678.0,152.0,25521.0,58045.0,11059.0,147828.0,174847.0,58796.0,20080.0,1971.0,104185.0,50375.0,96897.0,15442.36123796713,0.8414013761340928,141.27239815998806,321.3101505112067,61.217485649124555,818.3071225733597,967.8717527165641,325.46733757355344,111.1535502156091,10.91054021289669,576.7197524508583,278.85259422865084,536.3767706793762
E06000055,2020,182346,16.919482741601133,38.50427209809922,1859.0,10.194904193127352,5.75,0.03153345837035087,7.42228871001906,2.56714654,Bedford,34.0,541285.0,2819054.0,98.0,22368.0,61119.0,11368.0,163842.0,181692.0,60962.0,20193.0,1701.0,84078.0,50733.0,97193.0,15459.916861351496,0.5374398122251105,122.66789510052318,335.18146819782174,62.34301821811282,898.5225889243526,996.4134118653549,334.3204676823182,110.74002171695568,9.328419597907274,461.0904544108453,278.2238162613932,533.0141598938282
E06000055,2021,185796,16.83243988029882,38.88781243944972,1922.0,10.344679110422184,13.75,0.07400589894292665,7.58578192903937,2.326727152,Bedford,35.0,548793.0,2828727.0,101.0,22126.0,59302.0,11110.0,169276.0,182863.0,59528.0,20301.0,1631.0,92768.0,48959.0,94739.0,15224.90796357295,0.5436069667807704,119.08760145535965,319.1780232082499,59.796766345884734,911.085276324571,984.2138689745743,320.3944110745118,109.26500032293484,8.778445176430063,499.3003078645396,263.50944046158156,509.9087170875584
E06000055,2022,187805,16.99635259977104,38.680546311333565,2210.0,11.76752482628258,21.0,0.11181810920902,8.20262229074553,2.389791489,Bedford,31.0,555766.0,2966382.0,63.0,24784.0,60759.0,11813.0,176155.0,192565.0,62470.0,21500.0,1624.0,120494.0,50072.0,96352.0,15795.010782460531,0.33545432762705996,131.96666755411198,323.5217379728974,62.90034876600729,937.9675727483294,1025.345438087378,332.632251537499,114.48044514256809,8.647267112164212,641.5910119538884,266.61696972924045,513.0427837384522
E06000055,2023,191452,17.05336063347471,38.89747821908364,3320.0,17.34116123101352,173.75,0.9075381818941562,8.63216703165439,2.567649364,Bedford,39.0,564995.0,3126395.0,23.0,24976.0,62539.0,12337.0,183711.0,210490.0,68966.0,22533.0,1771.0,135839.0,51697.0,97240.0,16329.915592420033,0.1201345506967804,130.45567557403422,326.6562898272152,64.43912834548607,959.5668888285314,1099.4400685289263,360.2260618849633,117.69529699350228,9.25036040365209,709.5198796565196,270.0259072770198,507.90798738064893
E06000055,2024,194881,17.159702587733026,38.96480416254022,3254.0,16.697369163746078,186.25,0.9557114341572549,9.151636196,2.506133318,Bedford,38.0,574175.0,3272124.0,54.0,25533.0,65163.0,12234.0,192675.0,230947.0,74205.0,23756.0,1699.0,141293.0,55021.0,99306.0,16790.36950754563,0.27709217419861354,131.01841636691108,334.373284209338,62.77677146566366,988.6802715503306,1185.0667843453184,380.77082937792807,121.900031301153,8.71814081413786,725.0219364637908,282.331268825591,509.57250835125024
E06000055,2025,196398,17.430931068544485,38.78858236845589,,,216.0,1.0998075336816058,,,Bedford,,,,,,,,,,,,,,,,,,,,,,,,,,,,
E06000056,2011,255644,15.754330240490683,38.11276619048364,,,,,,1.167343259,Central Bedfordshire,37.0,758433.0,,,,,,,,,,,,,,,,,,,,,,,,,,
E06000056,2012,259524,16.351859558268213,37.72791726391394,1697.0,6.538894283380342,,,5.69295454594157,1.206358671,Central Bedfordshire,32.0,767628.0,,,,,,,,,,,,,,,,,,,,,,,,,,
E06000056,2013,263425,16.714434848628642,37.429249311948375,1957.0,7.4290595046028285,,,5.89081053978572,1.28709197,Central Bedfordshire,27.0,778593.0,,,,,,,,,,,,,,,,,,,,,,,,,,
E06000056,2014,267066,17.054585757827653,37.02118577430298,2021.0,7.567417791856695,2.0,0.007488785543648387,6.00273110440458,1.330157876,Central Bedfordshire,24.0,790015.0,4499643.0,111.0,37089.0,91865.0,19222.0,230940.0,304173.0,81923.0,27735.0,3088.0,167367.0,60072.0,152122.0,16848.430724989328,0.41562759767248547,138.8757835141875,343.97864198362953,71.97471786000465,864.7300667250793,1138.9431825840804,306.75188904615334,103.850733526544,11.562684879393109,626.6877850418997,224.93316258902294,569.60451723544
E06000056,2015,270962,17.313128778205062,36.73909994759413,2039.0,7.525040411570626,1.0,0.003690554395081229,6.04479583364782,1.38814199,Central Bedfordshire,25.0,801453.0,4639958.0,118.0,37523.0,92911.0,19663.0,250309.0,314871.0,85826.0,29202.0,3081.0,161002.0,66456.0,161161.0,17124.01738989231,0.435485418619585,138.48067256663296,342.8930994013921,72.56737107048221,923.7789800783873,1162.0485529336217,316.74552151224157,107.77156944516206,11.370598091245267,594.1866387168681,245.25948287951815,594.773436865686
E06000056,2016,274909,17.508339123128017,36.47061391224005,2260.0,8.220902189451783,,,5.9445382116477,1.359888196,Central Bedfordshire,20.0,812937.0,4718123.0,83.0,37706.0,97062.0,20554.0,260321.0,317249.0,86905.0,30433.0,3092.0,161625.0,72399.0,167928.0,17162.49013309859,0.3019180892586274,137.158114139588,353.0695612002517,74.76655911592565,946.9351676372909,1154.0146011953045,316.1227897231447,110.70208687238322,11.247358216718988,587.9218214027187,263.3562378823538,610.8494083496721
E06000056,2017,277655,17.792584322270443,36.074985143433395,1995.0,7.185175847724694,2.333333333333333,0.008403714441783266,6.19428403551132,1.396682382,Central Bedfordshire,18.0,823526.0,4763647.0,87.0,37875.0,101041.0,21397.0,267415.0,330511.0,89078.0,31590.0,3466.0,159248.0,77929.0,172665.0,17156.712466910372,0.3133384956150619,136.41029334966055,363.90844753381,77.06326196178712,963.1196989069168,1190.3657416578128,320.82260359078714,113.77428823540005,12.483117537951776,573.5463074679008,280.6684554573121,621.8688660387891
E06000056,2018,280414,17.946322223569435,35.99962911980143,2157.0,7.692197964438295,8.25,0.029420784982204882,6.34124418942475,1.508102179,Central Bedfordshire,17.0,832978.0,4764006.0,75.0,37399.0,100102.0,21491.0,268660.0,338424.0,90715.0,32730.0,3768.0,152356.0,81135.0,175282.0,16989.18741574957,0.267461681656408,133.3706590969067,356.97932342893006,76.64025333970487,958.0834052508077,1206.872695371843,323.50381935281405,116.72027787485646,13.43727488641794,543.3252262725828,289.3400472159022,625.0829131213135
E06000056,2019,284688,18.074172427359073,36.12656662732535,2409.0,8.461895127297252,13.5,0.04742033383915023,6.45058094328305,1.461961865,Central Bedfordshire,18.0,842757.0,4831814.0,72.0,37964.0,98811.0,21903.0,277167.0,345853.0,91855.0,33509.0,3204.0,147244.0,84424.0,179552.0,16972.313550272578,0.25290844714213456,133.3530039903333,347.0852301466869,76.93685719103017,973.5816051256112,1214.8492384645647,322.65146405889953,117.7042938234137,11.254425897824989,517.2118248749508,296.54920474343845,630.6974652953409
E06000056,2020,289105,18.061949810622437,36.31587139620553,2159.0,7.467874993514467,11.0,0.03804845990211169,6.51491297122365,1.38410759,Central Bedfordshire,16.0,854207.0,4952739.0,98.0,35243.0,106398.0,22998.0,309219.0,362699.0,96391.0,34217.0,2822.0,130202.0,88650.0,184885.0,17131.281022465886,0.33897718821881323,121.90380657546567,368.0254578786254,79.54895280261496,1069.5733384064615,1254.558032548728,333.41173622040435,118.3549229518687,9.761159440341745,450.36232510679514,306.63599730201827,639.5081371819928
E06000056,2021,295651,18.009747979881684,36.8478374840606,2503.0,8.466063027014961,13.25,0.04481635441787784,6.68376053717059,1.410603046,Central Bedfordshire,18.0,869444.0,5023030.0,100.0,33366.0,103582.0,22954.0,323815.0,372359.0,100467.0,34904.0,2666.0,131921.0,89307.0,185137.0,16989.727753330786,0.3382366371160591,112.8560363401443,350.35227345755635,77.63883768362022,1095.260966477367,1259.4545595989866,339.81620221139116,118.05811581898928,9.017388745514136,446.2051540498764,302.06899350923896,626.2011628575584
E06000056,2022,302158,18.09053541524633,37.08357878990462,2784.0,9.213722621939514,54.75,0.18119659251120276,7.1167645414458,1.456697941,Central Bedfordshire,22.0,886585.0,5249873.0,89.0,35544.0,105402.0,22831.0,335800.0,395827.0,107237.0,36414.0,2478.0,152405.0,91816.0,188731.0,17374.59541034823,0.294547885543325,117.63382071631398,348.8307441801971,75.55980645887252,1111.3391007353769,1310.000066190536,354.9037258652758,120.51310903567008,8.201007419959096,504.3884325419151,303.86751302298796,624.6103032188458
E06000056,2023,309755,18.087197946764377,37.51255024131975,2999.0,9.681845329373214,315.5,1.01854691611112,7.49411328885123,1.607881427,Central Bedfordshire,26.0,906862.0,5411950.0,90.0,35944.0,108483.0,23189.0,344069.0,424552.0,114399.0,37462.0,2427.0,154896.0,95815.0,189019.0,17471.711513938433,0.29055221061806913,116.0400962050653,350.22194960533324,74.86239124469338,1110.7778728349824,1370.6058013591387,369.32091491662766,120.9407434908234,7.835224613000596,500.0597246210715,309.32511178189213,610.2209810979646
E06000056,2024,316062,18.25401345305668,37.60749473204624,2673.0,8.457201435161457,185.75,0.5877011472432624,7.944253788,1.623187065,Central Bedfordshire,26.0,927088.0,5533800.0,88.0,34993.0,111300.0,22826.0,345972.0,448914.0,116831.0,38444.0,2257.0,151777.0,102059.0,187454.0,17508.59008675513,0.27842638469667347,110.71561908739424,352.1460979174972,72.2200074668894,1094.6333314349718,1420.3352506786644,369.6458289829211,121.63436287816948,7.1410039802317264,480.2127430693978,322.90816358815675,593.0924945105706
E06000056,2025,321605,18.44405404144836,37.638407363069604,,,203.5,0.632763794095241,,,Central Bedfordshire,,,,,,,,,,,,,,,,,,,,,,,,,,,,
E06000057,2011,316278,20.195208013203573,33.79653342945131,,,,,,0.365285516,Northumberland,21.0,946230.0,,,,,,,,,,,,,,,,,,,,,,,,,,
E06000057,2012,315924,21.095263417784025,33.22096453577443,581.0,1.8390498980767527,,,6.84212651581055,0.40770334,Northumberland,23.0,947665.0,,,,,,,,,,,,,,,,,,,,,,,,,,
E06000057,2013,315013,21.854971064686218,32.76785402507198,621.0,1.971347214241952,,,7.13298242048894,0.473169029,Northumberland,21.0,947215.0,,,,,,,,,,,,,,,,,,,,,,,,,,
E06000057,2014,315274,22.49408451061616,32.36137455039109,671.0,2.1283074405120623,1.0,0.0031718441736394375,7.29764611402767,0.539287686,Northumberland,27.0,946211.0,7906048.0,425.0,59074.0,136668.0,26602.0,429535.0,528116.0,119265.0,41135.0,2664.0,224829.0,134849.0,230278.0,25076.752285313727,1.348033773796761,187.37352271357614,433.4895995229546,84.37739870715632,1362.4180871242158,1675.101657605765,378.2899953691075,130.47381008265828,8.449792878575462,713.1225537151811,427.7200149711045,730.4059326173423
E06000057,2015,314188,23.020930143735598,31.890460488624644,600.0,1.909684647408558,1.0,0.00318280774568093,7.60161060930716,0.572857022,Northumberland,24.0,944475.0,8030687.0,372.0,61712.0,138067.0,25810.0,449766.0,540281.0,123034.0,41866.0,2569.0,218498.0,159974.0,237351.0,25560.13278673915,1.184004481393306,196.41743160146154,439.440717022929,82.14826791602479,1431.518708543929,1719.6105516442383,391.59356818210756,133.2514290806778,8.17663309865431,695.4371268157919,509.1664863075611,755.4426012451145
E06000057,2016,314327,23.51372933282855,31.43128016365123,687.0,2.185621979658127,11.0,0.03499540287662212,7.76773374173546,0.651822209,Northumberland,23.0,943789.0,8109939.0,324.0,63054.0,139465.0,24047.0,465928.0,549651.0,127164.0,42741.0,2376.0,214113.0,182148.0,244642.0,25800.96205543908,1.0307736847295967,200.60001208932098,443.6939874716458,76.50313208855745,1482.3034610453444,1748.6598351398384,404.5595828547977,135.976228577246,7.559007021350377,681.1791541929265,579.4856948337241,778.3041227765989
E06000057,2017,315663,23.957828443625004,31.03056107304309,614.0,1.9451123508298407,33.0,0.10454186901854193,7.88379738841317,0.619484544,Northumberland,15.0,944178.0,8306571.0,286.0,63795.0,141897.0,22453.0,492839.0,574172.0,131835.0,44262.0,2373.0,215928.0,203828.0,257401.0,26314.680529552086,0.90602953149403,202.09844042539038,449.52053297345583,71.12965409313097,1561.2821268251269,1818.9398187307352,417.64476672907495,140.21915777268796,7.5175107630606055,684.0459604071431,645.7139417670111,815.4297462800519
E06000057,2018,316153,24.339164898008242,30.700958080423085,666.0,2.1065749811009225,80.75,0.25541430889474404,8.08279631441919,0.658707261,Northumberland,16.0,946143.0,8403189.0,426.0,63777.0,142770.0,22096.0,511833.0,594320.0,137600.0,45201.0,2543.0,210398.0,211766.0,265952.0,26579.50106435808,1.347448861785275,201.72827713164196,451.58515022789595,69.89021138499398,1618.9408292820249,1879.8493134653158,435.2323084076381,142.97191549661082,8.043573839248717,665.494238549057,669.821257429156,841.2129570176465
E06000057,2019,318027,24.844117008933203,30.48734855845573,616.0,1.9369424608602412,132.5,0.4166312923116591,8.35848890712465,0.714121282,Northumberland,,,8506083.0,371.0,64902.0,146606.0,21960.0,536481.0,610674.0,142814.0,47474.0,2190.0,210546.0,215651.0,276217.0,26746.417756982897,1.1665676184726455,204.07701232914187,460.9860169105139,69.05074097482289,1686.903942118122,1920.1954551028687,449.062500982621,149.2766337449336,6.886207774811573,662.0381288381175,678.0902250437856,868.5331748562229
E06000057,2020,318490,25.230933467298815,30.35071744795755,546.0,1.7143395397029733,229.75,0.7213727275581651,8.31533751683138,0.687639654,Northumberland,13.0,952670.0,8612780.0,370.0,59383.0,159510.0,22009.0,588626.0,629557.0,148142.0,48348.0,2096.0,192763.0,217700.0,280474.0,27042.544506891896,1.161731922509341,186.45169393073564,500.8320512417972,69.1042104932651,1848.177336808063,1976.6931457816572,465.13862287669946,151.80382429589625,6.581054350215077,605.2403529153191,683.537944676442,880.6367546861754
E06000057,2021,321532,25.590298943806527,30.418123235012377,470.0,1.4617518629560977,276.75,0.8607230384534043,8.5014002561709,0.734351397,Northumberland,9.0,958049.0,8665954.0,371.0,56549.0,153796.0,22144.0,616630.0,639937.0,150769.0,48710.0,1956.0,188763.0,220107.0,281444.0,26952.07319955712,1.1538509386313025,175.87362999639228,478.32253088339576,68.87028351765922,1917.787343094933,1990.274684945822,468.9082268638891,151.49347498849258,6.083375838174738,587.0737593769827,684.5570580844208,875.321896420885
E06000057,2022,324293,25.989768511808766,30.461033694837692,1718.0,5.297678334099102,325.75,1.004492850601154,8.75263139115853,0.721761107,Northumberland,8.0,964649.0,8990640.0,309.0,62269.0,156755.0,21434.0,640339.0,675238.0,157607.0,50986.0,1981.0,209774.0,224312.0,287639.0,27723.817658722204,0.9528420286592679,192.0146287462264,483.3746025970342,66.09455029864968,1974.5692938176278,2082.1849376952323,486.0018563459588,157.22201835993994,6.108673329365728,646.8656431066967,691.695472921093,886.9725834353501
E06000057,2023,327366,26.346657869173953,30.657429299316362,1797.0,5.489268891699199,447.25,1.366207852984122,8.96337674077003,0.767459691,Northumberland,13.0,974024.0,9365210.0,425.0,64569.0,158718.0,20951.0,665507.0,729859.0,166544.0,52810.0,1976.0,218255.0,233612.0,293916.0,28607.766231068592,1.2982411123940787,197.23795384981946,484.8334891222668,63.99870481357257,2032.9142305554026,2229.489317766659,508.73945370013996,161.31791328360308,6.036057501389882,666.7002682013405,713.6110652908366,897.8207877421601
E06000057,2024,330615,26.75861651770186,30.732725375436686,1961.0,5.931370325000378,642.25,1.9425918364260546,9.164237191,0.754932344,Northumberland,15.0,983912.0,9855780.0,336.0,64758.0,163120.0,21209.0,695627.0,792983.0,176299.0,55107.0,1731.0,217910.0,250752.0,299723.0,29810.44417222449,1.0162878272310694,195.8713307018738,493.3835427914644,64.15014442780878,2104.0394416466283,2398.5088395868306,533.2456180149115,166.68027766435281,5.2356971099314915,659.1050012854831,758.4410870650153,906.5620132177911
E06000057,2025,333975,27.22060034433715,30.792424582678343,,,682.75,2.0443146942136385,,,Northumberland,,,,,,,,,,,,,,,,,,,,,,,,,,,,
E06000058,2011,379441,20.352307736907715,39.67599705883128,,,,,,2.139884233,"Bournemouth, Christchurch and Poole",73.0,1120149.0,,,,,,,,,,,,,,,,,,,,,,,,,,
E06000058,2012,382465,20.76425293817735,39.35628096688586,3403.0,8.897546180696272,,,5.69885150810539,2.18635273,"Bournemouth, Christchurch and Poole",70.0,1135666.0,,,,,,,,,,,,,,,,,,,,,,,,,,
E06000058,2013,385483,21.00585499230835,39.13920977059948,3742.0,9.707302267544872,,,5.77892038673627,2.222640514,"Bournemouth, Christchurch and Poole",63.0,1147389.0,,,,,,,,,,,,,,,,,,,,,,,,,,
E06000058,2014,389727,21.149676568469722,38.96881663318169,4091.0,10.497091553831272,,,5.84509706740067,2.402064562,"Bournemouth, Christchurch and Poole",49.0,1157675.0,7296078.0,359.0,67765.0,133190.0,28804.0,381191.0,370285.0,96825.0,47438.0,6031.0,276494.0,105395.0,164557.0,18720.997005596226,0.9211576308544186,173.87812494387097,341.75204694568254,73.90814595858126,978.0974887549489,950.1137976070429,248.4431409679083,121.72110220744264,15.474935018615595,709.4555932742663,270.4328927685277,422.2365912549041
E06000058,2015,392499,21.189862904109308,38.83474862356337,4468.0,11.383468492913359,,,5.89408369725032,2.530993462,"Bournemouth, Christchurch and Poole",53.0,1167709.0,7406296.0,266.0,67895.0,136293.0,30006.0,403154.0,371395.0,99408.0,48731.0,5685.0,262576.0,113950.0,171265.0,18869.59202443828,0.6777087330158803,172.98133243651574,347.2441968005014,76.44860241682144,1027.146565978512,946.2317101444845,253.2694350813633,124.1557303330709,14.484113335320599,668.9851439111947,290.31921100435926,436.3450607517471
E06000058,2016,397066,21.13175139649328,38.81092815803922,4834.0,12.174298479346001,,,5.96849135069967,2.530896425,"Bournemouth, Christchurch and Poole",54.0,1179292.0,7180181.0,210.0,64309.0,132099.0,28810.0,397573.0,355000.0,96618.0,47348.0,4981.0,249126.0,119592.0,167713.0,18083.091979670888,0.5288793298847043,161.96048012169263,332.6877647544741,72.55720711418252,1001.2768658107216,894.0579148050954,243.3298242609541,119.24465957800466,12.544514010265296,627.4171044612231,301.1892229503407,422.380662156921
E06000058,2017,399374,21.183151632304558,38.505511124910484,3959.0,9.913013866701387,,,6.04471655060646,2.697825909,"Bournemouth, Christchurch and Poole",58.0,1188939.0,7091402.0,124.0,62526.0,132978.0,28398.0,399577.0,356733.0,97039.0,46626.0,4735.0,236463.0,131062.0,167557.0,17756.29359948319,0.310485910449854,156.5600164257062,332.9660919338765,71.10628133028189,1000.5082954824301,893.2304055847401,242.9777601947047,116.74771016641043,11.856054725645635,592.0841116347083,328.16858383369976,419.54909433263055
E06000058,2018,400064,21.272596384578467,38.233382658774595,3835.0,9.585966245400735,8.0,0.019996800511918093,6.1756111087411,2.718080282,"Bournemouth, Christchurch and Poole",51.0,1196504.0,6962619.0,119.0,58978.0,134407.0,29264.0,395629.0,358248.0,96341.0,46543.0,4836.0,223222.0,133788.0,165782.0,17403.762897936333,0.29745240761478164,147.42141257398816,335.9637458006719,73.1482962725964,988.9142737162055,895.4767237242041,240.81396976483762,116.33888577827547,12.088065909454487,557.9657254839225,334.41649336106224,414.3886978083506
E06000058,2019,400182,21.528704439480038,37.93998730577587,4901.0,12.246927647920197,7.0,0.01749204112128981,6.38784438738331,2.773501873,"Bournemouth, Christchurch and Poole",54.0,1199620.0,7012405.0,55.0,59163.0,138593.0,29805.0,406668.0,369126.0,100126.0,47720.0,4627.0,219165.0,145815.0,168392.0,17523.03951701976,0.1374374659529914,147.84023269412415,346.324922160417,74.4786122314347,1016.2076255303836,922.3953101338891,250.2011584728948,119.24574318684998,11.562239181172567,547.6633131924974,364.37171087155343,420.78854121374775
E06000058,2020,399564,21.613058233474487,37.759407754452354,4333.0,10.84432030913696,7.75,0.019396141794556065,6.42867951376076,2.750748158,"Bournemouth, Christchurch and Poole",50.0,1199810.0,7311136.0,41.0,54264.0,156869.0,32114.0,459296.0,399083.0,108690.0,50613.0,4353.0,194884.0,164439.0,174211.0,18297.784585197867,0.10261184691313532,135.80803075352134,392.6004344735762,80.37260614069336,1149.4929473125708,998.7961878447508,272.02150343874825,126.67057092230533,10.894374868606782,487.74163838584053,411.54608523290386,436.002742989859
E06000058,2021,400155,21.707838212692582,37.5449513313591,2801.0,6.999787582311854,61.75,0.15431520285889216,6.54007720997186,2.628339529,"Bournemouth, Christchurch and Poole",46.0,1199901.0,7548473.0,45.0,52320.0,157551.0,32802.0,487308.0,416520.0,115712.0,52811.0,3827.0,200107.0,173896.0,178195.0,18863.87274930964,0.1124564231360348,130.74933463282977,393.72493158900926,81.97323537129363,1217.7981032349965,1040.8966525471378,289.1679474203746,131.97635916082518,9.563794029813447,500.0737214329447,434.57160350364234,445.3149404605715
E06000058,2022,403014,21.733240036326283,37.78553598634291,5558.0,13.791084180698437,256.75,0.6370746425682482,6.73338903621899,2.545860291,"Bournemouth, Christchurch and Poole",36.0,1202503.0,7812420.0,35.0,55084.0,161163.0,32421.0,496751.0,438329.0,120465.0,55361.0,3708.0,235896.0,175351.0,179131.0,19384.984144471407,0.08684561826636295,136.68011533098107,399.89429647605294,80.44633685182153,1232.5899348409732,1087.6272288307603,298.91021155592614,137.36743636697486,9.200672929476395,585.3295419017701,435.09902881785746,444.47835559062463
E06000058,2023,406976,21.708405409655605,38.15581262777166,8802.0,21.627810976568643,703.25,1.7279888740367981,6.89578110229748,2.667281628,"Bournemouth, Christchurch and Poole",34.0,1209565.0,7942268.0,27.0,55870.0,160958.0,32093.0,502079.0,471590.0,124576.0,57137.0,3551.0,244094.0,181159.0,179081.0,19515.322770875922,0.06634297845573203,137.28082245636105,395.497523195471,78.85722991036326,1233.68208444724,1158.7661188866175,306.1015883000472,140.39402814908007,8.725330240603869,599.7749253027206,445.1343568171096,440.02840462336843
E06000058,2024,408009,21.87745858547238,38.13053143435562,7568.0,18.548610447318563,545.0,1.3357548485450077,7.01506857,2.711210966,"Bournemouth, Christchurch and Poole",43.0,1218377.0,8142585.0,22.0,55532.0,162016.0,32198.0,504724.0,514539.0,128458.0,60493.0,3288.0,239523.0,191241.0,179601.0,19956.875951265778,0.05392037920732141,136.10484082458964,397.0892798933357,78.91492589624248,1237.0413397743678,1261.097181679816,314.8410941915497,148.26388633584065,8.058645765166945,587.0532267670566,468.717601817607,440.18881936427874
E06000058,2025,405829,22.330094695056292,37.546848549512234,,,599.5,1.4772231654218895,,,"Bournemouth, Christchurch and Poole",,,,,,,,,,,,,,,,,,,,,,,,,,,,
E06000059,2011,365897,24.799055471895095,31.05792067166443,,,,,,0.561446965,Dorset,37.0,1093781.0,,,,,,,,,,,,,,,,,,,,,,,,,,
E06000059,2012,366572,25.744737732287245,30.5386117870432,1158.0,3.158997413877765,,,5.90508398554961,0.632134557,Dorset,27.0,1096786.0,,,,,,,,,,,,,,,,,,,,,,,,,,
E06000059,2013,367651,26.45253242885236,30.076077584448296,1161.0,3.157886147460499,,,6.1057595132744,0.633308887,Dorset,29.0,1100120.0,,,,,,,,,,,,,,,,,,,,,,,,,,
E06000059,2014,368694,27.09699642521983,29.57059241539054,1443.0,3.913814708131947,,,6.24813705678344,0.653223336,Dorset,34.0,1102917.0,7677887.0,445.0,74237.0,144919.0,27138.0,418227.0,457579.0,108665.0,48323.0,5675.0,253752.0,105159.0,208587.0,20824.550982657704,1.2069629557302262,201.35125605515685,393.06036984599695,73.60575436540871,1134.3471822161468,1241.0806793709687,294.7295046841012,131.0653278870825,15.392168030941647,688.2455369493401,285.22026395873,565.7455776334847
E06000059,2015,370728,27.55308474137373,29.32068794372154,1479.0,3.9894477892147346,,,6.44698899368424,0.716853499,Dorset,29.0,1107073.0,7849445.0,342.0,76145.0,149180.0,27575.0,440573.0,471490.0,112251.0,48998.0,5398.0,242289.0,118961.0,216066.0,21173.056796357436,0.9225092250922509,205.39317235277616,402.39744502708186,74.3806780173065,1188.3995813642348,1271.7949547916533,302.78533048488384,132.16697956453248,14.560540342245528,653.5492328607496,320.8848535853779,582.815433417492
E06000059,2016,372416,27.94375107406771,28.91873603711978,1573.0,4.223771266540643,,,6.65667750692074,0.804650962,Dorset,25.0,1111838.0,8373688.0,270.0,79595.0,160237.0,30440.0,477539.0,499334.0,121566.0,52982.0,5138.0,243232.0,141422.0,232338.0,22484.76971988314,0.7249957037291631,213.7260482900842,430.26346880907374,81.73655267228045,1282.2730494930402,1340.7963137996219,326.42528785014605,142.26563842584636,13.796399725038667,653.1190926275992,379.74200893624334,623.866858566764
E06000059,2017,374675,28.279442183225463,28.562620938146395,1363.0,3.6378194435177154,,,6.86174602485157,0.813260436,Dorset,22.0,1117819.0,8695763.0,198.0,82011.0,168552.0,31628.0,507614.0,534240.0,129641.0,55005.0,5003.0,243431.0,167560.0,242434.0,23208.815640221528,0.5284579969306733,218.88570094081538,449.86188029625674,84.41449256021885,1354.8115033028625,1425.8757589911256,346.0092079802495,146.8072329352105,13.352905851738173,649.712417428438,447.21425235203844,647.0514445853073
E06000059,2018,375604,28.667160094141703,28.228666361380604,1270.0,3.3812206472774515,1.3333333333333333,0.003549837949897587,7.1219245780661,0.801626921,Dorset,23.0,1122695.0,8784204.0,139.0,79697.0,171390.0,32505.0,516683.0,555341.0,136200.0,56494.0,4824.0,228568.0,189032.0,247802.0,23386.875539131637,0.3700706062768235,212.183576319741,456.3050446747106,86.5406119210658,1375.6056911002013,1478.527917700557,362.61594658203853,150.4084088561357,12.843313702729471,608.5345203991438,503.2747255087805,659.7427077453915
E06000059,2019,377699,29.116571661561192,28.10386048149452,1236.0,3.2724471073526806,,,7.35264009510286,0.821528375,Dorset,22.0,1127978.0,8890749.0,125.0,78408.0,174268.0,32663.0,541987.0,579683.0,142887.0,58577.0,4606.0,212334.0,204244.0,255386.0,23539.244212984413,0.3309513660348585,207.59387766448944,461.3938612493017,86.47891575037265,1434.9707041850786,1534.7750457374786,378.3091827089826,155.08910534579124,12.194895935652465,562.177818845165,540.7586464353891,676.1627645294269
E06000059,2020,377670,29.478380596817328,28.08324727937088,1058.0,2.801387454656181,,,7.39134835459404,0.835503459,Dorset,14.0,1130973.0,8882161.0,123.0,73198.0,188544.0,32150.0,585773.0,601341.0,144951.0,57118.0,4087.0,186303.0,217512.0,254666.0,23518.31228321021,0.32568115021050126,193.81470596022984,499.2294860592581,85.12722747372044,1551.0180845711866,1592.2392564937645,383.80332035904365,151.23785315222284,10.821616755368444,493.29573437127647,575.9313686551751,674.3082585325814
E06000059,2021,381245,29.652061010636206,28.220697976366903,1001.0,2.625608204697767,,,7.55628725664919,0.867573738,Dorset,10.0,1136614.0,8611460.0,101.0,67817.0,175513.0,30508.0,584751.0,594085.0,141067.0,54618.0,3660.0,177773.0,222584.0,242548.0,22587.7322981285,0.2649215071673071,177.8829886293591,460.3680048262928,80.02203307584361,1533.7932300751484,1558.276174113759,370.01665595614367,143.26220671746515,9.600125903290536,466.29595142231375,583.8345420923553,636.1998190140199
E06000059,2022,383191,30.0583781978178,28.07842564152081,2149.0,5.608169294164007,,,7.77535434641343,0.915488005,Dorset,9.0,1142424.0,8810095.0,49.0,69070.0,177173.0,30321.0,595192.0,618239.0,144133.0,57604.0,3442.0,203205.0,230428.0,247964.0,22991.39332604367,0.12787356696790897,180.24953613211167,462.3621118450068,79.12764130681566,1553.2515116482382,1613.3964524218993,376.13879240378816,150.32712146162098,8.982465663337603,530.2969015451824,601.3398018220678,647.1028808087873
E06000059,2023,385934,30.39224323329896,28.28670187130442,2375.0,6.153901962511725,151.0,0.39125860898495596,7.98999256462869,0.891251087,Dorset,12.0,1150905.0,9073413.0,73.0,68095.0,180820.0,30469.0,613670.0,669624.0,147720.0,60679.0,3300.0,215771.0,240893.0,255856.0,23510.271186265007,0.18915151295299196,176.44208595252036,468.52570646794527,78.94873216663989,1590.0905336145559,1735.0738727347164,382.75974648515034,157.22636512978903,8.550684832121554,559.0878233065757,624.181854928563,662.9527328506947
E06000059,2024,389341,30.69109084324538,28.44832678808551,2799.0,7.189070763161342,222.75,0.5721205832419396,8.194618621,1.017644525,Dorset,18.0,1159607.0,9278207.0,59.0,65093.0,181403.0,31195.0,618495.0,729040.0,150831.0,64466.0,2923.0,212245.0,246823.0,263469.0,23830.541864329727,0.15153811183512653,167.1876324353202,465.9231881563976,80.12256607960632,1588.5688894824846,1872.4973737674686,387.4007618000673,165.5772189417503,7.507557642272456,545.1390940075667,633.9507013132447,676.7049963913382
E06000059,2025,391036,31.188688509497847,28.47845211182602,,,5.75,0.014704528483310999,,,Dorset,,,,,,,,,,,,,,,,,,,,,,,,,,,,
E06000060,2011,506550,16.768927055572007,37.127035830618894,,,,,,1.155630589,Buckinghamshire UA,130.0,1508183.0,,,,,,,,,,,,,,,,,,,,,,,,,,
E06000060,2012,512105,17.300358324952892,36.6723621132385,3079.0,6.012438855312875,,,5.37889580281754,1.210076809,Buckinghamshire UA,154.0,1521475.0,,,,,,,,,,,,,,,,,,,,,,,,,,
E06000060,2013,517918,17.697203032140223,36.36270606543893,3053.0,5.8947555404523495,,,5.66481780765927,1.333575845,Buckinghamshire UA,150.0,1536573.0,,,,,,,,,,,,,,,,,,,,,,,,,,
E06000060,2014,523613,17.94607849690516,36.17595437852001,3759.0,7.178966144843615,,,5.86170992147641,1.357165098,Buckinghamshire UA,137.0,1553636.0,7910783.0,349.0,70359.0,162622.0,33273.0,394083.0,509408.0,156825.0,66651.0,8302.0,357419.0,118580.0,221649.0,15108.072183081778,0.6665227945066299,134.37214125699705,310.57670455088015,63.545022755355575,752.6226430589004,972.8711853983763,299.50555085530726,127.29057529129337,15.855221318034504,682.601463294456,226.46496553752485,423.30690796447
E06000060,2015,529999,18.036260445774428,36.068181260719356,4199.0,7.922656457842374,,,5.92694040726208,1.455493093,Buckinghamshire UA,125.0,1571530.0,8028566.0,301.0,69952.0,167416.0,33890.0,415562.0,517998.0,166905.0,66937.0,8016.0,337005.0,133017.0,230720.0,15148.266317483618,0.5679255998596224,131.98515468897114,315.8798412827194,63.94351687456014,784.0807246806127,977.3565610501151,314.915688520167,126.29646471031079,15.12455683878649,635.8596903013024,250.97594523763252,435.3215760784454
E06000060,2016,535519,18.173584877474003,35.790326767117506,4707.0,8.789604103682596,,,5.94846653745297,1.41624403,Buckinghamshire UA,134.0,1589131.0,8170607.0,286.0,70410.0,174287.0,34263.0,427013.0,522111.0,169490.0,66796.0,7383.0,333655.0,148277.0,238274.0,15257.361550197098,0.534061349830725,131.479928816718,325.45437230051596,63.98092317919625,797.3816055079278,974.9626063687749,316.4967069329006,124.73133539612974,13.786625684616231,623.0497890831139,276.8846670239525,444.940328914567
E06000060,2017,538762,18.305671149784136,35.55336122443676,4234.0,7.858757670362794,,,,1.429997683,Buckinghamshire UA,138.0,1604280.0,8157865.0,357.0,70130.0,175327.0,34324.0,432240.0,528409.0,170167.0,66852.0,7463.0,322102.0,164143.0,242228.0,15141.871549960835,0.6626302523192059,130.1687943841622,325.4256981747042,63.709021794410155,802.2837542365646,980.783722682743,315.8481852840401,124.08447514858138,13.852127655625305,597.8558250210668,304.6669958163345,449.6011225736039
E06000060,2018,541983,18.464232272967973,35.33302705066395,4293.0,7.920912648551708,33.25,0.0613487876926029,6.08833689199915,1.459628463,Buckinghamshire UA,144.0,1616264.0,8221594.0,347.0,71283.0,176209.0,35222.0,437779.0,539900.0,171703.0,68343.0,7295.0,309425.0,179312.0,247655.0,15169.468415060988,0.6402414835889686,131.5225754313327,325.1190535496501,64.9872781987627,807.7356669858649,996.1567060221446,316.8051396446014,126.0980510458815,13.459831765940999,570.9127408055234,330.8443253755192,456.9423764214007
E06000060,2019,545859,18.651703095488028,35.1746513293726,3929.0,7.1978294761101305,36.5,0.06686708472334431,6.17694054326802,1.537374973,Buckinghamshire UA,138.0,1626604.0,8277880.0,229.0,71006.0,177872.0,34849.0,455865.0,553393.0,171320.0,69281.0,6230.0,299910.0,188785.0,252351.0,15164.868583278832,0.41952225757933825,130.0812114483777,325.8570436687863,63.842494123940426,835.1332486960919,1013.8020990768679,313.853943967215,126.92105470460321,11.413203776066712,549.4275994350189,345.84938601360426,462.30070402796326
E06000060,2020,549066,18.74893000112919,35.2431219561947,3587.0,6.532912254628769,40.75,0.07421694295403468,6.26570324167618,1.535604358,Buckinghamshire UA,130.0,1636908.0,8333841.0,236.0,63064.0,192877.0,34192.0,504854.0,570982.0,174013.0,69642.0,5639.0,259623.0,201369.0,255403.0,15178.213548098043,0.42982082299759955,114.85686602339246,351.28199524283053,62.27302364378781,919.4778041255513,1039.9150557492178,316.92546979780207,126.8372108271137,10.270167885099422,472.84479461485506,366.74825977204927,465.1590154917624
E06000060,2021,555161,18.81850490218153,35.41585233833068,2696.0,4.856248907974444,69.25,0.12473858934615363,6.43645724174816,1.49548018,Buckinghamshire UA,110.0,1650086.0,8279977.0,156.0,59589.0,181763.0,32906.0,517819.0,566019.0,173974.0,68195.0,5368.0,259814.0,209508.0,247809.0,14914.550914059164,0.2809995658916963,107.33643033282237,327.4059236870025,59.27289561046255,932.7366295543095,1019.5582902977695,313.3757594643716,122.83823971784761,9.669267113504011,467.99757187554604,377.3824169925481,446.37321425676515
E06000060,2022,561173,18.958502992838216,35.334558148734885,6104.0,10.87721611695502,125.25,0.22319320423470124,6.64378307562359,1.506028891,Buckinghamshire UA,93.0,1665407.0,8522079.0,173.0,63341.0,182691.0,32886.0,529368.0,591781.0,177903.0,70507.0,4945.0,301447.0,212798.0,249399.0,15186.18857286434,0.3082828290028209,112.87250099345478,325.5520133719905,58.60224921726455,943.3240729685855,1054.5428949717823,317.0198851334615,125.6421816445196,8.811899360803176,537.1730286382275,379.20213552683396,444.42444665014176
E06000060,2023,570039,19.0099273909329,35.5193241164201,7300.0,12.806141334189416,187.25,0.3284862965516394,6.77776997059531,1.571047425,Buckinghamshire UA,97.0,1686191.0,8809156.0,120.0,63536.0,183970.0,33317.0,537188.0,630316.0,181699.0,72327.0,4603.0,318127.0,217372.0,253138.0,15453.60229738667,0.2105119123428397,111.45904052178886,322.7323042809352,58.44687819605325,942.3706097302115,1105.7418878357446,318.74836633984694,126.88079236683805,8.074886104284094,558.0793594824214,381.3282950815646,444.071370555348
E06000060,2024,578432,19.174596149590617,35.544541104226596,6829.0,11.806054990042044,102.25,0.17677099468909052,6.95563859,1.545799732,Buckinghamshire UA,112.0,1709802.0,9120941.0,94.0,63494.0,187419.0,32594.0,545257.0,677846.0,187483.0,75586.0,3456.0,304616.0,226804.0,256381.0,15768.389369882718,0.1625082982960832,109.7691690639522,324.0121570037619,56.34888802832485,942.6466723832706,1171.8680847532642,324.12280095153795,130.6739599468909,5.974773179907059,526.6236999336136,392.10140517813676,443.2344683558309
E06000060,2025,584296,19.375453537248244,35.53421553459206,,,156.0,0.26698796500403904,,,Buckinghamshire UA,,,,,,,,,,,,,,,,,,,,,,,,,,,,
E06000061,2011,317959,15.987595885004042,38.52226230425936,,,,,,1.365929961,North Northamptonshire,87.0,944710.0,,,,,,,,,,,,,,,,,,,,,,,,,,
E06000061,2012,322316,16.5893098698172,38.02789808759106,2233.0,6.9279837178421175,,,6.16611304828874,1.509421945,North Northamptonshire,79.0,954830.0,,,,,,,,,,,,,,,,,,,,,,,,,,
E06000061,2013,325788,17.063243581715717,37.51979815094479,2499.0,7.670632435817157,,,6.41769963792694,1.76313293,North Northamptonshire,65.0,966063.0,,,,,,,,,,,,,,,,,,,,,,,,,,
E06000061,2014,330649,17.404861348438978,37.13938345496282,2927.0,8.852287471003995,,,6.50688357270718,1.736396074,North Northamptonshire,53.0,978753.0,7061716.0,64.0,56805.0,147103.0,26149.0,371731.0,449595.0,131829.0,50523.0,3595.0,239998.0,80182.0,236408.0,21357.13702445796,0.19355872844012834,171.7984932662733,444.89171296450314,79.08386234345181,1124.246557527771,1359.734945516242,398.6977126802138,152.79949432782195,10.872556699097835,725.8391829402176,242.49884318416207,714.9817480167792
E06000061,2015,335250,17.61849366144668,36.95868754660701,3199.0,9.542132736763609,,,6.69731383102703,1.912427664,North Northamptonshire,48.0,991687.0,7283089.0,134.0,58736.0,152499.0,26943.0,395245.0,468276.0,138210.0,52747.0,3410.0,238044.0,88596.0,244977.0,21724.35197613721,0.39970171513795677,175.2005965697241,454.8814317673378,80.3668903803132,1178.9560029828485,1396.7964205816554,412.2595078299776,157.33631618195375,10.17151379567487,710.0492170022371,264.2684563758389,730.7293064876958
E06000061,2016,341647,17.74843625145252,36.80582589631989,4055.0,11.868975872757554,,,6.94070866837501,1.97757709,North Northamptonshire,51.0,1007546.0,7516961.0,106.0,60859.0,159684.0,27577.0,413159.0,489009.0,145174.0,54313.0,3211.0,237318.0,98477.0,255250.0,22002.127927363625,0.3102617614087055,178.13415601483402,467.3947085734691,80.71781692799878,1209.3154630364088,1431.3282423085816,424.92397123346615,158.9740287489719,9.398589772484463,694.6292518301054,288.24195734193484,747.116175467661
E06000061,2017,347704,17.8047994846191,36.74447230978073,3725.0,10.713135310493984,,,7.0576885443453,2.0100348,North Northamptonshire,54.0,1024601.0,7693239.0,104.0,60295.0,163524.0,27669.0,426521.0,517523.0,152786.0,55865.0,3422.0,238245.0,110379.0,262622.0,22125.828290730045,0.29910498585003337,173.40899155603617,470.29657409750826,79.57630628350552,1226.6784391321355,1488.4010537698732,439.4139843084923,160.66826956261647,9.841704438257828,685.1948784023192,317.4510503186618,755.3033614798794
E06000061,2018,351998,17.90464718549537,36.637708168796415,3504.0,9.954602014784175,8.25,0.023437633168370275,7.24982566838403,2.014160395,North Northamptonshire,57.0,1041349.0,7869007.0,96.0,60197.0,165195.0,26344.0,437926.0,540056.0,159924.0,58920.0,3366.0,235280.0,120474.0,273911.0,22355.260541253076,0.2727288223228541,171.01517622259217,469.3066437877488,74.84133432576321,1244.1150233808146,1534.258717379076,454.3321268870846,167.3873147006517,9.562554332695072,668.4128887095949,342.2576264637867,778.160671367451
E06000061,2019,354848,18.099298854720896,36.67654883217603,3185.0,8.97567409144197,14.25,0.04015803949860222,7.3683118413082,2.051026344,North Northamptonshire,53.0,1054550.0,7804235.0,71.0,60002.0,155841.0,25791.0,448027.0,548513.0,161679.0,58594.0,2910.0,232469.0,115252.0,283242.0,21993.17736044729,0.2000856704842637,169.09211831544775,439.1767742808188,72.68182433041753,1262.5884885922987,1545.7688925962666,455.62888898908824,165.12422220218235,8.200694381819822,655.1227567860042,324.7925872486247,798.2065560465326
E06000061,2020,356437,18.19227521273044,36.642099445343774,2712.0,7.608637711573153,18.5,0.051902580259625124,7.42667912370706,1.949228644,North Northamptonshire,44.0,1063283.0,7886542.0,83.0,53981.0,164297.0,25755.0,494408.0,573742.0,167060.0,59620.0,2873.0,200074.0,109475.0,293678.0,22126.04752031916,0.23286022494858838,151.4461181078283,460.9426069684124,72.25680835603487,1387.0838324865265,1609.6589299090722,468.6943274688093,167.26658567993783,8.060330437075837,561.3165861007695,307.13702561743025,823.9268089451994
E06000061,2021,360418,18.20747021513909,36.876349127956985,2953.0,8.19326448734525,23.25,0.06450843187632138,7.6250069580194,1.926337957,North Northamptonshire,42.0,1071703.0,7915831.0,93.0,50989.0,156976.0,25594.0,516670.0,584366.0,171582.0,60435.0,2491.0,197968.0,111626.0,292208.0,21962.9180562569,0.2580337275052855,141.47184657813983,435.53873557924413,71.01199163193847,1433.5299568833966,1621.3563140575664,476.0639035786226,167.6803045352896,6.9114195184480245,549.2733437286706,309.71261146779574,810.7475209340266
E06000061,2022,363723,18.335656529831766,36.88906118117359,2701.0,7.4259807600839105,34.25,0.09416506517322248,7.80632442948819,2.034573317,North Northamptonshire,51.0,1080029.0,8139977.0,95.0,53928.0,155997.0,24784.0,533566.0,617135.0,178386.0,63280.0,2681.0,222729.0,113155.0,292228.0,22379.604809154218,0.26118777201331783,148.26667546457057,428.8895670606478,68.13976570082178,1466.9569974953467,1696.717007173041,490.4446515617654,173.9785496105553,7.3709938607126855,612.3588555026764,311.10212991754713,803.4355814727141
E06000061,2023,369219,18.34331385979595,37.311730978091596,3970.0,10.752426066914216,78.75,0.21328804855654773,8.01766539988817,2.341333389,North Northamptonshire,62.0,1091874.0,8434372.0,96.0,55019.0,153408.0,23949.0,553800.0,668325.0,187426.0,65962.0,2749.0,231854.0,116940.0,296479.0,22843.818980063323,0.26000828776417245,149.01454150517716,415.49324384714765,64.8639425381684,1499.92281003957,1810.104572083235,507.6282639842479,178.65277789062858,7.445445656913648,627.9579328257755,316.7225955327326,802.9895536253551
E06000061,2024,375336,18.418696847624528,37.45417439307714,3840.0,10.230833173476565,158.25,0.42162222648506936,8.217755715,2.602779388,North Northamptonshire,65.0,1105327.0,8749157.0,46.0,54774.0,153021.0,23420.0,567906.0,724195.0,195310.0,69124.0,2711.0,235136.0,124580.0,301225.0,23310.199394675703,0.12255685572393801,145.93324381354304,407.69070912462433,62.39742524031801,1513.060297973016,1929.4578724129847,520.3604237270073,184.1656542404672,7.222861649295565,626.468017989215,331.91593665409124,802.5475840313746
E06000061,2025,379569,18.596091883162217,37.50279922754493,,,496.75,1.3087212074747938,,,North Northamptonshire,,,,,,,,,,,,,,,,,,,,,,,,,,,,
E06000062,2011,376008,15.014574157996638,39.81750388289611,,,,,,1.80587709,West Northamptonshire,125.0,1120732.0,,,,,,,,,,,,,,,,,,,,,,,,,,
E06000062,2012,380827,15.604723404590535,39.42813928634262,3241.0,8.510425993955261,,,5.66791239780019,1.995681167,West Northamptonshire,134.0,1130291.0,,,,,,,,,,,,,,,,,,,,,,,,,,
E06000062,2013,385699,16.028042592799046,39.16707069502384,3577.0,9.274071231711774,,,5.79128283368212,1.878062844,West Northamptonshire,126.0,1142534.0,,,,,,,,,,,,,,,,,,,,,,,,,,
E06000062,2014,391024,16.359865379107166,38.904517369777814,4341.0,11.101620360898565,,,5.83755886877599,2.170579433,West Northamptonshire,120.0,1157550.0,8007009.0,253.0,56341.0,146461.0,31744.0,407910.0,530904.0,146311.0,53569.0,5494.0,260070.0,123115.0,231067.0,20477.026985555873,0.6470191088015058,144.08578501575352,374.5575719137444,81.18171774622529,1043.1840500838823,1357.7274029215598,374.1739637464708,136.996706084537,14.05028847334179,665.0998404190024,314.8527967592782,590.9279225827571
E06000062,2015,397939,16.53871573281332,38.87103299751972,5523.0,13.879011607306648,,,5.96158781892902,2.226201296,West Northamptonshire,93.0,1174662.0,8224756.0,180.0,57117.0,149270.0,32241.0,433918.0,542592.0,153662.0,56537.0,4664.0,252099.0,139654.0,238396.0,20668.383847775665,0.45233063358957026,143.5320488818638,375.10774264397304,81.01995531978518,1090.413354810662,1363.5054618924005,386.1446101035586,142.07453906251962,11.720389305898642,633.5116688738726,350.9432350184325,599.0767429178844
E06000062,2016,405019,16.65699633844338,38.776946266718355,6328.0,15.623958382199355,,,6.1177990167823,2.347499132,West Northamptonshire,94.0,1193982.0,8335888.0,186.0,57318.0,151432.0,32141.0,450978.0,554919.0,158421.0,57740.0,4193.0,248699.0,146755.0,244445.0,20581.473955542828,0.45923771477387476,141.5192867495105,373.88863238514733,79.35677091691996,1113.4736888886694,1370.1060937881925,391.1446129687743,142.56121317765337,10.352600742187404,614.042797992193,362.34102597655914,603.5395870317195
E06000062,2017,411732,16.725685640173705,38.649655601216324,5693.0,13.826955398171625,,,6.31280193236715,2.331142902,West Northamptonshire,82.0,1214690.0,8416324.0,82.0,57051.0,155274.0,30915.0,462340.0,567538.0,163625.0,59067.0,4577.0,247706.0,157946.0,248045.0,20441.2676206853,0.19915867603198198,138.56343446708053,377.1239544169508,75.08524962839905,1122.9149058125188,1378.4160570468168,397.4065654357689,143.45982338025706,11.116454392663188,601.6195000631479,383.6136127383832,602.4428511750361
E06000062,2018,417242,16.79888410083357,38.64352102616707,6232.0,14.936176128002455,9.75,0.023367733833123225,6.43741093305128,2.448001623,West Northamptonshire,86.0,1233993.0,8424437.0,83.0,55814.0,154315.0,29841.0,464584.0,574814.0,168660.0,60101.0,4560.0,240134.0,160855.0,254275.0,20190.769385632317,0.1989253239127413,133.7688919140451,369.84531758547797,71.51964567325437,1113.4641287310483,1377.6513390310658,404.2258449532885,144.04350472867063,10.928909361953014,575.5269124393037,385.5196744335422,609.4185149146059
E06000062,2019,422168,16.90938204695761,38.633671903128615,5943.0,14.077334141858218,6.0,0.014212351480927024,6.60909977288518,2.54521966,West Northamptonshire,93.0,1251142.0,8414760.0,77.0,56085.0,153640.0,29863.0,479303.0,590633.0,173305.0,61690.0,3636.0,232638.0,146103.0,267418.0,19932.254457940915,0.18239184400523015,132.84995546796534,363.9309469216047,70.73724204582062,1135.3371169771276,1399.0472987057285,410.511928900343,146.12666047639803,8.612684997441777,551.0555039699835,346.07786473631353,633.4397680544238
E06000062,2020,422559,17.018925167846383,38.48456665223081,4854.0,11.487153273270716,7.25,0.0171573673735502,6.73707886011084,2.421088457,West Northamptonshire,98.0,1261969.0,8489693.0,129.0,51546.0,164813.0,29869.0,525351.0,618399.0,181292.0,61743.0,3590.0,208055.0,134961.0,276643.0,20091.14230202173,0.3052828125776519,121.98533222579569,390.03547433612823,70.68598704559601,1243.260704422341,1463.4619070946305,429.03357874285007,146.11687362001518,8.495855016695893,492.3691129522741,319.3897183588564,654.6849079063516
E06000062,2021,426707,17.179469753249887,38.58760226572332,6168.0,14.4548835617883,11.0,0.025778813096574465,6.96014989775809,2.235221386,West Northamptonshire,90.0,1271434.0,8546675.0,126.0,51753.0,159859.0,28509.0,548560.0,631724.0,186521.0,61932.0,3739.0,213498.0,140107.0,277711.0,20029.37612928778,0.2952845863789439,121.2846285624562,374.6341166186634,66.81165296093104,1285.5659738415352,1480.4631749654916,437.1172725078332,145.1394047906409,8.762452924371992,500.33863986295046,328.344742411069,650.8236330784356
E06000062,2022,430756,17.287745266461755,38.662258912238016,7108.0,16.50122110893406,110.5,0.2565257361476102,7.17068256233734,2.317180395,West Northamptonshire,75.0,1278948.0,8618790.0,126.0,53225.0,156582.0,27622.0,550971.0,649129.0,191043.0,63488.0,3485.0,238125.0,141425.0,275011.0,20008.519904539924,0.2925089842045148,123.56183082766113,363.505093370725,64.12446953727864,1279.0791074297283,1506.952892124544,443.5063005506598,147.38738404108125,8.090427063116937,552.8071576484135,328.3181197708215,638.4380020243478
E06000062,2023,438462,17.29089407976062,39.08639745291496,9632.0,21.967696174354902,350.75,0.7999552982926684,7.53879354076235,2.541890144,West Northamptonshire,73.0,1293176.0,8572284.0,118.0,52055.0,150094.0,26618.0,544296.0,672360.0,192960.0,63040.0,3112.0,234913.0,137988.0,269254.0,19550.80257810255,0.2691225237306768,118.7218048542405,342.31928878671357,60.707655395450466,1241.3755353941733,1533.4510174199816,440.083747280266,143.7752872540836,7.097536388558187,535.7659272639362,314.70914241142907,614.0874237676242
E06000062,2024,441277,17.523686935870213,38.949684665187625,7908.0,17.920716466074598,96.75,0.21925004022416758,7.853809843,2.703785658,West Northamptonshire,83.0,1306280.0,9170750.0,110.0,52361.0,154929.0,28019.0,574378.0,751694.0,210863.0,67837.0,2819.0,234215.0,148423.0,285064.0,20782.29774042155,0.2492765315210174,118.65789515429084,351.0923977456337,63.49526487897625,1301.6268692907177,1703.4515735014515,477.8472478737845,153.72883698901143,6.38827765779771,530.76638936541,336.3488239813088,645.99786528643
E06000062,2025,444218,17.74083895744882,38.851419798387276,,,419.5,0.9443561494581489,,,West Northamptonshire,,,,,,,,,,,,,,,,,,,,,,,,,,,,
E06000063,2011,274546,19.517312217260496,35.688008566870394,,,,,,0.507981658,Cumberland,7.0,822466.0,,,,,,,,,,,,,,,,,,,,,,,,,,
E06000063,2012,274285,20.245000638022496,35.223216727126896,579.0,2.1109429972473888,,,6.5900512874661,0.523246169,Cumberland,20.0,822746.0,,,,,,,,,,,,,,,,,,,,,,,,,,
E06000063,2013,274032,20.74794184620774,34.80396450049629,629.0,2.295352367606703,,,7.06269876493039,0.494756848,Cumberland,25.0,822863.0,,,,,,,,,,,,,,,,,,,,,,,,,,
E06000063,2014,274139,21.22463421840745,34.35921193263272,645.0,2.3528210141570516,,,7.46075005885799,0.588296115,Cumberland,29.0,822456.0,6311140.0,288.0,55557.0,115869.0,24442.0,340615.0,383817.0,90676.0,42360.0,3577.0,223863.0,72910.0,202271.0,23021.678783390907,1.0505619412050091,202.65996447057879,422.66514432459445,89.159149190739,1242.4901236234173,1400.081710373205,330.7665089607827,154.52015218557008,13.048125221146936,816.6039855693645,265.95996921269864,737.8410222551333
E06000063,2015,274195,21.549262386257954,33.913455752293075,744.0,2.7133973996608254,,,7.70999446953235,0.605169296,Cumberland,19.0,822366.0,6435697.0,183.0,57456.0,119065.0,25648.0,362334.0,394927.0,95161.0,44220.0,3252.0,220083.0,80436.0,210480.0,23471.24126989916,0.6674082313681868,209.54430241251666,434.2347599336239,93.539269497985,1321.4464158719159,1440.314374806251,347.05592735097287,161.2720873830668,11.860172504969091,802.6513977278944,293.3532704826857,767.628877258885
E06000063,2016,274192,21.939006243799966,33.43678881951333,861.0,3.140135379588026,,,7.76528415146045,0.603508234,Cumberland,16.0,822526.0,6486591.0,204.0,58504.0,121526.0,25979.0,370997.0,397047.0,96191.0,44739.0,3058.0,220370.0,85084.0,215944.0,23657.112534282547,0.7440042014354905,213.3687343175585,443.21497344926183,94.74747622104219,1353.0555231370718,1448.061941996849,350.8162163739277,163.16668611775688,11.152768862694755,803.7068915212698,310.30810526930037,787.5649180136547
E06000063,2017,273458,22.185491007759875,33.01896452105991,743.0,2.71705344147913,,,7.86828031671065,0.604386091,Cumberland,13.0,821845.0,6509363.0,123.0,58667.0,124074.0,26220.0,380409.0,407710.0,98644.0,45223.0,3006.0,207792.0,89037.0,215454.0,23803.88578867687,0.44979484966612787,214.5375158159571,453.72232664613944,95.88309722151116,1391.1057639564394,1490.9419362388373,360.72815569484163,165.37457306057968,10.992547301596588,759.8680601774313,325.5966181278295,787.8869881298042
E06000063,2018,273256,22.483312351787333,32.7593904616916,778.0,2.84714699768715,,,8.00216403375893,0.622077763,Cumberland,16.0,820906.0,6564310.0,79.0,58018.0,127068.0,27352.0,379915.0,422163.0,101948.0,46527.0,3022.0,195596.0,92353.0,221199.0,24022.56492080686,0.289106186140469,212.32104693035103,465.01449190502683,100.09661270017858,1390.3262874374213,1544.9358842989725,373.08604385631054,170.2689053488304,11.059226512867054,715.7976403079896,337.9724507421612,809.4936616213367
E06000063,2019,273009,22.846499565948374,32.54581350797959,743.0,2.721522001106191,,,8.26372469495884,0.675078154,Cumberland,17.0,819723.0,6671741.0,123.0,60865.0,131502.0,28354.0,393102.0,437596.0,106755.0,47861.0,2429.0,194433.0,97046.0,228382.0,24437.80607965305,0.4505345977605134,222.9413682332817,481.67642824961814,103.85738199106989,1439.8865971451492,1602.8629092813792,391.03106490994804,175.3092388895604,8.897142585042985,712.185312572113,355.46813475013647,836.5365244369233
E06000063,2020,272444,23.081073541718666,32.45951461584766,632.0,2.3197427728267095,,,8.34778716499748,0.674102247,Cumberland,17.0,818709.0,6701905.0,101.0,53918.0,142083.0,29475.0,432618.0,456799.0,112336.0,49058.0,2260.0,167342.0,102451.0,233387.0,24599.20203784998,0.37071838616376207,197.9048905463141,521.512677834711,108.18737061561275,1587.9153147068757,1676.6711691209937,412.3269369118057,180.0663622616024,8.295282700298042,614.2253086872898,376.0442512956791,856.6420989267519
E06000063,2021,273788,23.261428550557365,32.6058848452087,631.0,2.304702908819963,,,8.45496884448759,0.71093899,Cumberland,10.0,819241.0,6726125.0,99.0,53760.0,136837.0,30450.0,451900.0,465958.0,114645.0,48531.0,2028.0,170442.0,107140.0,230347.0,24566.909433576344,0.3615936417958421,196.35630487822695,499.7918097213903,111.21743830993323,1650.5471386620304,1701.8934357970402,418.7363945826698,177.25758616155565,7.407190965272401,622.5327625754234,391.3246745657224,841.3334404721902
E06000063,2022,275274,23.559072051846524,32.55992211396645,1242.0,4.511868174982018,,,8.63584936841347,0.597752988,Cumberland,6.0,821677.0,6868158.0,89.0,57981.0,136939.0,31181.0,464482.0,485673.0,117380.0,49221.0,1996.0,186142.0,110018.0,229913.0,24950.26046775213,0.32331422509935553,210.63013579197454,497.46434461663654,113.27259385194388,1687.3442460966164,1764.3257263671833,426.41150272092534,178.80729745635256,7.2509572280709405,676.2062526791487,399.66724064023487,835.2150947782936
E06000063,2023,277799,23.80066162945151,32.80969333942887,2065.0,7.433432085788645,232.33333333333331,0.8363361039216604,8.94457616573341,0.802246273,Cumberland,6.0,827303.0,7055909.0,172.0,57603.0,137891.0,31324.0,481989.0,519131.0,125630.0,50739.0,1907.0,190325.0,115289.0,230386.0,25399.331891043523,0.6191526967339696,207.3549580812026,496.36967735664996,112.75778530520269,1735.027843872728,1868.7288291174555,452.2334493644686,182.64644581154,6.864675538788836,685.1176570110043,415.00869333582915,829.3262394753041
E06000063,2024,280014,24.111651560279128,33.0715607076789,2015.0,7.196068767990172,265.25,0.9472740648681852,9.053645369,0.855184317,Cumberland,11.0,834010.0,7274305.0,185.0,58056.0,141546.0,30803.0,499357.0,563883.0,132780.0,53585.0,1610.0,186858.0,123580.0,232587.0,25978.361796195906,0.6606812516517031,207.3324905183312,505.4961537637404,110.00521402501303,1783.3286907083216,2013.7671687844181,474.19057618547646,191.36543172841357,5.7497125143742815,667.3166341682916,441.33507610333766,830.6263258265658
E06000063,2025,282343,24.45181924113578,33.316568854195076,,,476.5,1.6876635864887743,,,Cumberland,,,,,,,,,,,,,,,,,,,,,,,,,,,,
E06000064,2011,225271,22.187942522561716,33.08015678893422,,,,,,0.542027354,,,,,,,,,,,,,,,,,,,,,,,,,,,,,
E06000064,2012,224550,23.092852371409485,32.506346025384104,699.0,3.112892451569806,,,5.52695054030908,0.555206299,,,,,,,,,,,,,,,,,,,,,,,,,,,,,
E06000064,2013,224048,23.738216810683426,32.08732057416268,791.0,3.5304934656859244,,,6.11968029721619,0.485620677,,,,,,,,,,,,,,,,,,,,,,,,,,,,,
E06000064,2014,224164,24.241626666190825,31.721418247354617,811.0,3.617886904230831,,,6.80496967004721,0.489338219,,,,5220704.0,185.0,46380.0,93994.0,20283.0,286037.0,323928.0,79499.0,31030.0,3114.0,156230.0,65123.0,166081.0,23289.662925358218,0.8252886279688085,206.9020895415856,419.3090772827037,90.4828607626559,1276.0166663692653,1445.0491604361093,354.64659802644496,138.42543851822774,13.891615067539837,696.9450937706322,290.5149801038525,740.8905979550686
E06000064,2015,224523,24.586345274203534,31.447557711236712,924.0,4.115391296214642,,,6.77775859091694,0.43322143,,,,5229632.0,171.0,46680.0,95607.0,21578.0,296857.0,330100.0,81917.0,31768.0,2853.0,147954.0,69890.0,168045.0,23292.188328144555,0.7616146230007617,207.90743041915528,425.8227442177416,96.10596687199084,1322.1674394160063,1470.227994459365,364.8490355108385,141.4910721841415,12.706938710065339,658.9703504763432,311.282140359785,748.4533878489063
E06000064,2016,224754,24.870302641999697,31.10200485864545,1055.0,4.694021018535822,,,6.83040226399838,0.428006738,,,,5314002.0,136.0,47729.0,99791.0,22887.0,307959.0,336137.0,82980.0,32261.0,2812.0,146185.0,75091.0,172340.0,23643.637043167197,0.6051060270340016,212.36107032577843,444.00099664522105,101.83133559358232,1370.2047572012066,1495.577386831825,369.20366267118715,143.53915836870533,12.511456970732445,650.4222394262172,334.10306379419274,766.7939169047047
E06000064,2017,225235,25.032521588563057,30.88418762625702,890.0,3.9514285080027527,,,6.81764424649606,0.438759327,,,,5271035.0,100.0,46815.0,102528.0,21953.0,311056.0,343775.0,85018.0,31827.0,2458.0,140048.0,76527.0,173777.0,23402.379736719424,0.44398073123626436,207.84957932825716,455.20456412191714,97.46708992829711,1381.0287033542745,1526.2947588074678,377.4635380824472,141.30574733056585,10.913046373787378,621.7861344817635,339.765134193176,771.536395320443
E06000064,2018,225685,25.209916476504862,30.82526530340962,863.0,3.82391386224162,,,6.83174507891248,0.576941013,,,,5193246.0,90.0,44647.0,101872.0,21381.0,305560.0,347715.0,85119.0,31737.0,2473.0,134742.0,76511.0,173341.0,23011.037508031106,0.3987859184261249,197.8288322219022,451.39021202117993,94.73824135409974,1353.9225026031859,1540.7093958393336,377.1584287834814,140.62520770099917,10.957750847420078,597.0356913396992,339.0167711633472,768.0661098433658
E06000064,2019,226162,25.575914609881412,30.681546855793634,804.0,3.5549738682891023,,,7.05384991358417,0.664746284,,,,5216716.0,48.0,44383.0,101999.0,20744.0,313951.0,359025.0,86988.0,32641.0,2152.0,133376.0,77174.0,175169.0,23066.27992324086,0.21223724586800613,196.24428506999408,450.9997258602241,91.72186308928998,1388.1686578647166,1587.468274953352,384.6269488242941,144.32574879953307,9.515303189748941,589.7365605185664,341.23327526286465,774.5288775302658
E06000064,2020,225995,25.72667536892409,30.728113453837473,614.0,2.716874267129804,,,6.99081242902859,0.480134428,,,,5101431.0,70.0,39764.0,107955.0,20167.0,333845.0,365383.0,87517.0,31973.0,2102.0,117969.0,76858.0,172382.0,22573.202946967853,0.30974136595942386,175.950795371579,477.6875594592801,89.23648753291002,1477.2229474103408,1616.7747074050312,387.25193035244143,141.47658134029516,9.301090732095842,521.998274298104,340.0871700701343,762.7690878116773
E06000064,2021,226941,25.804063611246978,30.899661145407837,664.0,2.9258706007288238,,,7.01067287285851,0.53525579,,,,5036984.0,58.0,37921.0,102626.0,20253.0,342130.0,368844.0,86699.0,31276.0,1939.0,116040.0,78044.0,168136.0,22195.125605333546,0.2555730344010117,167.09629375035803,452.2144522144522,89.24345975385673,1507.572452752037,1625.285867251841,382.03321568160885,137.8155555849318,8.544070925923478,511.32232606712756,343.89554994469927,740.8797881387674
E06000064,2022,227590,26.06485346456347,30.942044905312184,1091.0,4.7937079836548175,,,7.09880633224942,0.596363008,,,,5146207.0,47.0,39524.0,103927.0,20681.0,351989.0,383219.0,87637.0,32415.0,1837.0,132711.0,81349.0,167569.0,22611.744804253263,0.20651170965332397,173.66316621995696,456.64132870512765,90.86954611362538,1546.5925567907202,1683.8129970561097,385.06524891251814,142.42717166835098,8.071532141130982,583.1143723362187,357.4366184806011,736.2757590403796
E06000064,2023,228504,26.290568217624198,31.149564121415818,1582.0,6.923292371249518,115.0,0.5032734656723733,7.26452956459325,0.632922053,,,,5281441.0,67.0,39071.0,105811.0,20556.0,361186.0,407470.0,90562.0,32199.0,1621.0,134840.0,86431.0,168934.0,23113.12274621013,0.2932114973917305,170.98606588943738,463.0597276196478,89.95903791618527,1580.655043237755,1783.2072961523647,396.3256660714911,140.9121940972587,7.093967720477541,590.0990792283724,378.24720792633826,739.3043447817106
E06000064,2024,229821,26.690337262478188,31.332645841763807,1559.0,6.78354023348606,162.5,0.707072025619939,7.455011566,0.841226816,,,,5435876.0,52.0,37575.0,107275.0,20160.0,369304.0,438496.0,92397.0,34415.0,1284.0,130391.0,93459.0,172898.0,23652.65141131576,0.22626304819838047,163.49680838565666,466.7763172207936,87.72044330152596,1606.9201683048982,1907.9892612076355,402.03897816126465,149.7469769951397,5.586956805513856,567.3589445699045,406.65996579947,752.3159328346843
E06000064,2025,231307,27.096023898974092,31.46337983718608,,,227.5,0.9835413541310898,,,,,,,,,,,,,,,,,,,,,,,,,,,,,,,
E06000065,2011,601206,20.678602675289333,34.29007694533987,,,,,,0.463754326,North Yorkshire UA,51.0,1796630.0,,,,,,,,,,,,,,,,,,,,,,,,,,
E06000065,2012,603963,21.46141402701821,33.89644729892394,2416.0,4.000245048123809,,,5.52581826425544,0.461525172,North Yorkshire UA,44.0,1804197.0,,,,,,,,,,,,,,,,,,,,,,,,,,
E06000065,2013,604151,22.05110973912151,33.40836976186417,2353.0,3.894721683817456,,,5.82252458258589,0.528678596,North Yorkshire UA,43.0,1809320.0,,,,,,,,,,,,,,,,,,,,,,,,,,
E06000065,2014,603672,22.66313494745491,32.75421089598325,2423.0,4.013769066645463,,,5.99219419056118,0.581917763,North Yorkshire UA,43.0,1811786.0,12642149.0,523.0,99074.0,227421.0,51494.0,699378.0,798019.0,191416.0,71292.0,5419.0,400992.0,175833.0,406738.0,20942.08278667886,0.8663645158297884,164.11892550921692,376.72941597423767,85.30128944194861,1158.5397368107185,1321.9413853880915,317.08609973628063,118.09724486144795,8.976729084668495,664.2547608635153,291.2724128334592,673.7731748366663
E06000065,2015,603711,23.110892463446913,32.21938974111785,2235.0,3.7021024960618574,,,6.18458552152689,0.657601655,North Yorkshire UA,45.0,1811534.0,12887797.0,313.0,99937.0,232482.0,51682.0,738063.0,808478.0,199954.0,72715.0,4600.0,371812.0,198280.0,420825.0,21347.62659616936,0.5184599916185062,165.53781527916502,385.08822930176854,85.6071862198966,1222.543568031724,1339.1805019289031,331.208144294207,120.44670380364114,7.619539812923733,615.8774645484347,328.43529437098215,697.0636612551369
E06000065,2016,605770,23.466662264555854,31.77526123776351,2827.0,4.666787724714,,,6.3417928776095,0.70173949,North Yorkshire UA,43.0,1813153.0,13074172.0,279.0,100755.0,240341.0,53262.0,766199.0,821208.0,209085.0,74355.0,4701.0,357541.0,230214.0,440912.0,21582.732720339405,0.4605708437195635,166.32550307872626,396.75289301219937,87.92445977846377,1264.8348383049672,1355.6432309292306,345.15575218317184,122.7446060385955,7.760371097941462,590.2256632055071,380.0353269392674,727.853805899929
E06000065,2017,607291,23.789748242605274,31.28286109953877,2701.0,4.4476206629111905,,,6.48518798766547,0.696985543,North Yorkshire UA,43.0,1816772.0,13122194.0,231.0,101938.0,245520.0,52843.0,781617.0,843507.0,212910.0,75730.0,4866.0,342646.0,261057.0,451741.0,21607.75312000343,0.380377776057936,167.85692526317698,404.287236267292,87.01429792307147,1287.055135017644,1388.966739174465,350.58975021859374,124.70133757951295,8.012633152804833,564.2204478577814,429.8713466855264,743.8624975505976
E06000065,2018,607735,24.14522777197298,30.921701070367842,2506.0,4.123507778883888,,,6.68686750417374,0.74797523,North Yorkshire UA,36.0,1820796.0,13126293.0,207.0,99384.0,246802.0,54160.0,790268.0,867235.0,218203.0,76921.0,4734.0,324626.0,270194.0,467685.0,21598.711609500853,0.3406089825335056,163.5318025126083,406.10134351320886,89.11778982615779,1300.349658979654,1426.9953186833077,359.0430039408624,126.56996881864629,7.7895793396793005,534.1571573136317,444.59180399351686,769.5541642327659
E06000065,2019,610660,24.57144728654243,30.822388890708414,2601.0,4.259325975174402,,,6.78575508510753,0.786941707,North Yorkshire UA,31.0,1825686.0,13384127.0,292.0,103976.0,255137.0,55505.0,827298.0,889832.0,223176.0,78570.0,3783.0,320298.0,277915.0,484452.0,21917.47781089313,0.47817115907378904,170.26823436937084,417.8053253856483,90.89345953558444,1354.7604231487242,1457.1643795237937,365.466871909082,128.66406838502604,6.194936625945698,524.5111846199194,455.105950938329,793.325254642518
E06000065,2020,610899,24.81375808439693,30.85861983732172,2225.0,3.6421732561356297,,,6.83589794500149,0.715219378,North Yorkshire UA,35.0,1829294.0,13512478.0,300.0,94955.0,275475.0,57062.0,897265.0,922278.0,228212.0,78994.0,3818.0,286226.0,288547.0,493664.0,22119.004941897107,0.4910795401531186,155.4348591174646,450.9337877456012,93.40660240072418,1468.7616119849597,1509.7061871111264,373.56748005807833,129.30779064951815,6.2498056143486895,468.5324415328884,472.33176024187304,808.0943003671638
E06000065,2021,618627,25.05807215010014,31.03582611169574,2268.0,3.666183338263606,,,6.99325691305053,0.709335268,North Yorkshire UA,40.0,1840186.0,13547568.0,226.0,92560.0,265415.0,56960.0,924716.0,940396.0,229482.0,78668.0,3442.0,292793.0,293351.0,490511.0,21899.41273174304,0.36532514746365746,149.62166216476163,429.0388230710913,92.07486902446871,1494.7876507168294,1520.1341034258123,370.95374110732314,127.16548097642035,5.56393432553057,473.294893368702,474.1968908566875,792.9026699448941
E06000065,2022,623520,25.423402617397997,30.892834231460096,4433.0,7.10963561714139,,,7.2066952942991,0.849087059,North Yorkshire UA,42.0,1853581.0,13523774.0,178.0,94854.0,257960.0,56421.0,917772.0,961646.0,228981.0,77951.0,3434.0,326191.0,288233.0,484328.0,21689.398896587118,0.2854760071850141,152.12663587374902,413.7156787272261,90.4878752886836,1471.9207082371056,1542.2857326148319,367.2392224788299,125.01764177572491,5.507441621760329,523.1444059532973,462.26744931998974,776.7641775724916
E06000065,2023,628076,25.764079506301787,30.958196141868182,5096.0,8.11366777268993,242.33333333333331,0.3858344106976438,7.50040704090309,0.903111279,North Yorkshire UA,44.0,1871528.0,14006509.0,253.0,94769.0,261821.0,57204.0,946763.0,1050210.0,237999.0,80026.0,3310.0,339150.0,301034.0,491000.0,22300.65947433113,0.4028174934243626,150.88779064953923,416.86197211802397,91.07814977805234,1507.4019704621733,1672.106560352569,378.9334411759087,127.41451671453774,5.270062858634942,539.9824225093779,479.2954992707889,781.7525267642769
E06000065,2024,633692,26.167286315749607,31.062251062030136,4863.0,7.674075102731296,296.75,0.4682874330116208,7.829379553,0.965052843,North Yorkshire UA,54.0,1888171.0,14603566.0,143.0,94673.0,270974.0,57409.0,973168.0,1160944.0,250596.0,84174.0,2816.0,329115.0,325644.0,497939.0,23045.211238267173,0.22566167791292932,149.39907715420108,427.61152105439237,90.59448438673677,1535.711355043144,1832.031965055579,395.45394292495405,132.83109144505534,4.443799195823839,519.3611407434527,513.8837163795661,785.7744771908119
E06000065,2025,639133,26.659239939105007,31.125133579395836,,,402.0,0.628977067370954,,,North Yorkshire UA,,,,,,,,,,,,,,,,,,,,,,,,,,,,
E06000066,2011,531581,21.20542306816835,34.03940321418561,,,,,,0.458882123,Somerset UA,38.0,1586782.0,,,,,,,,,,,,,,,,,,,,,,,,,,
E06000066,2012,535842,21.91784145326421,33.65413685377406,2529.0,4.719674829520643,,,6.05348448198552,0.56835109,Somerset UA,47.0,1596032.0,,,,,,,,,,,,,,,,,,,,,,,,,,
E06000066,2013,539465,22.448722345286534,33.32876090200477,2707.0,5.017934435042124,,,6.34815443792246,0.60533309,Somerset UA,49.0,1606888.0,,,,,,,,,,,,,,,,,,,,,,,,,,
E06000066,2014,544312,22.91737091961963,32.9867796410882,3010.0,5.5299166654418785,,,6.53283269880995,0.646549523,Somerset UA,51.0,1619619.0,10610010.0,320.0,86895.0,200774.0,35998.0,588693.0,680054.0,169226.0,65313.0,8923.0,343971.0,173236.0,331914.0,19492.51532209468,0.5878981172562795,159.64189655932626,368.85830185628834,66.13486382809859,1081.5359573185967,1249.3827069768809,310.8988962212849,119.99184291362307,16.393171563368067,631.9371977836241,318.2659945031526,609.7862990343773
E06000066,2015,548792,23.265645271796966,32.68633653551801,3226.0,5.878365573842185,,,6.67579566169224,0.723497629,Somerset UA,40.0,1632569.0,10800304.0,271.0,88894.0,207360.0,38299.0,621705.0,686312.0,173818.0,66442.0,8024.0,337454.0,187615.0,342344.0,19680.141109928714,0.4938118631466932,161.98122421609645,377.8480735870785,69.78782489540663,1132.8609017624162,1250.586743246986,316.7283779646934,121.06954911879183,14.621204390734558,614.9032784734471,341.86905056925025,623.8137582180499
E06000066,2016,554806,23.560487810153457,32.383571915228025,3687.0,6.645566197914226,,,6.77970473122116,0.776474178,Somerset UA,31.0,1647910.0,10966226.0,313.0,91009.0,215418.0,39465.0,638202.0,685829.0,176889.0,68325.0,6422.0,335922.0,196213.0,348175.0,19765.87491843996,0.5641611662454985,164.0375194212031,388.27626233313987,71.13297260664088,1150.315605815366,1236.160027108575,318.83036592971234,123.15115553905329,11.575217283158437,605.4765089058158,353.660558825968,627.561706254078
E06000066,2017,558895,23.891786471519694,32.01263206863543,3164.0,5.661170702904839,,,6.86830832840608,0.808793664,Somerset UA,22.0,1662493.0,10851104.0,343.0,89022.0,219420.0,39397.0,640328.0,690006.0,177862.0,68527.0,6063.0,323922.0,201184.0,343177.0,19415.281940257115,0.6137109832795069,159.2821549664964,392.5961048139633,70.49087932438114,1145.7035758058312,1234.5896814249547,318.2386673704363,122.61158178190895,10.848191520768658,579.5757700462519,359.9674357437443,614.0276796178174
E06000066,2018,562159,24.189775490564056,31.807193338539452,3083.0,5.484213541008861,,,7.06600082914028,0.859719098,Somerset UA,21.0,1675860.0,10935909.0,301.0,86855.0,224394.0,40510.0,651054.0,707576.0,181931.0,69934.0,5532.0,307569.0,209985.0,343581.0,19453.409088887664,0.535435704133528,154.50255176916139,399.16464914730534,72.06146303803729,1158.131418335382,1258.675926205931,323.6290800289598,124.40252668728954,9.840632276633478,547.1210102479903,373.53311073913255,611.1811782787432
E06000066,2019,564987,24.549945396973737,31.646745854329392,2933.0,5.191269887625732,,,7.36462289971711,0.948912859,Somerset UA,33.0,1686041.0,10931823.0,245.0,87303.0,225066.0,41358.0,666748.0,715717.0,183542.0,71423.0,4811.0,299433.0,210106.0,343873.0,19348.80448576693,0.4336382961023882,154.5221394474563,398.3560683697147,73.2016842865411,1180.1121087741842,1266.784899475563,324.8605720131614,126.4152980511056,8.515240173667712,529.9821057829649,371.87758302403415,608.6387828392512
E06000066,2020,566310,24.810792675389806,31.669933428687468,2375.0,4.193816107785488,,,7.40377655064011,0.910584092,Somerset UA,34.0,1693456.0,11098454.0,316.0,80451.0,247714.0,42837.0,735683.0,737692.0,190739.0,72144.0,4216.0,265629.0,215638.0,345668.0,19597.84217124896,0.5579982694990376,142.06176828945277,437.41766876798926,75.64231604598189,1299.0817749995585,1302.629301972418,336.8102276138511,127.39312390740054,7.444685772809945,469.0522858505059,380.7773127792198,610.3865374088397
E06000066,2021,573100,24.9237480369918,31.810155295759902,2631.0,4.590821846100157,,,7.57100112816991,0.909842551,Somerset UA,41.0,1704397.0,11125134.0,364.0,76925.0,238150.0,43858.0,787605.0,748186.0,191785.0,71595.0,4027.0,259474.0,213502.0,341256.0,19412.20380387367,0.6351422090385622,134.2261385447566,415.54702495201536,76.52765660443202,1374.2889548071892,1305.5068923399058,334.64491362763914,124.92584191240621,7.026696911533764,452.75519106613154,372.53882393997554,595.4562903507241
E06000066,2022,577172,25.17966914541939,31.778395348353698,4573.0,7.923114773412432,,,7.77616146738504,0.963563979,Somerset UA,35.0,1716759.0,11310131.0,191.0,81908.0,238364.0,44562.0,799207.0,769868.0,193740.0,72747.0,3982.0,292978.0,211138.0,340866.0,19595.77214417886,0.3309238840414989,141.91263609461305,412.98607694066936,77.20748754270825,1384.6946837337916,1333.8623495249249,335.6711690795811,126.04041776108335,6.89915657724214,507.60951674717415,365.81469648562296,590.5795845952333
E06000066,2023,583076,25.3126522100035,32.04848081553691,5486.0,9.40872201908499,285.6666666666667,0.48993041501736767,8.0022860809754,1.097603798,Somerset UA,38.0,1733411.0,11648029.0,186.0,81547.0,240612.0,45625.0,815373.0,810124.0,196746.0,75991.0,3910.0,307114.0,208076.0,343523.0,19976.862364425906,0.3189978664873876,139.85655386261826,412.6597561895876,78.24880461552182,1398.399179523767,1389.3969225281096,337.4277109673525,130.32777888302726,6.705815365406911,526.7134987548793,356.85914014639604,589.156473598639
E06000066,2024,588173,25.536194282974567,32.25921625100098,4936.0,8.39208872219568,249.25,0.42376987722999865,8.171172962,1.244986415,Somerset UA,40.0,1748639.0,11916387.0,159.0,79537.0,243244.0,46326.0,822597.0,859663.0,198973.0,79439.0,3073.0,306355.0,202653.0,342419.0,20260.0034343637,0.2703286278016842,135.2272205626576,413.55859585530106,78.76254095308694,1398.5630078225283,1461.581881521253,338.2899249030472,135.060602917849,5.224653290783494,520.8586589319809,344.5465874836145,582.1739522215403
E06000066,2025,590972,25.874999153936226,32.36346222832892,,,348.25,0.5892834178269021,,,Somerset UA,,,,,,,,,,,,,,,,,,,,,,,,,,,,
E08000001,2011,277296,15.450998211297675,40.0005770007501,,,,,,1.57234621,Bolton,202.0,825513.0,,,,,,,,,,,,,,,,,,,,,,,,,,
E08000001,2012,279738,15.875926760039752,39.57774774968006,1480.0,5.290664836382615,,,7.51481774894733,1.590471745,Bolton,174.0,832202.0,,,,,,,,,,,,,,,,,,,,,,,,,,
E08000001,2013,281629,16.23341346239201,39.14937737235867,1722.0,6.114427136409957,,,7.66939956608274,1.814617634,Bolton,166.0,838663.0,,,,,,,,,,,,,,,,,,,,,,,,,,
E08000001,2014,283212,16.543084332584776,38.75294832139881,1858.0,6.56045647783286,779.5,2.7523551261952175,7.90190428058656,1.757875443,Bolton,161.0,844579.0,6098135.0,188.0,44802.0,121288.0,18011.0,326587.0,388420.0,118212.0,33220.0,3857.0,227977.0,123621.0,142059.0,21532.05019561318,0.6638136802112905,158.19244947247998,428.25868960354785,63.59546911854018,1153.1538211657698,1371.4814344024971,417.39756789966526,117.2972896628674,13.61877321582419,804.9694221996243,436.4963349010635,501.5995084954027
E08000001,2015,284972,16.669006077790097,38.27112839156128,1894.0,6.646267001670339,966.5,3.391561276195556,7.99778765732332,1.843413353,Bolton,157.0,849813.0,6044604.0,220.0,44013.0,119930.0,16988.0,335062.0,393747.0,121998.0,33721.0,3264.0,206906.0,121919.0,144148.0,21211.22075151243,0.7720056707325632,154.44675266341957,420.8483640498014,59.61287424729447,1175.771654759064,1381.7041674269751,428.1052173546875,118.3309237398762,11.45375686032312,726.0572968572351,427.8279971365608,505.83215193071595
E08000001,2016,287253,16.743776392239592,37.88646245644084,2085.0,7.258409833839855,1052.75,3.664887747038325,8.10092073022855,1.87032795,Bolton,149.0,855437.0,6118187.0,164.0,46306.0,124795.0,15533.0,340970.0,401257.0,125862.0,35329.0,3295.0,208504.0,123909.0,149879.0,21298.949010106073,0.5709252818943579,161.20284209390329,434.4428082561366,54.0742829491772,1187.0023985824344,1396.8766209578316,438.15730384016877,122.98914197588886,11.47072441367018,725.8549083908609,431.3584192332195,521.7665263722224
E08000001,2017,289684,16.81832617610914,37.496030156998664,2041.0,7.045608318029301,1044.5,3.6056530564339075,8.17307892122839,2.02696538,Bolton,137.0,861909.0,6106245.0,180.0,46238.0,126355.0,14744.0,343088.0,401979.0,128114.0,36175.0,3101.0,201844.0,126449.0,151655.0,21078.986067577083,0.6213667306444263,159.61530495298325,436.182184725425,50.89683931456346,1184.3526049074164,1387.6465389873104,442.254318498778,124.87745267256734,10.704767954046478,696.7730354455199,436.506676240317,523.5187307548915
E08000001,2018,291594,16.952680782183446,37.33958860607557,2245.0,7.6990610232034955,1090.75,3.740646241006331,8.3597744422707,2.016350746,Bolton,128.0,868531.0,6129019.0,158.0,44827.0,128913.0,14846.0,344423.0,399362.0,130895.0,37502.0,2807.0,191092.0,130188.0,156361.0,21019.016166313435,0.5418492835929408,153.7308723773466,442.09757402415687,50.91325610266329,1181.173137993237,1369.582364520532,448.8946960499873,128.61032805887638,9.626398348388513,655.3358436730523,446.47009197720115,536.2284546321256
E08000001,2019,294888,17.03901142128537,37.45625457800928,2694.0,9.135671848294946,1023.25,3.4699614768997042,8.65241355727975,2.117586851,Bolton,108.0,876166.0,6161524.0,98.0,45729.0,133232.0,14935.0,352706.0,400998.0,135978.0,41323.0,2524.0,180724.0,135359.0,158324.0,20894.45484387293,0.33232956241013534,155.07243428013348,451.8054312145628,50.64634708770788,1196.0676595860123,1359.831529258566,461.1174411980142,140.13116844361247,8.559181791052875,612.856406500095,459.01833916605625,536.8953636634925
E08000001,2020,295712,17.103127367168057,37.46043447678823,2513.0,8.49813331890488,988.0,3.3410886267719944,8.60490573687411,1.633498907,Bolton,103.0,882194.0,6116261.0,80.0,39728.0,140393.0,14460.0,372003.0,406028.0,139575.0,42671.0,2281.0,154300.0,137555.0,159821.0,20683.168082458607,0.2705334920463154,134.3469321502002,474.76260686072936,48.898928687371495,1257.990883021318,1373.0521588572667,471.9964019045558,144.29918298885403,7.713586191970566,521.7914727843307,465.16543123038633,540.4616654041771
E08000001,2021,296169,17.22091103390294,37.60859509266669,2521.0,8.512031981740156,857.75,2.896150508662284,8.83819956215969,2.097947598,Bolton,105.0,886769.0,6199794.0,113.0,39378.0,137222.0,14001.0,388469.0,406903.0,142357.0,42937.0,2015.0,160011.0,144110.0,159228.0,20933.298218247015,0.38153891865792844,132.95787202576906,463.3233052750288,47.27368495689961,1311.6463910807681,1373.8878815811242,480.6613791450152,144.97465973819,6.803547974298458,540.2692381714495,486.58029706012445,537.6254773457047
E08000001,2022,299591,17.19243902520436,37.96075316014166,5969.0,19.92382948753467,810.25,2.7045204962765905,9.15138795390647,2.085334778,Bolton,125.0,891838.0,6334901.0,91.0,42497.0,138165.0,13323.0,394795.0,419965.0,147148.0,43999.0,1846.0,180199.0,144910.0,160006.0,21145.164574369723,0.30374744234639894,141.8500555757683,461.17874034934295,44.470628289901896,1317.779906606006,1401.7944464286309,491.1629521581089,146.86355731647478,6.161733830455521,601.4833556415247,483.69276780677654,534.0814643964605
E08000001,2023,304761,17.036956828465584,38.546598810215215,7085.0,23.247725266684387,908.75,2.98184478985172,9.417527734002,2.138634443,Bolton,130.0,901701.0,6516276.0,91.0,41816.0,140243.0,13269.0,405322.0,444225.0,155620.0,45823.0,2032.0,187460.0,145340.0,162654.0,21381.59410160749,0.29859463645282697,137.20915733968587,460.1737098907012,43.53903550651166,1329.9667608388213,1457.6176085522754,510.62964093174656,150.35716512283395,6.6675197941993884,615.1049510928236,476.8982907918008,533.7100219516276
E08000001,2024,308904,16.99265791313806,38.9658275710253,5922.0,19.171004583948413,1053.0,3.408826043042499,9.544376435,2.097709417,Bolton,155.0,915617.0,6733317.0,80.0,41265.0,143244.0,13461.0,419651.0,470572.0,164046.0,48264.0,1788.0,179451.0,147810.0,165251.0,21797.44192370445,0.25898013622355165,133.58519151581075,463.7168829150804,43.57664517131536,1358.515914329371,1523.3600082873645,531.0581928366094,156.24271618366873,5.78820604459638,580.928055318157,478.49817419003966,534.9590811384767
E08000001,2025,309732,17.15257060943009,39.04633683313316,,,1077.25,3.478006792969406,,,Bolton,,,,,,,,,,,,,,,,,,,,,,,,,,,,
E08000002,2011,185422,16.075223004821435,38.701448587546246,,,,,,1.712422848,Bury,59.0,554062.0,,,,,,,,,,,,,,,,,,,,,,,,,,
E08000002,2012,186632,16.637018303399202,38.180483518367694,719.0,3.8525011787903467,,,6.12074323996795,1.872177958,Bury,58.0,556809.0,,,,,,,,,,,,,,,,,,,,,,,,,,
E08000002,2013,187093,17.024153763101772,37.707984799003704,718.0,3.83766362183513,,,6.51083545691022,1.923997521,Bury,60.0,559147.0,,,,,,,,,,,,,,,,,,,,,,,,,,
E08000002,2014,188406,17.41345817012197,37.2440368141142,864.0,4.585841215247922,319.25,1.6944789444072905,6.94084473144547,1.704142451,Bury,64.0,562131.0,3738042.0,158.0,29646.0,75706.0,9526.0,188553.0,236405.0,66578.0,22549.0,3024.0,145646.0,47662.0,87368.0,19840.355402694182,0.8386144814920968,157.35167669819432,401.8237211129157,50.56102247274503,1000.7802299289832,1254.7636487160707,353.37515790367615,119.68302495674236,16.050444253367726,773.0433213379616,252.97495833466027,463.7219621455792
E08000002,2015,189254,17.64401280818371,36.85364642226848,936.0,4.945734304162659,409.0,2.1611168059856065,7.23727797583367,1.843046188,Bury,58.0,564753.0,3776727.0,117.0,30924.0,77283.0,9596.0,197393.0,243168.0,70431.0,23685.0,2492.0,140025.0,49684.0,90500.0,19955.863548458685,0.6182167880203324,163.39945258752786,408.35596605619963,50.70434442600949,1043.0056960486963,1284.8764094814376,372.1506546757268,125.14927029283396,13.167489194415971,739.8786815602311,262.5254948376256,478.19332748581274
E08000002,2016,190470,17.70462540032551,36.530687247335536,1080.0,5.670184280989132,494.5,2.596209376804746,7.33963301834908,1.824985743,Bury,53.0,568130.0,3775120.0,109.0,31943.0,79708.0,8499.0,203586.0,249292.0,71831.0,24261.0,2242.0,134777.0,53034.0,91989.0,19820.0241507849,0.5722685987294587,167.7062004515147,418.48060061952015,44.621200189006146,1068.8612379902347,1308.8255368299472,377.1250065627133,127.3743896676642,11.770882553682995,707.6022470730298,278.43754922034964,482.9579461332493
E08000002,2017,191896,17.850815024805105,36.38429149122441,1012.0,5.273689915370825,490.5,2.5560720390211364,7.39612291501191,1.893121362,Bury,47.0,571620.0,3765944.0,43.0,31016.0,82389.0,8033.0,208044.0,258284.0,72040.0,24427.0,2302.0,130320.0,55965.0,92497.0,19624.92183265936,0.22407970984283154,161.62921582523867,429.3419352149081,41.86121649226664,1084.1497477800474,1345.9582273731605,375.4116813273857,127.29290865885687,11.99608121065577,679.1178555050652,291.6423479384667,482.0163004961021
E08000002,2018,192900,18.040435458786938,36.355106272680146,1009.0,5.230689476412649,512.0,2.654224987039917,7.51906965880523,2.023900509,Bury,43.0,575266.0,3849688.0,71.0,31985.0,84984.0,7830.0,211558.0,268764.0,74757.0,25584.0,2256.0,130971.0,59505.0,95521.0,19956.910316226025,0.368066355624676,165.81130119232762,440.55987558320373,40.59097978227061,1096.7236910316226,1393.2814930015552,387.542768273717,132.62830482115083,11.695178849144636,678.9580093312597,308.47589424572317,495.18403317781235
E08000002,2019,193763,18.18561851333846,36.46258573618286,1048.0,5.408669353798197,490.25,2.530152815553021,7.50747452559644,2.165753603,Bury,50.0,578559.0,3879729.0,56.0,32642.0,86053.0,7680.0,217949.0,272733.0,75325.0,26373.0,2014.0,127467.0,63562.0,95999.0,20023.06425891424,0.28901286623349143,168.4635353498862,444.11471746411854,39.6360502263074,1124.822592548629,1407.5597508296219,388.7481098042454,136.1095771638548,10.394141296325925,657.8500539318652,328.03992506309254,495.44546688480256
E08000002,2020,193604,18.274415817855004,36.557095927770085,927.0,4.788124212309663,445.25,2.299797524844528,7.37818038118977,2.175857306,Bury,44.0,580267.0,3905064.0,46.0,29108.0,91370.0,8037.0,239055.0,279417.0,76285.0,26891.0,1554.0,109589.0,65133.0,96552.0,20170.368380818578,0.23759839672734034,150.34813330303092,471.94272845602364,41.5125720542964,1234.762711514225,1443.2398090948534,394.0259498770687,138.89692361728063,8.026693663354063,566.047189107663,336.4238342183013,498.7087043656123
E08000002,2021,193866,18.382284670855128,36.76353770129884,941.0,4.853868135722613,406.0,2.094230035178938,7.4778406454684,2.12561965,Bury,40.0,581233.0,3914162.0,57.0,28438.0,87815.0,7806.0,247281.0,274940.0,78519.0,26496.0,1338.0,115977.0,67642.0,94560.0,20190.038480187348,0.29401751725418585,146.6889500995533,452.9675136434445,40.264925257652195,1275.5253628795147,1418.1960735765942,405.01686732072665,136.67172170468262,6.901674352387732,598.2327999752406,348.9111035457481,487.75958651852307
E08000002,2022,194740,18.391188251001335,37.044264147067885,2432.0,12.488446133305946,421.0,2.161856834754031,7.70438461400176,2.121608734,Bury,33.0,582516.0,4030563.0,56.0,30534.0,89383.0,7598.0,253535.0,276017.0,80743.0,27434.0,1390.0,135897.0,69406.0,92818.0,20697.150046215465,0.28756290438533433,156.79367361610352,458.9863407620417,39.01612406285304,1301.915374345281,1417.3616103522645,414.6194926568758,140.87501283762964,7.137722090993119,697.8381431652459,356.40340967443774,476.6252439149635
E08000002,2023,196160,18.449734910277325,37.47960848287113,2429.0,12.382748776508972,424.5,2.1640497553017948,7.92918633054284,2.294217587,Bury,35.0,585631.0,4155045.0,60.0,29557.0,91241.0,7784.0,261663.0,291045.0,84325.0,28209.0,1321.0,128092.0,72676.0,92734.0,21181.91782218597,0.3058727569331158,150.6780179445351,465.135603588907,39.68189233278956,1333.9263866231647,1483.7122756933118,429.8786704730832,143.8060766721044,6.734298531810767,652.9975530179445,370.49347471451875,472.74673735725935
E08000002,2024,198136,18.504461581943715,37.85228328017119,2482.0,12.526749303508701,448.75,2.264858481043324,8.10802863,2.34781146,Bury,39.0,590686.0,4283106.0,45.0,29229.0,93963.0,7792.0,266108.0,308068.0,87786.0,28897.0,1126.0,115726.0,77928.0,92806.0,21617.00044413938,0.2271167279040659,147.5198853312876,474.2348689788832,39.326523196188475,1343.0572939798926,1554.8310251544392,443.05931279525174,145.84426858319537,5.682965235999516,584.0735656316873,393.3056082690677,468.39544555254975
E08000002,2025,199271,18.66051758660317,38.125467328412064,,,415.5,2.085100190193254,,,Bury,,,,,,,,,,,,,,,,,,,,,,,,,,,,
E08000003,2011,502902,9.470035911569251,54.119092785473114,,,,,,5.524878025,Manchester,621.0,1479284.0,,,,,,,,,,,,,,,,,,,,,,,,,,
E08000003,2012,506869,9.550199361176162,53.449905202330385,12827.0,25.306341480737625,,,5.80363659492975,5.672055721,Manchester,599.0,1502369.0,,,,,,,,,,,,,,,,,,,,,,,,,,
E08000003,2013,510783,9.583521769518562,52.765460087747634,13758.0,26.935117261146125,,,5.88344881801219,5.81612587,Manchester,567.0,1520554.0,,,,,,,,,,,,,,,,,,,,,,,,,,
E08000003,2014,515360,9.578352995963986,52.146266687364175,14844.0,28.80316671841043,808.0,1.5678360757528718,6.16197222998475,5.871157169,Manchester,482.0,1533012.0,10983187.0,256.0,69211.0,239788.0,24478.0,538548.0,632904.0,221552.0,77069.0,7178.0,369982.0,148017.0,196751.0,21311.67921452965,0.49674014281279105,134.29641415709406,465.2825209562248,47.496895374107424,1044.9937907482147,1228.0813411983854,429.89754734554487,149.5440080720273,13.928127910586774,717.9098106178205,287.21088171375345,381.77390561937284
E08000003,2015,523321,9.485382776536772,51.828418886304966,16109.0,30.782254104077612,998.0,1.9070513126742477,6.30224946750481,6.031349659,Manchester,423.0,1549464.0,11093598.0,345.0,69890.0,246269.0,23821.0,563577.0,643587.0,230434.0,79586.0,6286.0,351232.0,151713.0,201681.0,21198.457543266944,0.6592512052831818,133.5509180789611,470.5887973156055,45.51890713348022,1076.9241058547238,1229.8130592886585,440.33012242963684,152.0787432570067,12.011748047565453,671.1597661855725,289.90428436848515,385.38678937019534
E08000003,2016,533446,9.394202974621612,51.602411490572614,17282.0,32.39690615357506,1125.25,2.1093981396430004,6.34510866829238,6.197357178,Manchester,392.0,1572127.0,11351850.0,361.0,72224.0,253383.0,22686.0,581057.0,658478.0,241638.0,83289.0,6413.0,362075.0,156698.0,208786.0,21280.22330282728,0.6767320403564746,135.3913985670527,474.99278277463884,42.5272661150332,1089.2517705634687,1234.3854860660686,452.9755589131796,156.1338917153751,12.021835387274438,678.7472396456249,293.74669601046776,391.3910686367505
E08000003,2017,536961,9.404779862969564,51.23556459407666,14824.0,27.60721914626947,1073.5,1.9992140956233322,6.40160995272142,5.974056721,Manchester,378.0,1593728.0,11431896.0,349.0,72873.0,257583.0,21633.0,590355.0,671414.0,247679.0,85831.0,6636.0,349222.0,164972.0,213411.0,21289.993127992533,0.6499540935002729,135.71376692162002,479.70522998877016,40.28784213378625,1099.4373893076033,1250.3962112704648,461.26068746147297,159.84587335020606,12.358439439735847,650.3675313477142,307.2327412977851,397.4422723438015
E08000003,2018,540675,9.420816571877745,51.05507005132473,16324.0,30.191889767420353,1151.75,2.1302076108567993,6.4279160476196,6.061942101,Manchester,344.0,1611082.0,11678064.0,334.0,73402.0,257506.0,20752.0,604697.0,693709.0,257590.0,89844.0,6637.0,341367.0,177791.0,221803.0,21599.045637397696,0.6177463355990198,135.75992971748278,476.2676284274287,38.381652563924725,1118.411245202756,1283.0424931798213,476.4229897812919,166.17006519628242,12.27539649512184,631.3718962408101,328.8315531511536,410.23350441577657
E08000003,2019,545947,9.429486745050344,50.990114425026604,18767.0,34.37513165197354,1038.75,1.9026572176420056,6.40436493190998,6.163156033,Manchester,339.0,1623583.0,12018742.0,282.0,75647.0,259777.0,20095.0,634244.0,726146.0,271183.0,92669.0,5607.0,344185.0,188505.0,230978.0,22014.48492252911,0.5165336561973964,138.56106911476755,475.82823973755694,36.80760220314426,1161.7318164583742,1330.0668379897681,496.7203776190729,169.73991980906573,10.270227696095043,630.43665410745,345.28076901237665,423.0776980183058
E08000003,2020,547340,9.459202689370409,50.91606679577593,18422.0,33.657324514926735,1012.5,1.849855665582636,6.45973994193742,5.878163338,Manchester,322.0,1633962.0,12140681.0,318.0,69080.0,276926.0,20549.0,692106.0,752244.0,278568.0,95163.0,4960.0,298696.0,197510.0,240780.0,22181.242006796507,0.5809917053385465,126.21039938612196,505.9487704169255,37.54339167610625,1264.4900792925787,1374.3632842474512,508.9487338765667,173.86450834947198,9.062008988928271,545.7229509993789,360.85431358935944,439.9093799101107
E08000003,2021,550630,9.553783847592758,51.04607449648584,17337.0,31.48575268329005,1003.5,1.8224579118464304,6.58435330711182,6.007080555,Manchester,348.0,1643917.0,12384582.0,395.0,66437.0,272711.0,19714.0,728430.0,768958.0,290575.0,95848.0,4517.0,302178.0,212219.0,245851.0,22491.65864555146,0.7173601147776184,120.6563391024826,495.2708715471369,35.80262608285055,1322.9028567277483,1396.5058206054882,527.7137097506493,174.06970197773458,8.203330730254436,548.7859361095473,385.41125619744656,446.49038374225887
E08000003,2022,569260,9.422583705161086,52.2367635175491,28093.0,49.35003337666444,1276.75,2.2428240171450655,6.63077861099675,5.508182526,Manchester,337.0,1667073.0,12694091.0,399.0,70885.0,273749.0,19197.0,748874.0,804753.0,306098.0,99405.0,4156.0,337372.0,218194.0,251490.0,22299.28503671433,0.7009099532726698,124.52130836524611,480.88571127428594,33.72272775181815,1315.521905631873,1413.6826757544882,537.7121174858588,174.62143835857077,7.300706179952921,592.6501071566596,383.2941011137266,441.7840705477286
E08000003,2023,581416,9.32946461741679,52.99630557122611,27618.0,47.50127275479175,2027.25,3.486746150776724,6.62736062621364,5.961561203,Manchester,387.0,1701035.0,13187267.0,267.0,70607.0,276598.0,18791.0,778484.0,855191.0,318778.0,104039.0,4296.0,347666.0,233650.0,265731.0,22681.29360045131,0.45922368837458893,121.4397264609161,475.73166201136536,32.319372015906,1338.9449206764177,1470.8762744747305,548.2786851411038,178.9407240254826,7.388857547779903,597.9642803087635,401.8637258004596,457.0410859006288
E08000003,2024,588597,9.380272070703723,53.39884505017864,26229.0,44.561898888373534,1798.75,3.05599586814068,6.700136834,5.50809288,Manchester,441.0,1740075.0,13704112.0,336.0,68847.0,280389.0,18335.0,808846.0,919375.0,333827.0,110148.0,3268.0,334575.0,247988.0,282310.0,23282.673883828837,0.5708489849591486,116.96797639131698,476.36838108247235,31.150345652458302,1374.1932085960343,1561.9770403179084,567.1571550653504,187.13652974785805,5.552185960852672,568.4279736390093,421.32053000609926,479.6320742375513
E08000003,2025,588256,9.579842789533808,53.525845890224666,,,1917.75,3.260060245879345,,,Manchester,,,,,,,,,,,,,,,,,,,,,,,,,,,,
E08000004,2011,225157,14.723504043844962,39.811775783120225,,,,,,1.107058644,Oldham,134.0,671775.0,,,,,,,,,,,,,,,,,,,,,,,,,,
E08000004,2012,226057,15.16122040016456,39.492251954153154,903.0,3.9945677417642456,,,6.82479933576783,1.159741044,Oldham,148.0,675021.0,,,,,,,,,,,,,,,,,,,,,,,,,,
E08000004,2013,227866,15.496827082583623,39.10324488954034,1045.0,4.586028630861998,,,7.1530402814581,1.295425057,Oldham,139.0,679080.0,,,,,,,,,,,,,,,,,,,,,,,,,,
E08000004,2014,230348,15.622883636931947,38.75874763401462,1090.0,4.7319707572889715,563.0,2.4441280150033866,7.59158226510264,1.399987936,Oldham,146.0,684271.0,4884773.0,146.0,31400.0,109199.0,14251.0,249464.0,327680.0,101565.0,32004.0,3428.0,171992.0,78288.0,98323.0,21206.057790820847,0.6338236060221926,136.31548787052634,474.0609859864205,61.86726170837168,1082.9874798131523,1422.5432823380277,440.91982565509574,138.93760744612499,14.881830968795041,746.6615729244448,339.868373070311,426.8454685953427
E08000004,2015,232693,15.636052653066487,38.45066246083896,1205.0,5.178496989595734,651.25,2.7987520037130467,7.94136252372178,1.404568195,Oldham,150.0,690907.0,5045302.0,131.0,33891.0,114076.0,14047.0,265814.0,340574.0,109948.0,33740.0,3131.0,170019.0,85424.0,101695.0,21682.225077677456,0.5629735316489968,145.6468393978332,490.2425083693966,60.367093122698144,1142.3377583339422,1463.6194470826367,472.50239586064043,144.99791570868052,13.455497157198542,730.6579914307692,367.11031272964806,437.0350633667536
E08000004,2016,235021,15.676471464252131,38.21658490092375,1765.0,7.509967194420924,688.0,2.927397977202037,8.14960501581023,1.542910814,Oldham,147.0,698062.0,5189967.0,162.0,34967.0,118856.0,13343.0,274967.0,349560.0,114779.0,34673.0,3034.0,174173.0,91716.0,104508.0,22082.992583641462,0.6893001050969914,148.78244922794136,505.72502031733336,56.773650014254045,1169.9677901123728,1487.3564489981745,488.37763433905906,147.53149718535792,12.909484684347355,741.0954765744337,390.2459780189855,444.67515668812575
E08000004,2017,237161,15.725604125467509,38.11545743187118,1547.0,6.52299492749651,723.5,3.0506702198084845,8.3251297775626,1.579005837,Oldham,130.0,704875.0,5243022.0,186.0,35125.0,122919.0,12866.0,278271.0,356645.0,118770.0,35979.0,3293.0,168748.0,96868.0,106343.0,22107.437563511707,0.7842773474559477,148.10613886768903,518.2934799566539,54.25006641058184,1173.3421599672795,1503.8096482979918,500.79903525453176,151.70706819418032,13.88508228587331,711.533515206969,408.4482693191545,448.40003204574106
E08000004,2018,239923,15.81048919861789,38.19141974716889,1794.0,7.477398998845462,859.0,3.5803153511751686,8.53341416332977,1.664775968,Oldham,110.0,712105.0,5193060.0,212.0,33757.0,120542.0,12825.0,276093.0,358817.0,120966.0,37569.0,3095.0,158465.0,98062.0,105594.0,21644.6943394339,0.8836168270653502,140.699307694552,502.41952626467656,53.45465003355243,1150.7567011082722,1495.5506558354139,504.18675991880724,156.58773856612328,12.899972074373862,660.482738211843,408.72279856453946,440.1162039487669
E08000004,2019,242077,15.881723583818372,38.45222801009596,2031.0,8.389892472229912,786.25,3.2479335087596097,8.64576250639089,1.641290188,Oldham,118.0,719161.0,5258249.0,149.0,36217.0,122698.0,12279.0,285711.0,367634.0,126974.0,38666.0,2810.0,158757.0,96842.0,107318.0,21721.390301433014,0.6155066363181964,149.6094217955444,506.85525679845665,50.723530116450554,1180.2484333497193,1518.6655485651258,524.5190579856823,159.72603758308307,11.607876832578063,655.8119937044825,400.0462662706494,443.3217529959476
E08000004,2020,242181,15.924866112535666,38.546376470491076,1716.0,7.085609523455597,768.25,3.172214170393218,8.60795275425065,1.681360245,Oldham,119.0,724181.0,5206356.0,115.0,30866.0,128212.0,11569.0,316399.0,376801.0,130116.0,40132.0,2265.0,127753.0,98857.0,109694.0,21497.78884388123,0.47485145407773527,127.45013027446414,529.4056924366486,47.77005628022017,1306.4567410325337,1555.8652412864758,537.2675808589444,165.71077004389278,9.352509073791916,527.5104157634166,408.194697354458,452.9422209008964
E08000004,2021,242003,16.041536675165183,38.63671111515146,1758.0,7.26437275570964,639.75,2.6435622698892165,8.80727541682075,1.737145424,Oldham,120.0,726261.0,5259082.0,128.0,29694.0,122565.0,12108.0,330293.0,377768.0,133195.0,40470.0,1921.0,130374.0,101432.0,109856.0,21731.474403209875,0.5289190629868225,122.70095825258365,506.46066371078047,50.03243761440974,1364.83018805552,1561.0054420812965,550.3857390197642,167.22933186778675,7.937918124981921,538.7288587331562,419.13529997562017,453.9447858084404
E08000004,2022,244584,15.969973506034737,38.96616295424067,3926.0,16.05174500376149,759.0,3.103228338730252,9.14607760308269,1.768497944,Oldham,104.0,729069.0,5417756.0,180.0,33134.0,121779.0,12231.0,340431.0,385427.0,138893.0,41435.0,1755.0,153799.0,103926.0,110909.0,22150.901121904946,0.7359434795407713,135.47084028391063,497.90256108330885,50.00735943479541,1391.8776371308018,1575.8471527164493,567.8744316880908,169.4101004153992,7.17544892552252,628.8187289438393,424.9092336375233,453.4597520688189
E08000004,2023,247251,15.871321046224283,39.392762819968375,4275.0,17.290122183530094,829.75,3.355901492814994,9.45674145947039,1.886899114,Oldham,108.0,734857.0,5518217.0,121.0,33073.0,119544.0,12393.0,346813.0,401505.0,143004.0,41874.0,1484.0,150801.0,108591.0,110109.0,22318.279804732843,0.48938123607184597,133.76285636862946,483.49248334688235,50.12315420362304,1402.6758233535961,1623.8761420580706,578.375820522465,169.35826346506184,6.001997969674542,609.9105767014087,439.1933702998168,445.3328803523545
E08000004,2024,250725,15.798584106092333,39.776248878253064,4506.0,17.97188154352378,808.5,3.224648519294047,9.709224264,1.988386154,Oldham,111.0,744414.0,5668830.0,158.0,32611.0,121745.0,12774.0,355963.0,422446.0,150565.0,45001.0,1294.0,138988.0,118102.0,112802.0,22609.751720011966,0.6301724997507229,130.06680626184067,485.57184165918835,50.94825007478313,1419.7347691694088,1684.8977963904676,600.5184963605544,179.48349785621699,5.161033004287566,554.3444012364143,471.04197826303715,449.90328048658887
E08000004,2025,251915,15.982771966734811,39.88210309032809,,,777.5,3.086358493936447,,,Oldham,,,,,,,,,,,,,,,,,,,,,,,,,,,,
E08000005,2011,211929,14.644527176554412,40.30264852851663,,,,,,1.286574602,Rochdale,130.0,632935.0,,,,,,,,,,,,,,,,,,,,,,,,,,
E08000005,2012,212345,15.150815889236855,39.868610044973984,805.0,3.7910004944783258,,,6.87678289160992,1.427642345,Rochdale,118.0,635032.0,,,,,,,,,,,,,,,,,,,,,,,,,,
E08000005,2013,212503,15.496722399213187,39.33544467607516,810.0,3.8117108934932684,,,7.21239316529731,1.576696754,Rochdale,100.0,636777.0,,,,,,,,,,,,,,,,,,,,,,,,,,
E08000005,2014,213462,15.725047080979284,38.95681666994594,868.0,4.066297514311681,681.25,3.191434541042434,7.83071182945328,1.600981355,Rochdale,97.0,638310.0,4771682.0,185.0,35608.0,96907.0,13173.0,245857.0,283414.0,85104.0,26759.0,3034.0,181340.0,66246.0,82167.0,22353.777253094227,0.8666647927968444,166.81189157789208,453.9777571652097,61.71121792169098,1151.760032230561,1327.7023545174316,398.6845433847711,125.35720643486897,14.213302601868248,849.5188839231339,310.3409506141608,384.9256542148017
E08000005,2015,214560,15.89392244593587,38.598527218493665,978.0,4.558165548098434,1003.25,4.675848247576436,8.14207251734952,2.027720213,Rochdale,88.0,640525.0,4766058.0,137.0,35344.0,100181.0,12591.0,253306.0,286321.0,90325.0,27812.0,2508.0,163609.0,66036.0,83133.0,22213.171140939598,0.6385160328113348,164.72781506338555,466.9136838180462,58.68288590604027,1180.5835197613721,1334.4565622669647,420.97781506338555,129.6234153616704,11.68903803131991,762.5326249067859,307.77404921700224,387.45805369127515
E08000005,2016,216251,16.006862396012043,38.259245043953555,1165.0,5.387258324816995,1065.25,4.925988781554767,8.35762714687901,2.034370661,Rochdale,96.0,644273.0,4701300.0,171.0,35533.0,102576.0,11434.0,254025.0,287170.0,92383.0,28596.0,2676.0,157589.0,65758.0,84226.0,21740.015075074796,0.7907477884495332,164.31369103495476,474.3376909239726,52.87374393644422,1174.6766488941091,1327.9476164272073,427.2026487738785,132.2352266579114,12.374509250824273,728.7318902571549,304.08183083546436,389.48259198801395
E08000005,2017,218492,16.095326144664334,37.94463870530729,1087.0,4.975010526701206,983.25,4.500164765758014,8.4807890232425,2.057369947,Rochdale,82.0,649303.0,4647474.0,122.0,36722.0,106455.0,10925.0,248388.0,296668.0,95396.0,30094.0,2655.0,147317.0,66719.0,88109.0,21270.68267945737,0.5583728466030793,168.07022682752688,487.2260769273017,50.0018307306446,1136.8288083774235,1357.7979971806749,436.610951430716,137.73502004650058,12.151474653534226,674.2443659264412,305.36129469271185,403.25961591271073
E08000005,2018,219969,16.233196495869873,37.82987602798576,1298.0,5.900831480799567,1011.75,4.599511749382868,8.62933100893441,2.10748148,Rochdale,87.0,654712.0,4559283.0,126.0,34951.0,104351.0,10272.0,232605.0,300006.0,97836.0,30618.0,2546.0,133867.0,67943.0,89423.0,20726.93424982611,0.5728079865799272,158.89057094408756,474.3895730762062,46.697489191658825,1057.4444580827299,1363.8558160468067,444.7717632939187,139.1923407389223,11.574358205019799,608.57211698012,308.8753415253968,406.5254649518796
E08000005,2019,222042,16.387440214013566,37.86265661451437,1387.0,6.246565964997613,924.75,4.164752614370254,8.67761900132854,2.192537546,Rochdale,72.0,660503.0,4521599.0,156.0,35562.0,105431.0,9948.0,229735.0,299431.0,99238.0,31631.0,1985.0,121319.0,67204.0,89094.0,20363.710469190515,0.702569784094901,160.15888885886454,474.8245827365994,44.80233469343638,1034.6465983912954,1348.5331603930788,446.9334630385243,142.45503103016546,8.9397501373614,546.3786130551878,302.6634600661136,401.2484124625071
E08000005,2020,223024,16.452937800416098,37.84704785135232,1412.0,6.331157184876964,888.25,3.9827552191692375,8.62390247831807,2.226304531,Rochdale,76.0,665035.0,4534675.0,122.0,30455.0,113763.0,9676.0,268309.0,304929.0,101950.0,32646.0,1827.0,106057.0,67610.0,91325.0,20332.67720066002,0.5470263290049502,136.55481024463734,510.0930841523782,43.385465241408994,1203.049895975321,1367.247471124184,457.1256905086448,146.378865054882,8.191943467967572,475.5407489776885,303.151230360858,409.4850778391563
E08000005,2021,224127,16.53616030197165,38.07082591566389,1394.0,6.219687944781307,788.75,3.519210090707501,8.75056980207991,2.377936363,Rochdale,58.0,669193.0,4605269.0,108.0,29069.0,110725.0,9533.0,285776.0,307505.0,105427.0,32438.0,1686.0,110716.0,71923.0,91503.0,20547.58685923606,0.4818696542585231,129.69878684852785,494.02793951643486,42.53392050043056,1275.0627992165155,1372.0122965996957,470.38955592141957,144.730443007759,7.5225207137025,493.9877837119133,320.9028809558866,408.26406457053366
E08000005,2022,227532,16.497899196596524,38.489091644252234,3641.0,16.002144753265473,800.25,3.517087706344602,8.9830179880429,2.219491482,Rochdale,67.0,674866.0,4766953.0,80.0,31803.0,113388.0,9519.0,296231.0,317733.0,109432.0,33670.0,1498.0,129785.0,75839.0,92880.0,20950.69264982508,0.35159889597946664,139.77374611043723,498.33869521649706,41.83587363535678,1301.931156936167,1396.4321502030484,480.9521298103124,147.97918534535802,6.583689327215513,570.4032839336885,333.31135840233463,408.20631823216075
E08000005,2023,230729,16.48687421173758,38.859007753685056,3769.0,16.335181099905085,876.25,3.797745406949278,9.29739847683107,2.380320549,Rochdale,55.0,683059.0,4950201.0,76.0,33125.0,116362.0,9421.0,305997.0,338626.0,114391.0,34140.0,1500.0,135740.0,79366.0,95619.0,21454.611253895262,0.3293907571219916,143.56669512718383,504.3232536872262,40.83145161639846,1326.2182040402377,1467.6351910683097,495.78076444660184,147.96579537032622,6.501133364249834,588.309228575515,343.9793003913682,414.42124743746996
E08000005,2024,234919,16.433749505148583,39.30205730485827,3830.0,16.3034918418689,836.75,3.5618660048782775,9.544033774,2.455752134,Rochdale,68.0,694493.0,5159975.0,77.0,32301.0,118979.0,9099.0,317206.0,364162.0,120352.0,35436.0,1233.0,124911.0,85738.0,99917.0,21964.911309855735,0.3277725513900536,137.49845691493664,506.4681869069765,38.732499286988286,1350.2781809900434,1550.1598423286325,512.3127546090354,150.84348222153167,5.2486176086225464,531.7194437231556,364.9683507932521,425.3253248992206
E08000005,2025,237641,16.545545591880188,39.544943843865326,,,774.25,3.258065737814603,,,Rochdale,,,,,,,,,,,,,,,,,,,,,,,,,,,,
E08000006,2011,234487,14.21016943369995,44.56153219581469,,,,,,4.33000946,Salford,89.0,695272.0,,,,,,,,,,,,,,,,,,,,,,,,,,
E08000006,2012,237421,14.438486907223876,44.50743615771141,2861.0,12.050324107808493,,,5.87884344659418,4.471896648,Salford,84.0,703745.0,,,,,,,,,,,,,,,,,,,,,,,,,,
E08000006,2013,239718,14.524566365479439,44.27201962305709,3066.0,12.790028283232799,,,5.95562658588935,4.815852642,Salford,78.0,711626.0,,,,,,,,,,,,,,,,,,,,,,,,,,
E08000006,2014,242602,14.49369749631083,44.126181977065315,3696.0,15.234829061590588,544.75,2.2454472757850303,5.98789095350945,4.69677496,Salford,80.0,719741.0,6121982.0,365.0,41121.0,110338.0,14489.0,332400.0,407801.0,111394.0,25547.0,2512.0,182568.0,123223.0,156653.0,25234.67242644331,1.5045218093832697,169.49983924287514,454.8107600102225,59.72333286617588,1370.145340928764,1680.946570926868,459.1635683135341,105.30416072414901,10.35440763060486,752.5411991657118,507.92244087023187,645.7201506994996
E08000006,2015,246942,14.387184035117558,44.320528707145805,4142.0,16.773169408201117,627.75,2.542094904876449,6.201698402318,5.048319817,Salford,88.0,729262.0,6184791.0,130.0,42044.0,113745.0,14602.0,343307.0,408854.0,117463.0,25697.0,2634.0,175354.0,123971.0,160259.0,25045.520810554706,0.5264394068242746,170.2586032347677,460.61423330174694,59.13129398806198,1390.23333414324,1655.668132597938,475.6704003369212,104.06087259356447,10.666472289039532,710.101967263568,502.0247669493242,648.9742530634724
E08000006,2016,251562,14.22233882700885,44.436759128962244,4266.0,16.958046127793548,750.5,2.983359966926642,6.3439269595696,4.955446243,Salford,86.0,741106.0,6263774.0,122.0,41993.0,117889.0,13776.0,352153.0,410523.0,124479.0,26215.0,2761.0,176112.0,131477.0,161127.0,24899.523775450984,0.484969908014724,166.9290274365763,468.62801217989994,54.76184797385933,1399.865639484501,1631.895914327283,494.824337539056,104.20890277545894,10.975425541218467,700.0739380351564,522.642529475835,640.5061177761347
E08000006,2017,255090,14.053079305343212,44.605041357952096,3425.0,13.426633737112393,745.75,2.923477988161041,6.38291975388481,4.899851799,Salford,81.0,753594.0,6302336.0,149.0,41230.0,120859.0,13147.0,363635.0,417850.0,128278.0,27155.0,2725.0,172874.0,138995.0,157832.0,24706.3232584578,0.5841075698772982,161.62922889960407,473.7896428711435,51.538672625347914,1425.5164843780626,1638.0493159277119,502.8734956289936,106.45262456387941,10.68250421419891,677.6980673487789,544.8861186247991,618.7306440864008
E08000006,2018,259224,13.852112458722958,44.972687714100545,3614.0,13.941610344721168,920.0,3.5490540999290188,6.55040177785005,4.601733685,Salford,69.0,765876.0,6261307.0,174.0,38775.0,119668.0,11979.0,362234.0,416165.0,128821.0,28170.0,2837.0,164912.0,139719.0,154072.0,24154.04052093942,0.6712341449865753,149.58105730950837,461.6393543807672,46.210998981575784,1397.3783291670525,1605.4261951053913,496.948585007561,108.67049347282659,10.944202697281117,636.1756627472764,538.9894454217202,594.3585470481129
E08000006,2019,263611,13.702766576508568,45.572074002981665,3734.0,14.16481102837135,889.5,3.374290147224509,6.65123736247234,5.156471252,Salford,67.0,777925.0,6297364.0,177.0,38627.0,119787.0,11543.0,371610.0,421091.0,130596.0,29261.0,2502.0,160246.0,142191.0,153629.0,23888.851375701317,0.6714439078794132,146.5303041223621,454.4081999613066,43.78800581159359,1409.6907943902188,1597.3954045923729,495.41179996282403,111.0006790308447,9.491257952058147,607.888138203641,539.3970661315348,582.786757760488
E08000006,2020,266090,13.513097072419106,45.96076515464692,3667.0,13.781051523920476,893.25,3.356946897666203,6.57780517022865,5.120541096,Salford,61.0,788925.0,6210470.0,103.0,34038.0,126275.0,11480.0,390664.0,426587.0,132610.0,30224.0,2317.0,140073.0,141109.0,154203.0,23339.734676237364,0.3870870758014206,127.91912510804615,474.55748055169306,43.143297380585516,1468.1649066105454,1603.1681010184525,498.36521477695516,113.58562892254501,8.707580142057198,526.4121162012852,530.3055357209967,579.514449998121
E08000006,2021,270866,13.305472078444692,46.693198851092426,4078.0,15.05541485457754,790.25,2.9174942591539725,6.54305085588141,5.12957716,Salford,68.0,800567.0,6207008.0,98.0,32199.0,124006.0,10885.0,397206.0,426633.0,133665.0,31753.0,2364.0,145485.0,145473.0,151116.0,22915.419432486913,0.3618025148966648,118.8742773179358,457.8130883905695,40.18592219030812,1466.4298952249453,1575.070329978661,493.4727872822724,117.22770668891629,8.72756270628281,537.1106008136865,537.0662984649236,557.8994779706571
E08000006,2022,279964,12.979168750267892,47.989384349416355,8256.0,29.489505793602035,799.5,2.855724307410953,6.71837122584906,4.730358601,Salford,70.0,817000.0,6276775.0,74.0,35762.0,123405.0,10797.0,400415.0,431000.0,136270.0,34214.0,2127.0,172977.0,146046.0,150432.0,22419.936134645883,0.2643196982469175,127.73785200954407,440.7888157048763,38.565672729350915,1430.2374591018845,1539.483647897587,486.7411524338844,122.2085696732437,7.597405380691804,617.8544384277978,521.6599277049905,537.3262276578417
E08000006,2023,286990,12.754102930415694,49.000662043973655,8529.0,29.718805533293843,809.75,2.821526882469773,6.99416858102138,4.873721123,Salford,86.0,838088.0,6408530.0,83.0,35616.0,121737.0,10320.0,408056.0,448432.0,143160.0,36412.0,1838.0,175829.0,150124.0,151807.0,22330.150876337153,0.2892086832293808,124.10188508310394,424.18551169030275,35.95944109550855,1421.8474511307013,1562.5352799749119,498.8327119411826,126.8755008885327,6.404404334645807,612.6659465486603,523.0983657967176,528.9626816265375
E08000006,2024,293508,12.635090014582227,49.634422230399174,7957.0,27.10999359472314,767.5,2.614920206604249,7.279730269,4.919066429,Salford,97.0,861570.0,6603036.0,128.0,35497.0,121843.0,10337.0,418552.0,476112.0,151804.0,38051.0,1771.0,171151.0,154958.0,155854.0,22496.954086430353,0.4361039562805784,120.94048543821634,415.12667457105084,35.218801531815146,1426.0326805402237,1622.1431783801463,517.2056639001322,129.64212219087725,6.033907082600815,583.1220954795099,527.9515379478584,531.0042656418224
E08000006,2025,297004,12.608584396169748,50.075756555467265,,,712.75,2.3997993293019624,,,Salford,,,,,,,,,,,,,,,,,,,,,,,,,,,,
E08000007,2011,283253,18.144556280074703,36.94012066950747,,,,,,1.074631929,Stockport,52.0,848130.0,,,,,,,,,,,,,,,,,,,,,,,,,,
E08000007,2012,283953,18.738664497293566,36.543723785274324,961.0,3.3843629051286657,,,5.6849637811362,1.095558405,Stockport,53.0,849820.0,,,,,,,,,,,,,,,,,,,,,,,,,,
E08000007,2013,284816,19.12322341441492,36.18265827762485,931.0,3.2687770349980334,,,5.85390877285674,1.059315562,Stockport,59.0,852022.0,,,,,,,,,,,,,,,,,,,,,,,,,,
E08000007,2014,286267,19.41194758739219,35.761718954682166,1044.0,3.6469449849266593,100.75,0.3519441640147135,5.96322122930795,1.244009733,Stockport,50.0,855036.0,6506226.0,145.0,49505.0,120680.0,18837.0,351402.0,426455.0,105441.0,34757.0,3264.0,216533.0,115112.0,169502.0,22727.824024424754,0.5065201367953694,172.93296118658455,421.56448350665636,65.80220563320258,1227.5323386908026,1489.7106547384085,368.3309637506244,121.4146234110114,11.4019429413799,756.4022398669773,402.11411025371416,592.1115601868187
E08000007,2015,288210,19.562124839526735,35.64727108705458,999.0,3.4662225460601648,112.25,0.3894729537490024,6.17209578756282,1.320204616,Stockport,49.0,859293.0,6659161.0,162.0,49933.0,122927.0,19098.0,371730.0,432835.0,111907.0,35839.0,3315.0,214199.0,119306.0,174771.0,23105.23923527983,0.562090142604351,173.25214253495716,426.51885777731513,66.26418236702403,1289.7886957426877,1501.804239963915,388.2828493112661,124.3503001283786,11.502029769959403,743.2046077512925,413.9551021824364,606.4015821796606
E08000007,2016,289879,19.668206389562542,35.4220209121737,1183.0,4.081013112367574,137.5,0.4743358435761128,6.39947664361598,1.37416327,Stockport,46.0,864356.0,6527095.0,248.0,49195.0,122275.0,18321.0,367663.0,420771.0,114170.0,35477.0,3448.0,211209.0,116290.0,173469.0,22516.619003101292,0.855529376050007,169.70874054346814,421.81392926013956,63.202232655694274,1268.3326491398134,1451.5401253626515,393.853987353344,122.38554707308911,11.894618099275904,728.6109031699434,401.1673836324811,598.4186505403978
E08000007,2017,290905,19.776903112700023,35.08189958921297,1041.0,3.5784878224850036,150.0,0.5156322510785308,6.49036256535628,1.498049498,Stockport,45.0,868994.0,6636382.0,208.0,49430.0,127620.0,17891.0,376217.0,431243.0,117432.0,37211.0,3982.0,204307.0,124104.0,179042.0,22812.88393118028,0.715010054828896,169.9180144720785,438.69991921761397,61.50117736030663,1293.2641240267442,1482.4186590123925,403.6781767243602,127.9146112992214,13.688317491964732,702.3151888073426,426.6134992523332,615.4655299840153
E08000007,2018,291631,19.8864318265205,35.05800137845428,1125.0,3.857614588298226,160.75,0.5512102622835021,6.7123640469917,1.618430495,Stockport,48.0,872415.0,6570514.0,155.0,46090.0,128835.0,16929.0,370531.0,431160.0,119107.0,37938.0,3997.0,196135.0,126619.0,179601.0,22530.23169690465,0.5314935654988667,158.0421834441469,441.77402265191284,58.0493843247117,1270.547369792649,1478.4436496805895,408.416800683055,130.08905088965165,13.705676008380452,672.5450998007756,434.17537916065163,615.8501668203997
E08000007,2019,293172,20.01760058941509,35.21345831116205,1237.0,4.219366105903701,162.0,0.5525766444271621,6.71634458553917,1.655962944,Stockport,39.0,875708.0,6614129.0,122.0,45795.0,128920.0,17328.0,376760.0,431223.0,120750.0,38700.0,3285.0,186222.0,129381.0,179648.0,22560.575361903593,0.4161379667908259,156.20523105890058,439.7418580219121,59.10523515206091,1285.115904656652,1470.8873971593468,411.87425811469035,132.00442061315542,11.205026400884122,635.1970856698457,441.3143137816709,612.7733890003138
E08000007,2020,293851,20.045873588995782,35.39276708263712,1077.0,3.6651228003307796,165.75,0.564061378045336,6.7758719917313,1.606440425,Stockport,28.0,878654.0,6693720.0,122.0,41699.0,140592.0,18195.0,410091.0,445566.0,124969.0,39323.0,2953.0,164471.0,137805.0,183568.0,22779.299713119915,0.41517639892326386,141.90525130082935,478.4465596509796,61.9191358885966,1395.5746279577063,1516.299076742975,425.2801589921423,133.81952077753692,10.04931070508523,559.7088320271157,468.962161095249,624.697550799555
E08000007,2021,295268,20.186406925234024,35.70993131663438,1208.0,4.091198504409553,179.0,0.6062289174580381,6.94328024587874,1.565967083,Stockport,18.0,882291.0,6667165.0,159.0,40000.0,134139.0,17716.0,421073.0,445969.0,123971.0,39487.0,2806.0,172954.0,139694.0,181909.0,22580.045924380564,0.5384938428817211,135.47014915263424,454.29575842963004,59.9997290597017,1426.0705528536787,1510.3871736862782,419.8592465150304,133.73274448975167,9.50323096305729,585.7526044136174,473.1091753932021,616.0809840551634
E08000007,2022,296914,20.282640764665864,35.739304983934744,2798.0,9.423604141266495,369.25,1.2436261004870097,7.26405558822286,1.503005981,Stockport,20.0,886505.0,6936740.0,148.0,43599.0,136416.0,17456.0,437581.0,470793.0,129302.0,42167.0,2394.0,201577.0,146913.0,185969.0,23362.79191954573,0.4984608337767839,146.84049926914864,459.44616959793075,58.791434556807694,1473.763446654587,1585.6207521369824,435.4863697905791,142.01755390449762,8.062940784200139,678.9070235825862,494.79984103140976,626.3396134907752
E08000007,2023,299373,20.237629979991517,36.078403864075916,3575.0,11.941624662210687,753.25,2.5160919655413148,7.58914490060386,1.4781214,Stockport,26.0,892980.0,7154452.0,138.0,43883.0,134782.0,17991.0,448541.0,500098.0,137723.0,43950.0,2291.0,210112.0,153456.0,188464.0,23898.12040497974,0.46096341353428666,146.5830251893123,450.21428118100164,60.0955998035895,1498.2680468846556,1670.4846462439832,460.03814639262725,146.80682626689782,7.652660727587324,701.8401793080873,512.5913158501268,629.5290490458392
E08000007,2024,302184,20.3147751039102,36.32323352659307,3370.0,11.152145712545998,705.25,2.3338429566092183,8.134608082,1.580150008,Stockport,32.0,901641.0,7398146.0,270.0,42699.0,134280.0,18223.0,459441.0,536061.0,144285.0,44878.0,1887.0,201145.0,165623.0,191249.0,24482.25584412146,0.8934953538241601,141.30132634421415,444.36502263521567,60.304317899028405,1520.4014772456514,1773.955603208641,477.4739893574776,148.5121647737802,6.244539750615519,665.6374923887432,548.0865962459959,632.8892330500622
E08000007,2025,304879,20.40580033390296,36.53810200112176,,,784.25,2.57233197432424,,,Stockport,,,,,,,,,,,,,,,,,,,,,,,,,,,,
E08000008,2011,219727,15.712679825419725,39.53633372321107,,,,,,1.301270843,Tameside,114.0,655918.0,,,,,,,,,,,,,,,,,,,,,,,,,,
E08000008,2012,220457,16.323818250271028,38.94138085885229,628.0,2.8486280771306873,,,6.82490323976833,1.327605844,Tameside,102.0,658958.0,,,,,,,,,,,,,,,,,,,,,,,,,,
E08000008,2013,221446,16.731844332252557,38.47168158377212,652.0,2.9442843853580554,,,7.15620109814301,1.386877537,Tameside,89.0,661630.0,,,,,,,,,,,,,,,,,,,,,,,,,,
E08000008,2014,222364,17.03198359446673,37.98591498623878,719.0,3.2334370671511574,207.25,0.9320303646273678,7.31804292312422,1.492365122,Tameside,75.0,664267.0,4977411.0,107.0,38548.0,101679.0,13780.0,267426.0,306309.0,91944.0,32096.0,2393.0,174408.0,63262.0,130048.0,22384.068464319764,0.481192998866723,173.35539925527513,457.2637657174722,61.97046284470508,1202.6497094853482,1377.5116475688512,413.4841970822615,144.33991113669478,10.761634077458583,784.3355938910976,284.49749060099657,584.8428702487812
E08000008,2015,223642,17.194444692857335,37.54974468123161,800.0,3.57714561665519,269.75,1.2061687876159217,7.56450231475002,1.693493128,Tameside,57.0,667452.0,5131112.0,46.0,39412.0,105996.0,13994.0,282905.0,320988.0,96344.0,33110.0,2255.0,167993.0,68537.0,134110.0,22943.418499208554,0.20568587295767343,176.22807880451793,473.95390847872943,62.5732196993409,1264.9904758497955,1435.2760214986452,430.7956466137846,148.04911420931668,10.083079206946817,751.1692794734441,306.458536410871,599.6637483120344
E08000008,2016,225480,17.322157175802733,37.229466028029094,926.0,4.106794394181302,387.0,1.7163384779137838,7.70702940276503,1.780711532,Tameside,56.0,671486.0,5231794.0,89.0,40273.0,110381.0,13457.0,292223.0,323960.0,99701.0,34052.0,2139.0,165506.0,75066.0,134239.0,23202.918218910767,0.39471350008869965,178.61007628171012,489.5378747560759,59.6815682100408,1296.0040801844953,1436.7571403228667,442.172254745432,151.02004612382473,9.486428951569984,734.0163207379812,332.91644491750935,595.3477026787298
E08000008,2017,226692,17.458048806309883,36.94175356871879,852.0,3.7584034725530673,456.25,2.0126427046388935,7.80371141326011,1.850586295,Tameside,66.0,675814.0,5149689.0,82.0,39672.0,112790.0,12297.0,293171.0,323527.0,99902.0,33401.0,2353.0,161855.0,77195.0,133354.0,22716.677253718703,0.36172427787482575,175.00397014451326,497.5473329451414,54.24540786617967,1293.2569301078113,1427.1654932683996,440.69486351525416,147.3408854304519,10.379722266334939,713.9863779930479,340.5281174456972,588.2607238014574
E08000008,2018,228435,17.481997066999366,36.898461269069976,940.0,4.114956114430801,595.0,2.604679668176943,8.03519319921157,2.020170927,Tameside,71.0,680607.0,5126520.0,73.0,39568.0,113052.0,11642.0,295507.0,326730.0,101128.0,33507.0,2350.0,157337.0,79619.0,133917.0,22441.920021012542,0.31956574080154093,173.21338674021055,494.89789217939455,50.96416923851424,1293.6152516033007,1430.2974587957187,442.6992361065511,146.68067502790728,10.287390286077002,688.7604789108499,348.54116050517655,586.2367850810953
E08000008,2019,229952,17.52974533815753,36.974238101864735,1063.0,4.622703868633454,599.25,2.6059786390203175,8.43241825493967,2.175461769,Tameside,67.0,685079.0,5182600.0,77.0,38897.0,111938.0,11198.0,304150.0,333633.0,105747.0,34746.0,1892.0,142819.0,84536.0,136527.0,22537.74700807125,0.334852490954634,169.15269273587532,486.78854717506266,48.69711939883106,1322.6673392708044,1450.8810534372392,459.86553715558034,151.1010993598664,8.227804063456722,621.0817909824658,367.6245477317005,593.7195588644587
E08000008,2020,230521,17.472160887728233,37.05475856863366,862.0,3.739355633543148,597.25,2.5908702460947155,8.32244364586736,2.312014818,Tameside,50.0,688908.0,5166735.0,114.0,33611.0,114767.0,10799.0,323096.0,336527.0,107765.0,35677.0,1574.0,121525.0,89047.0,137585.0,22413.294233497167,0.49453195153586876,145.80450371115865,497.85919720979865,46.84605740908637,1401.5903106441497,1459.8539829343097,467.48452418651664,154.76681083285254,6.828011330854889,527.175398336811,386.28584814398687,596.8436715093202
E08000008,2021,231220,17.603581005103365,37.268402387336735,927.0,4.009168757027939,507.75,2.1959605570452383,8.36971832886279,2.1869874,Tameside,58.0,691693.0,5230486.0,148.0,31714.0,110567.0,10475.0,336185.0,343104.0,107413.0,35654.0,1270.0,124008.0,95374.0,135477.0,22621.2524868091,0.6400830377994983,137.15941527549518,478.18960297552115,45.30317446587665,1453.961595017732,1483.8854770348587,464.54891445376694,154.19946371421156,5.492604445982182,536.320387509731,412.48161923709023,585.9224980538016
E08000008,2022,233089,17.62760147411504,37.602804079128575,2585.0,11.090184435987972,470.25,2.0174697218658966,8.63553226524493,2.234886646,Tameside,57.0,695059.0,5351213.0,202.0,34588.0,109852.0,10372.0,344664.0,358514.0,110812.0,35962.0,1109.0,139829.0,99315.0,136017.0,22957.810106869052,0.866621762502735,148.38967089824058,471.2877913586656,44.4980243597939,1478.6798175804092,1538.0991809995323,475.4063898339261,154.2844149659572,4.757839280274917,599.8953189554205,426.0818828859363,583.5410508432401
E08000008,2023,235650,17.640144281773818,38.2563123276045,2801.0,11.886272013579461,490.75,2.082537661786548,8.8791127736361,2.216017485,Tameside,69.0,700680.0,5641820.0,53.0,35052.0,111793.0,9866.0,361008.0,385575.0,116655.0,36667.0,1235.0,151696.0,101930.0,138612.0,23941.523445788247,0.2249098238913643,148.74602164226607,474.402715892213,41.86717589645661,1531.9669000636538,1636.2189688096753,495.03500954805855,155.5994058985784,5.240823254827074,643.7343517929132,432.548270740505,588.2113303628263
E08000008,2024,238895,17.683919713681743,38.73375332258942,2917.0,12.210385315724482,521.5,2.1829674124615415,8.975091111,2.16724515,Tameside,66.0,709103.0,5864019.0,70.0,34979.0,116765.0,9751.0,374168.0,406935.0,120941.0,38657.0,1095.0,152211.0,107588.0,140681.0,24546.428347181816,0.2930157600619519,146.41997530295737,488.7712174804831,40.8170953766299,1566.2445844408633,1703.4052617258628,506.25170053789327,161.8158605244982,4.583603675254819,637.1460264969966,450.35685133636116,588.8821448753636
E08000008,2025,240822,17.745471759224657,39.18620391824667,,,522.75,2.1706903854299027,,,Tameside,,,,,,,,,,,,,,,,,,,,,,,,,,,,
E08000009,2011,227091,16.058320232858193,38.87252246896619,,,,,,1.640646458,Trafford,81.0,675390.0,,,,,,,,,,,,,,,,,,,,,,,,,,
E08000009,2012,228512,16.41007912057135,38.43824394342529,1256.0,5.496429071558605,,,5.86471908426192,1.67062664,Trafford,89.0,680837.0,,,,,,,,,,,,,,,,,,,,,,,,,,
E08000009,2013,230367,16.676867780541485,38.13827501334826,1258.0,5.460851597668069,,,5.96439016131899,1.816731691,Trafford,97.0,685970.0,,,,,,,,,,,,,,,,,,,,,,,,,,
E08000009,2014,231799,16.880141847031265,37.80732444919952,1574.0,6.790365791051729,74.0,0.3192421019935375,6.0850421487753,1.961288452,Trafford,96.0,690678.0,4972832.0,113.0,37558.0,91039.0,13847.0,277896.0,332282.0,83909.0,26936.0,2994.0,156432.0,93720.0,129657.0,21453.20730460442,0.48749131790905054,162.0283090090984,392.7497530187792,59.73709981492586,1198.866259129677,1433.4919477650897,361.9903450834559,116.20412512564765,12.916362883360152,674.8605472845009,404.3158080923559,559.350989434812
E08000009,2015,232504,17.018631937515053,37.432904380139696,1491.0,6.412792898186698,96.75,0.41612187317207444,6.38160129054169,2.046465158,Trafford,79.0,694670.0,5001294.0,83.0,36547.0,92124.0,13281.0,285170.0,331013.0,87043.0,27069.0,3079.0,147875.0,96272.0,132451.0,21510.571861129272,0.3569831056669993,157.18869352785327,396.2254412827306,57.121597907992985,1226.516533048894,1423.6873344114508,374.3720538141279,116.42380346144581,13.242782919863744,636.0105632591268,414.0659945635344,569.6719196228883
E08000009,2016,233710,17.173847931196782,36.94022506525181,1597.0,6.833254888537076,123.0,0.5262932694364811,6.64833080424886,1.962998271,Trafford,73.0,698013.0,5023304.0,170.0,37177.0,95228.0,12482.0,287488.0,330437.0,90756.0,27327.0,3075.0,145383.0,96983.0,136020.0,21493.74866287279,0.7273972016601771,159.07321038894355,407.46223952761966,53.40806983013136,1230.105686534594,1413.876171323435,388.32741431688845,116.92696076333918,13.157331735912027,622.0658080527149,414.9715459329939,582.0033374695134
E08000009,2017,234917,17.221827283678916,36.7150951187015,1507.0,6.415031692044424,132.75,0.5650932031313187,6.60748575565839,1.983629584,Trafford,66.0,701131.0,5065689.0,152.0,37873.0,99216.0,11950.0,292284.0,336604.0,92545.0,27335.0,3041.0,142100.0,101426.0,142014.0,21563.739533537377,0.647037038613638,161.2186431803573,422.3449133098073,50.86903033837483,1244.2011433825564,1432.8635220099013,393.947649595389,116.36024638489339,12.944997594895218,604.8944946513024,431.7524913054398,604.528407905771
E08000009,2018,235623,17.232613115018484,36.58556252997373,1575.0,6.6844068702970425,143.5,0.6090237370715083,6.51727445215905,2.020932198,Trafford,63.0,704250.0,5074989.0,201.0,37067.0,99296.0,11869.0,296742.0,342389.0,93950.0,27156.0,2803.0,134009.0,105632.0,144316.0,21538.59767509963,0.8530576386855273,157.31486315003204,421.41896164635875,50.37284136098768,1259.3931831782127,1453.1221485169106,398.73017489803624,115.25190664748348,11.896122195201658,568.7432890677056,448.3093755702966,612.4868964405002
E08000009,2019,236121,17.358896497981966,36.588867572134625,1490.0,6.310323944079518,114.0,0.4828033084731981,6.49980445834963,2.056293726,Trafford,49.0,706661.0,5006836.0,260.0,37649.0,98669.0,11428.0,299322.0,341896.0,94059.0,27293.0,2382.0,135578.0,106834.0,141681.0,21204.534963006256,1.101130352658171,159.44791018164418,417.8747337170349,48.39891411606761,1267.6636131474963,1447.9694732785308,398.3508455410573,115.58904121192101,10.088048077045244,574.1886575103443,452.4544619072425,600.0355749806243
E08000009,2020,235937,17.46398402963503,36.54153439265566,1406.0,5.959217926819448,107.25,0.45457049975205244,6.41187634869875,2.057780027,Trafford,54.0,707681.0,4977067.0,51.0,33707.0,104928.0,10842.0,319319.0,347997.0,96412.0,28352.0,2043.0,121811.0,106492.0,143231.0,21094.898214353834,0.21615939848349347,142.86440871927675,444.72888949168635,45.95294506584385,1353.4079012617774,1474.9572979227505,408.634508364521,120.16767187850994,8.659091198074062,516.2861272288789,451.35777771184684,607.0730745919461
E08000009,2021,235586,17.602489112256247,36.653281604170026,1631.0,6.923161817765063,97.0,0.4117392374759111,6.5479262577675,2.027482033,Trafford,56.0,707644.0,4883742.0,77.0,32843.0,98825.0,10629.0,319275.0,342004.0,95807.0,27867.0,1919.0,124147.0,108120.0,139223.0,20730.187702155476,0.326844549336548,139.40981212805514,419.48587776862803,45.117282011664535,1355.237577784758,1451.7161461207372,406.67526932839814,118.2880137189816,8.145645326971891,526.9710424218756,458.940684081397,590.9646583413277
E08000009,2022,236599,17.708866056069553,36.524668320660695,3483.0,14.721110401988174,99.5,0.4205427749060647,6.73521232776465,2.043475628,Trafford,59.0,708679.0,5035637.0,182.0,34706.0,99813.0,10329.0,326614.0,360833.0,99888.0,28764.0,1718.0,143910.0,111318.0,139277.0,21283.424697483926,0.7692340204311937,146.68701051145607,421.86568835878427,43.65614393974615,1380.4538480720546,1525.0825235947743,422.18268040017074,121.57278771254316,7.261231028026323,608.2443290123796,470.49226750747044,588.6626739757987
E08000009,2023,238189,17.743052785812946,36.76408230438853,3806.0,15.978907506224049,230.75,0.9687684989651075,6.81291252137121,2.048377275,Trafford,57.0,711718.0,5174112.0,129.0,34303.0,100957.0,10374.0,333962.0,381447.0,103156.0,28795.0,1477.0,141386.0,117967.0,141566.0,21722.71599444139,0.5415867231484242,144.01588654387902,423.8524868906625,43.55364857319188,1402.0882576441397,1601.446750269744,433.0846512643321,120.89139296944863,6.2009580627149035,593.5874452640551,495.26636410581517,594.3431476684482
E08000009,2024,239618,17.81001427271741,36.94421954944954,3045.0,12.707726464622858,211.0,0.8805682377784642,7.0,2.083091497,Trafford,59.0,717157.0,5371814.0,53.0,33144.0,100407.0,9841.0,344425.0,407909.0,107405.0,29967.0,1133.0,133815.0,127835.0,145763.0,22418.240699780483,0.22118538674056207,138.3201595873432,419.02945521621916,41.069535677620216,1437.3920156248696,1702.330375848225,448.2342728843409,125.06155631046082,4.728359305227487,558.4513684280814,533.4949795090519,608.3140665559349
E08000009,2025,240981,17.945813155393992,37.011216651935214,,,415.0,1.7221274706304646,,,Trafford,,,,,,,,,,,,,,,,,,,,,,,,,,,,
E08000010,2011,318122,16.358818314986074,39.23400456428666,,,,,,0.889039397,Wigan,40.0,948781.0,,,,,,,,,,,,,,,,,,,,,,,,,,
E08000010,2012,318109,17.12243287678123,38.6373852987498,647.0,2.0338940426080367,,,6.76597715605958,0.9963485,Wigan,31.0,952527.0,,,,,,,,,,,,,,,,,,,,,,,,,,
E08000010,2013,318737,17.649974744067993,38.03794350828426,694.0,2.177343703429473,,,6.94802797620461,1.066584587,Wigan,30.0,954968.0,,,,,,,,,,,,,,,,,,,,,,,,,,
E08000010,2014,320075,18.156369600874793,37.4424744200578,761.0,2.3775677575568226,471.5,1.4730922440053114,7.01294754869283,1.088821292,Wigan,32.0,956921.0,6468643.0,119.0,40203.0,142303.0,18479.0,346982.0,408449.0,94207.0,39361.0,3802.0,229728.0,71618.0,170507.0,20209.772709521207,0.37178786221979226,125.6049363430446,444.59267359212686,57.73334374755917,1084.0646723424197,1276.1040381160667,294.3278919003359,122.97430289775834,11.878465984534875,717.7317816136843,223.75380770132,532.7095212059673
E08000010,2015,320864,18.524670888600777,36.98327017053954,905.0,2.820509624015159,650.0,2.0257803929390645,7.14373172934172,1.157327533,Wigan,39.0,959676.0,6585264.0,72.0,42015.0,144689.0,18548.0,367694.0,411657.0,97765.0,40428.0,3418.0,216893.0,83257.0,176666.0,20523.53645158073,0.2243941358332502,130.94332801436124,450.93559888301587,57.806422658821184,1145.9496858482098,1282.9641218709485,304.69295402413485,125.99730727037,10.652488281639572,675.9655181011269,259.47753565373495,550.5946444599581
E08000010,2016,321494,18.783865328746415,36.4227637218735,1160.0,3.6081544290095615,846.75,2.633797209279178,7.29781688588993,1.1889534,Wigan,40.0,962433.0,6670220.0,71.0,43186.0,146045.0,16929.0,377180.0,414602.0,102429.0,41568.0,3281.0,215385.0,92596.0,176471.0,20747.57227195531,0.2208439348790335,134.32910100966114,454.2697530902598,52.6572813178473,1173.2100754601952,1289.610381531226,318.6031465595003,129.29634767678402,10.205478173776184,669.9502945622625,288.0178168177322,548.9091553808158
E08000010,2017,322485,18.91870939733631,36.05035893142317,953.0,2.95517620974619,910.25,2.8226119044296634,7.49065085181128,1.253538847,Wigan,34.0,964843.0,6717315.0,59.0,43227.0,150358.0,16269.0,382024.0,426270.0,105052.0,42405.0,3252.0,211475.0,106301.0,176952.0,20829.852551281456,0.1829542459339194,134.04344388111076,466.2480425446145,50.448858086422625,1184.6256415027055,1321.8289222754547,325.7577871839,131.4944881157263,10.084189962323828,655.7669348961967,329.6308355427384,548.713893669473
E08000010,2018,323904,19.050088915234145,35.92885546334716,1195.0,3.689364750049397,1018.75,3.1452220410985974,7.70861343829701,1.301426291,Wigan,28.0,967883.0,6877664.0,118.0,43229.0,154429.0,15712.0,388555.0,437564.0,111537.0,44007.0,3429.0,212348.0,118953.0,179606.0,21233.649476388066,0.36430547322663503,133.46238391622208,476.7739824145426,48.508199960482116,1199.5992639794506,1350.9064414147404,344.3520302311796,135.86433017190276,10.586470065204505,655.5893104129618,367.247703023118,554.5038035961272
E08000010,2019,326386,19.235200039217368,35.93781596024339,1176.0,3.6030957210174455,968.75,2.9681113773262333,7.86991966588141,1.338525176,Wigan,24.0,972775.0,6937547.0,113.0,43959.0,156292.0,14787.0,391883.0,441046.0,115367.0,44535.0,3026.0,212947.0,125892.0,179458.0,21255.65128406243,0.34621583033586,134.6840857144608,478.85632349426754,45.30525206350762,1200.6734357478567,1351.301832799201,353.4679796314793,136.448867292102,9.271230996427542,652.4391364825697,385.71507356320427,549.8336325700245
E08000010,2020,327850,19.293884398352905,36.0503278938539,1068.0,3.257587311270398,942.5,2.8747903004422755,7.85614305921283,1.19598949,Wigan,26.0,978140.0,6954428.0,47.0,39849.0,168478.0,14846.0,420017.0,452682.0,120237.0,44970.0,3020.0,185305.0,127581.0,181765.0,21212.22510294342,0.14335824309897818,121.54643892023792,513.8874485282904,45.2829037669666,1281.1255147170962,1380.759493670886,366.7439377764222,137.16638706725638,9.21152966295562,565.2127497331096,389.1444258044838,554.4151288699101
E08000010,2021,329796,19.400781088915572,36.321847445087265,1129.0,3.423328360562287,846.75,2.5674962704217155,7.97562819852498,1.416647673,Wigan,22.0,984032.0,7037431.0,40.0,39321.0,161874.0,13991.0,439392.0,453163.0,121615.0,45248.0,3075.0,196478.0,135203.0,179133.0,21338.739705757496,0.12128709869131221,119.22825019102717,490.83069533893683,42.423194944753725,1332.3145217043264,1374.0706376062778,368.75826268359833,137.19996603961238,9.323945711894625,595.7561644167911,409.9594901090371,543.1630462467707
E08000010,2022,334538,19.385839575773154,36.67684986458937,3796.0,11.346991971016745,1002.75,2.9974173337558065,8.37054175705576,1.451173544,Wigan,14.0,992321.0,7283953.0,38.0,43794.0,162165.0,13289.0,454192.0,465401.0,126305.0,46570.0,3057.0,230905.0,143197.0,178937.0,21773.170760870216,0.11358948759184308,130.90889525255724,484.74313829819033,39.72343948968428,1357.6693828503787,1391.1752924929306,377.55053237599316,139.2069062408456,9.137975357059586,690.2205429577507,428.04404880760933,534.8779510847796
E08000010,2023,339755,19.30714779767774,37.26155612132272,2992.0,8.806345749142766,1304.75,3.8402672514017455,8.81767155531414,1.566307902,Wigan,20.0,1004679.0,7641629.0,26.0,45101.0,163516.0,13206.0,478566.0,497439.0,137271.0,48102.0,3273.0,244136.0,152220.0,182854.0,22491.58658445056,0.07652573177731012,132.7456549572486,481.27621374225544,38.86918514812144,1408.5620520669306,1464.1109034451297,404.029374107813,141.5784903827758,9.633412311812924,718.5648481994377,448.0287265823902,538.1936984003179
E08000010,2024,344245,19.353367514415606,37.50584612703162,2586.0,7.512091678891488,1244.5,3.6151578091185055,9.19466121,1.607774138,Wigan,24.0,1019805.0,7990597.0,20.0,45999.0,168003.0,13037.0,498521.0,533144.0,146857.0,50820.0,3029.0,241077.0,159568.0,186729.0,23211.94788595332,0.058098156835974385,133.62285581489928,488.03323214571014,37.8712835335299,1448.1575622013393,1548.7341864079362,426.60605092303445,147.6274165202109,8.798965852808319,700.3064677773098,463.530334500138,542.430536391233
E08000010,2025,347089,19.505371821060304,37.686011368841996,,,1203.5,3.4674103760130683,,,Wigan,,,,,,,,,,,,,,,,,,,,,,,,,,,,
E08000011,2011,145903,15.827638910783191,38.67706627005613,,,,,,0.511561275,Knowsley,12.0,439371.0,,,,,,,,,,,,,,,,,,,,,,,,,,
E08000011,2012,146227,16.172799824929733,38.26995014600587,184.0,1.258317547374972,,,6.89182463556966,0.570235968,Knowsley,10.0,438528.0,,,,,,,,,,,,,,,,,,,,,,,,,,
E08000011,2013,146370,16.37630662020906,37.945617271298765,182.0,1.2434241989478718,,,6.97731527370529,0.641311944,Knowsley,12.0,438500.0,,,,,,,,,,,,,,,,,,,,,,,,,,
E08000011,2014,146562,16.52815873145836,37.65300691857371,232.0,1.5829478309520886,3.0,0.02046915298644942,7.07044827333869,0.699838221,Knowsley,10.0,439159.0,3901860.0,150.0,22863.0,88963.0,10236.0,203897.0,243954.0,65482.0,23486.0,2029.0,126292.0,66217.0,91153.0,26622.589757235848,1.023457649322471,155.99541490973104,606.9990857111666,69.84074998976543,1391.1996288260257,1664.510582552094,446.787025286227,160.24617567991703,13.843970469835291,861.6967563215567,451.8019677679071,621.9415673912747
E08000011,2015,147300,16.58859470468432,37.238968092328584,246.0,1.6700610997963339,1.0,0.006788866259334691,7.32645678142539,0.839225173,Knowsley,10.0,440232.0,4002255.0,124.0,23342.0,92523.0,10398.0,216955.0,245940.0,68657.0,24695.0,1762.0,123906.0,79624.0,92514.0,27170.773930753567,0.8418194161575018,158.46571622539034,628.1262729124236,70.59063136456211,1472.878479293958,1669.653767820774,466.1031907671419,167.65105227427017,11.961982348947727,841.1812627291242,540.5566870332655,628.0651731160896
E08000011,2016,147928,16.737196473960307,36.91390406143529,293.0,1.980693310259045,24.25,0.16393110161700286,7.55791513394721,0.840307117,Knowsley,6.0,441790.0,4051006.0,75.0,22973.0,93435.0,10126.0,226584.0,248492.0,71411.0,25019.0,1688.0,122963.0,90404.0,95474.0,27384.984587096427,0.5070034070628955,155.29852360607862,631.6248445189552,68.45221999891838,1531.7181331458546,1679.8172083716404,482.74160402357904,169.12957655075442,11.410956681628901,831.2354659023309,611.1351468281867,645.4085771456383
E08000011,2017,148567,16.80655865703689,36.53031965375891,282.0,1.8981335020563113,61.25,0.4122719042586846,7.60361458968466,0.858379066,Knowsley,,,4087226.0,73.0,20162.0,94269.0,9268.0,229848.0,257049.0,73780.0,25768.0,1544.0,115355.0,99318.0,99119.0,27510.995039275207,0.49136080017769757,135.7098144271608,634.5217982459093,62.382628712971254,1547.0999616334718,1730.1890729435206,496.61095667274697,173.44363149286178,10.392617472251576,776.4510288287439,668.5064650965558,667.1670020933316
E08000011,2018,150042,16.85528052145399,36.681062635795314,377.0,2.512629796990176,109.75,0.7314618573466096,7.89941678509579,0.988188267,Knowsley,,,4053546.0,91.0,19854.0,88933.0,8297.0,227670.0,256068.0,74568.0,25750.0,1581.0,114970.0,105162.0,101142.0,27016.07549886032,0.6064968475493528,132.32294957411924,592.7207048693033,55.29784993535144,1517.3751349622107,1706.6421402007438,496.9808453632983,171.61861345489928,10.53704962610469,766.2521160741659,700.8837525492862,674.0912544487544
E08000011,2019,151793,17.004736713814207,36.88773527105993,505.0,3.326899132371058,170.75,1.1248871818858577,8.07329826780398,1.057229877,Knowsley,,,4080255.0,88.0,19270.0,85613.0,8007.0,236054.0,258637.0,76461.0,26675.0,1309.0,102817.0,110222.0,102252.0,26880.38974129242,0.5797368785121844,126.94920055602039,564.0115156825414,52.749468025534775,1555.1046490944905,1703.8796255426798,503.71888031727417,175.73274129900588,8.623586067868743,677.3500754316733,726.1336161746589,673.6279011548622
E08000011,2020,153408,17.046698998748436,37.239257405089695,414.0,2.698685857321652,154.25,1.005488631622862,8.09754524443898,1.108877897,Knowsley,6.0,455243.0,4105032.0,78.0,19030.0,90622.0,7850.0,256613.0,265840.0,79004.0,27167.0,1214.0,89705.0,112037.0,103307.0,26758.917396745932,0.5084480600750939,124.04828952857738,590.7253858990405,51.170734251147266,1672.7484876929495,1732.8952857738839,514.9926992073425,177.0898518982061,7.913537755527742,584.7478619107217,730.3204526491448,673.4133813099708
E08000011,2021,154978,17.06048600446515,37.74793841706565,495.0,3.194001729277704,183.75,1.1856521570803598,8.15081363591409,1.195370436,Knowsley,,,4090354.0,72.0,15731.0,89213.0,7394.0,262792.0,263463.0,78834.0,26814.0,1037.0,89843.0,109229.0,102340.0,26393.126766379744,0.4645820697131206,101.50472970357083,575.6494470182864,47.70999754803908,1695.6729342229219,1700.0025810114985,508.67865116339095,173.0181057956613,6.691272309618139,579.7145401282763,704.803262398534,660.3517918672328
E08000011,2022,157023,17.170096100571254,38.14982518484553,1165.0,7.419295262477472,280.25,1.7847703839564906,8.3090965698968,1.352699876,Knowsley,8.0,465613.0,4142940.0,79.0,16551.0,90731.0,7119.0,267616.0,270030.0,78919.0,27414.0,961.0,100993.0,108773.0,102329.0,26384.287652127394,0.5031110092152105,105.40494067748037,577.8198098367754,45.33730727345676,1704.310833444782,1719.6843774478898,502.5951612184202,174.58588869146558,6.120122529820471,643.1732930844526,692.7201747514695,651.6816007845985
E08000011,2023,159191,17.352739790566048,38.53295726517202,1287.0,8.084627899818456,371.0,2.3305337613307286,8.44798146574096,1.394148946,Knowsley,12.0,471877.0,4289456.0,94.0,16323.0,91728.0,7082.0,274340.0,283504.0,80399.0,28166.0,991.0,105368.0,111399.0,104271.0,26945.342387446526,0.5904856430325836,102.53720373639213,576.2134794052428,44.48743961656124,1723.338630952755,1780.904699386272,505.0473958954966,176.93211299633774,6.225226300481811,661.8967152665666,699.7820228530506,655.0056221771331
E08000011,2024,161714,17.457981374525396,38.77153493204052,1247.0,7.711144365979445,313.0,1.9355157871303659,8.607751063,1.465833187,Knowsley,14.0,479464.0,4471603.0,49.0,16811.0,92700.0,7220.0,279667.0,298817.0,83062.0,29951.0,811.0,104466.0,116806.0,106859.0,27651.304154247624,0.30300406891178255,103.95513066277502,573.2342283290253,44.6467219906749,1729.3926314357445,1847.811568571676,513.6351831010302,185.20969118319996,5.015026528315421,645.9923074069035,722.2998627206056,660.7900367315137
E08000011,2025,163723,17.70307165150895,39.05071370546594,,,318.5,1.9453589294112617,,,Knowsley,,,,,,,,,,,,,,,,,,,,,,,,,,,,
E08000012,2011,465656,14.112134279382206,46.36813441682272,,,,,,1.763161778,Liverpool,148.0,1384582.0,,,,,,,,,,,,,,,,,,,,,,,,,,
E08000012,2012,465365,14.472725709926618,45.85261031663318,6681.0,14.35647287612949,,,5.80083392737314,1.826155305,Liverpool,151.0,1392424.0,,,,,,,,,,,,,,,,,,,,,,,,,,
E08000012,2013,465815,14.656032974464111,45.487586273520606,7408.0,15.903309253673669,,,5.85685183642733,1.824602723,Liverpool,131.0,1396836.0,,,,,,,,,,,,,,,,,,,,,,,,,,
E08000012,2014,465745,14.87101310803122,44.96902811624387,8093.0,17.37646136834534,1466.25,3.148181945055771,5.99664449229821,1.963771343,Liverpool,125.0,1396925.0,11317062.0,273.0,75193.0,251271.0,26650.0,596586.0,676923.0,184084.0,58675.0,7126.0,381282.0,225193.0,224037.0,24298.83734661671,0.5861576613812279,161.44671440380463,539.5033763110715,57.22015265864368,1280.9284050285028,1453.419789799139,395.24632577912803,125.98095524374925,15.300217930412565,818.6496902811624,483.51136351436946,481.02931861855734
E08000012,2015,469953,14.884679957357438,44.87618974663424,8304.0,17.669852091592137,1515.75,3.2253225322532257,6.10037439205029,2.002646685,Liverpool,118.0,1401513.0,11450526.0,208.0,76568.0,257384.0,26142.0,620137.0,678152.0,194025.0,61665.0,6215.0,365645.0,237443.0,230438.0,24365.25780237598,0.44259745123448513,162.92693099097144,547.6802999448881,55.62683927967265,1319.572382770192,1443.0208978344642,412.8604349796682,131.21524918449293,13.224726727991948,778.0458896953525,505.24839718014357,490.34265128640527
E08000012,2016,475486,14.922626533693947,44.77481986851348,9465.0,19.905948860744587,1538.25,3.235111023247793,6.19838776476834,2.117855787,Liverpool,112.0,1411184.0,11575691.0,158.0,79242.0,261757.0,24748.0,633344.0,678379.0,198613.0,63676.0,5792.0,350260.0,250079.0,236766.0,24344.967044245255,0.33229159218147325,166.65474903572346,550.5041157888982,52.0477995146019,1331.9929503707785,1426.7065696992129,417.70525315151235,133.91771787181958,12.181220898196793,736.6357789714103,525.94398152627,497.9452602179665
E08000012,2017,479801,14.931398642353809,44.68206610657335,8093.0,16.86740961356896,1497.5,3.1210856167452756,6.27303041530533,2.158594847,Liverpool,114.0,1425240.0,11678051.0,137.0,77867.0,266270.0,22615.0,644106.0,687471.0,202977.0,67308.0,5906.0,322556.0,273401.0,244439.0,24339.363611163793,0.2855350447372973,162.29019947853382,554.9592435197093,47.13412435572248,1342.4440549311068,1432.8252754787923,423.0441370484847,140.2831590596935,12.30926988480641,672.2703787611948,569.8216552278965,509.45912993095055
E08000012,2018,483598,14.998821335075828,44.735710238669306,9701.0,20.06004987613679,1771.5,3.6631665143362877,6.45953118089341,2.159621954,Liverpool,103.0,1438885.0,11824537.0,224.0,77182.0,262174.0,21620.0,650653.0,698967.0,208310.0,70259.0,6328.0,318685.0,296017.0,250547.0,24451.170186808053,0.4631946368678117,159.59950206576536,542.1321014561682,44.706553790545044,1345.4418752765728,1445.3471685159989,430.7503339550619,145.28389282006955,13.08524849151568,658.9874234384757,612.1137804540134,518.0894048362484
E08000012,2019,484687,15.17040894432902,44.64613245248996,11068.0,22.835355600624734,1690.5,3.4878179113531,6.62389125926891,2.214891911,Liverpool,111.0,1448086.0,11915943.0,150.0,79447.0,253823.0,20922.0,667763.0,702794.0,215363.0,73296.0,5689.0,316844.0,306556.0,255505.0,24584.82071935084,0.30947807554153506,163.9140311169889,523.6843571211937,43.16600197653331,1377.7200543856138,1449.995564147584,444.3341785523441,151.2233668326157,11.737471811705285,653.7084757792142,632.4824061714055,527.1546379415995
E08000012,2020,483348,15.290225675910524,44.641335021557964,10135.0,20.968329236905916,1614.5,3.34024346847406,6.57106556828943,2.130073071,Liverpool,106.0,1451633.0,12104422.0,145.0,75542.0,265619.0,20816.0,722994.0,715618.0,222426.0,75754.0,5949.0,288705.0,319650.0,258198.0,25042.87180251082,0.2999908968279583,156.28905053915608,549.5398760313481,43.06627936807435,1495.804265249882,1480.5440386636544,460.1777601231411,156.7276579193459,12.30790238089327,597.3025646118325,661.3247598003923,534.1865488219668
E08000012,2021,485022,15.442804656283633,44.95095067852592,9962.0,20.53927450713576,1499.5,3.091612339234097,6.61122267666201,2.349034309,Liverpool,104.0,1453057.0,12206810.0,174.0,73900.0,256661.0,20728.0,745992.0,716939.0,223016.0,76032.0,5202.0,304663.0,325090.0,256556.0,25167.53879205479,0.3587466135556738,152.36422265381776,529.1739343782343,42.73620578035636,1538.0580674691043,1478.1576918160413,459.8059469467364,156.7598995509482,10.725286688026522,628.1426409523691,670.2582563265172,528.9574493528129
E08000012,2022,493854,15.369319677475529,45.90951981759791,11471.0,23.227512584691024,1933.75,3.9156309354586574,6.74368746530866,2.329292059,Liverpool,90.0,1462063.0,12532327.0,183.0,79351.0,257581.0,19847.0,758863.0,746647.0,227243.0,79652.0,4553.0,341780.0,326440.0,261231.0,25376.582957716248,0.37055486034334034,160.67704220275627,521.5731774978029,40.18799078270096,1536.6140600258375,1511.8780044304592,460.14206627869777,161.28653407687293,9.219323929744418,692.066886164737,661.0050743742078,528.9640258051975
E08000012,2023,503198,15.300935218343476,46.7497883536898,16309.0,32.410701155409996,2550.5,5.068581353661978,6.93360243975441,2.418638706,Liverpool,106.0,1481931.0,12880455.0,158.0,80748.0,257743.0,19885.0,774707.0,792849.0,235944.0,83524.0,4208.0,336713.0,328951.0,268641.0,25597.19037039098,0.3139917090290502,160.46963620682118,512.2099054447751,39.517247683814325,1539.5669299162555,1575.6203323542622,468.8889860452545,165.98635129710374,8.362513364520527,669.1461412803708,653.7208017519943,533.8673842105891
E08000012,2024,508202,15.40706254599549,47.06593047646408,15790.0,31.070322430844428,2385.5,4.693999630068358,6.990252013,2.522647619,Liverpool,135.0,1505870.0,13360610.0,149.0,80509.0,260163.0,19706.0,789523.0,839348.0,245215.0,87559.0,3409.0,326050.0,338045.0,275046.0,26289.9595042916,0.293190502988969,158.41928996737516,511.92832771220895,38.77591981141357,1553.5613791366425,1651.603102703256,482.51482678147664,172.29172651819553,6.7079625818080215,641.5755939567337,665.178413308094,541.2139267456641
E08000012,2025,507915,15.69317700796393,47.14174615831389,,,2323.25,4.574092121713279,,,Liverpool,,,,,,,,,,,,,,,,,,,,,,,,,,,,
E08000013,2011,175405,18.050226618397424,37.59413927767167,,,,,,0.648859084,St. Helens,11.0,525880.0,,,,,,,,,,,,,,,,,,,,,,,,,,
E08000013,2012,176214,18.76411635851862,37.2041948993837,336.0,1.9067724471381389,,,6.91435668541757,0.677826226,St. Helens,14.0,526822.0,,,,,,,,,,,,,,,,,,,,,,,,,,
E08000013,2013,176451,19.272205881519515,36.83005480274977,353.0,2.0005553949821766,,,6.95983696201134,0.719630122,St. Helens,13.0,528070.0,,,,,,,,,,,,,,,,,,,,,,,,,,
E08000013,2014,177785,19.623702787074276,36.501954608094046,380.0,2.1374131675900667,2.75,0.015468121607559693,7.07930613709973,0.423532665,St. Helens,13.0,530450.0,4739295.0,95.0,28159.0,106850.0,15025.0,255309.0,275618.0,70975.0,26377.0,2553.0,162556.0,75256.0,106398.0,26657.451416036223,0.5343532918975167,158.38794048991758,601.0068340973647,84.51219169221251,1436.0547852743482,1550.2882695390501,399.2181567623815,148.3645976882189,14.360041623309053,914.3403549230813,423.29780352673174,598.4644373822313
E08000013,2015,178296,19.88883654148158,36.077646161439404,344.0,1.9293758693408714,4.25,0.02383676582761251,7.37131324308861,0.80774647,St. Helens,10.0,532532.0,4799874.0,67.0,29907.0,108546.0,14108.0,262482.0,277191.0,75143.0,27552.0,2216.0,155787.0,90294.0,107825.0,26920.817068246062,0.3757796024588325,167.73791896621347,608.7966078880065,79.12684524610759,1472.1698748149145,1554.6675191815857,421.45084578453805,154.52954637232466,12.428770135056311,873.7548795261812,506.4275137972809,604.7527706734868
E08000013,2016,179229,20.164705488509114,35.59580201864654,449.0,2.505174943786999,74.25,0.4142744756707899,7.61468004704822,0.964728355,St. Helens,9.0,535310.0,4973568.0,76.0,31662.0,110866.0,13781.0,272653.0,284986.0,81045.0,28368.0,2188.0,160451.0,105372.0,114023.0,27749.794955057496,0.4240385205519196,176.6566794436168,618.5717713093305,76.89045857534215,1521.254930842665,1590.0663397106496,452.1868670806622,158.2779572502218,12.207845828521053,895.2290086983691,587.918249836801,636.1861082748885
E08000013,2017,180150,20.32195392728282,35.18179295031918,385.0,2.1371079655842355,110.75,0.6147654732167638,7.72950872037309,1.006065965,St. Helens,7.0,537675.0,4963062.0,73.0,30893.0,111338.0,12402.0,275199.0,296625.0,82007.0,28940.0,2099.0,154430.0,116264.0,116974.0,27549.60865945046,0.405217873993894,171.4848737163475,618.0294199278379,68.84263114071607,1527.6103247293922,1646.5445462114906,455.2150985290036,160.64390785456564,11.651401609769636,857.2300860394116,645.3733000277546,649.3144601720788
E08000013,2018,180937,20.43805302398072,34.97570977743634,458.0,2.5312677893410416,128.25,0.7088102488711541,7.97955266802899,1.085647702,St. Helens,6.0,540316.0,4970098.0,67.0,30369.0,111174.0,11914.0,274600.0,298915.0,82493.0,30205.0,2061.0,144725.0,125171.0,119072.0,27468.665889232165,0.3702946329385366,167.84295086134955,614.4348585419235,65.84612323626456,1517.6553164913755,1652.0391075346668,455.92112171639855,166.93655802848505,11.390705052034686,799.8640410750704,691.7932761126801,658.0854109441408
E08000013,2019,181541,20.59810180620356,34.963451782242025,520.0,2.8643667270754265,182.75,1.0066596526404503,8.03450430994474,1.066224337,St. Helens,6.0,542628.0,5056692.0,72.0,31341.0,111858.0,11513.0,284958.0,303135.0,84452.0,32122.0,1782.0,139494.0,128185.0,121464.0,27854.269834362487,0.3966046237489052,172.6386876793672,616.1583333792366,63.418181016960354,1569.6619496422295,1669.7880919461718,465.1951900672575,176.9407461675324,9.815964437785404,768.3884081281914,706.093940211853,669.0720002644031
E08000013,2020,182102,20.580224269914662,35.15667043744715,452.0,2.4821254022470924,176.75,0.9706098779804725,8.01008796210863,1.103219986,St. Helens,,,5070900.0,64.0,28434.0,116743.0,12048.0,309702.0,308229.0,85937.0,33080.0,1606.0,117315.0,128091.0,122714.0,27846.481642156592,0.35145138438896883,156.14326037056156,641.0857651206467,66.16072311122338,1700.7061976255068,1692.6173243566793,471.91683781616894,181.65643430604825,8.819233177010686,644.2268618686231,703.4024887151157,673.8750809985612
E08000013,2021,183394,20.61517825010633,35.48534848468325,474.0,2.5845992780570795,223.25,1.2173244490005126,8.06199180778871,1.188807845,St. Helens,7.0,547037.0,5066775.0,42.0,27043.0,112037.0,11420.0,318144.0,309312.0,86092.0,33014.0,1483.0,116336.0,124472.0,122055.0,27627.81225121869,0.22901512590379183,147.4584773765772,610.9087538305506,62.27030328145959,1734.7568622746653,1686.5982529417538,469.4373861740297,180.01679444256627,8.08641504084103,634.3500877891316,678.7135893213518,665.5343140996979
E08000013,2022,184858,20.616364993670818,35.85184303627649,1318.0,7.129796925207456,376.25,2.0353460494000797,8.25957262506786,1.200676203,St. Helens,11.0,550497.0,5181881.0,31.0,28217.0,112056.0,11345.0,325443.0,315892.0,86435.0,33936.0,1314.0,131755.0,125958.0,121728.0,28031.683778900562,0.16769628579774745,152.64148697919484,606.1733871403997,61.371431044369196,1760.5026560927847,1708.8359713942593,467.5751117073646,183.57874693007605,7.108158694781941,712.7362624284585,681.3770569842799,658.4946283092968
E08000013,2023,186659,20.5765593944037,36.41881720142077,1657.0,8.877150311530652,659.75,3.534520167792606,8.45182965586126,1.155616641,St. Helens,14.0,555324.0,5269620.0,36.0,27771.0,109295.0,10889.0,332239.0,331002.0,90229.0,34777.0,1298.0,133303.0,130641.0,123268.0,28231.266641308484,0.192865064100847,148.7793248651284,585.5329772472799,58.33632452761453,1779.9248897722587,1773.2978318752378,483.38949635431453,186.31300928430989,6.953857033413872,714.152545550978,699.8912455332987,660.3914089328669
E08000013,2024,188397,20.645233204350387,36.746869642297916,1747.0,9.272971437974064,618.5,3.2829609813319744,8.544332218,1.229712129,St. Helens,14.0,560791.0,5467667.0,50.0,28470.0,109065.0,10767.0,340993.0,350956.0,93022.0,36284.0,1121.0,137596.0,138478.0,124821.0,29022.04918337341,0.26539700738334476,151.1170560040765,578.9104922052899,57.15059156992946,1809.9704347733775,1862.853442464583,493.7552084162699,192.59330031794562,5.950200905534589,730.351332558374,735.0329357686163,662.5423971719296
E08000013,2025,189890,20.688293222391913,37.14676918215809,,,633.0,3.333508873558376,,,St. Helens,,,,,,,,,,,,,,,,,,,,,,,,,,,,
E08000014,2011,273969,20.9388653460793,34.66742587665028,,,,,,0.732724249,Sefton,26.0,821942.0,,,,,,,,,,,,,,,,,,,,,,,,,,
E08000014,2012,273979,21.554936692228235,34.35007792568044,841.0,3.0695783253461033,,,6.24283932629636,0.722929239,Sefton,34.0,821768.0,,,,,,,,,,,,,,,,,,,,,,,,,,
E08000014,2013,273814,21.93898047579744,34.03003498725412,911.0,3.327076044322058,,,6.38523878627794,0.734137416,Sefton,30.0,821762.0,,,,,,,,,,,,,,,,,,,,,,,,,,
E08000014,2014,275143,22.17610478914601,33.74572495029857,935.0,3.3982329188821816,2.5,0.009086184275086047,6.46984464538758,1.027674794,Sefton,32.0,822936.0,6454502.0,160.0,40647.0,123814.0,18534.0,357708.0,404483.0,100008.0,34558.0,3540.0,197211.0,110446.0,178706.0,23458.717830364574,0.581515793605507,147.730452891769,449.9987279342015,67.3613357417779,1300.0803218689919,1470.0828296558516,363.47644679312214,125.60014247136944,12.86603693352184,716.7581948295976,401.41308337846135,649.5022588254108
E08000014,2015,275546,22.34799271265052,33.46845898688422,926.0,3.3606004079173712,7.25,0.026311396282290435,6.7714791264942,1.012621403,Sefton,21.0,824503.0,6545811.0,92.0,42608.0,129008.0,18122.0,372446.0,406308.0,100447.0,35416.0,2962.0,191434.0,117746.0,185793.0,23755.783063444942,0.33388254592699584,154.6311686614939,468.19042918423787,65.76760323140238,1351.6654206557164,1474.5559725054982,364.53804446444514,128.53026354946178,10.749566315606106,694.7442532281361,427.3188505730441,674.2721723414602
E08000014,2016,276707,22.52021090901206,33.25539288850661,1224.0,4.423451520922853,23.0,0.08312041256636081,6.90582640138223,1.07745719,Sefton,23.0,827396.0,6595004.0,93.0,43535.0,130853.0,17063.0,380226.0,406493.0,105126.0,36090.0,2767.0,188815.0,132311.0,190021.0,23833.8892763826,0.33609558124658934,157.33248526419644,472.8937106759135,61.664504331296285,1374.1105212372654,1469.0376463190307,379.9181083239672,130.42676910956354,9.999747024831318,682.3643782051051,478.1628220464246,686.7227789683673
E08000014,2017,276962,22.73452675818343,32.89404322614655,1106.0,3.993327604508922,63.5,0.22927332991529525,7.08576745655886,1.165006757,Sefton,19.0,829215.0,6510010.0,73.0,43098.0,127561.0,16320.0,378492.0,412812.0,104333.0,36166.0,2710.0,182297.0,153645.0,192206.0,23505.06567687986,0.2635740643120717,155.60979484550228,460.57220846181065,58.92505109004123,1366.5845856110222,1490.5005018739032,376.70510755988187,130.5810905467176,9.784735812133071,658.2022082451743,554.7511933044966,693.9796795228226
E08000014,2018,277890,22.865882183597826,32.761164489546225,1182.0,4.253481593436251,129.5,0.4660117312605707,7.3711708275492,1.232803464,Sefton,19.0,831559.0,6693010.0,83.0,44536.0,129002.0,16430.0,390324.0,429545.0,109805.0,37182.0,2743.0,182351.0,174862.0,201789.0,24085.1056173306,0.2986793335492461,160.26485299938824,464.21965525927527,59.12411385800137,1404.598942027421,1545.7375220410954,395.13836410090323,133.8011443376876,9.870812191874483,656.1984958076937,629.2489834107021,726.1470365972147
E08000014,2019,278908,23.13343468097007,32.733374446053894,1079.0,3.8686591994492807,172.5,0.6184835142771092,7.37786336031507,1.251683593,Sefton,21.0,833760.0,6800452.0,98.0,46093.0,129480.0,16384.0,402209.0,433695.0,113128.0,38803.0,2670.0,183922.0,184598.0,203722.0,24382.420009465488,0.35137034434293746,165.2623804265206,464.2391039339137,58.74338491545599,1442.0848451819238,1554.9751172429617,405.6104521921207,139.1247293014184,9.573049177506562,659.4360864514464,661.8598247450772,730.4272376554276
E08000014,2020,278621,23.224738982345194,32.86866388391399,1037.0,3.721901794911367,235.25,0.8443369308128246,7.36749993469686,1.311236858,Sefton,22.0,835419.0,6892448.0,85.0,42784.0,141029.0,16323.0,435050.0,444561.0,115659.0,39894.0,2754.0,160049.0,190328.0,205484.0,24737.71898026351,0.3050739176156858,153.55626460317063,506.1678767932065,58.58495949695106,1561.4400924553427,1595.5760692840813,415.11228514720716,143.1837514042373,9.88439493074822,574.4326522408576,683.1071599053912,737.5036339687246
E08000014,2021,279693,23.296256967460753,33.075193158212755,988.0,3.532444501650023,186.5,0.6668025299167302,7.48500142843539,1.327774405,Sefton,21.0,837222.0,6886126.0,45.0,40890.0,134497.0,15798.0,446610.0,448572.0,116105.0,39574.0,2525.0,159641.0,189237.0,203005.0,24620.301544908165,0.16089069086462657,146.19600776565733,480.8736722048818,56.48335853954157,1596.7864766011305,1603.8013107228282,415.11585917416596,141.49084889503848,9.02775543184849,570.7722395626633,676.5882592699853,725.8136599771892
E08000014,2022,280956,23.475562009709705,33.19558934495081,1944.0,6.9192329047964805,225.25,0.8017269608052506,7.66545410609258,1.344873548,Sefton,15.0,839561.0,7057080.0,32.0,44575.0,134919.0,15198.0,456872.0,469983.0,117710.0,40394.0,2265.0,180555.0,186580.0,203407.0,25118.09678383804,0.11389683793903671,158.65473597289255,480.213983684278,54.093879468671254,1626.133629465112,1672.7992995344466,418.9623998063754,143.7734022409203,8.061760560372443,642.6451116900868,664.089750708296,723.9816910833014
E08000014,2023,283078,23.67298059192166,33.49253562622316,2134.0,7.538558277223945,330.25,1.1666395834363672,7.84996960694503,1.430872202,Sefton,14.0,844660.0,7250789.0,43.0,43797.0,134074.0,15252.0,465046.0,501547.0,121812.0,41534.0,2235.0,182397.0,185102.0,204146.0,25614.102826782724,0.15190159602653686,154.71707444591243,473.62917641074193,53.879142851086975,1642.8192936222526,1771.7625530772436,430.3124933763839,146.72281138060887,7.895350398123486,644.3347769872615,653.8904471559076,721.1651912193813
E08000014,2024,285298,23.862768053053298,33.68477872259883,2116.0,7.416806286759809,393.0,1.3775070277394164,8.024141558,1.502481103,Sefton,17.0,851248.0,7540963.0,105.0,43616.0,134733.0,15157.0,477214.0,541522.0,126968.0,43363.0,1693.0,179002.0,198105.0,206289.0,26431.881751712244,0.36803622878534026,152.87874433048952,472.2535734565261,53.126905901899065,1672.6861036530224,1898.0925208028098,445.03641806111506,151.99195227446387,5.93414605079601,627.4211526193664,694.3792105097126,723.0650057133244
E08000014,2025,287583,24.177715650786034,33.902212578629474,,,426.0,1.4813114822503415,,,Sefton,,,,,,,,,,,,,,,,,,,,,,,,,,,,
E08000015,2011,319837,19.2057204138358,35.82449810372158,,,,,,0.864708841,Wirral,36.0,956686.0,,,,,,,,,,,,,,,,,,,,,,,,,,
E08000015,2012,319971,19.757728044103995,35.38289407477553,751.0,2.3470877048232497,,,6.53827936865237,0.862540841,Wirral,37.0,958886.0,,,,,,,,,,,,,,,,,,,,,,,,,,
E08000015,2013,319965,20.13126435703905,35.056334286562596,793.0,2.478396074570656,,,6.49143801100492,0.926753223,Wirral,32.0,959773.0,,,,,,,,,,,,,,,,,,,,,,,,,,
E08000015,2014,320917,20.472271646562817,34.684357637644624,866.0,2.69851706204408,2.75,0.008569193903719654,6.82620797979729,1.057782769,Wirral,28.0,960853.0,7381255.0,402.0,56407.0,156806.0,25391.0,408883.0,432984.0,112761.0,38633.0,6696.0,263148.0,137378.0,189615.0,23000.51103556371,1.2526603451982912,175.7681892825871,488.6185524606051,79.12014633067118,1274.1082585216739,1349.2086738938729,351.37122682812065,120.38315202996414,20.865208137929745,819.9877226821889,428.07953458370855,590.8537098377462
E08000015,2015,320714,20.774584208983704,34.28412853819914,841.0,2.6222740510236537,4.25,0.013251682184126668,6.97979484450751,1.129747629,Wirral,27.0,961596.0,7562220.0,453.0,57491.0,161875.0,26441.0,434889.0,441980.0,116896.0,40771.0,6638.0,254576.0,152837.0,195848.0,23579.326128575616,1.4124734186845602,179.259402458265,504.7331890718834,82.44417144246898,1356.0025443229792,1378.1125862918364,364.4867389636873,127.12572572447725,20.697568550172427,793.7788808720543,476.55231764126296,610.6624593874916
E08000015,2016,320914,21.024324273792978,33.832428625737734,923.0,2.87615996809114,22.25,0.06933321699894676,6.99392333611727,1.140513539,Wirral,29.0,962545.0,7618576.0,296.0,58722.0,163441.0,26869.0,444800.0,444441.0,118798.0,41976.0,6195.0,250133.0,159833.0,200956.0,23740.241933976078,0.9223654935590221,182.9836030836922,509.2984413269599,83.72648123796407,1386.0411200508547,1384.9224402799505,370.18640508048884,130.80139850551862,19.30423727229102,779.4393513526988,498.0555538243891,626.1989193366447
E08000015,2017,321020,21.264095694972276,33.465516167217,844.0,2.629119681016759,78.0,0.24297551554420285,7.21754710607863,1.213564873,Wirral,29.0,962648.0,7528597.0,266.0,56465.0,160006.0,26097.0,446439.0,452744.0,120413.0,42271.0,5388.0,231466.0,164388.0,201437.0,23452.112017942807,0.8286088094199738,175.89246775901813,498.430004361099,81.29400037380849,1390.6890536415178,1410.3295744813406,375.09500965671924,131.67715407139744,16.784000996822627,721.0329574481341,512.0802442215438,627.4904990343281
E08000015,2018,320643,21.54826395711118,33.2113908614877,958.0,2.987746496882826,125.5,0.39140102855824077,7.27572636568453,1.281767726,Wirral,27.0,962577.0,7557281.0,368.0,56883.0,158400.0,26008.0,446723.0,458728.0,120712.0,42320.0,5510.0,235089.0,171008.0,202227.0,23569.14387652311,1.1476938526648015,177.40290603568454,494.0073539731103,81.11201554376674,1393.2098938695058,1430.6502870793997,376.4685335404172,131.9847930564522,17.184220457019176,733.1798916552053,533.3283433600609,630.6920781055566
E08000015,2019,320732,21.830375516007134,33.255802352119524,979.0,3.052392651808987,180.0,0.5612162179015502,7.4255605038253,1.353634,Wirral,24.0,962395.0,7708752.0,276.0,57985.0,159834.0,25824.0,461984.0,469763.0,122896.0,44508.0,4809.0,229307.0,180567.0,205202.0,24034.87023433895,0.8605315341157103,180.78956886122992,498.34129428931317,80.51582006160906,1440.4050733946099,1464.6589676115884,383.17349064016065,138.77006347979,14.993826621603084,714.948929324171,562.9840489879401,639.7927241435217
E08000015,2020,320249,21.944799203120073,33.36247732233356,880.0,2.747861820021296,225.5,0.7041395913804571,7.3632977330268,1.351097107,Wirral,27.0,961624.0,7805642.0,307.0,52214.0,167890.0,25034.0,495637.0,485208.0,126723.0,45874.0,4742.0,203253.0,188569.0,207748.0,24373.665491539396,0.9586290667574293,163.04188303476357,524.2483192765629,78.17042363910582,1547.6613510112445,1515.096065873742,395.7014697938167,143.24478764961015,14.807228125614756,634.6717710281688,588.8199494768133,648.7077243020275
E08000015,2021,320631,22.087383939793718,33.541048744506924,1005.0,3.1344442677096103,234.25,0.730590616627837,7.59370547950159,1.340112448,Wirral,26.0,961612.0,7876023.0,225.0,50962.0,160235.0,24504.0,511671.0,495547.0,128450.0,46084.0,4194.0,207586.0,194801.0,205119.0,24564.134472337362,0.7017412539648381,158.94283459802702,499.7489325735815,76.4243008317973,1595.8251073664119,1545.5367696822827,400.616284763482,143.72908421206932,13.080456973904584,647.4295997579773,607.5551022826862,639.735396764505
E08000015,2022,322411,22.335776384800766,33.68340410221736,2343.0,7.267121779343757,362.25,1.1235658832980264,7.7375801210119,1.328632355,Wirral,22.0,963554.0,8198692.0,183.0,57256.0,164083.0,24277.0,527945.0,522682.0,132400.0,48508.0,3755.0,236078.0,204935.0,206296.0,25429.318478587888,0.5675985000511768,177.5869929996185,508.9249436278539,75.29829937564166,1637.4906563361671,1621.1667716051873,410.6559639714526,150.45392371848354,11.6466249600665,732.2268781152009,635.6327792786226,639.8540992708065
E08000015,2023,325228,22.45378626686509,34.10991673533644,2784.0,8.560148572693619,658.0,2.023196034781753,8.0048919574229,1.389270067,Wirral,18.0,968888.0,8427803.0,103.0,55763.0,164608.0,23830.0,537151.0,555730.0,134571.0,49984.0,3394.0,238079.0,206208.0,203760.0,25913.52220596013,0.31670089906158144,171.4581770327278,506.1310834245514,73.27167402560666,1651.613637202209,1708.7397149076955,413.7743367729716,153.68910425916587,10.435755838980654,732.0372169677888,634.0413494533066,626.514322260076
E08000015,2024,328209,22.65172496793202,34.439640594864855,2766.0,8.427556831165507,758.25,2.310265714834145,8.19536978,1.393913031,Wirral,16.0,977130.0,8742934.0,110.0,55699.0,167261.0,23502.0,550363.0,600462.0,139548.0,52722.0,3118.0,233898.0,209506.0,205711.0,26638.312782403893,0.3351522962502552,169.70588862584512,509.6173474828539,71.60681151339543,1676.8674838289016,1829.5110737365521,425.18029670118733,160.6354487536905,9.500044179166323,712.6495617122017,638.331063438236,626.7683092176022
E08000015,2025,329896,22.968147537405727,34.60545141499139,,,749.0,2.2704124936343577,,,Wirral,,,,,,,,,,,,,,,,,,,,,,,,,,,,
E08000016,2011,231865,17.395035904513403,37.98115282599789,,,,,,0.907421112,Barnsley,23.0,690904.0,,,,,,,,,,,,,,,,,,,,,,,,,,
E08000016,2012,233259,17.899416528408334,37.543245919771586,495.0,2.122104613326817,,,6.78045312197036,1.019457102,Barnsley,23.0,695190.0,,,,,,,,,,,,,,,,,,,,,,,,,,
E08000016,2013,234875,18.17732836615221,37.25300691857371,671.0,2.856838744012773,,,6.91515810982409,1.200601697,Barnsley,20.0,699999.0,,,,,,,,,,,,,,,,,,,,,,,,,,
E08000016,2014,236421,18.488205362467802,36.82879270453978,937.0,3.96326891435194,385.0,1.628450941329239,7.01514622282783,1.303076982,Barnsley,19.0,704555.0,,,,,,,,,,,,,,,,,,,,,,,,,,
E08000016,2015,238242,18.623920215579115,36.55568707448729,1692.0,7.102022313445992,421.0,1.7671107529318928,7.20351461607164,1.477041364,Barnsley,24.0,709538.0,,,,,,,,,,,,,,,,,,,,,,,,,,
E08000016,2016,240061,18.795639441641917,36.17205626903162,1524.0,6.3483864517768405,462.75,1.9276350594223968,7.26492887847186,1.580129027,Barnsley,29.0,714724.0,,,,,,,,,,,,,,,,,,,,,,,,,,
E08000016,2017,241287,18.990248127748284,35.820827479308875,1365.0,5.657163460940706,443.0,1.8359878484957748,7.38324255958631,1.597627163,Barnsley,22.0,719590.0,,,,,,,,,,,,,,,,,,,,,,,,,,
E08000016,2018,242360,19.140122132365075,35.52112559828355,1045.0,4.311767618418881,463.25,1.911412774385212,7.65541421740034,1.645701885,Barnsley,16.0,723708.0,,,,,,,,,,,,,,,,,,,,,,,,,,
E08000016,2019,243558,19.36335492983191,35.47573883838757,950.0,3.900508297818179,448.75,1.8424769459430608,7.7460192241772,1.69369185,Barnsley,14.0,727205.0,,,,,,,,,,,,,,,,,,,,,,,,,,
E08000016,2020,244201,19.468798244069436,35.49657863808911,765.0,3.1326653044008825,410.25,1.6799685504973363,7.85053651036222,1.607429862,Barnsley,14.0,730119.0,,,,,,,,,,,,,,,,,,,,,,,,,,
E08000016,2021,244887,19.562083736580544,35.72300693789381,825.0,3.3689007583089343,346.0,1.4128965604544137,8.09452618146083,1.623085141,Barnsley,19.0,732646.0,,,,,,,,,,,,,,,,,,,,,,,,,,
E08000016,2022,246705,19.762064003567012,35.98670476885349,1607.0,6.513852576964391,312.25,1.2656816846030685,8.39709823491359,1.71585691,Barnsley,20.0,735825.0,,,,,,,,,,,,,,,,,,,,,,,,,,
E08000016,2023,248820,19.956997025962544,36.264367816091955,1669.0,6.7076601559360185,291.75,1.1725343621895348,8.66246646092985,1.916147113,Barnsley,26.0,740768.0,,,,,,,,,,,,,,,,,,,,,,,,,,
E08000016,2024,251325,20.127723067740973,36.490201929772205,1743.0,6.935243210981796,288.75,1.1489107729036108,8.958352278,2.003100157,Barnsley,25.0,747651.0,,,,,,,,,,,,,,,,,,,,,,,,,,
E08000016,2025,252784,20.357696689663904,36.61545034495854,,,262.6666666666667,1.0390953013903834,,,Barnsley,,,,,,,,,,,,,,,,,,,,,,,,,,,,
E08000017,2011,302468,17.012708782416652,38.528042635915206,,,,,,1.142850757,Doncaster,55.0,903951.0,,,,,,,,,,,,,,,,,,,,,,,,,,
E08000017,2012,302626,17.502131343638684,38.17418199361588,1254.0,4.143728562648286,,,7.18054827549808,1.150902987,Doncaster,65.0,906393.0,,,,,,,,,,,,,,,,,,,,,,,,,,
E08000017,2013,302991,17.887660029505827,37.838747685574816,1462.0,4.825225831790383,,,7.42744564344366,1.136063218,Doncaster,62.0,908085.0,,,,,,,,,,,,,,,,,,,,,,,,,,
E08000017,2014,303673,18.21004830854241,37.471885877242954,1798.0,5.920842485173196,219.5,0.7228169774724786,7.65467953992709,1.174417973,Doncaster,70.0,909290.0,7497040.0,154.0,45766.0,170296.0,18158.0,418138.0,497524.0,140667.0,41448.0,2761.0,238948.0,90649.0,170584.0,24687.871493349754,0.5071244397756798,150.70816305697247,560.7874259483062,59.79458167173242,1376.9350584345661,1638.3544141230864,463.21865954497105,136.48892064819722,9.092016741692543,786.859549581293,298.5085931248415,561.7358145110036
E08000017,2015,304311,18.412742227523815,37.14029397557104,2314.0,7.6040629487596565,242.25,0.7960606090479805,7.87244643746886,1.215877652,Doncaster,67.0,910975.0,7581695.0,137.0,45838.0,173455.0,18456.0,437813.0,505274.0,145908.0,42509.0,2604.0,225126.0,117678.0,174127.0,24914.298201510956,0.45019733101991055,150.6287975130705,569.9925405259751,60.64848132338298,1438.702511575329,1660.3869068157246,479.4700158719205,139.6893309804772,8.557035401283557,739.7892287823969,386.7030767865769,572.2008077263064
E08000017,2016,306137,18.557377905970203,36.9239915462685,2688.0,8.78038263914522,292.75,0.9562712119083939,7.92062659125804,1.293858409,Doncaster,58.0,914121.0,7786615.0,97.0,46403.0,178931.0,18652.0,458465.0,517878.0,151926.0,44020.0,2374.0,217180.0,150870.0,181502.0,25435.066653165086,0.3168516056536779,151.57592842420223,584.480151043487,60.92697060466393,1497.5811483094171,1691.654390027994,496.26801072722344,143.79183176159694,7.754698060018881,709.4209455243894,492.8185746904164,592.8783518490087
E08000017,2017,307058,18.770395169642217,36.630538855851334,2172.0,7.073582189684033,310.75,1.0120237870369768,8.01227125283065,1.295695901,Doncaster,43.0,917506.0,7794175.0,73.0,45224.0,179190.0,18609.0,470965.0,526166.0,154431.0,44011.0,2296.0,208989.0,169933.0,183430.0,25383.396622136534,0.23774010121866226,147.28162106181895,583.5705306489328,60.604185528466935,1533.798174937634,1713.5720287372417,502.9375557712223,143.33122732513075,7.477414690384228,680.6173426518768,553.4231317861772,597.3789968019071
E08000017,2018,308237,18.927318913693036,36.541038227078516,2084.0,6.761031284368846,357.75,1.1606328896271376,8.30175141307625,1.394044161,Doncaster,40.0,921432.0,7821248.0,74.0,44760.0,177223.0,18754.0,482180.0,540769.0,161192.0,44698.0,2298.0,200617.0,173703.0,187838.0,25374.137433208864,0.2400750072184715,145.21293679863223,574.9569324902592,60.84279304561101,1564.315770008143,1754.3935348449406,522.948250858917,145.0117928736654,7.455302251189831,650.853077339839,563.5371483631102,609.3947189986926
E08000017,2019,308438,19.178246519559845,36.42482443797457,2108.0,6.834436742554419,369.0,1.196350644213748,8.28227475883575,1.407164097,Doncaster,48.0,923733.0,7887369.0,76.0,45601.0,178293.0,18454.0,501881.0,556740.0,165660.0,45926.0,2135.0,195393.0,177482.0,192887.0,25571.97556721286,0.24640284271069063,147.84494776908164,578.0513425712785,59.830500781356385,1627.1698039800544,1805.0305085624987,537.0933542559608,148.89864413593656,6.9219745945700595,633.4919821811839,575.421964868142,625.3671726570657
E08000017,2020,308185,19.344549540048998,36.4219543456041,1690.0,5.483719194639583,296.75,0.9628956633191104,8.32820505076056,1.398307204,Doncaster,42.0,924860.0,7946981.0,120.0,40698.0,188598.0,18382.0,544119.0,574214.0,168731.0,46896.0,1962.0,166297.0,174929.0,195784.0,25786.39778055389,0.3893765108619823,132.05704365884128,611.9635932962344,59.64599185554131,1765.5596476142578,1863.2120317341855,547.499067118776,152.16834044486265,6.366305952593409,539.6012135567921,567.6103639047975,635.2807566883528
E08000017,2021,308697,19.515900705222272,36.539389757594016,1570.0,5.0858932869448035,296.25,0.9596789084442027,8.51990725306503,1.444814324,Doncaster,41.0,925320.0,7869280.0,98.0,39359.0,180947.0,17959.0,561620.0,574875.0,170886.0,47407.0,1902.0,162246.0,177509.0,193573.0,25491.922500056688,0.31746340262458006,127.50042922347804,586.1637787215295,58.17678824219218,1819.3244508369048,1862.2629957531171,553.5719491928978,153.57130130840275,6.161381548897463,525.5833390023226,575.0266442498631,627.0647269004882
E08000017,2022,311700,19.55887070901508,36.737568174526785,2859.0,9.172281039461021,512.5,1.6442091754892525,8.75909704003439,1.526569724,Doncaster,50.0,928277.0,7907740.0,121.0,43329.0,177753.0,17730.0,572541.0,589572.0,173013.0,48210.0,1756.0,187454.0,161947.0,191001.0,25369.714469040744,0.38819377606673083,139.00866217516844,570.2694898941289,56.881616939364775,1836.8334937439845,1891.4725697786332,555.0625601539942,154.6679499518768,5.633622072505614,601.3923644529997,519.5604748155278,612.7718960538979
E08000017,2023,315698,19.569968767619688,37.01607232228269,3420.0,10.833137998973703,704.25,2.2307711800518217,8.99382680015178,1.698763847,Doncaster,57.0,935520.0,8122080.0,135.0,45246.0,179440.0,17299.0,589697.0,630629.0,180715.0,49698.0,1873.0,201049.0,156097.0,192848.0,25727.372362194248,0.4276238683805409,143.32051517589593,568.3913106829946,54.79603925270354,1867.9149060177765,1997.5704629107565,572.429980551033,157.42260007982313,5.9328852257537275,636.8396378817731,494.45039246368367,610.8622797737078
E08000017,2024,320248,19.630723689140915,37.38602582998176,3573.0,11.156978341785118,680.75,2.1256963353401113,9.192796014,1.800626636,Doncaster,67.0,946588.0,8444596.0,126.0,46422.0,184158.0,17113.0,610954.0,683907.0,190159.0,53587.0,1520.0,195411.0,159535.0,197727.0,26368.926581899028,0.3934450800629512,144.956408783193,575.0480877320076,53.43671154854988,1907.7527416252403,2135.5543204016885,593.7866903150059,167.32969448677275,4.746321600759411,610.1864804776299,498.16080037970573,617.4183757587869
E08000017,2025,323016,19.82192832553186,37.5730613963395,,,668.0,2.068009015033311,,,Doncaster,,,,,,,,,,,,,,,,,,,,,,,,,,,,
E08000018,2011,257716,17.511524313585497,37.55141318350432,,,,,,0.974210143,Rotherham,65.0,770922.0,,,,,,,,,,,,,,,,,,,,,,,,,,
E08000018,2012,258710,18.003942638475515,37.20149974875343,653.0,2.524061690696146,,,6.36346532748352,1.015086055,Rotherham,69.0,773319.0,,,,,,,,,,,,,,,,,,,,,,,,,,
E08000018,2013,259391,18.396937441931293,36.76110582094213,692.0,2.6677872401124167,,,6.54802602368436,1.058910251,Rotherham,62.0,775817.0,,,,,,,,,,,,,,,,,,,,,,,,,,
E08000018,2014,261391,18.690773592051755,36.48212830587128,660.0,2.524953039699148,335.0,1.281604951968507,6.71011639417555,0.957661986,Rotherham,64.0,779492.0,5945479.0,129.0,38634.0,126967.0,16825.0,327083.0,423113.0,107214.0,36686.0,2666.0,191566.0,109708.0,139652.0,22745.538293208258,0.4935135486684698,147.80156929657105,485.7359281689117,64.36717408020934,1251.3169925513885,1618.6976598276146,410.16714423985525,140.34913214303478,10.199280005815043,732.8714454591016,419.708406180779,534.2647604546446
E08000018,2015,262063,18.892785322613264,36.223732461278395,662.0,2.526110133822783,352.5,1.3450964081156058,6.93345787013187,1.144815803,Rotherham,44.0,782845.0,6142538.0,155.0,38023.0,133207.0,17457.0,352569.0,436878.0,115200.0,38666.0,2401.0,183059.0,132859.0,145728.0,23439.16539152799,0.5914608319373585,145.0910658887367,508.301438966966,66.6137531814869,1345.3597035827263,1667.0724215169635,439.58895380118526,147.54467437219296,9.161919080526438,698.5305060233608,506.97351400235823,556.0800265584993
E08000018,2016,263273,19.099945683757923,35.83428608326718,808.0,3.069057594208293,402.75,1.5297808738457799,6.96226326425114,1.166423082,Rotherham,41.0,786727.0,6308248.0,79.0,38391.0,137200.0,17589.0,373304.0,448385.0,121812.0,39220.0,2214.0,183333.0,140542.0,150734.0,23960.86191899663,0.30006874992878113,145.82201744956754,521.1320568383389,66.80897775313079,1417.9349952330851,1703.1180561622346,462.6832223585404,148.97084015451642,8.409521675219258,696.3608117809271,533.8261044619084,572.5387715413278
E08000018,2017,264167,19.209818031775356,35.54569647230729,711.0,2.6914792536539385,401.25,1.5189255281696805,7.36927134066665,1.14135325,Rotherham,39.0,789503.0,6274883.0,141.0,37492.0,136452.0,17167.0,382850.0,461532.0,125161.0,38918.0,2081.0,177232.0,123962.0,153410.0,23753.470342624172,0.5337532697119625,141.92537296482908,516.536887650615,64.98540695847703,1449.2726192143605,1747.122085650365,473.79498574765205,147.32347340886636,7.877592583479391,670.9089326070251,469.2561902130092,580.7311284149798
E08000018,2018,265154,19.384961192363683,35.45034206536579,806.0,3.0397429418375737,433.25,1.633956116068398,7.54223623923703,1.356578708,Rotherham,40.0,792594.0,6272631.0,181.0,35966.0,140641.0,17095.0,390232.0,467661.0,129411.0,39604.0,2022.0,158404.0,115590.0,156537.0,23656.55807568432,0.6826221742836239,135.64192884135255,530.412514991288,64.47196723413563,1471.7183221825808,1763.7335284400763,488.0597690398787,149.3622574051306,7.625757107190538,597.4037729017854,435.9353432344977,590.3625817449482
E08000018,2019,265991,19.54314243715013,35.488042828516754,787.0,2.9587467245132353,466.25,1.7528788568034257,7.75122953136483,1.380081058,Rotherham,46.0,795312.0,6284544.0,225.0,37501.0,144440.0,17402.0,401260.0,470688.0,131412.0,40040.0,1778.0,156375.0,108313.0,158841.0,23626.90466970687,0.8458932821035298,140.98597320961986,543.0258918534837,65.42326620073612,1508.5472816749439,1769.5636318522054,494.0467910568403,150.53140895744593,6.684436691467004,587.8958310619532,407.2055069532428,597.166821433808
E08000018,2020,265593,19.60932705304733,35.64476473401031,784.0,2.9518850270903227,448.5,1.6886740237882776,7.93605212241612,1.488608718,Rotherham,36.0,796738.0,6291166.0,208.0,32364.0,154094.0,17954.0,427664.0,481210.0,134273.0,39926.0,1548.0,130385.0,106932.0,159335.0,23687.243263188415,0.7831531704525345,121.8556211948357,580.1884838832349,67.59967318415772,1610.2231610019842,1811.8323901608853,505.559257962371,150.32775713215332,5.828466864714055,490.9203179300659,402.6160328020693,599.9216846829547
E08000018,2021,266173,19.743174551889187,35.89770562754299,825.0,3.0994879270249047,510.0,1.9160470821608504,8.17008097317064,1.539250851,Rotherham,40.0,797757.0,6316140.0,82.0,31414.0,150360.0,17468.0,440986.0,487237.0,137250.0,39788.0,1674.0,133540.0,107541.0,157809.0,23729.454151998885,0.3080703151709603,118.02098635098226,564.8957632817754,65.62649104154066,1656.7645854387936,1830.5275140604042,515.6420824050524,149.4817280490508,6.289142775563262,501.70377912109797,404.0267044365882,592.8813215465129
E08000018,2022,268599,19.721964713196996,36.30467723260325,2867.0,10.673904221534704,646.5,2.4069337562686384,8.54234219253757,1.591374755,Rotherham,36.0,800473.0,6524178.0,65.0,35632.0,153839.0,17165.0,454905.0,506615.0,140233.0,41100.0,1660.0,166639.0,107128.0,159432.0,24289.65856164766,0.2419964333448747,132.65872173760883,572.745989374495,63.905673513304215,1693.6213463192341,1886.1388166002107,522.0905513423356,153.01620631499,6.180216605422953,620.4006716331781,398.8399063287652,593.5688517083087
E08000018,2023,272516,19.713337932451672,36.847377768644776,2812.0,10.318660188759559,702.5,2.5778302925332826,8.80540131476973,1.687614083,Rotherham,36.0,807528.0,6817818.0,99.0,37379.0,155231.0,16734.0,474674.0,546556.0,143534.0,42861.0,1848.0,180807.0,112181.0,163105.0,25018.046646802388,0.36328142200824903,137.16258861864992,569.6216001996213,61.40556884733373,1741.8206637408446,2005.5923321933392,526.6993497629497,157.27883867369255,6.781253210820649,663.4729703943989,411.6492242657312,598.5153165318734
E08000018,2024,276332,19.71758609209212,37.24686246978273,2677.0,9.687622135691848,580.25,2.099829190973177,9.136366498,1.807341337,Rotherham,28.0,817950.0,7140328.0,104.0,38283.0,160386.0,17089.0,494584.0,593665.0,148486.0,44985.0,1751.0,177711.0,121217.0,168078.0,25839.67112024666,0.37635887266042295,138.53987232749012,580.410520678025,61.84227668167277,1789.81804496041,2148.375866711058,537.3463804409189,162.79330660220316,6.336580634888468,643.1068424938118,438.66436026229314,608.2466019136401
E08000018,2025,279161,19.86201510956043,37.496283506650286,,,451.75,1.6182418031171977,,,Rotherham,,,,,,,,,,,,,,,,,,,,,,,,,,,,
E08000019,2011,551756,15.619766708472586,44.53073460007685,,,,,,1.783873916,Sheffield,250.0,1634754.0,,,,,,,,,,,,,,,,,,,,,,,,,,
E08000019,2012,553842,15.950036291938856,44.20647043741717,8698.0,15.704840008522284,,,6.01043892253801,1.865052223,Sheffield,265.0,1650211.0,,,,,,,,,,,,,,,,,,,,,,,,,,
E08000019,2013,555253,16.167945062881245,43.79336986923078,9478.0,17.069696156526845,,,6.06838810421419,1.874252558,Sheffield,276.0,1660851.0,,,,,,,,,,,,,,,,,,,,,,,,,,
E08000019,2014,554805,16.41081100566866,43.29863645785456,9172.0,16.531934643703643,563.25,1.0152215643334144,6.17980160680144,1.833728552,Sheffield,270.0,1663900.0,,,,,,,,,,,,,,,,,,,,,,,,,,
E08000019,2015,555074,16.54139808385909,42.876445302788454,8954.0,16.131182508998798,694.0,1.2502837459509903,6.29472250964455,1.772247791,Sheffield,247.0,1665132.0,,,,,,,,,,,,,,,,,,,,,,,,,,
E08000019,2016,556599,16.61195941782145,42.54571064626418,8944.0,16.069019168198288,832.5,1.4956907935515515,6.34672596069712,1.798561096,Sheffield,215.0,1666478.0,,,,,,,,,,,,,,,,,,,,,,,,,,
E08000019,2017,555675,16.679353938903137,42.236559139784944,7530.0,13.551086516398975,797.25,1.4347415305709272,6.4307208274265,1.862399578,Sheffield,168.0,1667348.0,,,,,,,,,,,,,,,,,,,,,,,,,,
E08000019,2018,556771,16.762546899892417,42.11516045196319,8709.0,15.641978479482587,834.25,1.4983718620402284,6.49740374272735,1.763673306,Sheffield,155.0,1669045.0,,,,,,,,,,,,,,,,,,,,,,,,,,
E08000019,2019,556399,16.95096504486888,42.04932072128095,11056.0,19.87063240588139,924.5,1.661577393201641,6.50508274890345,1.799448371,Sheffield,138.0,1668845.0,,,,,,,,,,,,,,,,,,,,,,,,,,
E08000019,2020,555036,17.036192246989383,41.952233728983344,11386.0,20.513984678471306,960.75,1.7309688020236527,6.58544557336405,1.742912292,Sheffield,135.0,1668206.0,,,,,,,,,,,,,,,,,,,,,,,,,,
E08000019,2021,555035,17.168466853441675,41.988523246281765,11240.0,20.250975163728413,947.5,1.7070995522804868,6.78133290107813,2.039283037,Sheffield,102.0,1666470.0,,,,,,,,,,,,,,,,,,,,,,,,,,
E08000019,2022,565685,16.98966739439794,42.93608633780284,18901.0,33.41258827792853,1094.75,1.9352643255522066,6.86371755479699,2.09578824,Sheffield,99.0,1676058.0,,,,,,,,,,,,,,,,,,,,,,,,,,
E08000019,2023,575225,16.83184840714503,43.82093963231779,19737.0,34.311791038289364,1343.0,2.3347385805554346,6.93072332298878,2.189576864,Sheffield,106.0,1696608.0,,,,,,,,,,,,,,,,,,,,,,,,,,
E08000019,2024,580235,16.88040190612424,44.162106732616955,18723.0,32.26796039535705,1236.75,2.1314639758029075,7.075543453,2.214162827,Sheffield,152.0,1724066.0,,,,,,,,,,,,,,,,,,,,,,,,,,
E08000019,2025,579517,17.10441626388872,44.11173442711775,,,1263.3333333333333,2.1799763136082864,,,Sheffield,,,,,,,,,,,,,,,,,,,,,,,,,,,,
E08000021,2011,279092,13.935548134665272,47.30411477218981,,,,,,1.734480858,Newcastle upon Tyne,128.0,829195.0,,,,,,,,,,,,,,,,,,,,,,,,,,
E08000021,2012,280869,14.240090576033667,47.155791489982875,6318.0,22.494472512096387,,,5.52405265468129,1.886183858,Newcastle upon Tyne,144.0,836642.0,,,,,,,,,,,,,,,,,,,,,,,,,,
E08000021,2013,284371,14.311234267910582,47.15108080641134,6944.0,24.418805011762803,,,5.62276680451352,1.915347099,Newcastle upon Tyne,128.0,844332.0,,,,,,,,,,,,,,,,,,,,,,,,,,
E08000021,2014,286876,14.404132796051256,46.980228391360725,7055.0,24.59250686707846,385.0,1.3420432521368117,5.8027541084232,1.990546227,Newcastle upon Tyne,127.0,852116.0,6851193.0,438.0,45686.0,111794.0,18220.0,361622.0,426883.0,112625.0,32171.0,2218.0,200307.0,178495.0,177918.0,23882.070999316777,1.5267920634699312,159.25347536914904,389.69450215424087,63.511761179046,1260.5515972057613,1488.0401288361522,392.591224082879,112.14252847920356,7.731563462959606,698.2354745604372,622.2026241302863,620.1913021653955
E08000021,2015,287955,14.457467312600928,46.75938948794082,7031.0,24.41700960219479,541.0,1.8787657793752495,5.86036712638745,2.089814186,Newcastle upon Tyne,123.0,859202.0,6992303.0,307.0,45818.0,113699.0,17865.0,377012.0,440402.0,119653.0,33105.0,2302.0,195785.0,199661.0,184178.0,24282.62402111441,1.066138806410724,159.1151395183275,394.8498897397163,62.040943897483984,1309.2740185098367,1529.4125818270218,415.5267316073692,114.96588008543002,7.994304665659564,679.9152645378617,693.3757010644024,639.6068830199163
E08000021,2016,290316,14.511428925722317,46.53274363107786,7120.0,24.525000344452252,718.0,2.473167169566955,5.86375789337376,2.114845037,Newcastle upon Tyne,123.0,865147.0,7247089.0,293.0,48265.0,117469.0,17807.0,395727.0,458631.0,125485.0,33710.0,2186.0,197895.0,225049.0,195602.0,24962.761267033162,1.0092450984444536,166.24987944171178,404.62461593573903,61.33661251877265,1363.0905633861034,1579.7648080023148,432.2359084583695,116.1148541589165,7.5297262293500875,681.6537841524408,775.1863486683476,673.7554940134198
E08000021,2017,291759,14.607946969930662,46.41844810271491,5909.0,20.253017044889788,776.0,2.6597294342248223,5.93291757963931,2.062775612,Newcastle upon Tyne,112.0,870030.0,7359510.0,132.0,47558.0,116815.0,16701.0,410735.0,473573.0,129904.0,34067.0,2125.0,193183.0,247316.0,202591.0,25224.62032019578,0.4524282027289646,163.00439746503108,400.38182198321215,57.24245010436696,1407.7886200597068,1623.1650094769998,445.24419126745016,116.7641786543003,7.283408566659469,662.1321021802241,847.6722226220957,694.3778940838158
E08000021,2018,294955,14.637826109067484,46.64881083555119,6634.0,22.491566510145613,1030.0,3.492058110559238,6.09881578898842,1.986539125,Newcastle upon Tyne,105.0,877030.0,7475111.0,122.0,46735.0,116450.0,15509.0,422461.0,488675.0,135322.0,35349.0,2105.0,187085.0,260610.0,208993.0,25343.22523774813,0.4136224169788612,158.44789883202523,394.80598735400315,52.580902171517685,1432.2896713057924,1656.778152599549,458.78862877388076,119.84540014578495,7.136681866725432,634.2831957417233,883.5585089250902,708.5589327185503
E08000021,2019,297087,14.765035158051345,46.77283085426155,8315.0,27.98843436434445,1176.0,3.9584364176150424,6.26900277796006,2.072757483,Newcastle upon Tyne,88.0,883801.0,7571294.0,113.0,47163.0,116714.0,14324.0,442046.0,501700.0,143344.0,36253.0,2054.0,183079.0,272110.0,215353.0,25485.107056182194,0.3803599618966835,158.75147684011753,392.86135037884526,48.214832692107024,1487.9345107662066,1688.7309104740361,482.4983927267097,122.02822742159704,6.913799661378653,616.2470926025037,915.9269843513853,724.8819369410307
E08000021,2020,298426,14.801324281396393,46.828024367849984,8514.0,28.529685751241512,982.5,3.2922734614276234,6.53546502487908,1.976585031,Newcastle upon Tyne,82.0,890468.0,7671859.0,159.0,41311.0,125405.0,14352.0,487669.0,531202.0,152543.0,37923.0,2148.0,166581.0,265997.0,222705.0,25707.7432931447,0.5327953998646231,138.42962744532983,420.22142842781795,48.09232439532749,1634.1371060162317,1780.0124654018082,511.1585451669761,127.07672923940943,7.197764269869247,558.1986824204325,891.3331948288687,746.2654058292509
E08000021,2021,298545,15.029225074946826,46.67537557152188,5756.0,19.28017551792862,1099.0,3.6811870907233413,6.64633253449243,1.97142756,Newcastle upon Tyne,72.0,894058.0,7687503.0,160.0,39457.0,119778.0,13195.0,503898.0,545189.0,159619.0,39184.0,2046.0,167184.0,271470.0,221740.0,25749.897000452194,0.5359326064747358,132.16433033546033,401.2058483645681,44.19769214021336,1687.8460533587902,1826.153511195967,534.6564169555679,131.2498953256628,6.853238205295685,559.9959805054514,909.3101542481033,742.7356009981745
E08000021,2022,304837,14.970623644767532,47.41123944927945,9658.0,31.682505732571837,1381.0,4.530289958239978,6.82077445813825,1.951754332,Newcastle upon Tyne,77.0,901857.0,7801355.0,193.0,42152.0,119834.0,11346.0,516405.0,561249.0,164697.0,41906.0,2066.0,187754.0,275859.0,220656.0,25591.890092081998,0.6331252439828499,138.27717763919733,393.10844812145507,37.21989128616277,1694.0364850723502,1841.1446117105208,540.2789031515202,137.47018898624512,6.777392508127294,615.9160469365595,904.9393610355698,723.8491390480815
E08000021,2023,313354,14.874869955385922,48.29043190768269,11957.0,38.15812148560414,1643.0,5.243271188496078,6.95681352055578,2.479505062,Newcastle upon Tyne,86.0,916953.0,7950759.0,174.0,42813.0,119552.0,10490.0,528288.0,589134.0,170533.0,43557.0,2100.0,191062.0,273178.0,221259.0,25373.089221774735,0.5552825239186352,136.62822239384212,381.5237718363257,33.47651537877289,1685.9143333099307,1880.0908876223057,544.2183600656126,139.00253387542526,6.701685633500769,609.7321240513924,871.787179994511,706.0991721822604
E08000021,2024,318852,14.906288811109857,48.820455885489196,11920.0,37.38411551440794,1365.5,4.282551152258728,7.001794117,2.35193491,Newcastle upon Tyne,96.0,939013.0,8236315.0,176.0,42132.0,121687.0,9853.0,548197.0,636255.0,180762.0,46534.0,1845.0,191107.0,265972.0,225884.0,25831.15363867876,0.551980229071795,132.13653983666404,381.64101213102003,30.901484074115892,1719.2835547526752,1995.4555718640622,566.915057769749,145.942318066062,5.786383651349215,599.3595774842246,834.155031174338,708.4289889980304
E08000021,2025,320838,15.10855945991435,49.00946895317886,,,1182.75,3.6864398855497167,,,Newcastle upon Tyne,,,,,,,,,,,,,,,,,,,,,,,,,,,,
E08000022,2011,201206,17.686848304722524,37.96805264256533,,,,,,0.830495119,North Tyneside,25.0,600387.0,,,,,,,,,,,,,,,,,,,,,,,,,,
E08000022,2012,201566,18.28482978280067,37.499875971145926,443.0,2.197791294166675,,,6.41641912593426,0.884821534,North Tyneside,21.0,602936.0,,,,,,,,,,,,,,,,,,,,,,,,,,
E08000022,2013,202268,18.677694939387347,37.2006446892242,457.0,2.259378646152629,,,6.63471063090457,0.910493433,North Tyneside,23.0,605040.0,,,,,,,,,,,,,,,,,,,,,,,,,,
E08000022,2014,203211,19.011273995994312,36.84839895478099,552.0,2.71638838448706,98.75,0.48594810320307463,6.81394435821698,1.006734133,North Tyneside,30.0,607045.0,5229362.0,197.0,38630.0,80756.0,12073.0,278871.0,324349.0,75488.0,25707.0,2229.0,175225.0,100954.0,139639.0,25733.656150503663,0.9694357096810705,190.09797697959263,397.39974706093665,59.41115392375413,1372.322364438933,1596.1193045652055,371.4759535655058,126.50397862320445,10.968894400401554,862.2810773038861,496.7939727672223,687.1626043865737
E08000022,2015,202953,19.291165934970167,36.348809822963936,553.0,2.7247687888328826,108.25,0.5333747222263283,7.07429543442666,1.031314492,North Tyneside,28.0,608432.0,5319962.0,225.0,39670.0,82114.0,11494.0,294511.0,332919.0,79552.0,26200.0,2116.0,168195.0,117647.0,147487.0,26212.77832798727,1.1086310623641926,195.46397441772234,404.5961380221037,56.63380191472903,1451.1290791464032,1640.3748651165542,391.97252565865006,129.09392815085266,10.426059235389475,828.7386734859795,579.6760826398231,726.7051977551453
E08000022,2016,203743,19.52901449374948,35.84123135518766,603.0,2.959610882337062,126.0,0.618426154518192,7.19281870455514,1.179053903,North Tyneside,20.0,609907.0,5426804.0,129.0,40735.0,82457.0,11287.0,306678.0,342542.0,82750.0,26198.0,2041.0,169428.0,133309.0,153784.0,26635.535944793195,0.6331505867686252,199.9332492404647,404.7108366913219,55.39822227021297,1505.2198112327785,1681.2454906426233,406.1489229077809,128.58355869894916,10.017522074378014,831.5770357754623,654.2997796243307,754.7940297335368
E08000022,2017,204492,19.756274084071748,35.36862077734092,524.0,2.562447430706336,132.5,0.6479471079553235,7.27495710452677,1.200624347,North Tyneside,13.0,611188.0,5428749.0,172.0,40210.0,80373.0,9987.0,315859.0,351407.0,86146.0,26737.0,1877.0,162679.0,145666.0,157518.0,26547.48841030456,0.8411086986287972,196.63360913874382,393.03738043542046,48.83809635584766,1544.6032118615888,1718.4388631340103,421.26831367486255,130.74839113510552,9.178843182129375,795.5274533967099,712.3310447352463,770.2893022709934
E08000022,2018,205766,19.959565720284207,35.13311237036245,635.0,3.086029761962618,215.5,1.047306163311723,7.440904066121,1.079904318,North Tyneside,18.0,614001.0,5417052.0,257.0,39601.0,79183.0,9563.0,320805.0,359058.0,89063.0,27563.0,1909.0,153164.0,151848.0,157080.0,26326.273534014366,1.2489915729517995,192.45647969052223,384.82062148265504,46.475122226218126,1559.076815411681,1744.9821642059426,432.83632864516005,133.95313122673326,9.277528843443523,744.3600983641613,737.9644839283458,763.3914252111622
E08000022,2019,207294,20.243711829575386,35.08639902746823,534.0,2.576051405250514,305.5,1.473752255250996,7.75504632552425,1.160835505,North Tyneside,18.0,617552.0,5437847.0,255.0,40135.0,80454.0,9276.0,332364.0,363541.0,92208.0,28155.0,1658.0,143033.0,153105.0,162355.0,26232.534467953727,1.2301369070016497,193.61390102945575,388.11543025847345,44.74803901704825,1603.3459723870444,1753.7458874834774,444.8175055717966,135.82158673188803,7.998301928661707,690.0006753692822,738.5886711626964,783.2112844558936
E08000022,2020,208015,20.4273730259837,35.16765617864096,500.0,2.403672812056823,256.75,1.2342859889911786,7.8343697003957,1.183492422,North Tyneside,14.0,621075.0,5484535.0,244.0,35292.0,88023.0,9487.0,359380.0,372170.0,94277.0,28870.0,1575.0,128563.0,155268.0,163846.0,26366.055332548134,1.1729923322837295,169.6608417662188,423.1569838713554,45.607287935966156,1727.663870393962,1789.1498209263755,453.2221234045622,138.78806816816095,7.571569357978992,618.0467754729226,746.4269403648775,787.6643511285243
E08000022,2021,209128,20.66342144523928,35.41371791438736,522.0,2.496078956428599,297.0,1.4201828545197202,7.96439262643769,1.124830604,North Tyneside,14.0,624437.0,5501297.0,203.0,34333.0,85415.0,9207.0,371825.0,372513.0,94710.0,28813.0,1794.0,142030.0,157479.0,162338.0,26305.884434413376,0.970697371944455,164.17218163038905,408.434069086875,44.025668490111315,1777.9780804100837,1781.2679316016984,452.880532496844,137.77686393022455,8.57847825255346,679.1534371294135,753.0268543667037,776.2614284074824
E08000022,2022,210444,20.85875577350744,35.60091995970424,1695.0,8.054399270114615,303.5,1.4421888958582807,8.14658154951898,1.113301873,North Tyneside,13.0,627915.0,5549613.0,244.0,35235.0,84459.0,8903.0,376234.0,382836.0,94332.0,29081.0,1749.0,148249.0,160796.0,161664.0,26370.972800364943,1.159453346258387,167.43171580087815,401.3371728345783,42.30579156450172,1787.8105339187623,1819.1823002794092,448.2522666362548,138.18878181368916,8.31099960084393,704.458193153523,764.079755184277,768.204367907852
E08000022,2023,212157,21.119736798691534,35.95921888035747,1670.0,7.871529103446975,335.25,1.5801976837907776,8.28189983187329,1.108853936,North Tyneside,19.0,632605.0,5785690.0,188.0,36300.0,85724.0,9145.0,391600.0,412994.0,99141.0,30242.0,1551.0,152698.0,171971.0,167923.0,27270.79474163002,0.886136210447923,171.0997044641468,404.0592580023284,43.10487044971412,1845.8028724010992,1946.6432877538805,467.3001597873273,142.54537912960686,7.310623736195365,719.74056948392,810.5836715262753,791.5034620587584
E08000022,2024,214110,21.330157395731167,36.14123581336696,1573.0,7.346690953248331,404.25,1.8880481995236094,8.423308378,1.12334311,North Tyneside,20.0,638502.0,6016938.0,75.0,35946.0,86906.0,9288.0,403161.0,439228.0,103856.0,31531.0,1360.0,147045.0,182955.0,168412.0,28102.087711923778,0.3502872355331372,167.885666246322,405.89416654990424,43.37957124842371,1882.9620288636681,2051.4128251833167,485.0590817803932,147.26542431460464,6.35187520433422,686.7731539862687,854.4906823595348,786.5676521414226
E08000022,2025,215401,21.632211549621402,36.273740604732566,,,447.0,2.075199279483382,,,North Tyneside,,,,,,,,,,,,,,,,,,,,,,,,,,,,
E08000023,2011,148164,18.189978672282066,37.21956750627683,,,,,,0.43380481,South Tyneside,24.0,445141.0,,,,,,,,,,,,,,,,,,,,,,,,,,
E08000023,2012,147761,18.729570048930366,36.75530078978892,232.0,1.5701030718525184,,,6.86285344405677,0.457686841,South Tyneside,15.0,444393.0,,,,,,,,,,,,,,,,,,,,,,,,,,
E08000023,2013,147517,19.09745995376804,36.36191083061613,239.0,1.6201522536385635,,,6.90998085254531,0.551831961,South Tyneside,12.0,443442.0,,,,,,,,,,,,,,,,,,,,,,,,,,
E08000023,2014,147606,19.475495576060595,35.90165711420945,249.0,1.6869232958009837,35.5,0.24050512851781095,7.052737068529,0.531644404,South Tyneside,20.0,442884.0,3956948.0,152.0,24591.0,66188.0,10043.0,214034.0,258090.0,58981.0,21798.0,1277.0,109734.0,75774.0,127684.0,26807.501050092815,1.0297684375973877,166.59891874314053,448.40995623484145,68.03923959730635,1450.0359063994688,1748.5061582862484,399.5840277495495,147.67692370228852,8.65140983428858,743.4250640217878,513.3531157270029,865.0325867512161
E08000023,2015,147230,19.746654893703727,35.50770902669293,263.0,1.7863207226788018,55.0,0.3735651701419547,7.10027269672842,0.628126085,South Tyneside,25.0,442353.0,3980330.0,222.0,25713.0,67650.0,9692.0,220910.0,259891.0,61565.0,22397.0,1537.0,108190.0,79146.0,128964.0,27034.775521293217,1.507844868572981,174.64511308836515,459.48515927460437,65.828975073015,1500.4414861101677,1765.2041024247776,418.155267268899,152.12252937580655,10.439448481966991,734.8366501392379,537.5670719282755,875.9356109488555
E08000023,2016,147664,19.93173691624228,35.02546321378264,268.0,1.8149311951457363,78.5,0.5316123090258966,7.25539036350899,0.618811905,South Tyneside,26.0,442500.0,4093519.0,118.0,26869.0,70538.0,10011.0,230935.0,265930.0,65170.0,22635.0,1524.0,109421.0,86734.0,132212.0,27721.848250081264,0.7991114963701376,181.9603965760104,477.69259941488787,67.79580669628345,1563.9221475782858,1800.9128833026332,441.3397984613718,153.28719254523784,10.320728139560082,741.0133817314986,587.3740383573518,895.357026763463
E08000023,2017,147796,20.054669950472274,34.767517388833255,299.0,2.023058810793256,142.5,0.9641668245419361,7.41774861557076,0.622029245,South Tyneside,13.0,442690.0,4100714.0,70.0,26437.0,70989.0,9261.0,236117.0,271223.0,67834.0,23218.0,1319.0,105357.0,91213.0,132721.0,27745.771198137973,0.47362580854691605,178.8749357222117,480.31746461338605,62.660694470756994,1597.5872148096025,1835.1173238788601,458.9704728138786,157.09491461203282,8.924463449619747,712.8542044439633,617.1547267855692,898.001299087932
E08000023,2018,148076,20.20448958642859,34.638293849104514,254.0,1.715335368324374,200.75,1.355722736972906,7.58632973739032,0.670769751,South Tyneside,10.0,443536.0,4116367.0,81.0,26677.0,70690.0,9124.0,240445.0,275379.0,71159.0,23872.0,1392.0,100298.0,98552.0,136218.0,27799.015370485427,0.5470163969853319,180.15748669602098,477.38998892460626,61.61700748264404,1623.7945379399766,1859.7139306842432,480.55728139603985,161.21451146708446,9.400578081525703,677.3413652448742,665.5501229098571,919.9195007968881
E08000023,2019,148368,20.521271433193142,34.6051709263453,310.0,2.089399331392214,263.0,1.7726194327617815,7.71628214796916,0.897009194,South Tyneside,12.0,444240.0,4167028.0,79.0,28133.0,67778.0,8465.0,253495.0,283423.0,73802.0,23953.0,1267.0,94109.0,106783.0,140242.0,28085.759732556882,0.5324598296128545,189.61635932276502,456.82357381645636,57.054081742693846,1708.555753262159,1910.2704087134691,497.4253208238973,161.44316833818615,8.539577267335275,634.2944570257738,719.7171896904993,945.2307775261512
E08000023,2020,147919,20.70592689242085,34.63720008923803,331.0,2.237711179767305,304.0,2.055178847882963,7.7181259718865,0.900473952,South Tyneside,14.0,444363.0,4257888.0,91.0,26022.0,71214.0,8764.0,278489.0,292338.0,77630.0,24442.0,1100.0,86224.0,114240.0,144335.0,28785.267612679912,0.6152015630175975,175.92060519608705,481.439166030057,59.248642838310154,1882.7128360792055,1976.3384014224002,524.8142564511659,165.23908355248483,7.436502410102827,582.9136216442782,772.3145775728608,975.7705230565376
E08000023,2021,147919,20.9979786234358,34.65612936810011,441.0,2.9813614207775876,403.75,2.72953440734456,8.08975471857548,0.958183885,South Tyneside,10.0,444206.0,4285773.0,42.0,24392.0,67756.0,8488.0,293245.0,290968.0,81636.0,24481.0,1003.0,85620.0,123022.0,143321.0,28973.78294877602,0.2839391829311988,164.90106071566197,458.0615066353883,57.382756779047995,1982.4701356823666,1967.0765756934538,551.8966461374131,165.50274136520662,6.780738106666486,578.8303057754582,831.6849086324272,968.9154199257703
E08000023,2022,148802,21.201327939140604,34.96794397924759,1578.0,10.60469617343853,459.75,3.0896762140293816,8.40271070021311,0.883967042,South Tyneside,10.0,444825.0,4404188.0,28.0,25197.0,67130.0,7795.0,300769.0,300917.0,87038.0,24934.0,847.0,94010.0,130875.0,143064.0,29597.63981666913,0.18816951385062028,169.33240144621712,451.1364094568621,52.38504858805661,2021.2698754049004,2022.2644856923969,584.9249338046532,167.56495208397737,5.692127793981263,631.7791427534576,879.5244687571404,961.4386903401836
E08000023,2023,149706,21.363205215555823,35.460836573016444,1672.0,11.168557038462053,619.5,4.138110696966054,8.79284308790555,0.918757379,South Tyneside,11.0,447030.0,4507123.0,91.0,24758.0,67057.0,7718.0,308161.0,316420.0,89096.0,25537.0,784.0,98229.0,134399.0,142149.0,30106.495397646053,0.6078580684808892,165.37747318076765,447.9245988804724,51.554379917972554,2058.441211441091,2113.6093409749774,595.1398073557506,170.58100543732382,5.236931051527661,656.1460462506514,897.752929074319,949.521061280109
E08000023,2024,150736,21.638493790468104,35.69087676467466,1684.0,11.17185012206772,636.5,4.222614372147331,9.194877531,0.954163909,South Tyneside,15.0,450504.0,4693179.0,52.0,24007.0,67042.0,7653.0,324377.0,345181.0,94327.0,26301.0,618.0,95652.0,144163.0,145724.0,31135.090489332342,0.3449739942681244,159.26520539220888,444.7643562254538,50.77088419488377,2151.9544103598346,2289.970544528182,625.7761914871032,174.48386583165268,4.09988323957117,634.566394225666,956.3939603014542,966.7498142447723
E08000023,2025,151255,21.964232587352484,35.86327724703315,,,611.0,4.039535883111302,,,South Tyneside,,,,,,,,,,,,,,,,,,,,,,,,,,,,
E08000024,2011,275330,17.109650237896343,38.83485272218792,,,,,,0.646631181,Sunderland,50.0,827519.0,,,,,,,,,,,,,,,,,,,,,,,,,,
E08000024,2012,275317,17.717758075236908,38.332177090408514,1631.0,5.924080242048257,,,6.31585497383814,0.715593874,Sunderland,55.0,826627.0,,,,,,,,,,,,,,,,,,,,,,,,,,
E08000024,2013,275247,18.117545332010884,37.92484568405832,1880.0,6.830228848997446,,,6.4606416587971,0.723580182,Sunderland,62.0,825894.0,,,,,,,,,,,,,,,,,,,,,,,,,,
E08000024,2014,275751,18.476814227328276,37.55525818582707,2008.0,7.281931887826336,148.75,0.5394359403955017,6.59244202372406,0.731216848,Sunderland,64.0,826315.0,8044631.0,307.0,47469.0,127018.0,17826.0,445802.0,535958.0,134602.0,38042.0,2357.0,221909.0,148660.0,256382.0,29173.533368872642,1.1133232517742455,172.14443465300218,460.62570942625774,64.64527780497623,1616.6831670601375,1943.6303041512087,488.12878285119547,137.95779525731547,8.547566463947547,804.7441351073976,539.1095589861868,929.7590942553245
E08000024,2015,275408,18.769970371231047,37.11039621216523,1880.0,6.826235984430372,138.25,0.5019825132167548,6.76553557090781,0.771496296,Sunderland,57.0,826406.0,8229196.0,322.0,48089.0,128893.0,18057.0,475370.0,555316.0,141617.0,39925.0,2229.0,214199.0,166256.0,264322.0,29880.018009643874,1.1691744611630743,174.61003311450648,468.0074652878638,65.56454423981873,1726.057340382269,2016.3393946435835,514.2080113867426,144.9667402544588,8.093446813454946,777.7515540579794,603.6716435252425,959.7469935513856
E08000024,2016,275490,19.123017169407238,36.50840320882791,1658.0,6.018367272859269,238.0,0.8639152056335982,6.97451956074125,0.886137486,Sunderland,40.0,826649.0,8424853.0,296.0,48997.0,129210.0,17984.0,501751.0,574980.0,150455.0,40628.0,2327.0,208302.0,179160.0,270462.0,30581.33870557915,1.0744491633090132,177.85400559003955,469.01883915931614,65.28004646266652,1821.3038585792588,2087.117499727758,546.1359758974918,147.47540745580602,8.446767577770519,756.114559512142,650.3321354677121,981.7488838070348
E08000024,2017,274816,19.479942943642293,35.9058424545878,1409.0,5.127066837447601,246.5,0.896963786679087,7.23894801517567,0.9080562,Sunderland,36.0,825714.0,8599907.0,242.0,49671.0,129786.0,16878.0,521934.0,602352.0,160497.0,41699.0,2232.0,204853.0,200294.0,278962.0,31293.32717163484,0.8805891942244993,180.7427515137401,472.2650791802515,61.41563809967396,1899.2125640428505,2191.837447601304,584.0162144853284,151.73425128085702,8.121797857475547,745.4187529110386,728.8294713553796,1015.0864578481602
E08000024,2018,274339,19.795216866723287,35.49440655539315,1475.0,5.376559657941452,412.0,1.501791579031782,7.54292485841988,0.965820014,Sunderland,32.0,824645.0,8745435.0,355.0,48404.0,125547.0,16229.0,546933.0,628275.0,170282.0,42219.0,2144.0,193580.0,223338.0,292690.0,31878.20543196556,1.2940194430977732,176.4386397850834,457.63453245801725,59.15673673812327,1993.639256540266,2290.1410298936717,620.6992079142958,153.89354047364756,7.815148411272186,705.6233346334279,814.0949700917478,1066.8916923951751
E08000024,2019,274277,20.173765937355302,35.37591558898486,1789.0,6.522603061868112,443.5,1.6169784560863654,7.76533561717161,1.004180908,Sunderland,31.0,823432.0,8833649.0,277.0,49160.0,120295.0,14460.0,570575.0,646968.0,176185.0,42988.0,1643.0,182750.0,243446.0,294966.0,32207.035223514915,1.009927919584945,179.23486110756645,438.58945518581584,52.720424971835044,2080.2874466324192,2358.8124414369418,642.3615541952115,156.73206284157988,5.9902944833143135,666.2972104842914,887.5917411959442,1075.4310423404077
E08000024,2020,273583,20.39381101895951,35.392915495480345,2275.0,8.315575163661483,381.25,1.3935441895146994,7.85884307144325,0.988267481,Sunderland,22.0,822199.0,9036857.0,305.0,43633.0,127834.0,13700.0,621072.0,676873.0,185047.0,44094.0,1526.0,162710.0,258668.0,300396.0,33031.50049527931,1.1148353516117595,159.48724884221608,467.2585650424186,50.076210875675756,2270.141054085963,2474.104750660677,676.3834010154139,161.1722950621932,5.577831955932934,594.7372461008176,945.4827237072478,1098.0068205992332
E08000024,2021,274378,20.64269001158985,35.63478121423729,2163.0,7.883285103033042,393.5,1.4341528839775783,8.1767144621208,1.041809082,Sunderland,16.0,822238.0,8874323.0,174.0,40313.0,121099.0,11301.0,632308.0,671029.0,186588.0,44469.0,1462.0,166096.0,254537.0,289675.0,32343.420390847663,0.6341616310345582,146.92504501089738,441.35827216467794,41.18770455357208,2304.514210322985,2445.637040870624,680.039944893541,162.07203201422854,5.3284155435202525,605.3546567144597,927.6873510266857,1055.7515544249175
E08000024,2022,277637,20.75767999222006,36.280106758105006,5334.0,19.212136710885076,452.25,1.6289255394634,8.47231543624161,1.13865912,Sunderland,14.0,825974.0,8748161.0,130.0,40808.0,121348.0,10348.0,626700.0,664281.0,186171.0,46395.0,1418.0,182094.0,240178.0,278291.0,31509.348537838978,0.4682373026649906,146.98329113194566,437.07430925993293,37.27168929213325,2257.2639813857663,2392.624181935405,670.5554374957229,167.1066896703249,5.1073884244535135,655.8707953190676,865.0792221497856,1002.3555938149453
E08000024,2023,282669,20.77871998698124,37.03908104532156,7256.0,25.66959942547644,660.5,2.336655239874199,8.75411839508518,1.206019998,Sunderland,23.0,835997.0,8918894.0,158.0,40235.0,121666.0,9861.0,639356.0,689226.0,189922.0,49994.0,1562.0,192394.0,242797.0,274318.0,31552.430581351335,0.5589576501137372,142.3396269134571,430.4186168274554,34.88532523906053,2261.8539705450544,2438.2794009955105,671.88832167659,176.86410607459607,5.525897781504161,680.6335325062175,858.944560599146,970.4566117968366
E08000024,2024,286696,20.896350140915814,37.51883528197115,7069.0,24.65677930630354,745.0,2.598571308982337,9.133917068,1.247150898,Sunderland,31.0,850225.0,9329835.0,147.0,41242.0,124739.0,10086.0,663781.0,741076.0,200110.0,53893.0,1285.0,193792.0,261191.0,280766.0,32542.606105421768,0.5127382314367832,143.85272204704634,435.09152551831903,35.180121103887046,2315.278204090744,2584.8843374166368,697.9867176381952,187.97960208722827,4.48209950609705,675.949437731953,911.0381728381282,979.3160699835366
E08000024,2025,287070,21.19448218204619,37.517678614971956,,,822.5,2.865154840282858,,,Sunderland,,,,,,,,,,,,,,,,,,,,,,,,,,,,
E08000025,2011,1074283,12.91745284994736,44.871230392736365,,,,,,2.320453167,Birmingham,1229.0,3185429.0,,,,,,,,,,,,,,,,,,,,,,,,,,
E08000025,2012,1084661,12.998162559546255,44.65542690296784,14555.0,13.418939189295088,,,7.60934980021672,2.340788126,Birmingham,1206.0,3220018.0,,,,,,,,,,,,,,,,,,,,,,,,,,
E08000025,2013,1094531,13.020645372310149,44.34346765875064,15180.0,13.868953917248575,,,8.0637737634177,2.514621258,Birmingham,1236.0,3253475.0,,,,,,,,,,,,,,,,,,,,,,,,,,
E08000025,2014,1103724,13.04248163490148,44.02722057325926,16649.0,15.084387038788684,1359.0,1.2312860823901626,8.27227197232669,2.63598609,Birmingham,1154.0,3282916.0,20360858.0,1222.0,137116.0,402231.0,48255.0,827205.0,1123262.0,461608.0,166502.0,15586.0,815614.0,421345.0,402334.0,18447.41801392377,1.1071608481830604,124.23033294555523,364.4307816084456,43.720169172727964,749.4672581188776,1017.7018892404261,418.22774534213266,150.85474267117505,14.121283944174449,738.9655384860708,381.7485168393548,364.52410204000273
E08000025,2015,1114932,13.017296122095338,43.81244775466127,18342.0,16.45122751880832,1514.75,1.3586030358802152,8.40464453713478,2.772690773,Birmingham,958.0,3313187.0,20719049.0,944.0,137911.0,411384.0,47260.0,870417.0,1152200.0,483835.0,172167.0,13783.0,748648.0,440480.0,415754.0,18583.240054101952,0.8466884079029035,123.69453921853531,368.9767627083983,42.388235336325444,780.6906609551075,1033.426253798438,433.9592010992598,154.4192829697237,12.362188904794195,671.4741347454374,395.0734215180836,372.8962842576947
E08000025,2016,1131271,12.916710496423933,43.775275773886186,21362.0,18.88318537291241,1680.75,1.4857182761690169,8.43864220298064,2.809856176,Birmingham,838.0,3349927.0,21041136.0,883.0,144685.0,424567.0,44571.0,895119.0,1168612.0,496316.0,174603.0,11708.0,730515.0,475549.0,421993.0,18599.55395303159,0.7805379966427143,127.89596834003522,375.3008783925337,39.39904761988949,791.2507259533745,1033.0080060392247,438.72423141758253,154.34232823081294,10.349421137817552,645.7471286720865,420.3670031318756,373.02556151443815
E08000025,2017,1139893,12.917966861801942,43.554438881544144,18339.0,16.088352152351142,1547.5,1.3575835626677242,8.53397173957405,2.756063938,Birmingham,768.0,3386096.0,20929302.0,709.0,144407.0,431410.0,40970.0,904856.0,1175737.0,501064.0,176451.0,11888.0,718045.0,497268.0,424918.0,18360.760176613065,0.6219882041560041,126.6846975988097,378.4653471860955,35.941969991920296,793.8078398586534,1031.445056685145,439.5710825489761,154.79610805575612,10.429049042322394,629.92315945444,436.2409454220703,372.7700757878152
E08000025,2018,1146050,12.98250512630339,43.49696784608001,19278.0,16.82125561711967,1824.0,1.5915535971379957,8.73525482714936,2.798087835,Birmingham,745.0,3417214.0,20787669.0,611.0,140206.0,431616.0,37977.0,908921.0,1190724.0,509470.0,181700.0,11726.0,681998.0,501883.0,429172.0,18138.535840495613,0.5331355525500632,122.33846690807556,376.61184067012783,33.13729767462153,793.0901793115484,1038.9808472579732,444.54430434972295,158.5445661184067,10.231665285109726,595.0857292439248,437.9241743379434,374.4792984599276
E08000025,2019,1150646,13.086387994222376,43.63018686894144,22533.0,19.582912555208118,1742.0,1.513932173752831,9.02424097127609,2.776821613,Birmingham,690.0,3436589.0,20736614.0,595.0,145017.0,437422.0,36717.0,937237.0,1220831.0,527195.0,187719.0,10168.0,682492.0,486156.0,433546.0,18021.714758492188,0.5171008285780336,126.03094261832048,380.15340947606825,31.909901046890184,814.5311416369588,1060.9961708466376,458.17306104570827,163.1422696467897,8.836775168036041,593.1381154586206,422.50700910618906,376.784866935617
E08000025,2020,1148692,13.136419510190722,43.707625716902356,21918.0,19.080832808098254,1868.75,1.6268503654591484,8.98437348645999,2.695413828,Birmingham,626.0,3445388.0,20290784.0,412.0,125743.0,464249.0,36614.0,1024632.0,1260086.0,543476.0,192168.0,9566.0,561513.0,461365.0,433411.0,17664.251165673653,0.3586688163580838,109.46624508571489,404.15446438209716,31.87451466537592,891.9988996180002,1096.9746459451271,473.12595543452903,167.2928861696608,8.32773276039182,488.8281628147493,401.6437826675906,377.3082775887706
E08000025,2021,1143285,13.200558041083369,43.754269495357676,18510.0,16.190188798068725,1777.75,1.5549491159247257,9.05605969041308,2.761894464,Birmingham,612.0,3442623.0,20244628.0,419.0,122779.0,447956.0,36632.0,1057915.0,1259490.0,543602.0,190910.0,9144.0,582234.0,479672.0,424689.0,17707.420284530977,0.3664877961313233,107.39142033701134,391.8148143288856,32.041004648884574,925.3292048789234,1101.641323029691,475.4737445168965,166.98373546403568,7.998005746598617,509.2640942547134,419.55592874917454,371.46380823679135
E08000025,2022,1153436,13.166053426457992,44.23418377786024,31104.0,26.966385651219486,2263.5,1.9623975669217883,9.25155174338381,2.708377361,Birmingham,583.0,3445570.0,21060119.0,518.0,134559.0,459557.0,36030.0,1103643.0,1314104.0,562817.0,199281.0,8829.0,689660.0,498163.0,426168.0,18258.593454686692,0.4490929709147278,116.65926848130282,398.4243599124702,31.23710374914603,956.83072142711,1139.2951147701303,487.94818264732504,172.7716145499187,7.654520927038865,597.9178732066625,431.89479086832733,369.47693673511145
E08000025,2023,1169606,13.079703763489585,44.82757441394794,39172.0,33.49162025502605,3258.5,2.7859809200705192,9.37995325225521,2.788874626,Birmingham,615.0,3467116.0,22068381.0,513.0,138703.0,471589.0,36094.0,1157076.0,1405688.0,589874.0,209505.0,8683.0,725597.0,520423.0,431561.0,18868.218015297458,0.4386092410606649,118.58950791976102,403.20330094065866,30.85996480866206,989.2869906618126,1201.8474597428537,504.33564807294084,179.12442309632476,7.423867524619402,620.3772894461895,444.9558227300476,368.97981029509083
E08000025,2024,1182920,13.077722922936463,45.253187028708616,38707.0,32.72157035133399,2409.75,2.0371200081155107,9.544843635,2.823276043,Birmingham,629.0,3507449.0,22895928.0,463.0,139286.0,476918.0,36328.0,1190300.0,1487626.0,614112.0,217788.0,7774.0,722151.0,541979.0,434182.0,19355.432320021642,0.39140432150948495,117.74760761505428,403.17012139451526,30.7104453386535,1006.2387989044062,1257.5880025699119,519.1492239542827,184.1105062049843,6.57187299225645,610.4816893788253,458.1704595407973,367.0425726169141
E08000025,2025,1176960,13.27496261555193,45.220058455682434,,,2682.0,2.278752039151713,,,Birmingham,,,,,,,,,,,,,,,,,,,,,,,,,,,,
E08000026,2011,316915,14.665762112869382,45.00165659561712,,,,,,2.884826183,Coventry,291.0,935982.0,,,,,,,,,,,,,,,,,,,,,,,,,,
E08000026,2012,318141,14.903454757481745,44.39572390858142,8233.0,25.8784626942142,,,6.01154920331555,3.027925968,Coventry,331.0,946730.0,,,,,,,,,,,,,,,,,,,,,,,,,,
E08000026,2013,322146,14.9255306600113,44.20480154960794,9268.0,28.769564110682733,,,6.21110385365397,3.135717869,Coventry,351.0,957202.0,,,,,,,,,,,,,,,,,,,,,,,,,,
E08000026,2014,325066,14.953886287707727,43.894470661342616,9742.0,29.96929854244984,484.0,1.488928402232162,6.54945877701663,3.221328735,Coventry,322.0,965353.0,6814223.0,221.0,53009.0,145877.0,21691.0,322308.0,426823.0,156113.0,47520.0,3075.0,240628.0,127080.0,170947.0,20962.58298314804,0.6798619357299749,163.07149932629068,448.7611746537626,66.72798754714428,991.515569145958,1313.034891375905,480.25016458196177,146.18569767370317,9.45961743153698,740.2435197775221,390.93599453649415,525.8839743313666
E08000026,2015,331112,14.815530696561888,44.055485757085215,12827.0,38.73915774722752,525.75,1.5878313078354152,6.69686467316837,3.235707521,Coventry,279.0,978324.0,6847209.0,192.0,54442.0,147662.0,20581.0,337554.0,426966.0,162503.0,48733.0,3060.0,222054.0,140426.0,176821.0,20679.434753195295,0.5798642151296238,164.421706250453,445.9578632003672,62.15721568532702,1019.4556524680471,1289.4911691512239,490.77955495421486,147.17980622870812,9.241585928628378,670.6310855541327,424.1042305926695,534.0217207470585
E08000026,2016,337064,14.63609284883583,44.21178173877958,13192.0,39.13796786366981,531.75,1.5775935727339616,6.70754945778332,3.272172213,Coventry,263.0,993242.0,6926919.0,182.0,55780.0,149190.0,20919.0,348308.0,429729.0,165491.0,49441.0,3138.0,222433.0,145357.0,188757.0,20550.752972729213,0.5399568034557236,165.48785987230912,442.6162390525242,62.062397645550995,1033.3586499893195,1274.9181164407946,490.977974509292,146.68134241568367,9.309804666176158,659.9132508959723,431.2445114280967,560.0034414829231
E08000026,2017,340034,14.552368292582507,44.12705788244705,11898.0,34.99061858520031,516.75,1.5197009710793628,6.69863861386139,3.215181351,Coventry,253.0,1008210.0,6899889.0,203.0,53586.0,144736.0,20966.0,348655.0,432564.0,165781.0,50502.0,3189.0,214374.0,152641.0,195082.0,20291.762000270563,0.5969991236170501,157.59012334060714,425.65155249180964,61.6585400283501,1025.3533470182394,1272.1198468388454,487.5424222283654,148.5204420734397,9.378473917314151,630.448719833899,448.89922772428645,573.7132169136028
E08000026,2018,342811,14.533664322323379,44.09339256908326,12914.0,37.67090320905689,599.5,1.7487770229076665,6.73280056013617,3.237131596,Coventry,241.0,1019909.0,6853255.0,176.0,51924.0,140157.0,21005.0,348158.0,433151.0,167589.0,49691.0,3333.0,205568.0,153935.0,201763.0,19991.350919311222,0.513402428743535,151.46538471635972,408.8462738943616,61.272829634988376,1015.5975158323391,1263.527133026653,488.8670433562517,144.95159140167615,9.722558494330695,599.654036772449,449.03751629906856,588.5546263101243
E08000026,2019,343715,14.5623554398266,44.08303390890709,15358.0,44.68236765925258,572.25,1.6648967894912936,6.87813547635464,3.390058994,Coventry,237.0,1026560.0,6912180.0,133.0,53356.0,138367.0,19852.0,358999.0,439817.0,171947.0,50723.0,3040.0,205753.0,152425.0,207109.0,20110.20758477227,0.3869484893007288,155.23326011375704,402.56317006822513,57.75715345562457,1044.4670730110702,1279.5979226975837,500.2603901488152,147.57284378045765,8.844536898302373,598.6151317225027,443.4633344485984,602.5602606810875
E08000026,2020,344702,14.575198287216205,44.23560060574061,14927.0,43.30407134278305,756.0,2.1931987629894807,7.04080415200143,3.106850147,Coventry,213.0,1031228.0,6935410.0,198.0,48473.0,146949.0,19748.0,391074.0,454203.0,179019.0,51444.0,3085.0,179948.0,145266.0,212555.0,20120.016710085813,0.5744091998305783,140.62291486559405,426.3073611409275,57.29006504168818,1134.5277950229474,1317.6685949022635,519.3442451740924,149.24195391961754,8.949759502410778,522.0393267227925,421.4248829423676,616.6340781312554
E08000026,2021,344151,14.66391206185657,44.03997082675919,13551.0,39.37515799750691,1141.0,3.3154051564574853,7.09008936385831,3.709272146,Coventry,179.0,1032568.0,6984587.0,133.0,48313.0,140430.0,19345.0,409146.0,461739.0,183740.0,51772.0,2890.0,189022.0,145518.0,212735.0,20295.123361547692,0.38645826977111786,140.38314577031593,408.04763025532395,56.21079119340057,1188.8560544644647,1341.6756016980917,533.8935525394376,150.43396648564146,8.39747668901151,549.2414666817763,422.8318383500266,618.1443610508178
E08000026,2022,352215,14.409380633987762,45.01597035901367,19214.0,54.5519072157631,1507.75,4.280766009397669,7.21743128212987,3.720434666,Coventry,166.0,1040287.0,7153640.0,106.0,50842.0,141082.0,18490.0,419270.0,482138.0,189635.0,53823.0,2523.0,217346.0,143149.0,214318.0,20310.4353874764,0.3009525431909487,144.34933208409637,400.5564782874097,52.4963445622702,1190.3808753176327,1368.8741251792228,538.406938943543,152.81291256760784,7.163238362931732,617.08331558849,406.42505287963314,608.4862938829975
E08000026,2023,360269,14.140822552037505,45.72139151578404,22269.0,61.81214592429546,2029.75,5.633984605947223,7.34993765317969,3.762003422,Coventry,172.0,1054828.0,7419599.0,125.0,51313.0,140970.0,18303.0,436377.0,523989.0,199637.0,55544.0,2535.0,229824.0,141905.0,218657.0,20594.608473113145,0.3469629637853937,142.42968448575925,391.29095203861556,50.80370500931249,1211.25325798223,1454.4382114475573,554.1331616097971,154.17368688396726,7.036408905567784,637.9233295121146,393.88623500773036,606.9270461793826
E08000026,2024,368707,13.93681161464252,46.366898377302306,23415.0,63.50571049641044,2026.25,5.495556091964622,7.56460654,2.652807713,Coventry,215.0,1079703.0,7843942.0,81.0,51733.0,146607.0,18434.0,454341.0,584208.0,211896.0,60083.0,2186.0,227851.0,150744.0,225943.0,21274.1879053015,0.21968663464485352,140.30924284052108,397.624672165161,49.99633855608925,1232.2548798910789,1584.47764756297,574.7002362309368,162.95595147366336,5.928826954736417,617.9730788946237,408.8449636160962,612.7982381674337
E08000026,2025,364766,14.174292560161858,45.99222515256356,,,1800.0,4.934670446258697,,,Coventry,,,,,,,,,,,,,,,,,,,,,,,,,,,,
E08000027,2011,313261,18.715065073532934,37.793405498929005,,,,,,0.94553709,Dudley,98.0,936555.0,,,,,,,,,,,,,,,,,,,,,,,,,,
E08000027,2012,313631,19.26244535776119,37.33814578278295,596.0,1.9003223533387963,,,6.49017674536465,0.965779066,Dudley,98.0,939098.0,,,,,,,,,,,,,,,,,,,,,,,,,,
E08000027,2013,314460,19.523945811867964,36.917572982255294,580.0,1.8444317242256567,,,6.82611362619031,1.011925101,Dudley,105.0,941352.0,,,,,,,,,,,,,,,,,,,,,,,,,,
E08000027,2014,315700,19.822616407982263,36.41621792841305,700.0,2.2172949002217295,195.5,0.6192587899904973,7.04120121360941,1.007263541,Dudley,92.0,943791.0,5942110.0,253.0,49377.0,113600.0,23192.0,242931.0,355280.0,97420.0,40687.0,3753.0,224138.0,91378.0,148393.0,18822.014570795058,0.8013937282229965,156.4048146974976,359.8352866645549,73.46214760848908,769.4995248653786,1125.3721887868228,308.58409882800123,128.87868229331644,11.887868229331643,709.9714919227115,289.44567627494456,470.04434589800445
E08000027,2015,316393,19.966939850123108,36.04472918174549,864.0,2.7307810223361453,225.0,0.7111408912333711,7.3029017298044,1.310006976,Dudley,95.0,946553.0,5998671.0,215.0,47551.0,115495.0,24085.0,256633.0,356376.0,100694.0,42081.0,3718.0,207048.0,99480.0,153016.0,18959.556627359012,0.6795346294007769,150.29093564016904,365.0365210355476,76.12368162380331,811.1209792884166,1126.3713166852615,318.25609289712474,133.00231041773998,11.75120814935855,654.401329991498,314.4190927106478,483.62637605762455
E08000027,2016,317669,20.171939975257263,35.66164781580828,1029.0,3.2392206982739897,232.75,0.7326808722286405,7.23801442511667,1.41012156,Dudley,74.0,949762.0,5986905.0,228.0,48358.0,118106.0,24675.0,258498.0,348718.0,101635.0,42918.0,3675.0,207749.0,107286.0,152674.0,18846.36209387759,0.7177282013668315,152.22763316533877,371.7895041694342,77.67519021371301,813.7337920917685,1097.7401005449067,319.9399374820961,135.1028901151828,11.568645350978535,653.9794566042012,337.72889391158725,480.60717287491065
E08000027,2017,319539,20.27514638275766,35.44606448665108,927.0,2.9010543313961676,244.0,0.7636000613383657,7.90111636635199,1.440391302,Dudley,74.0,953601.0,5998813.0,194.0,48003.0,120656.0,24319.0,262706.0,352803.0,104351.0,44342.0,3642.0,202160.0,117204.0,155680.0,18773.33596212043,0.6071246389329628,150.225794034531,377.59397131492557,76.10651594953981,822.1406463686749,1104.0999690178664,326.56733606852373,138.7686636060074,11.39766976800954,632.6614278695245,366.79090815205655,487.20187520146214
E08000027,2018,320989,20.350230070189323,35.33828262027671,991.0,3.0873332107953853,261.75,0.8154485044658851,8.02015622951127,1.505906463,Dudley,69.0,958197.0,6155466.0,127.0,49505.0,124987.0,24164.0,274256.0,368908.0,110759.0,46633.0,3780.0,201226.0,127740.0,162342.0,19176.563682867636,0.3956521874581372,154.22646881980378,389.380944518348,75.27983824990888,854.4093411300698,1149.2854895339092,345.05543803681746,145.2791217144513,11.77610447710046,626.893756483867,397.9575624086807,505.75564894747174
E08000027,2019,322090,20.437765841845447,35.39569685491633,1149.0,3.5673259026980038,254.25,0.7893756403489708,8.12423814298868,1.475788713,Dudley,66.0,962618.0,6274562.0,134.0,50811.0,126617.0,24127.0,288356.0,380494.0,113871.0,48998.0,3574.0,202476.0,134927.0,168207.0,19480.77245490391,0.4160327858673042,157.75404390077307,393.11062125492873,74.9076345120929,895.2652985190474,1181.3282001924927,353.53783104101336,152.12518240243412,11.096277437983172,628.6317488900618,418.9108634232668,522.2360209879226
E08000027,2020,322513,20.444137135557327,35.52228902400834,1129.0,3.5006340829671982,282.25,0.8751585207417996,8.00216373478167,1.548537493,Dudley,60.0,965592.0,6174032.0,147.0,44834.0,134451.0,24109.0,313201.0,382586.0,112836.0,49435.0,3390.0,169225.0,136787.0,168214.0,19143.51359480083,0.4557955803331959,139.0145513514184,416.88552089373144,74.75357582485047,971.1267452784848,1186.2653598459597,349.8649666835135,153.2806429508268,10.51120419952064,524.7075311692862,424.128639775761,521.5727738106681
E08000027,2021,323591,20.475847597739122,35.83041555543881,1056.0,3.2633787713502542,345.25,1.0669332583415485,8.15565340826791,1.537588239,Dudley,51.0,968194.0,6198717.0,140.0,43250.0,130042.0,23026.0,327712.0,380416.0,112645.0,50772.0,3317.0,174858.0,138442.0,166822.0,19156.02411686357,0.4326449128684049,133.6563748682751,401.8714982802365,71.15772688362779,1012.735212042362,1175.6074798124794,348.1091872147248,156.9017679725332,10.250594114174993,540.3673155310253,427.83019305234075,515.5334975323789
E08000027,2022,325265,20.466696386023703,36.03799978479086,2658.0,8.171798379782638,444.25,1.365809416936959,8.4691091954023,1.591593742,Dudley,56.0,971568.0,6327803.0,87.0,46291.0,131374.0,22507.0,338571.0,391297.0,117142.0,52671.0,3147.0,200532.0,140804.0,168262.0,19454.300339722995,0.26747421333374327,142.31780240726792,403.8983597989332,69.19588643106391,1040.9081825588366,1203.0098535040659,360.143267797027,161.93257805174244,9.675187923692988,616.5188384855426,432.89010499131473,517.3074262524403
E08000027,2023,327845,20.396833869664018,36.423919840168374,3489.0,10.642224221812137,607.25,1.8522472509875094,8.73296404386139,1.696525097,Dudley,54.0,977408.0,6587175.0,91.0,47897.0,134011.0,22219.0,353066.0,418054.0,123118.0,54345.0,3108.0,206381.0,152366.0,171957.0,20092.345468132804,0.27757019323155757,146.09647851881223,408.7632875291677,67.77288047705471,1076.9296466317924,1275.1574677057756,375.5372203327792,165.76430935350547,9.480089676523967,629.5078466958471,464.750110570544,524.5070078848237
E08000027,2024,331239,20.283239594371437,36.749295825672704,3452.0,10.42147814719885,652.25,1.9691219934850668,9.033350512,1.817515016,Dudley,58.0,985747.0,6997960.0,121.0,47481.0,139650.0,22294.0,374940.0,456162.0,131606.0,57161.0,2469.0,203899.0,167330.0,176790.0,21126.618544313926,0.36529514942382996,143.34362801481709,421.5989059259326,67.3048765392964,1131.9319283055438,1377.1385615824224,397.3143259096906,172.5672399687235,7.4538324291523645,615.5645923336323,505.16394506685504,533.7233840218091
E08000027,2025,333941,20.254775544182955,36.942154452433215,,,695.0,2.081205961532127,,,Dudley,,,,,,,,,,,,,,,,,,,,,,,,,,,,
E08000028,2011,309042,15.21346613081717,41.81017466881524,,,,,,1.930051923,Sandwell,314.0,917526.0,,,,,,,,,,,,,,,,,,,,,,,,,,
E08000028,2012,312710,15.228486457100828,41.4694125547632,2368.0,7.57251127242493,,,7.90268808686376,2.02259922,Sandwell,325.0,927933.0,,,,,,,,,,,,,,,,,,,,,,,,,,
E08000028,2013,317499,15.141150050866301,41.158554830093955,2306.0,7.263015001622053,,,8.361757226928,2.236020803,Sandwell,345.0,939251.0,,,,,,,,,,,,,,,,,,,,,,,,,,
E08000028,2014,321610,15.107739187214328,40.85662759242561,2586.0,8.040794751406985,600.25,1.8663909704300239,8.61134426256057,2.435813427,Sandwell,316.0,951819.0,6706631.0,281.0,46085.0,144616.0,20040.0,263567.0,426561.0,149351.0,49888.0,3286.0,231433.0,114965.0,170647.0,20853.303690805635,0.8737290507135972,143.2946736730823,449.6626348683188,62.31149528932558,819.5236466527782,1326.3300270513976,464.38543577625074,155.1195547402133,10.217343988060072,719.607599266192,357.46711855974627,530.6022822673424
E08000028,2015,325911,14.97095832911439,40.563834911985175,2883.0,8.845973287185764,739.75,2.269791446130999,8.94268852665962,2.6006217,Sandwell,294.0,965020.0,6791163.0,202.0,47007.0,147772.0,20583.0,279096.0,436115.0,157017.0,51857.0,3204.0,217025.0,121347.0,168960.0,20837.47710264459,0.6198011113463492,144.2326279260289,453.412127850855,63.155278588326254,856.3564899619835,1338.1413944297676,481.77876782311733,159.11399124300806,9.830904756206449,665.9026544056507,372.33171019081897,518.4237414508868
E08000028,2016,330051,14.864975412890734,40.26347443273918,3400.0,10.301438262571542,858.5,2.601113161299314,9.29356308429632,2.717776299,Sandwell,259.0,977572.0,6872267.0,219.0,49140.0,150665.0,20338.0,289887.0,438127.0,161307.0,52241.0,3084.0,219885.0,133545.0,165770.0,20821.833595414042,0.6635338175009317,148.88608124198987,456.4900575971592,61.62077981887647,878.309715771199,1327.4524240193182,488.73355935900815,158.28159890441174,9.34401047110901,666.2152212839834,404.6192861103284,502.2557119960248
E08000028,2017,333826,14.788242976880172,40.05110446759689,2860.0,8.567337475211637,928.5,2.781389106900002,9.33115295315525,2.78990221,Sandwell,261.0,989788.0,6792210.0,168.0,47834.0,153579.0,18819.0,293612.0,443730.0,162513.0,52696.0,3218.0,209681.0,143509.0,162226.0,20346.55778758994,0.5032561873550893,143.29021705918652,460.0570357012336,56.37367970140133,879.5360457244193,1329.2254048516293,486.8194808073667,157.85469076704632,9.639752445884982,628.1146465523956,429.89162018536604,485.95975148730173
E08000028,2018,336977,14.738394608534113,39.919638432296566,3287.0,9.754374927665687,1008.75,2.993527748184594,9.51688941779568,2.788523912,Sandwell,217.0,1000854.0,6466050.0,179.0,45839.0,148912.0,16420.0,278878.0,432990.0,160892.0,51150.0,2871.0,198348.0,134029.0,154777.0,19188.401582303835,0.5311935235935984,136.030055463726,441.9055306445247,48.72736121456361,827.5876395124891,1284.9244903954868,477.4569184246996,151.790775038059,8.519869308587827,588.6099051270561,397.73931158506366,459.3102793365719
E08000028,2019,340198,14.661755801033516,40.072252041458206,3782.0,11.117055361877496,976.25,2.869652378908753,9.86600130081053,3.01475215,Sandwell,194.0,1011001.0,6470840.0,132.0,45884.0,151352.0,15981.0,290784.0,439544.0,166804.0,52974.0,2527.0,195566.0,133085.0,152889.0,19020.805530896712,0.3880093357397751,134.87439667487757,444.8938559309579,46.975584806495036,854.7492930587481,1292.0240565788158,490.31446392982906,155.715201147567,7.428027207684936,574.8593466157943,391.1986549009695,449.41181312059445
E08000028,2020,341436,14.636417952412751,40.12201408170199,4372.0,12.804742323597981,1012.5,2.965416652022634,9.93618580143572,2.930486441,Sandwell,181.0,1018611.0,6470188.0,128.0,41491.0,159504.0,16039.0,324592.0,455703.0,174323.0,55793.0,2486.0,164025.0,123952.0,155334.0,18949.92912288101,0.3748872409470589,121.51911339167516,467.15636312515375,46.97512857460842,950.667182136623,1334.6659403226372,510.5583476844855,163.4069049543692,7.281013132768659,480.3974976276667,363.0314319521081,454.94323972867534
E08000028,2021,341895,14.62261805525088,40.18221968733091,3937.0,11.515231284458679,999.0,2.921949721405695,10.1538496252477,2.653223753,Sandwell,196.0,1023529.0,6553044.0,169.0,40650.0,155633.0,16174.0,345804.0,470856.0,180050.0,56810.0,2357.0,164862.0,127203.0,157755.0,19166.83192208134,0.49430380672428675,118.89615232746895,455.207007999532,47.30692171573144,1011.4333347957706,1377.1947527749749,526.6236710101055,166.16212579885635,6.893929422775998,482.2006756460317,372.0528232352038,461.4135918922476
E08000028,2022,345718,14.647198005310686,40.434400291567115,7862.0,22.741077988418308,1071.0,3.097900601067922,10.3676116360941,2.778455973,Sandwell,197.0,1029028.0,6788238.0,119.0,43851.0,158142.0,15601.0,361957.0,488237.0,187565.0,59523.0,2299.0,195781.0,128762.0,157745.0,19635.1882169861,0.34421117789643585,126.84037278938327,457.430622646203,45.12637467531341,1046.9718093937834,1412.2406122909424,542.5375595138235,172.17211715907186,6.649928554486604,566.302593443211,372.44806460757036,456.28228787624596
E08000028,2023,349541,14.561381926583719,40.89019599989701,8189.0,23.427866831072752,1380.5,3.9494651557328035,10.5313823642665,2.854290724,Sandwell,182.0,1037426.0,7003409.0,123.0,44055.0,158094.0,15345.0,378012.0,505828.0,193892.0,62582.0,2222.0,205032.0,132797.0,157166.0,20036.015803582413,0.35189005009426644,126.03671672278787,452.29028926506476,43.90042942029691,1081.452533465316,1447.1206525128669,554.7045983160773,179.0405131300763,6.356908059426505,586.5749654546963,379.9182356290106,449.6353789684186
E08000028,2024,353270,14.48835168567951,41.18408016531265,8156.0,23.087157131938746,1562.0,4.421547258470858,10.6694072,2.830708504,Sandwell,188.0,1049391.0,7125641.0,89.0,42750.0,158527.0,14575.0,383948.0,523408.0,198061.0,65813.0,1828.0,194812.0,136954.0,154790.0,20170.523961842217,0.25193195006652136,121.01225691397515,448.74175559770146,41.257395193478075,1086.8400939791095,1481.608967645144,560.650493956464,186.29660033402214,5.174512412602259,551.4535624310017,387.6751493192176,438.16344439097577
E08000028,2025,352918,14.590641452122023,41.09283176261908,,,1655.75,4.691599748383477,,,Sandwell,,,,,,,,,,,,,,,,,,,,,,,,,,,,
E08000029,2011,206856,19.286846888656843,35.66684070077735,,,,,,0.667185605,Solihull,45.0,618655.0,,,,,,,,,,,,,,,,,,,,,,,,,,
E08000029,2012,207729,19.86915644902734,35.330647141227274,656.0,3.1579606121437065,,,6.21105166675997,0.685353994,Solihull,48.0,620914.0,,,,,,,,,,,,,,,,,,,,,,,,,,
E08000029,2013,209115,20.19941180690051,35.10173827798101,648.0,3.0987734021949644,,,6.75379717463743,0.697896123,Solihull,59.0,623700.0,,,,,,,,,,,,,,,,,,,,,,,,,,
E08000029,2014,211205,20.486257427617716,34.837243436471674,743.0,3.5179091404086074,7.0,0.033143154754859024,6.92185557021115,0.747720718,Solihull,53.0,628049.0,3953151.0,123.0,29367.0,77246.0,12229.0,189697.0,262473.0,70145.0,27042.0,3111.0,152333.0,76831.0,109075.0,18717.12790890367,0.5823725764068085,139.0450036694207,365.73944745626284,57.90109135673872,898.1652896474989,1242.7404654245875,332.11808432565516,128.03674155441396,14.729764920338061,721.2565990388485,363.77453185293905,516.4413721266069
E08000029,2015,211697,20.724903990136845,34.52670562171405,840.0,3.9679353037596186,4.5,0.021256796270140814,7.04405666416187,0.731802762,Solihull,42.0,632017.0,3951479.0,87.0,28482.0,77168.0,11707.0,197046.0,265011.0,71520.0,27257.0,2777.0,137596.0,87432.0,109780.0,18665.72979305328,0.41096472788938904,134.54134919247792,364.5209899053836,55.30073642989745,930.792595076926,1251.8410747436194,337.8413487201047,128.75477687449515,13.11780516492912,649.9666976858434,413.0053803313226,518.5713543413464
E08000029,2016,213061,20.868671413351105,34.21883873632434,908.0,4.261690314041519,2.5,0.011733728838220039,7.09539996468303,0.806294203,Solihull,41.0,635963.0,4104748.0,106.0,30422.0,79225.0,11478.0,207309.0,274920.0,73375.0,28867.0,2700.0,136086.0,95269.0,114742.0,19265.599992490414,0.4975101027405297,142.78539948653201,371.8418668831931,53.87189584203585,973.0030366890234,1290.3346928813814,344.38494140175817,135.48702014915918,12.672427145277645,638.718489071205,447.144245075354,538.5406057420175
E08000029,2017,214330,20.892082302990715,33.969579620211825,781.0,3.6439135911911538,3.0,0.01399710726449867,7.14328696232515,0.853833795,Solihull,34.0,639088.0,4049751.0,67.0,28863.0,78854.0,10734.0,209388.0,277072.0,73970.0,28730.0,2324.0,124169.0,91003.0,116033.0,18894.933047170252,0.3126020622404703,134.66616899174173,367.90929874492605,50.08164979237624,976.9420986329492,1292.7355013297254,345.12200811832224,134.04563056968226,10.84309242756497,579.3356039751785,424.5929174637242,541.375449073858
E08000029,2018,214901,21.044574013150243,33.88537047291543,811.0,3.7738307406666323,4.333333333333333,0.02016432372735973,7.28075880758808,0.828486383,Solihull,28.0,642292.0,3992390.0,96.0,27971.0,77688.0,10373.0,208554.0,278780.0,74420.0,29332.0,2383.0,120735.0,88296.0,114907.0,18577.81024750932,0.44671732565227706,130.15760745645667,361.50599578410527,48.26873769782365,970.4654701467186,1297.2485004723105,346.2989934900256,136.49075620867282,11.08882694822267,561.8168365898716,410.86826026868187,534.697372278398
E08000029,2019,216323,21.11241060821087,33.97003554869339,798.0,3.68892813061949,5.0,0.023113584778317608,7.56087695170294,0.910040796,Solihull,25.0,645554.0,4046205.0,87.0,29005.0,80641.0,10997.0,215721.0,285259.0,77198.0,31281.0,1931.0,119456.0,86445.0,113806.0,18704.460459590522,0.40217637514272636,134.08190529902046,372.7805180216621,50.83601836143175,997.2171243926906,1318.6716160556205,356.86450354331254,144.60320909011062,8.92646644138626,552.2112766557417,399.6107672323331,526.0929258562428
E08000029,2020,216432,21.079600059140976,34.06797516078953,715.0,3.3035780291269314,,,7.51194911745888,0.822016597,Solihull,24.0,647656.0,4020548.0,74.0,25648.0,86923.0,11175.0,231101.0,290595.0,78542.0,32399.0,1865.0,103923.0,87604.0,113186.0,18576.495157832484,0.3419087750425076,118.50373327419236,401.61806017594444,51.63284542027057,1067.7764840688992,1342.6618984253716,362.8945812079545,149.6959784135433,8.617025208841577,480.1646706586826,404.76454498410584,522.9633325940712
E08000029,2021,216677,21.12545401680843,34.22144482340073,841.0,3.881353350840191,63.333333333333336,0.2922937521441285,7.52160609801922,0.909098566,Solihull,26.0,649432.0,4014895.0,47.0,24544.0,83217.0,11176.0,237423.0,289269.0,78739.0,33681.0,1743.0,104242.0,89787.0,110151.0,18529.400905495277,0.21691273185432694,113.27459767303405,384.06014482386223,51.57907853625442,1095.7462028734014,1335.0240219312616,363.3934381591032,155.44335577841673,8.044231736640253,481.093978594867,414.38177563839264,508.3649856699142
E08000029,2022,217722,21.18619156539073,34.27995333498682,2275.0,10.449104821745161,164.75,0.7566989096186881,7.63985883506946,0.962602079,Solihull,20.0,651066.0,4103307.0,44.0,26969.0,84157.0,10961.0,242633.0,293316.0,79672.0,34881.0,1806.0,121199.0,90962.0,108096.0,18846.542839033264,0.2020925767722141,123.86897052204186,386.5342041686187,50.34401668182361,1114.4165495448324,1347.2042329208807,365.9345403771783,160.20889023617275,8.294981673877697,556.6685957321722,417.789658371685,496.4863449720285
E08000029,2023,219303,21.213572089757093,34.48014847038116,2753.0,12.553407842117982,344.75,1.5720259184780874,7.82565940776222,0.953997076,Solihull,23.0,654344.0,4225672.0,67.0,26684.0,82953.0,10391.0,244449.0,302458.0,79991.0,36492.0,1774.0,126328.0,91913.0,106026.0,19268.646575742237,0.3055133764699981,121.67640205560343,378.2574793778471,47.38193275969777,1114.6632741002177,1379.1785794083985,364.75105219718836,166.39991244989807,8.089264624742935,576.0431913836109,419.11419360428266,483.46807841206004
E08000029,2024,220299,21.397282783852855,34.51127785418908,2221.0,10.08175252724706,257.25,1.1677311290564187,7.987551867,0.976423979,Solihull,29.0,658909.0,4322439.0,52.0,26934.0,82759.0,9971.0,247080.0,319872.0,80805.0,37697.0,1684.0,125866.0,97621.0,105173.0,19620.783571418844,0.23604283269556375,122.26110876581374,375.66670752023384,45.26121316937435,1121.5665981234595,1451.9902496152956,366.7969441531736,171.1174358485513,7.64415635114095,571.3416765396121,443.1295648187236,477.4102469825101
E08000029,2025,221449,21.522788542734446,34.56552072937787,,,295.75,1.335521948620224,,,Solihull,,,,,,,,,,,,,,,,,,,,,,,,,,,,
E08000030,2011,269524,17.102373072527865,39.049954735014325,,,,,,1.362047672,Walsall,163.0,801132.0,,,,,,,,,,,,,,,,,,,,,,,,,,
E08000030,2012,270517,17.417759327509916,38.76244376508685,978.0,3.6152995930015486,,,8.24609711798199,1.49767673,Walsall,166.0,806875.0,,,,,,,,,,,,,,,,,,,,,,,,,,
E08000030,2013,271704,17.600403380148986,38.49704089744722,988.0,3.6363101021700084,,,8.63526367374393,1.641752958,Walsall,170.0,811745.0,,,,,,,,,,,,,,,,,,,,,,,,,,
E08000030,2014,273764,17.760552884966614,38.15403047880656,1143.0,4.175128943177335,214.5,0.7835215733259304,8.72228389991044,1.844689846,Walsall,138.0,815985.0,5367931.0,189.0,39987.0,111486.0,17602.0,212280.0,316631.0,101769.0,40508.0,1936.0,196408.0,82919.0,110532.0,19607.8775879955,0.6903756520214491,146.06376294910945,407.23396794319194,64.29625516868543,775.4123990005991,1156.5837728846743,371.73989275434315,147.96686196870297,7.07178445668532,717.4354553557079,302.88496661357954,403.7492146520361
E08000030,2015,275490,17.779592725688772,37.879051871211296,1338.0,4.856800609822498,240.0,0.8711749972775782,8.76847471977324,1.960052848,Walsall,121.0,820958.0,5506224.0,164.0,41095.0,113340.0,18099.0,224807.0,326540.0,105212.0,43065.0,2030.0,185992.0,92440.0,117656.0,19987.019492540563,0.5953029148063451,149.1705688046753,411.4123924643363,65.69748448219536,816.0259900540855,1185.306181712585,381.9085992232023,156.32146357399543,7.368688518639515,675.1315837235471,335.5475697847472,427.07902283204476
E08000030,2016,278429,17.70612974941547,37.663461780202496,1862.0,6.687521773953144,298.75,1.0729844951495715,8.83963139900831,2.06961441,Walsall,114.0,827683.0,5596411.0,140.0,43498.0,115565.0,17509.0,232391.0,334413.0,107146.0,45083.0,1962.0,189089.0,101754.0,125030.0,20099.95726019919,0.5028211860115146,156.2265424937776,415.0609311530049,62.88497247054006,834.6508445600135,1201.0710091262044,384.8234199742124,161.91919663540793,7.046679763961369,679.128251726652,365.45762115296895,449.05523490728336
E08000030,2017,281229,17.627627307283387,37.52777985200673,1623.0,5.771097575285621,368.0,1.3085421489248976,8.88242204186245,2.194199085,Walsall,130.0,835148.0,5604207.0,110.0,42262.0,117424.0,15681.0,237463.0,338297.0,111324.0,46236.0,2349.0,189198.0,108981.0,129674.0,19927.55725760857,0.3911403162547248,150.27610950506525,417.5387317808619,55.758829992639455,844.3759356254155,1202.923596072951,395.84822333400894,164.4069423850314,8.352623662566804,672.7542323160129,387.5169345977833,461.0975397274107
E08000030,2018,282921,17.501705423068632,37.49562598746647,1543.0,5.453819264034837,406.5,1.4367968443487757,9.15462909462643,2.22675705,Walsall,139.0,842579.0,5564765.0,150.0,41669.0,117989.0,14334.0,240870.0,337345.0,115113.0,47429.0,2550.0,181884.0,106931.0,132184.0,19668.971196906557,0.5301833373980723,147.28139657360182,417.038678641741,50.66431972175978,851.3684031938244,1192.3646530303513,406.8732967860286,167.6404367296878,9.013116735767229,642.8791075954065,377.9535630087551,467.21169513751187
E08000030,2019,284600,17.480323260716794,37.59346451159522,1745.0,6.131412508784258,408.25,1.434469430780042,9.31867822785144,2.421755075,Walsall,122.0,848750.0,5667984.0,85.0,43357.0,121858.0,13954.0,255636.0,344239.0,120646.0,49363.0,2265.0,177183.0,109225.0,138644.0,19915.6148981026,0.2986647926914968,152.34364019676738,428.17287420941676,49.03021784961349,898.2290934645116,1209.5537596626843,423.9142656359803,173.4469430780042,7.958538299367533,622.5685172171469,383.78425860857345,487.1539002108222
E08000030,2020,284578,17.440209714032708,37.66629887060841,2054.0,7.217704812037473,493.75,1.7350251952013156,9.29413311133506,2.447522402,Walsall,108.0,852099.0,5572361.0,93.0,37894.0,126256.0,13725.0,279482.0,343846.0,122012.0,50813.0,2487.0,158952.0,102939.0,139555.0,19581.137684571542,0.32679968233665285,133.15857163940996,443.66043756017683,48.22930795774796,982.092782997983,1208.266274975578,428.747127325373,178.55561568357356,8.739256021196297,558.5533667395231,361.72508064572804,490.3927921343182
E08000030,2021,284392,17.45864862584039,37.83299108273088,2083.0,7.32439731075417,518.5,1.8231877127345355,9.75200100428988,2.451146841,Walsall,110.0,853570.0,5725923.0,90.0,37804.0,125008.0,13812.0,302855.0,350775.0,128256.0,52180.0,2322.0,169072.0,106427.0,142311.0,20133.91023657487,0.3164645981602858,132.9291963205716,439.5622942980112,48.5667669976652,1064.9209541759262,1233.420771329714,450.9831500182846,183.47914146670794,8.164786632535373,594.5033615572871,374.2264198711637,500.4043714309826
E08000030,2022,286669,17.47834610648518,38.06794595857941,4295.0,14.982436189472876,552.0,1.925565722139471,10.1138355632707,2.431367636,Walsall,118.0,855774.0,5926462.0,76.0,41536.0,127016.0,12861.0,316702.0,367140.0,135095.0,52738.0,2403.0,195584.0,108075.0,143916.0,20673.53637819227,0.26511412116413,144.89184390359614,443.0754633392519,44.863588319629955,1104.765426327925,1280.7105058447198,471.25779208773884,183.9682700257091,8.38248990996585,682.2642141284897,377.00274532649155,502.02847186127553
E08000030,2023,290545,17.353938288389063,38.600216833881156,5438.0,18.7165499320243,811.75,2.793887349636029,10.3505426994156,2.365554571,Walsall,116.0,862433.0,6139056.0,68.0,42153.0,128571.0,12132.0,329093.0,391454.0,140381.0,53190.0,2266.0,200889.0,106823.0,145097.0,21129.449827049168,0.23404291934123803,145.082517338106,442.5166497444458,41.75601025658676,1132.674800805383,1347.3093668794852,483.16439794179905,183.06974823177134,7.79913610628302,691.4212944638524,367.6642172468981,499.39596275964135
E08000030,2024,294626,17.182122419609946,39.10483120973709,5497.0,18.65755228662779,806.0,2.7356716650940514,10.58462951,2.381347179,Walsall,113.0,873719.0,6429748.0,114.0,42986.0,134117.0,11444.0,343640.0,421313.0,147660.0,55387.0,1718.0,202775.0,114057.0,146127.0,21823.42359465899,0.38693122806541175,145.9002260492964,455.2110132846388,38.8424646840401,1166.36006326665,1429.9926007887966,501.17776435209385,187.99087656893826,5.831121489617345,688.2454365874023,387.1246936794445,495.9745575746879
E08000030,2025,295722,17.312543537511583,39.13472788632567,,,696.25,2.354407179716085,,,Walsall,,,,,,,,,,,,,,,,,,,,,,,,,,,,
E08000031,2011,249852,16.31565887005107,41.6330467636841,,,,,,2.297361374,Wolverhampton,247.0,743508.0,,,,,,,,,,,,,,,,,,,,,,,,,,
E08000031,2012,251444,16.469671179268545,41.218720669413464,2437.0,9.692018898840299,,,7.69614545105658,2.465811968,Wolverhampton,247.0,748936.0,,,,,,,,,,,,,,,,,,,,,,,,,,
E08000031,2013,252358,16.598245349860118,40.778576466765465,2585.0,10.243384398354719,,,7.9118066730672,2.570968866,Wolverhampton,247.0,753654.0,,,,,,,,,,,,,,,,,,,,,,,,,,
E08000031,2014,254351,16.617194349540597,40.366265514977336,2735.0,10.75285727203746,592.5,2.3294581110355375,8.06268459777117,2.674938202,Wolverhampton,220.0,758153.0,5364534.0,189.0,34956.0,80903.0,15967.0,221595.0,330715.0,118466.0,34869.0,2182.0,179466.0,113569.0,131077.0,21091.067068735723,0.7430676506088044,137.4321311887903,318.0762017841487,62.775455964395654,871.217333527291,1300.2307834449246,465.75794866149533,137.09008417501798,8.578696368404291,705.5840157892047,446.5050265184725,515.339039358996
E08000031,2015,256127,16.610509629988247,39.97157660067076,3298.0,12.87642458624042,662.5,2.5866074252226436,8.16525455499738,3.041108131,Wolverhampton,201.0,762836.0,5428672.0,242.0,36331.0,82590.0,15642.0,232988.0,331626.0,120853.0,36474.0,2138.0,176347.0,126116.0,132254.0,21195.235176299255,0.9448437689115166,141.8475990426624,322.45721848926513,61.071265426917115,909.6580993022992,1294.77173433492,471.8479504308409,142.40591581520104,8.347421396416621,688.5139013067736,492.3963502481191,516.3610240232384
E08000031,2016,258305,16.583496254427907,39.528851551460484,3943.0,15.264900021292659,732.5,2.835794893633495,8.27393963886185,3.172576189,Wolverhampton,188.0,768783.0,5517047.0,160.0,37177.0,83867.0,14736.0,239838.0,337646.0,125451.0,36280.0,1939.0,166540.0,146243.0,134744.0,21358.653529741972,0.6194227754011731,143.9267532568088,324.68206190356364,57.04883761444804,928.5069975416659,1307.160140144403,485.6700412303285,140.454114322216,7.506629759392966,644.741681345696,566.1640308937109,521.6468903040978
E08000031,2017,260648,16.49696141923207,39.33465823639545,3430.0,13.159510143948927,781.75,2.9992557011755316,8.31159167116624,3.398504019,Wolverhampton,172.0,775080.0,5651600.0,172.0,37007.0,87151.0,13789.0,250838.0,351692.0,131822.0,37765.0,2272.0,160409.0,164414.0,138568.0,21682.882661673983,0.6598938031367976,141.98075565513642,334.3628188207851,52.90276541542617,962.3630336699304,1349.2986710045732,505.7472146342961,144.88889229919278,8.716736748411652,615.423866670759,630.7894171449618,531.6288634480219
E08000031,2018,262474,16.42829385005753,39.083871164381996,3272.0,12.465996632047364,877.5,3.3431882776960764,8.4395702775291,3.447035313,Wolverhampton,170.0,781427.0,5667504.0,140.0,37400.0,86258.0,12416.0,257671.0,357441.0,134587.0,37814.0,2337.0,152960.0,176790.0,138460.0,21592.630127174503,0.5333861639629068,142.4903038015194,328.63445522223157,47.3037329411675,981.7010446749011,1361.8148845218957,512.7631689233981,144.06760288638114,8.90373903700938,582.7624831411873,673.5524280500164,527.5189161593148
E08000031,2019,263519,16.52252778737017,38.93647137398062,3672.0,13.93447910776832,844.75,3.2056512054159283,8.55410856694991,3.61310935,Wolverhampton,153.0,786641.0,5759268.0,140.0,38090.0,88936.0,11935.0,271366.0,372697.0,140357.0,39192.0,2109.0,153495.0,182188.0,140014.0,21855.22865523928,0.5312709899475939,144.54365719359893,337.4936911569944,45.29085189303238,1029.7777389865626,1414.3078867178458,532.6257309719604,148.72551884304357,8.003217984281969,582.4817185857565,691.365707975516,531.3241170465886
E08000031,2020,263123,16.52155075763046,38.847231142849544,3980.0,15.126005708356928,887.25,3.371997126819016,8.55239206432059,3.480884552,Wolverhampton,156.0,789116.0,5652627.0,131.0,34380.0,94166.0,11994.0,293498.0,378773.0,142229.0,40369.0,1939.0,126839.0,172089.0,139155.0,21482.831223420228,0.49786601703385874,130.66132569178674,357.8782546565675,45.58324433819925,1115.440307384759,1439.5282814501202,540.541875852738,153.4225438293118,7.369177152890473,482.0521201111267,654.0249237048833,528.8591267202031
E08000031,2021,264260,16.496632104745327,38.94119427836222,4240.0,16.044804359343072,861.0,3.2581548474986755,8.84492754875446,3.585228682,Wolverhampton,165.0,790902.0,5684072.0,124.0,33155.0,91921.0,11536.0,306724.0,382625.0,147596.0,40280.0,1797.0,130012.0,173569.0,137997.0,21509.392265193368,0.469234844471354,125.46355861651404,347.84303337622043,43.653977143722095,1160.6902293196094,1447.9111481117081,558.5256943918869,152.42564141375917,6.8001210928630895,491.9851661242716,656.8114735487777,522.2016196170438
E08000031,2022,268886,16.441168376189164,39.2579011179459,7250.0,26.963099603549463,947.0,3.5219386654567364,9.18321864745661,3.627251863,Wolverhampton,158.0,796419.0,5898846.0,65.0,35217.0,94332.0,11141.0,319780.0,398926.0,155131.0,41436.0,1891.0,151815.0,175892.0,136871.0,21938.092723310252,0.24173813437665032,130.97372120526916,350.82525680027965,41.43391623215786,1189.277240168696,1483.625030682148,576.939669599756,154.10248209278282,7.032720186249935,564.6073056983257,654.1508297196581,509.0298490810232
E08000031,2023,275074,16.220726059169532,39.969608178162964,9248.0,33.620044060870896,1269.5,4.615121749056618,9.32380138188516,3.867166281,Wolverhampton,164.0,808897.0,5990509.0,101.0,35395.0,92948.0,11117.0,323236.0,415071.0,157298.0,41822.0,1862.0,160808.0,179292.0,133993.0,21777.808880519424,0.36717392410769467,128.67446578011734,337.9018009699208,40.414579349556846,1175.0874310185623,1508.943048052524,571.8388506365559,152.03908766368323,6.769087590975519,584.5990533456452,651.7955168427405,487.1161941877458
E08000031,2024,280541,16.065744400996646,40.30783379256508,9449.0,33.681351388923545,1253.75,4.46904374048713,9.791733078,3.825722456,Wolverhampton,184.0,825888.0,6276084.0,123.0,35734.0,96475.0,11187.0,341524.0,455799.0,167893.0,43352.0,1643.0,163263.0,192591.0,135453.0,22371.361048830655,0.43843858829903654,127.37532125429082,343.88912850528084,39.87652428700261,1217.376426262115,1624.7143911228661,598.4615439454483,154.5299973978848,5.856541468092008,581.9577174102894,686.4985866593474,482.8278219582877
E08000031,2025,281434,16.19349474477142,40.309273222140895,,,1308.25,4.64851439413859,,,Wolverhampton,,,,,,,,,,,,,,,,,,,,,,,,,,,,
E08000032,2011,523115,13.34008774361278,41.725815547250605,,,,,,1.039744616,Bradford,550.0,1553509.0,,,,,,,,,,,,,,,,,,,,,,,,,,
E08000032,2012,525522,13.68525009419206,41.34631851758822,4813.0,9.15851286910919,,,7.44414859670295,1.122970104,Bradford,515.0,1566639.0,,,,,,,,,,,,,,,,,,,,,,,,,,
E08000032,2013,528712,13.926107219053096,41.054487130990026,4986.0,9.430464979043412,,,7.8087408965787,1.169948697,Bradford,498.0,1577349.0,,,,,,,,,,,,,,,,,,,,,,,,,,
E08000032,2014,531795,14.118786374448801,40.75517821717015,4631.0,8.70824283793567,319.25,0.6003253133256236,8.01446255674994,1.21383512,Bradford,420.0,1586029.0,11210406.0,397.0,71545.0,219631.0,32566.0,559714.0,681301.0,235247.0,66344.0,4248.0,360829.0,283721.0,241083.0,21080.314782952075,0.746528267471488,134.53492417190836,412.9993700580111,61.23788301883244,1052.4995533993363,1281.134647749603,442.36406886112127,124.75483974087759,7.988040504329676,678.511456482291,533.5157344465442,453.33822243533695
E08000032,2015,534919,14.250755721894343,40.476408577747286,4510.0,8.431183038927388,606.5,1.1338165217537608,8.33323710302109,1.241250753,Bradford,352.0,1595426.0,11550040.0,289.0,71141.0,226558.0,33918.0,597010.0,723883.0,249421.0,69141.0,4080.0,344133.0,303376.0,253138.0,21592.12890175896,0.5402687135809346,132.99396731093864,423.5370214929737,63.40773089009738,1116.0755179756188,1353.25722212148,466.2780720071637,129.25508347992871,7.627323015260254,643.33665470847,567.143810558234,473.2267876070956
E08000032,2016,538178,14.38483178427955,40.068713325331025,4547.0,8.448877508928273,767.0,1.4251790299863614,8.49632263339992,1.287208915,Bradford,288.0,1604892.0,11778836.0,281.0,77178.0,235162.0,34301.0,622986.0,744707.0,262283.0,72817.0,4147.0,345743.0,305489.0,261517.0,21886.505951562493,0.5221320826938299,143.40608497560285,436.95951896956024,63.73541839317104,1157.5835504238373,1383.7559320522205,487.3536264953231,135.30281802674952,7.705628992638124,642.4324294192628,567.6356149824036,485.93030558662747
E08000032,2017,540447,14.548142556069328,39.75468454816106,4014.0,7.427185274411737,786.0,1.4543516755574553,8.67482691575478,1.327064991,Bradford,284.0,1613544.0,11320390.0,158.0,74756.0,226905.0,32919.0,619196.0,730349.0,256978.0,71836.0,4061.0,324486.0,294237.0,262162.0,20946.346265221197,0.2923505912698192,138.32253671497853,419.8469045068249,60.910690595007466,1145.7108652652341,1351.379506223552,475.4915838185798,132.9196017370806,7.514150323713518,600.4029997391049,544.4326640725178,485.08364372454656
E08000032,2018,542542,14.715727077350694,39.665869186164386,4117.0,7.5883526068027916,880.5,1.622915829557896,8.88437844959584,1.41520226,Bradford,255.0,1621167.0,11409683.0,140.0,72825.0,226971.0,33922.0,641263.0,753463.0,268764.0,75849.0,4053.0,305227.0,303638.0,269064.0,21030.045600156303,0.2580445384873429,134.22923939529105,418.3473353215051,62.52419167548319,1181.9601063143498,1388.764372159206,495.37915958580163,139.80300142661767,7.470389389208577,562.5868596348301,559.6580541229987,495.93211216827456
E08000032,2019,545966,14.896348856888524,39.71217987933314,4753.0,8.705670316466593,1108.25,2.029888308063139,9.09570655209263,1.484405637,Bradford,232.0,1628955.0,11416965.0,139.0,75547.0,227976.0,34478.0,656337.0,758805.0,272653.0,78026.0,3737.0,304969.0,302704.0,268092.0,20911.49448866779,0.25459460845547155,138.3730855034929,417.5644637211841,63.150452592285966,1202.1572771930853,1389.8392940219721,499.39556675690426,142.91366129026352,6.84474857408703,558.5860657989692,554.4374558122666,491.0415666909661
E08000032,2020,547141,15.03140872279723,39.78243268188639,4750.0,8.681491608196058,1263.75,2.3097336883911095,9.10410214603719,1.485998511,Bradford,214.0,1635649.0,11540390.0,125.0,67679.0,244992.0,36951.0,716313.0,793176.0,288056.0,81031.0,3252.0,267774.0,307474.0,270490.0,21092.168197959938,0.22846030547884366,123.69572011602129,447.7675772789829,67.53469398199002,1309.1926943877354,1449.6738500678985,526.4748940401103,148.09893610604942,5.943623307337597,489.40583871433506,561.9648317344158,494.3698242317794
E08000032,2021,546839,15.269576602985522,39.81080354546768,4428.0,8.09744732910418,1140.5,2.085623007868861,9.20848112045374,1.559679747,Bradford,217.0,1639946.0,11692488.0,144.0,68835.0,238454.0,37087.0,741848.0,796614.0,291531.0,82451.0,2928.0,281922.0,313398.0,269077.0,21381.957029399877,0.2633316204586725,125.87800065467167,436.0588765614742,67.82069311076935,1356.611360930731,1456.7614965282285,533.1203516940086,150.77746832248616,5.354409615993006,515.5484521038185,573.1083554757433,492.0589058205432
E08000032,2022,550629,15.439615421635983,40.00297841196159,9138.0,16.595566161607906,1418.0,2.5752366838651795,9.51259928702894,1.514850497,Bradford,211.0,1645502.0,12641359.0,221.0,77246.0,254063.0,38486.0,798277.0,857021.0,311828.0,88353.0,3384.0,341224.0,332690.0,285432.0,22958.03344901921,0.401359172873205,140.28683560074023,461.4050476818329,69.89461143528582,1449.7547350393822,1556.4399986197604,566.3123446095284,160.4583122211144,6.145698828067537,619.6985629162285,604.1999240868171,518.3744408667179
E08000032,2023,556919,15.503690841935722,40.33548864377046,13139.0,23.592299777885113,1751.5,3.14498158619117,9.85195279025943,1.589450955,Bradford,229.0,1657432.0,13047554.0,163.0,76362.0,254565.0,39060.0,827916.0,906172.0,327081.0,92350.0,3314.0,350245.0,334633.0,289990.0,23428.099957085324,0.29268170057045995,137.1150921408679,457.0951969676021,70.13587254160838,1486.6003853343127,1627.116331100214,587.3044374496111,165.82303710234342,5.950596047181008,628.8975596092072,600.8647577116242,520.7040880271637
E08000032,2024,559818,15.671879074985084,40.30024043528432,11811.0,21.097928255254384,1557.0,2.78126105269927,10.41228075,1.65290761,Bradford,241.0,1674198.0,13694831.0,127.0,77419.0,258791.0,41256.0,867982.0,981406.0,347508.0,97253.0,2752.0,351988.0,351577.0,300692.0,24463.00583403892,0.22685944360488586,138.29315956257213,462.27702574765374,73.69537956978876,1550.4717604650082,1753.0804654369813,620.7517443169029,173.72253125122808,4.9158833763830385,628.7543451621776,628.0201779864169,537.1245654837821
E08000032,2025,557758,16.05068864991627,39.97038141989895,,,1424.0,2.5530785752960963,,,Bradford,,,,,,,,,,,,,,,,,,,,,,,,,,,,
E08000033,2011,204170,16.029289317725425,38.23970220894353,,,,,,0.820371747,Calderdale,75.0,609297.0,,,,,,,,,,,,,,,,,,,,,,,,,,
E08000033,2012,205116,16.60670059868562,37.77472259599446,687.0,3.349324284794945,,,5.75609813482657,0.960789859,Calderdale,65.0,612335.0,,,,,,,,,,,,,,,,,,,,,,,,,,
E08000033,2013,205854,17.03683192942571,37.36385982298134,727.0,3.5316292129373243,,,5.87249716572014,1.033835411,Calderdale,62.0,615140.0,,,,,,,,,,,,,,,,,,,,,,,,,,
E08000033,2014,206614,17.45041478312215,36.89779008198864,773.0,3.7412760025942093,171.5,0.8300502386091939,6.06267368064396,1.043495536,Calderdale,61.0,617584.0,4352846.0,36.0,32041.0,79369.0,12081.0,226047.0,269065.0,80531.0,23820.0,1798.0,154086.0,86615.0,145732.0,21067.52688588382,0.1742379509616967,155.07661629899232,384.1414424966362,58.47135237689605,1094.0546139177402,1302.2592854308032,389.7654563582332,115.28744421965598,8.702217661920296,745.7674697745555,419.21167007075996,705.3345852652773
E08000033,2015,207027,17.73874905205601,36.402981253652904,669.0,3.2314625628541207,207.5,1.002284726146831,6.24881258743674,1.043521523,Calderdale,52.0,619495.0,4398116.0,65.0,31735.0,79738.0,12347.0,229474.0,269785.0,83913.0,24096.0,1737.0,142519.0,96325.0,148963.0,21244.166219865045,0.3139687093953929,153.2891845025045,385.15749153492055,59.63956392161409,1108.4254710738212,1303.1392040651701,405.3239432537785,116.39061571679056,8.390209972612269,688.4077922203385,465.277475884788,719.534167041014
E08000033,2016,207744,17.966824553296366,35.89947242760321,698.0,3.3599044978435,313.25,1.50786544978435,6.44378430665499,1.143975019,Calderdale,48.0,621385.0,4661161.0,107.0,34948.0,83321.0,13300.0,247799.0,287629.0,89347.0,24943.0,2072.0,148165.0,106235.0,160574.0,22437.042706407887,0.5150569932224277,168.2262784966112,401.0753619839803,64.02110289587185,1192.8094192852743,1384.5357747997534,430.08221657424525,120.06604282193469,9.97381392483056,713.2095271102896,511.3745764017252,772.9416974738139
E08000033,2017,207459,18.187208074848524,35.357829739852214,684.0,3.2970370049021733,350.25,1.6882853961505646,6.57236039364602,1.200530291,Calderdale,36.0,622230.0,4779746.0,121.0,34179.0,83691.0,13760.0,258145.0,304788.0,92455.0,26031.0,1973.0,143753.0,117172.0,168843.0,23039.47285969758,0.5832477742590103,164.75062542478273,403.4098303761225,66.32635846118993,1244.318154430514,1469.148120833514,445.65432205881643,125.47539513831649,9.510312881099399,692.9224569674008,564.7959355824524,813.8620161092072
E08000033,2018,207215,18.401177520932364,35.01483965929108,655.0,3.1609680766353785,395.0,1.9062326569022512,7.0378639346306,1.278377056,Calderdale,37.0,622418.0,4687740.0,33.0,33127.0,80139.0,13711.0,258151.0,307727.0,92722.0,26210.0,2089.0,135805.0,119500.0,169094.0,22622.590063460655,0.15925488019689696,159.86777019038198,386.7432376999734,66.16798976908042,1245.8123205366408,1485.0614096469849,447.4676061095963,126.48698212002027,10.081316507009626,655.382091064836,576.6957025311874,816.0316579398209
E08000033,2019,207729,18.678663065821336,34.940234632622314,725.0,3.4901241521405293,389.0,1.8726321312864356,7.40040627468683,1.249760509,Calderdale,33.0,622403.0,4731271.0,38.0,34180.0,81834.0,13850.0,268789.0,316371.0,99886.0,27500.0,1713.0,134520.0,118459.0,171920.0,22776.169913685622,0.18293064521564154,164.54130140712178,393.9459584362318,66.67340621675356,1293.9406630754493,1522.998714671519,480.8476428423571,132.3840195639511,8.246320927747208,647.5744840633711,570.2574026736758,827.6167506703446
E08000033,2020,206976,18.886247680890538,34.935934601113175,558.0,2.695964749536178,374.5,1.8093885281385282,7.49154126343405,1.363720059,Calderdale,34.0,621920.0,4770987.0,18.0,29424.0,86932.0,14603.0,293570.0,330861.0,105823.0,27597.0,1555.0,109880.0,120150.0,176925.0,23050.918947124304,0.08696660482374768,142.16141001855286,420.0100494743352,70.55407390228818,1418.3770098948671,1598.5476576994436,511.28150123685833,133.3342996289425,7.512948361162647,530.8828076685219,580.5020871985158,854.8092532467533
E08000033,2021,206828,19.09606049471058,35.09050998897635,650.0,3.142707950567621,362.5,1.7526640493550196,7.75531485468245,1.332843542,Calderdale,36.0,621533.0,4850938.0,39.0,29411.0,84398.0,14344.0,308761.0,338135.0,109903.0,28039.0,1444.0,114290.0,121017.0,177257.0,23453.971415862456,0.18856247703405726,142.20028236022202,408.0588701723171,69.35231206606456,1492.8394608080143,1634.8608505618195,531.373895217282,135.56675111687005,6.981646585568685,552.5847564159592,585.1093662366798,857.0261279904074
E08000033,2022,207597,19.338429746094597,35.171510185599985,1988.0,9.57624628486924,498.5,2.40128710915861,8.10732592374094,1.520587683,Calderdale,32.0,621700.0,4994887.0,59.0,31209.0,85637.0,12654.0,314663.0,349146.0,113776.0,29603.0,1504.0,130452.0,123741.0,178009.0,24060.497020669856,0.2842044923577894,150.33454240668217,412.51559511938996,60.95463807280452,1515.739630148798,1681.8451133686901,548.0618698728788,142.59839978419728,7.244806042476529,628.390583678955,596.0635269295799,857.4738555952157
E08000033,2023,208687,19.52158016551103,35.55851586347017,2163.0,10.3648047075285,673.25,3.2261233330298484,8.45032292996094,1.52359879,Calderdale,32.0,624058.0,5132299.0,10.0,30982.0,84704.0,12708.0,323884.0,370466.0,120235.0,30690.0,1531.0,132874.0,130908.0,179850.0,24593.285638300422,0.04791865329416782,148.46157163599074,405.8901608629191,60.89502460622847,1552.008510352825,1775.2231811277175,576.1499278824268,147.06234695980106,7.336345819337093,636.7143137809255,627.2935065432921,861.8169794956082
E08000033,2024,209828,19.741883828659663,35.71067731665936,2096.0,9.989133957336485,649.25,3.094200964599577,9.117642227,1.532231569,Calderdale,32.0,628159.0,5488499.0,20.0,31801.0,85474.0,13552.0,346935.0,409073.0,130045.0,32515.0,1377.0,130357.0,148017.0,191136.0,26157.133461692436,0.09531616371504278,151.55746611510378,407.3526888689784,64.586232533313,1653.4256629239185,1949.5634519701853,619.769525516137,154.96025315973083,6.562517871780696,621.2564576700918,705.4206302304746,910.9175133919209
E08000033,2025,210734,20.01812711759849,35.84566325320072,,,617.75,2.9314206535252976,,,Calderdale,,,,,,,,,,,,,,,,,,,,,,,,,,,,
E08000034,2011,422970,15.306286497860368,40.299312007943826,,,,,,1.116302013,Kirklees,330.0,1256094.0,,,,,,,,,,,,,,,,,,,,,,,,,,
E08000034,2012,424922,15.841495615665934,39.94074206560263,2664.0,6.269385910825987,,,6.19386299344272,1.150218487,Kirklees,313.0,1266231.0,,,,,,,,,,,,,,,,,,,,,,,,,,
E08000034,2013,427009,16.227058446074906,39.55701167891075,2941.0,6.887442653433534,,,6.45960635029837,1.238274932,Kirklees,284.0,1274901.0,,,,,,,,,,,,,,,,,,,,,,,,,,
E08000034,2014,429036,16.5547879432029,39.152425437492425,2909.0,6.780316803251941,306.0,0.7132268620815037,6.73987873913197,1.308393478,Kirklees,246.0,1280967.0,8538357.0,164.0,59357.0,142535.0,27417.0,419852.0,478362.0,155810.0,48293.0,4178.0,354856.0,147096.0,211929.0,19901.26003412301,0.3822523051678647,138.3496955966399,332.22153851891215,63.90372835845944,978.5938709105995,1114.9693731994519,363.16299797685974,112.56164983824202,9.738110554825235,827.100756113706,342.8523480547087,493.9655413531732
E08000034,2015,431110,16.786898935306535,38.77038342882327,3180.0,7.376307670896058,378.75,0.8785460787270071,6.98871568171243,1.398397565,Kirklees,224.0,1287155.0,8742787.0,121.0,59424.0,145299.0,28784.0,440572.0,503082.0,169689.0,49948.0,3877.0,321269.0,172600.0,221890.0,20279.712834311427,0.28067082647120223,137.8395305142539,337.03463153255547,66.76718238964534,1021.9479947113266,1166.9457910973997,393.6095196121639,115.85906149242653,8.993064415114473,745.2135185915428,400.3618566027232,514.6946255016121
E08000034,2016,432588,16.98706390376062,38.35635755037126,3286.0,7.5961422878119595,555.0,1.2829759494022024,7.14312509558698,1.450882316,Kirklees,216.0,1292734.0,8891053.0,94.0,60774.0,146919.0,29526.0,455343.0,512878.0,177560.0,50634.0,4429.0,324337.0,193564.0,233298.0,20553.166061009553,0.217296827466319,140.48933396210714,339.62800632472465,68.25432050819717,1052.6020139254904,1185.6038540135185,410.4598370736128,117.0490166162723,10.238379243067307,749.7595864887606,447.45577778394227,539.3076090876308
E08000034,2017,433393,17.18301864589414,37.92585482460492,2861.0,6.6013987304824955,674.5,1.5563241676722974,7.26402024319311,1.386552811,Kirklees,177.0,1297091.0,8822267.0,127.0,61111.0,145393.0,29852.0,463387.0,525460.0,182188.0,50388.0,4455.0,316064.0,195139.0,243382.0,20356.27478985586,0.29303657419478396,141.0059691780901,335.4761152118285,68.87974655797393,1069.2073937511682,1212.4330572944186,420.3759636173173,116.2639913427305,10.279353842817027,729.2780455614188,450.25877206138534,561.573444887204
E08000034,2018,433571,17.352175306927816,37.71308505412032,3087.0,7.119941139974768,768.5,1.7724893962003916,7.62230777767344,1.431049466,Kirklees,172.0,1299552.0,8942135.0,185.0,60801.0,146763.0,30613.0,478867.0,546222.0,192795.0,52257.0,4534.0,313874.0,200970.0,255521.0,20624.3844722087,0.42668905438786264,140.23308754506184,338.49819291419396,70.6066595782467,1104.4719319327169,1259.821344139714,444.6676553551783,120.52697251430563,10.457341473484158,723.9275689564108,463.52269870447975,589.340615493195
E08000034,2019,433259,17.566167119436642,37.532976810637514,3658.0,8.442986758497804,787.25,1.8170424618992336,8.00399889296184,1.465123296,Kirklees,143.0,1300223.0,9069490.0,190.0,63456.0,152461.0,31772.0,501414.0,563745.0,201968.0,54527.0,3663.0,305700.0,206982.0,261747.0,20933.1831537256,0.43853676438342887,146.46204695113084,351.8934401824313,73.3325793578437,1157.3077535608031,1301.1732012491373,466.1599643631177,125.85312711334329,8.454527199665788,705.582573010601,477.732718766373,604.1351708793123
E08000034,2020,432878,17.7144599633153,37.555847143999,3733.0,8.623676878935868,805.75,1.8613789566575338,8.145820274179,1.565852523,Kirklees,125.0,1299708.0,9086069.0,150.0,56559.0,164742.0,32240.0,547263.0,577819.0,207203.0,55636.0,3367.0,267023.0,206802.0,264231.0,20989.907086985248,0.346517956560509,130.6580607007055,380.5737413312758,74.4782594634054,1264.243043074492,1334.8310609455782,478.6637343547143,128.52582020800318,7.778173064928224,616.8550954310452,477.7373763508425,610.4052411995989
E08000034,2021,433458,17.825025723368814,37.604566070991886,3273.0,7.550904585911438,692.0,1.5964637865721707,8.44466486307267,1.554246783,Kirklees,102.0,1299595.0,9232135.0,114.0,56443.0,159733.0,32044.0,570986.0,591981.0,213112.0,55988.0,3461.0,279924.0,217752.0,263247.0,21298.79942232004,0.26300125963761195,130.21561489233096,368.50859829556725,73.92642424410208,1317.2810283810657,1365.7170936976593,491.65547757798913,129.16591688237384,7.984625961454166,645.7926719543761,502.36009025095865,607.3183561037056
E08000034,2022,438007,17.920718162038508,37.904873666402594,7581.0,17.307942567127924,832.75,1.9012253228829676,8.72045077818812,1.543606877,Kirklees,98.0,1304822.0,9704653.0,109.0,60892.0,163330.0,26792.0,601173.0,634951.0,226994.0,58264.0,3294.0,321994.0,236819.0,273843.0,22156.38791160872,0.24885447036234581,139.02060925966936,372.89358389249486,61.167972201357514,1372.5191606526837,1449.6366496425856,518.2428591323883,133.02070514854785,7.520427755720799,735.134369998653,540.674007493031,625.2023369489528
E08000034,2023,442743,18.045005793428693,38.24634155706584,8136.0,18.37634925905096,1000.25,2.2592113257578323,8.95510190739258,1.624000669,Kirklees,108.0,1315689.0,10170841.0,99.0,61322.0,161556.0,25981.0,634711.0,689437.0,241240.0,59911.0,3353.0,330598.0,252264.0,288171.0,22972.336095658204,0.22360601974508915,138.50473073543796,364.89792046401635,58.6818989797693,1433.5878828123764,1557.1945801514648,544.8759212455082,135.3177802924044,7.573242264699838,746.704069855424,569.7752420704562,650.8764678380008
E08000034,2024,445780,18.209206334963437,38.27156893534927,7511.0,16.849118399210372,852.5,1.9123783031988875,9.489836943,1.630752683,Kirklees,118.0,1330078.0,10662505.0,95.0,63193.0,164142.0,26679.0,668141.0,744786.0,255778.0,63977.0,2932.0,323227.0,273523.0,300293.0,23918.760375072907,0.21310960563506662,141.75826640943964,368.21301987527477,59.84790703934676,1498.8133159854638,1670.7479025528287,573.7763022118534,143.5169814706806,6.577235407600162,725.081878953744,613.5829332854772,673.6349768944322
E08000034,2025,445832,18.498672145561557,38.126693463008486,,,747.75,1.6772012776112977,,,Kirklees,,,,,,,,,,,,,,,,,,,,,,,,,,,,
E08000035,2011,750683,14.681030474914179,45.05683490900953,,,,,,2.150756598,Leeds,355.0,2242139.0,,,,,,,,,,,,,,,,,,,,,,,,,,
E08000035,2012,758029,14.981089114004874,44.803694845447865,9296.0,12.26338306318096,,,5.28675735977504,2.2207582,Leeds,314.0,2256283.0,,,,,,,,,,,,,,,,,,,,,,,,,,
E08000035,2013,764369,15.161394562050528,44.450782279239476,9883.0,12.929619071417077,,,5.5591232777764,2.378156424,Leeds,311.0,2273081.0,,,,,,,,,,,,,,,,,,,,,,,,,,
E08000035,2014,770434,15.340963664635776,44.06581225646843,10999.0,14.276368903760737,496.5,0.6444419638800987,5.84538610300408,2.513180494,Leeds,291.0,2292832.0,15509395.0,490.0,100649.0,267555.0,68974.0,816576.0,914868.0,260425.0,76952.0,10451.0,515824.0,306476.0,349434.0,20130.725019923837,0.63600516072759,130.63935392259427,347.27828730300064,89.5261631755608,1059.8909186250867,1187.4709579276098,338.0237632295563,99.88136556797856,13.565081499518454,669.5239306676497,397.79656661050785,453.5547496605809
E08000035,2015,777987,15.413368089698157,43.75818619077182,11861.0,15.245756034483867,535.75,0.6886361854375459,5.94193844688055,2.53785944,Leeds,297.0,2312790.0,15739784.0,386.0,100299.0,268766.0,69503.0,854568.0,927992.0,272652.0,79552.0,9100.0,483985.0,328842.0,364338.0,20231.422890099704,0.4961522493306444,128.921177346151,345.46335607150246,89.33696835551237,1098.4348067512697,1192.8117050799049,350.45829814637005,102.25363662888968,11.696853546396019,622.0990839178546,422.6831553740615,468.30859641613546
E08000035,2016,786739,15.439809136193833,43.46956233261603,12712.0,16.157836334540423,662.25,0.841765820685132,6.00413845525823,2.59981823,Leeds,266.0,2335160.0,15892991.0,338.0,99367.0,276076.0,69750.0,878841.0,939959.0,281793.0,81084.0,8405.0,479787.0,333758.0,378129.0,20201.097187250154,0.4296215136150617,126.30236965499358,350.9118017538218,88.65710229186553,1117.0680492514036,1194.7532790417151,358.1785064678375,103.0634047632061,10.683339709865662,609.8426542983124,424.2296365122359,480.6282642655315
E08000035,2017,793134,15.497255192691274,43.244142856062155,11584.0,14.605350419979475,735.5,0.9273338427050158,6.12560595772217,2.675835371,Leeds,236.0,2357860.0,15811407.0,257.0,97723.0,280212.0,69522.0,896417.0,973761.0,290017.0,81709.0,8761.0,458095.0,331026.0,391471.0,19935.35392506184,0.32403099602337054,123.21121021164141,353.29717298716236,87.65479729780844,1130.2213749505129,1227.7383140805966,365.6595228549022,103.02042277849645,11.046052747707197,577.5757942541866,417.3645310880633,493.5748562033654
E08000035,2018,797696,15.541384186456996,43.06477655648267,12506.0,15.677651636713735,892.75,1.1191606827663672,6.28772043752664,2.730590582,Leeds,204.0,2377569.0,16075853.0,385.0,98544.0,287500.0,70735.0,925991.0,1028145.0,306815.0,85698.0,9039.0,445192.0,347281.0,406845.0,20152.856476652763,0.4826400032092426,123.53578305519896,360.41298940949935,88.6741314987163,1160.831946004493,1288.8932625962773,384.626474245828,107.43190388318357,11.33138438703466,558.0973202824133,435.35507260911425,510.02512235237486
E08000035,2019,804640,15.588213362497514,43.168621992443825,14853.0,18.459186717041163,929.0,1.15455358918274,6.55946103962281,2.781812668,Leeds,194.0,2395470.0,16427491.0,285.0,104335.0,296105.0,72693.0,973101.0,1074453.0,323135.0,90455.0,8337.0,449851.0,361190.0,422910.0,20415.95123284947,0.35419566514217543,129.6666832372241,367.99686816464504,90.34226486379002,1209.3619506860211,1335.3213859614236,401.58953072181345,112.4167329488964,10.361155299264267,559.0711374030623,448.8839729568503,525.5890833167628
E08000035,2020,808443,15.590956938213331,43.23978313869995,14538.0,17.98271492238785,969.0,1.1986002723754179,6.57892270408505,2.737849474,Leeds,184.0,2410779.0,16404858.0,308.0,92371.0,313416.0,75156.0,1042254.0,1102741.0,333269.0,91692.0,7814.0,387609.0,365509.0,427581.0,20291.91668429314,0.3809792403422381,114.25790068069115,387.67853763345096,92.9638824258482,1289.2114842975943,1364.0306119293507,412.2356183429135,113.4180146281185,9.665492805306002,479.45124146043696,452.1147440202958,528.8944304051121
E08000035,2021,809479,15.743459682091814,43.09969745972409,11653.0,14.395679196124915,1048.25,1.294968739151973,6.61994147755392,2.733197927,Leeds,196.0,2422562.0,16384168.0,301.0,90519.0,301478.0,71630.0,1061727.0,1101803.0,332951.0,92139.0,7589.0,402702.0,359379.0,420455.0,20240.38671787656,0.37184411207702733,111.82377801030046,372.43461535135566,88.48901577434374,1311.6177195455348,1361.126107039219,411.31517926962897,113.825065258024,9.37516600183575,497.48294890911313,443.9633393824917,519.4143393466661
E08000035,2022,819992,15.693567742124314,43.70091415526005,18455.0,22.506317134801314,1286.25,1.5686128645157513,6.79305983460354,2.695343018,Leeds,183.0,2438216.0,16877834.0,259.0,97578.0,302452.0,64439.0,1083162.0,1143364.0,337637.0,95384.0,7646.0,467505.0,370877.0,425357.0,20582.925199270234,0.3158567400657567,118.99872193875062,368.8475009512288,78.58491302354169,1320.9421555332249,1394.359944975073,411.7564561605479,116.32308607888856,9.324481214450874,570.1336110596201,452.29343700914154,518.7331095913131
E08000035,2023,833035,15.615910495957554,44.3358322279376,24623.0,29.558181829094817,1529.0,1.835457093639523,6.88985304907875,2.772467852,Leeds,197.0,2463289.0,17423385.0,231.0,97566.0,302309.0,63662.0,1115150.0,1217001.0,352034.0,98006.0,6733.0,463757.0,384688.0,433368.0,20915.549766816523,0.2772992731397841,117.12112936431242,362.9007184572077,76.42175898971831,1338.659240007923,1460.9242108674905,422.5920879674924,117.64931845600725,8.082493532684701,556.7077013570859,461.7909211497716,520.2278415672811
E08000035,2024,842884,15.68744928127714,44.68218639812833,24985.0,29.64227580544891,1659.75,1.969132170025769,7.065263328,2.774065733,Leeds,207.0,2498999.0,18054045.0,220.0,99836.0,305027.0,63418.0,1149817.0,1303927.0,369342.0,101468.0,5189.0,444969.0,405494.0,447616.0,21419.370874284006,0.2610086322673108,118.44571732290564,361.8849094300046,75.23929745967418,1364.1461933077385,1546.98274021099,438.18841026760504,120.3819268131795,6.156244512886708,527.912500415241,481.07924696636786,531.0529088225663
E08000035,2025,840550,15.919338528344536,44.48967937659866,,,1701.25,2.0239723990244483,,,Leeds,,,,,,,,,,,,,,,,,,,,,,,,,,,,
E08000036,2011,326433,17.021257042027003,38.46455474783493,,,,,,1.079088449,Wakefield,58.0,976495.0,,,,,,,,,,,,,,,,,,,,,,,,,,
E08000036,2012,327901,17.57878140048368,38.0248916593728,1549.0,4.723986813092976,,,6.37374131771138,1.140727639,Wakefield,52.0,979929.0,,,,,,,,,,,,,,,,,,,,,,,,,,
E08000036,2013,329888,17.90668348045397,37.57335823067223,1686.0,5.110825492288292,,,6.65473948527063,1.108876109,Wakefield,54.0,984222.0,,,,,,,,,,,,,,,,,,,,,,,,,,
E08000036,2014,331624,18.280643138011722,37.09743565001327,1722.0,5.1926277953344755,48.75,0.14700383566931222,6.88139802634568,1.088880539,Wakefield,64.0,989413.0,7843006.0,131.0,48243.0,167450.0,25274.0,399282.0,504292.0,127595.0,48250.0,3060.0,271949.0,96963.0,191488.0,23650.296721588304,0.39502569174728003,145.47499577835137,504.93932887848894,76.21281933756302,1204.020215665935,1520.674016355873,384.75803922514655,145.49610402142184,9.227317685089137,820.0522278242829,292.3883675487902,577.425035582467
E08000036,2015,333908,18.48173748457659,36.75054206547912,1958.0,5.863890652515064,50.75,0.15198797273500483,7.12383162869387,1.230126262,Wakefield,56.0,995420.0,7924908.0,73.0,46544.0,170962.0,25768.0,414874.0,516891.0,134119.0,49919.0,2838.0,250176.0,104804.0,195650.0,23733.806916875306,0.2186230937863124,139.39168872863183,512.0033062999389,77.1709572696671,1242.479964541131,1548.0042406890523,401.66453034967714,149.4992632701223,8.499347125555543,749.2363165901985,313.87088659151624,585.9398397163291
E08000036,2016,337365,18.586990351696233,36.44687504631482,1959.0,5.806767151304967,82.25,0.24380122419338107,7.23878560051412,1.364144564,Wakefield,51.0,1002897.0,7938970.0,48.0,46563.0,171966.0,25774.0,423028.0,523374.0,139232.0,51351.0,2749.0,239956.0,113082.0,202338.0,23532.286988869622,0.14227913387577254,138.01965230536658,509.7327820016896,76.39796659404502,1253.917863441673,1551.3583211062203,412.7043409956575,152.2119959094749,8.14844456301039,711.2652468394766,335.1918545195856,599.7599039615847
E08000036,2017,340749,18.652439185441484,36.149188992484206,1431.0,4.199572119067114,44.0,0.12912730484902377,7.37946541807487,1.377811074,Wakefield,39.0,1012022.0,7846705.0,144.0,44575.0,168591.0,26110.0,426097.0,524912.0,140823.0,51570.0,2644.0,234612.0,116680.0,205664.0,23027.81519534907,0.4225984522331687,130.81476394648263,494.7659420864038,76.62531658200024,1250.47175486942,1540.4652691570627,413.2748738807744,151.34307070600352,7.759377136836791,688.5185283008901,342.4221347678203,603.5645005561279
E08000036,2018,344437,18.716630327171586,36.044327409656916,1549.0,4.497193971611645,126.5,0.3672660022006927,7.66921117795212,1.439454198,Wakefield,47.0,1022551.0,7484068.0,161.0,42576.0,161414.0,24980.0,412986.0,504558.0,140308.0,51960.0,2831.0,229358.0,116790.0,197172.0,21728.408968839005,0.46742945734633623,123.61041351538888,468.6314188080839,72.52414810255577,1199.017527153006,1464.8774667065386,407.35461056738967,150.8548733150039,8.219209899052657,665.8924563853477,339.07507033216524,572.4472109558498
E08000036,2019,348201,18.82217454860842,36.176231544424056,1610.0,4.62376615805239,219.75,0.6311010020074611,7.96215053162505,1.498259544,Wakefield,42.0,1033387.0,7239020.0,102.0,41227.0,157715.0,23905.0,407073.0,493776.0,139629.0,52130.0,2543.0,211444.0,116305.0,191088.0,20789.7737226487,0.2929342534915178,118.40000459504711,452.9424097001444,68.652875781517,1169.0747585446338,1418.0774897257618,401.00114588987395,149.71237876973356,7.3032530061659795,607.2469636790245,334.01684659148026,548.7864767763448
E08000036,2020,350978,18.85018434203853,36.33019733430585,1191.0,3.3933750833385568,285.25,0.8127290029574503,7.98189067203342,1.458588123,Wakefield,37.0,1043616.0,7351484.0,47.0,36860.0,170144.0,25148.0,443816.0,513981.0,145870.0,53288.0,2712.0,184299.0,119756.0,194095.0,20945.711697029445,0.13391152721823021,105.02082751625458,484.771125255714,71.65121460604368,1264.512305614597,1464.4251206628335,415.61009521964337,151.8271800511713,7.726980038634901,525.1012883998427,341.20657135205056,553.011869689838
E08000036,2021,353803,18.951224268872792,36.57035129719081,1199.0,3.3888915582965664,347.0,0.9807717854286141,8.19582072946003,1.447170854,Wakefield,34.0,1052982.0,7413308.0,46.0,36488.0,164332.0,24160.0,459713.0,520425.0,147776.0,53087.0,2429.0,193155.0,123339.0,193924.0,20953.208423896915,0.13001585628160303,103.13083834789416,464.473167271052,68.28658886442456,1299.3473769300997,1470.945695768549,417.67876473630804,150.0467774439448,6.865402498000299,545.9394069581095,348.6092543025356,548.1129329033389
E08000036,2022,357912,19.025347012673507,36.88392677529672,2581.0,7.211269809338608,501.0,1.3997854221149333,8.4068181037149,1.490422249,Wakefield,30.0,1062707.0,7602200.0,55.0,42232.0,162923.0,20680.0,473880.0,533584.0,149879.0,53148.0,2430.0,227727.0,128897.0,193262.0,21240.416638726838,0.15366905831601066,117.99548492366839,455.2040725094437,57.77956592682,1324.0126064507476,1490.824560227095,418.7593598426429,148.4946020250788,6.789378394689198,636.2653389660028,360.13601108652404,539.9707190594336
E08000036,2023,362336,19.098295504724895,37.268446966351675,2984.0,8.235449969089464,735.75,2.030573832023315,8.5792399649454,1.660060287,Wakefield,34.0,1074742.0,7960593.0,28.0,42705.0,163302.0,20633.0,502953.0,573373.0,155050.0,55549.0,2318.0,236768.0,136846.0,198647.0,21970.196171509317,0.07727634019252848,117.8602181400689,450.6921752185816,56.94438311401572,1388.0845403161707,1582.4345359003798,427.9177338161265,153.30797933409872,6.397377020224322,653.4487326680209,377.6770732138126,548.2397553651858
E08000036,2024,366925,19.185664645363495,37.56217210601621,3165.0,8.625740955236084,676.25,1.8430196906724807,8.753055255,1.722007871,Wakefield,28.0,1088605.0,8341003.0,21.0,43301.0,162351.0,20512.0,530650.0,623671.0,161004.0,58915.0,2326.0,233029.0,144944.0,205402.0,22732.17415003066,0.057232404442324726,118.01049260748108,442.46371874361245,55.902432377188795,1446.2083532056959,1699.723376711862,438.7926688015262,160.5641479866458,6.339170130135586,635.0861892757375,395.0235061661103,559.7928732029707
E08000036,2025,369450,19.350927053728515,37.759913384761134,,,754.75,2.042901610502098,,,Wakefield,,,,,,,,,,,,,,,,,,,,,,,,,,,,
E08000037,2011,200349,17.67465772227463,39.262986089274214,,,,,,1.299463391,Gateshead,27.0,596561.0,,,,,,,,,,,,,,,,,,,,,,,,,,
E08000037,2012,200252,18.1900804985718,38.877514331941754,841.0,4.199708367457004,,,6.30388419495505,1.294596314,Gateshead,24.0,599332.0,,,,,,,,,,,,,,,,,,,,,,,,,,
E08000037,2013,200299,18.54178003884193,38.659703742904355,1505.0,7.5137669184569065,,,6.49005548306188,1.238938093,Gateshead,30.0,600900.0,,,,,,,,,,,,,,,,,,,,,,,,,,
E08000037,2014,200728,18.803056872982346,38.35688095332988,755.0,3.7613088358375513,215.0,1.071101191662349,6.5281029524042,1.423673391,Gateshead,42.0,601279.0,5298753.0,136.0,34082.0,82014.0,20419.0,280601.0,359413.0,82564.0,22191.0,1661.0,142073.0,126811.0,142951.0,26397.677454067198,0.6775337770515324,169.79195727551712,408.58275875812046,101.72472201187676,1397.9165836355664,1790.5474074369297,411.322785062373,110.55258857757762,8.274879438842612,707.788649316488,631.7554103064845,712.1627276712766
E08000037,2015,201271,18.990316538398478,38.21216171231822,839.0,4.168509124513715,253.75,1.2607380099467882,6.6749701775314,1.468724608,Gateshead,41.0,602298.0,5363012.0,164.0,32807.0,83984.0,19576.0,294159.0,368683.0,84083.0,23048.0,1553.0,140672.0,138798.0,145621.0,26645.726408672886,0.8148218074138848,162.99914046236168,417.2682602063884,97.26190062155004,1461.5071222381764,1831.7740757486176,417.76013434622973,114.51227449558058,7.715965042157092,698.9183737349147,689.6075440575145,723.507112301325
E08000037,2016,201359,19.175204485520887,37.757934832811046,963.0,4.782502892843131,322.5,1.601617012400737,6.79689777829611,1.526064634,Gateshead,45.0,603358.0,5512353.0,132.0,33741.0,87683.0,19085.0,306574.0,387798.0,87947.0,24001.0,1493.0,138279.0,155481.0,150952.0,27375.746800490666,0.6555455678663481,167.56638640438223,435.4560759638258,94.78096335400951,1522.5244463868016,1925.9034858138946,436.7671670995585,119.19506950272896,7.414617672912559,686.728678628718,772.1581851320278,749.6660193981893
E08000037,2017,200660,19.376059005282567,37.24558955447025,949.0,4.729393003089804,372.75,1.8576198544802154,6.99531937684838,1.527916074,Gateshead,33.0,603290.0,5587148.0,113.0,33119.0,88532.0,18005.0,314735.0,401008.0,92172.0,24662.0,1276.0,130337.0,172041.0,154137.0,27843.855277583974,0.5631416326123792,165.05033389813613,441.2040267118509,89.72889464766271,1568.4989534536032,1998.4451310674774,459.34416425794876,122.90441542908403,6.359015249676069,649.5415130070767,857.3756603209409,768.1501046546397
E08000037,2018,199915,19.547307605732435,37.07025485831478,1020.0,5.102168421579171,635.75,3.1801015431558413,7.17761345512542,1.498273134,Gateshead,28.0,601934.0,5624971.0,135.0,33021.0,87346.0,17449.0,319330.0,408713.0,96815.0,25509.0,1154.0,123967.0,188573.0,156589.0,28136.813145586875,0.6752869969737139,165.1751994597704,436.91568916789635,87.28209489032838,1597.328864767526,2044.4338844008705,484.28081934822296,127.59922967261086,5.772453292649376,620.0985418802991,943.265888002401,783.2778931045694
E08000037,2019,198435,19.89618766850606,36.62609922644695,961.0,4.842895658527981,798.0,4.021467986998262,7.34725355011916,1.562846899,Gateshead,23.0,599010.0,5681373.0,112.0,33333.0,88135.0,16607.0,332403.0,415818.0,98983.0,26329.0,952.0,118721.0,199971.0,159508.0,28630.901806636935,0.5644165595787033,167.97943911104394,444.15047748633054,83.68987325824577,1675.1228361932117,2095.4871872401545,498.81825282838213,132.6832464031043,4.797540756418978,598.2865925869933,1007.7405699599365,803.829969511427
E08000037,2020,197342,20.126987666082233,36.49805920685916,886.0,4.4896676835139,645.25,3.26970437109181,7.46653474566407,1.430884838,Gateshead,22.0,595692.0,5701868.0,122.0,30171.0,95710.0,16044.0,362510.0,426413.0,102887.0,26784.0,1059.0,108287.0,183681.0,161049.0,28893.33238742893,0.6182160918608305,152.88686645518948,484.9955914098367,81.30048342471446,1836.9632414792593,2160.781789988953,521.3639265843054,135.72376888852855,5.366318371152619,548.72758966667,930.7749997466328,816.0908473614335
E08000037,2021,196179,20.380876648367053,36.28930721432977,945.0,4.817029345648617,676.0,3.44583263244282,7.85078403379876,1.447932839,Gateshead,20.0,591956.0,5740315.0,32.0,29075.0,93020.0,15460.0,377717.0,425543.0,105242.0,27019.0,1009.0,112093.0,187478.0,159416.0,29260.598738906814,0.16311633763042935,148.20648489389794,474.1588039494543,78.80558061770118,1925.3691781485277,2169.156739508306,536.4590501531765,137.72626020114285,5.143262020909476,571.3812385627411,955.6476483211761,812.6048149903913
E08000037,2022,198321,20.37857816368413,36.882629676131124,3309.0,16.68507117249308,775.5,3.9103271968172812,8.09243557005586,1.418705463,Gateshead,16.0,592120.0,5745468.0,102.0,31409.0,92642.0,14127.0,381130.0,423355.0,107099.0,27633.0,930.0,123869.0,187021.0,155087.0,28970.547748347373,0.5143176970668765,158.37455438405414,467.13156952617226,71.23300104376239,1921.7833714029275,2134.695770997524,540.0285395898569,139.3347149318529,4.689367237962697,624.5884197840874,943.0216668935716,781.9998890687319
E08000037,2023,199876,20.4306670135484,37.31963817566891,3401.0,17.015549640777284,845.0,4.227621125097561,8.37303240014377,1.573151588,Gateshead,15.0,595375.0,5873709.0,48.0,31711.0,92890.0,13078.0,395499.0,452566.0,110734.0,29231.0,999.0,125525.0,182435.0,155472.0,29386.764794172384,0.24014889231323422,158.65336508635352,464.7381376453401,65.43056695150993,1978.7218075206627,2264.233824971482,554.013488362785,146.24567231683645,4.998098821269187,628.0143689087234,912.7408993576017,777.8422622025656
E08000037,2024,201422,20.570245554110276,37.69300275044434,3022.0,15.00332634965396,727.75,3.6130611353278193,8.619128466,1.7645576,Gateshead,19.0,601956.0,6043537.0,22.0,30685.0,92032.0,12190.0,411445.0,486707.0,117450.0,31423.0,705.0,122410.0,179958.0,156037.0,30004.354042756007,0.10922342147332466,152.3418494504076,456.91136022877345,60.51970489817398,2042.7013930950939,2416.3547179553375,583.1041296382718,156.00579877074003,3.5001141881224496,607.7290464795306,893.4376582498436,774.6770462015072
E08000037,2025,202509,20.725498619814427,37.995842160101525,,,681.25,3.36404801761897,,,Gateshead,,,,,,,,,,,,,,,,,,,,,,,,,,,,
E09000002,2011,187029,10.340107683835127,45.225606724090916,,,,,,5.432227612,Barking and Dagenham,202.0,547447.0,,,,,,,,,,,,,,,,,,,,,,,,,,
E09000002,2012,191453,10.16437454623328,44.94732388628018,3549.0,18.53718667244702,,,6.76851845550744,5.654557705,Barking and Dagenham,195.0,561320.0,,,,,,,,,,,,,,,,,,,,,,,,,,
E09000002,2013,196204,9.916719332939186,44.74781350023445,3444.0,17.553158957003934,,,7.19652592708169,5.98772192,Barking and Dagenham,197.0,574686.0,,,,,,,,,,,,,,,,,,,,,,,,,,
E09000002,2014,201244,9.65196477907416,44.68654966110791,4726.0,23.483929955675695,131.0,0.6509510842559282,7.23274513681187,5.944871902,Barking and Dagenham,203.0,588901.0,3579848.0,523.0,23166.0,66012.0,11060.0,157992.0,244653.0,91928.0,28065.0,3006.0,143471.0,78276.0,81886.0,17788.594939476458,2.5988352447774843,115.11399097612848,328.01971735803306,54.958160243286756,785.0768221661267,1215.7033253165312,456.7987120112898,139.4575738904017,14.937091292162748,712.9206336586432,388.96066466577884,406.8990876746636
E09000002,2015,206450,9.361104383627998,44.60789537418261,5339.0,25.860983288931944,141.5,0.685395979656091,7.45903854184578,6.129286766,Barking and Dagenham,180.0,603898.0,3592623.0,511.0,21970.0,64990.0,10988.0,164029.0,247237.0,97363.0,28479.0,2531.0,125354.0,81788.0,84191.0,17401.903608621942,2.475175587309276,106.41801889077259,314.79777185759264,53.22354080891257,794.5216759505934,1197.5635747154274,471.60571566965365,137.9462339549528,12.259627028336158,607.1881811576652,396.16372002906274,407.803342213611
E09000002,2016,211047,9.190369917601293,44.37068520282212,6098.0,28.894037820959312,407.25,1.929664956147209,7.77942470702673,5.916555405,Barking and Dagenham,174.0,618741.0,3731300.0,572.0,22943.0,65552.0,11374.0,173748.0,255824.0,107690.0,28746.0,2398.0,123381.0,88072.0,90468.0,17679.94806843973,2.7102967585419364,108.71038204760076,310.603799153743,53.89320862177619,823.2668552502523,1212.1660104147418,510.2654858870299,136.20662695987147,11.362397949271962,584.6138537861235,417.30988831871576,428.66280970589486
E09000002,2017,214017,9.013769934164108,44.36283099006154,5044.0,23.56822121607162,748.0,3.4950494586878613,7.99975066300973,5.854136467,Barking and Dagenham,160.0,631514.0,3771591.0,609.0,22875.0,64742.0,11877.0,183004.0,265059.0,113530.0,28809.0,1999.0,114743.0,88285.0,95172.0,17622.8570627567,2.8455683427017484,106.88403257685138,302.5086792170715,55.49559147170552,855.090950718868,1238.495072821318,530.471878402183,134.61080194563982,9.34037950256288,536.139652457515,412.5139591714677,444.69364583187314
E09000002,2018,216298,8.843817326096405,44.468742198263506,5538.0,25.60356545136802,881.75,4.076551794283811,8.48762175550052,5.682476044,Barking and Dagenham,174.0,641362.0,3696596.0,502.0,22455.0,64282.0,11073.0,187748.0,273477.0,121699.0,29094.0,1605.0,104806.0,81060.0,97553.0,17090.292097014306,2.3208721301167836,103.81510693580154,297.1918371875838,51.1932611489704,868.0061766636769,1264.3528835218078,562.6450545081323,134.50887201915876,7.420318264616409,484.5444710538239,374.7607467475427,451.01202969976606
E09000002,2019,218828,8.727402343392985,44.62637322463304,5865.0,26.801871789716124,849.75,3.8831867951084873,8.63571808020468,5.503005505,Barking and Dagenham,146.0,649143.0,3786053.0,322.0,23664.0,67203.0,11265.0,200560.0,281641.0,128871.0,30141.0,1258.0,104166.0,81086.0,104663.0,17301.501635988083,1.4714753139451988,108.13972617763723,307.10420969894165,51.47878699252381,916.518909828724,1287.0427915988814,588.9145813150054,137.73831502367156,5.748807282431864,476.0176942621602,370.54673076571555,478.2888844206409
E09000002,2020,219227,8.701482937776825,44.47672959991242,4764.0,21.730899934770807,830.5,3.7883107463952888,8.71943389231273,5.29845953,Barking and Dagenham,130.0,654353.0,3820006.0,244.0,22463.0,72770.0,11827.0,223342.0,293769.0,134049.0,30519.0,1304.0,97629.0,80148.0,107375.0,17424.888357729662,1.113001591957195,102.4645686890757,331.9390403554306,53.948646836384206,1018.7704981594421,1340.0219863429231,611.4620918043854,139.21186715140016,5.948172442263042,445.3329197589713,365.5936540663331,489.7891226901796
E09000002,2021,218714,8.749325603299285,44.43657013268469,5020.0,22.95234872939089,751.5,3.4359940378759477,8.94743978888298,4.850903988,Barking and Dagenham,106.0,656769.0,3879213.0,92.0,22071.0,70610.0,10783.0,235323.0,296516.0,136768.0,30617.0,1353.0,114389.0,80043.0,106814.0,17736.46405808499,0.42064065400477335,100.91260733194949,322.84170194866357,49.30182795797251,1075.939354590927,1355.7248278573845,625.3280539883135,139.9864663441755,6.186160922483243,523.0072149016523,365.9710855272182,488.37294366158545
E09000002,2022,221769,8.78707123177721,44.789397977174445,7156.0,32.26781019890066,632.75,2.8531940893452195,9.39546995080879,4.932511806,Barking and Dagenham,102.0,658333.0,4003279.0,57.0,22640.0,71315.0,10952.0,241872.0,308750.0,144433.0,31413.0,1354.0,131333.0,85543.0,108561.0,18051.571680442263,0.25702420085764915,102.08820890205575,321.5733488449693,49.38472013671884,1090.6483773656373,1392.2144213122665,651.2767789907516,141.64738985160236,6.105452069495736,592.2063047585551,385.7301967362436,489.52288191767104
E09000002,2023,227908,8.605665443951068,45.68159081734735,9752.0,42.78919564034611,553.25,2.427514611158889,9.90159043333895,4.84214735,Barking and Dagenham,126.0,665407.0,4171281.0,116.0,22314.0,72696.0,10467.0,252771.0,329004.0,154123.0,33234.0,1246.0,135513.0,86773.0,110905.0,18302.477315407974,0.5089773066325008,97.90792776032434,318.9708127841059,45.92642645277919,1109.0922653000332,1443.5824982010286,676.2509433631114,145.8219983502115,5.46711831089738,594.5951875318111,380.7369640381206,486.62179475928883
E09000002,2024,234866,8.569567327752846,46.32641591375508,9654.0,41.104289254298195,465.0,1.979852341335059,10.69858676,4.819975376,Barking and Dagenham,144.0,679440.0,4478295.0,85.0,22446.0,75684.0,10685.0,267080.0,362191.0,170892.0,36593.0,1020.0,130055.0,94316.0,116990.0,19067.44696976148,0.3619084925021076,95.5693885023801,322.2433217238766,45.49402638100023,1137.1590609113282,1542.1176330333042,727.614895302002,155.8037348956426,4.342901910025291,553.7412822630777,401.57366328033856,498.11381809201845
E09000002,2025,238295,8.611175223987075,46.25820936234499,,,324.25,1.3607083656811934,,,Barking and Dagenham,,,,,,,,,,,,,,,,,,,,,,,,,,,,
E09000003,2011,357538,13.342637705642478,44.720281480569895,,,,,,2.828587532,Barnet,318.0,1054805.0,,,,,,,,,,,,,,,,,,,,,,,,,,
E09000003,2012,363260,13.500798326267686,44.390794472278806,9203.0,25.33447117766889,,,5.93419398291718,2.916382313,Barnet,324.0,1072236.0,,,,,,,,,,,,,,,,,,,,,,,,,,
E09000003,2013,368611,13.581526324499269,44.22195756502112,9358.0,25.38719680096362,,,6.05253523685743,2.98037076,Barnet,283.0,1089409.0,,,,,,,,,,,,,,,,,,,,,,,,,,
E09000003,2014,373853,13.64654021767914,44.042444490214066,10984.0,29.380531920300225,91.5,0.24474860439798532,6.05805435952823,2.984583378,Barnet,258.0,1105724.0,5081195.0,392.0,28432.0,82635.0,14806.0,226327.0,312774.0,103600.0,30294.0,5618.0,205870.0,130626.0,139711.0,13591.424971847224,1.048540469114866,76.05128218845375,221.03607567680345,39.60380149417017,605.3903539626538,836.6229507319722,277.1142668375003,81.03184941674937,15.027296825222749,550.6709856547894,349.4047125474451,373.7057078584363
E09000003,2015,377826,13.737275888901241,43.847432415979846,11214.0,29.680329040351907,79.0,0.2090909572131087,6.16117068939677,3.008966923,Barnet,221.0,1120290.0,5211106.0,309.0,29048.0,83777.0,14606.0,241619.0,322695.0,108984.0,32065.0,4968.0,194650.0,141538.0,148131.0,13792.343565556632,0.8178367820107668,76.88195095096685,221.7343433220583,38.65800659562867,639.4980758338494,854.0836257960013,288.45023899890424,84.8671081397257,13.148909815629416,515.1842382472355,374.61159369656934,392.06142510044305
E09000003,2016,382925,13.800874844943527,43.57824639289678,11979.0,31.28288829405236,86.75,0.2265456682117908,6.24152944232822,3.011194706,Barnet,221.0,1134604.0,5335119.0,415.0,29177.0,83823.0,14355.0,251165.0,329104.0,116802.0,33101.0,4547.0,189016.0,149805.0,155341.0,13932.542926160477,1.083763138995887,76.19507736501926,218.9018737350656,37.48775869948423,655.9117320624142,859.4476725207286,305.0257883397532,86.44251485277796,11.87438793497421,493.611020434811,391.2123784030815,405.66951752954236
E09000003,2017,384117,13.907220976941922,43.05693317400688,9640.0,25.096520070707623,86.25,0.22454096017619632,6.46794381070293,2.991851568,Barnet,209.0,1144868.0,5445845.0,490.0,30176.0,83045.0,14138.0,264066.0,345727.0,125717.0,34147.0,4099.0,181991.0,158809.0,164385.0,14177.568292994061,1.275652991145927,78.55939726697855,216.19714826472142,36.80649385473697,687.4624137957967,900.0564932038936,327.2883001793724,88.8973932421632,10.671227776953376,473.79053777885383,413.4391344303949,427.9555447949453
E09000003,2018,387574,13.999391084025245,42.76938081501855,9924.0,25.60543276896799,80.75,0.20834730915902513,6.63582430085454,2.967756987,Barnet,195.0,1154616.0,5612704.0,585.0,30920.0,82933.0,13409.0,274213.0,364455.0,135871.0,35930.0,3999.0,179255.0,170789.0,173978.0,14481.631894812344,1.5093891747124422,79.77831330274992,213.97978192551616,34.59726400635749,707.5113397699536,940.3494558458514,350.56789155103286,92.70487700413341,10.31802958918813,462.50522480868165,440.6616542905355,448.8897604070449
E09000003,2019,390590,14.101743516219054,42.5328349420108,10130.0,25.935123787091324,117.5,0.3008269540950869,6.65120311006837,3.040817738,Barnet,168.0,1162281.0,5713112.0,533.0,31411.0,83959.0,12973.0,286410.0,372980.0,141163.0,36897.0,3468.0,179016.0,173041.0,185995.0,14626.877288205023,1.3646022683632455,80.41936557515554,214.9542999052715,33.21385596149415,733.2753014670114,954.9143603266853,361.40966230574264,94.4647840446504,8.878875547249034,458.32202565349854,443.0246550090888,476.18986661204843
E09000003,2020,391046,14.233619574167745,42.245157858666246,7895.0,20.18944062846826,153.5,0.39253693938820494,6.64970833836876,2.995537758,Barnet,158.0,1169210.0,5690846.0,384.0,29175.0,90070.0,13955.0,315353.0,382043.0,142978.0,37272.0,3019.0,150278.0,172009.0,194884.0,14552.881246707548,0.9819816594467147,74.60759092280703,230.33095850616039,35.68633869161173,806.4345371132808,976.9771331250032,365.6296190218031,95.31359482004675,7.720319348618832,384.2974995269099,439.8689668223176,498.365921144827
E09000003,2021,388955,14.543070535151882,41.70919515111002,7820.0,20.10515355246751,195.0,0.5013433430602512,6.72876826673932,2.898295164,Barnet,144.0,1170591.0,5682340.0,227.0,28064.0,85710.0,13914.0,325225.0,388060.0,145369.0,36762.0,2613.0,143751.0,174463.0,196215.0,14609.247856435833,0.5836150711521898,72.1523055366302,220.35968171125194,35.772775770976075,836.1507115218984,997.6989626049286,373.7424637811572,94.51478962862028,6.718000797007366,369.58259952950857,448.5428905657467,504.467097736242
E09000003,2022,391926,14.721401489056607,41.256767859238735,10056.0,25.6579048085608,612.75,1.5634328929440762,6.92205765943534,2.880847692,Barnet,148.0,1170372.0,5885959.0,164.0,29134.0,87370.0,13432.0,334363.0,407796.0,151174.0,38698.0,2550.0,173158.0,178209.0,200561.0,15018.036568127658,0.4184463393599812,74.3354612860591,222.92473579196073,34.27177579441017,853.1278863867159,1040.4923378392862,385.72077381954756,98.73802707653996,6.506330276633854,441.8129953103392,454.70063226221276,511.73180651449513
E09000003,2023,399842,14.814851866487263,41.37284227269772,12841.0,32.11518549827182,1794.0,4.4867722750486445,7.06736840321036,2.911737204,Barnet,155.0,1177517.0,6065162.0,192.0,29138.0,88457.0,13442.0,342453.0,430473.0,155617.0,39804.0,2608.0,179424.0,181243.0,206368.0,15168.896714202108,0.48018967492159403,72.87378514513233,221.22988580489294,33.61827922029202,856.4708059683575,1076.6077600652256,389.19623251184214,99.54932198218296,6.522576417684986,448.7372512142296,453.2865481865337,516.1238689282267
E09000003,2024,406198,15.002289523828281,41.42979532149346,11184.0,27.53337042526059,1371.5,3.376432183319465,7.216763712,2.862665176,Barnet,160.0,1193612.0,6477916.0,214.0,29655.0,92181.0,13028.0,363638.0,470612.0,165770.0,42704.0,2112.0,181871.0,193119.0,216472.0,15947.680687743416,0.5268366658624611,73.00626787921162,226.93612474704454,32.07302842456142,895.2235116864189,1158.577836424601,408.10146775710365,105.13099522892777,5.199434758418309,447.7397722293069,475.43070128361046,532.9223679092462
E09000003,2025,408087,15.328839193603324,41.086091936278294,,,1497.0,3.66833542847481,,,Barnet,,,,,,,,,,,,,,,,,,,,,,,,,,,,
E09000004,2011,232774,16.112624262159862,39.530188079424676,,,,,,2.344004393,Bexley,72.0,691631.0,,,,,,,,,,,,,,,,,,,,,,,,,,
E09000004,2012,234435,16.405826775012265,39.10892144944228,1563.0,6.6670932241346215,,,6.71777077656307,2.392620325,Bexley,80.0,697920.0,,,,,,,,,,,,,,,,,,,,,,,,,,
E09000004,2013,236169,16.546625509698565,38.81330741968675,1401.0,5.932192624772939,,,6.85938340269817,2.521098137,Bexley,93.0,703378.0,,,,,,,,,,,,,,,,,,,,,,,,,,
E09000004,2014,239112,16.582605640871222,38.650088661380444,1735.0,7.256013918163872,30.75,0.1286008230452675,6.85071096917708,2.619418859,Bexley,75.0,709716.0,3608439.0,120.0,27373.0,62280.0,13251.0,171582.0,232671.0,74770.0,25919.0,5311.0,160513.0,86302.0,105381.0,15090.999197029007,0.501856870420556,114.47773428351569,260.4637157482686,55.417544916189904,717.580046170832,973.0628324801767,312.6986516778748,108.39690187025327,22.211348656696444,671.2879320151226,360.92709692529024,440.7181571815718
E09000004,2015,241427,16.52093593508597,38.55699652482945,1809.0,7.492948178952644,25.75,0.1066574989541352,6.91974724569589,2.21609354,Bexley,69.0,716708.0,3653042.0,109.0,27956.0,61772.0,13055.0,179518.0,233818.0,76212.0,26120.0,4278.0,158890.0,89344.0,108029.0,15131.041681336388,0.45148222858255294,115.79483653443897,255.86202040368312,54.07431646004796,743.5705202814929,968.4832268139023,315.6730605938855,108.19005330803928,17.71964196216662,658.1285440319434,370.0663140410973,447.4603089132533
E09000004,2016,244006,16.44385793791956,38.568723719908526,2007.0,8.225207576862864,26.5,0.10860388678966912,6.96567891872841,2.691180229,Bexley,66.0,724545.0,3767564.0,81.0,27984.0,62142.0,12894.0,187806.0,239418.0,79837.0,27540.0,3672.0,158946.0,95510.0,113566.0,15440.456382220109,0.33195905018729044,114.68570444989058,254.67406539183463,52.842962877962016,769.6777948083244,981.1971836758112,327.1927739481816,112.86607706367876,15.04881027515717,651.4020147045564,391.4248010294829,465.42298140209664
E09000004,2017,244494,16.511243629700523,38.4033964023657,1844.0,7.542107372778064,33.75,0.13804019730545533,6.85436359011892,2.816013575,Bexley,82.0,729927.0,3798467.0,133.0,28074.0,61218.0,12108.0,190271.0,243091.0,81586.0,27626.0,3548.0,154520.0,101842.0,118063.0,15536.033604096625,0.543980629381498,114.82490367861787,250.38651255245526,49.52268767331714,778.2235964890754,994.2616178720132,333.6932603663075,112.99254787438547,14.5116035567335,631.9991492633766,416.5419192291017,482.88710561404366
E09000004,2018,245244,16.517427541550457,38.26067100520298,1984.0,8.089902301381482,50.0,0.2038785862243317,6.92067209669493,2.751709461,Bexley,87.0,733744.0,3765798.0,80.0,28254.0,59879.0,11555.0,195868.0,247995.0,84340.0,28332.0,3234.0,148751.0,104666.0,123309.0,15355.311444928317,0.3262057379589307,115.20771150364536,244.16091729053514,47.11634127644305,798.665818531748,1011.2173998140628,343.9023992432027,115.52576209815531,13.186866956989775,606.5428715891112,426.783122115118,502.8012917747223
E09000004,2019,246622,16.55407871155047,38.28612208156612,2155.0,8.738068785428712,72.5,0.293972151713959,7.15942989724892,2.840422869,Bexley,78.0,736360.0,3772914.0,76.0,28239.0,58619.0,10927.0,201895.0,248193.0,85066.0,28407.0,2507.0,147192.0,105846.0,126142.0,15298.36754223062,0.3081639107622191,114.5031667896619,237.68763532855948,44.306671748668,818.6414837281345,1006.3700724185189,344.9246214855122,115.1843712239784,10.165354266853727,596.8323993804283,429.18312234918216,511.4791056758926
E09000004,2020,246924,16.562991041778037,38.28586933631401,1876.0,7.597479386369895,100.75,0.40802028154411885,7.2500244985533,2.869362116,Bexley,66.0,738790.0,3733937.0,60.0,24028.0,61220.0,11168.0,221412.0,250317.0,88014.0,28543.0,2016.0,119219.0,109783.0,131909.0,15121.80670975685,0.24298974583272587,97.30929354781229,247.93053733132462,45.22849135766471,896.680760071925,1013.7410701268406,356.44165816202553,115.5942719217249,8.164455459979589,482.81657514052904,444.6023877792357,534.2089063841506
E09000004,2021,246637,16.636190028260156,38.364073516950015,2092.0,8.482101225687956,137.0,0.5554722121984941,7.59221410696174,2.950853825,Bexley,62.0,740183.0,3797608.0,50.0,23734.0,59674.0,10801.0,233086.0,253801.0,90958.0,28660.0,1960.0,120478.0,114814.0,134206.0,15397.559976808023,0.20272708474397597,96.2304925862705,241.95072110024043,43.79310484639369,945.0569054926876,1029.0467367021167,368.7930034828513,116.20316497524702,7.946901721963858,488.4830743156947,465.51815015589716,544.1438227030008
E09000004,2022,247977,16.751553571500583,38.45840541663138,3279.0,13.223000520209535,128.25,0.517185061517802,7.86383269038792,2.945650578,Bexley,57.0,741436.0,3968109.0,53.0,25137.0,60083.0,10720.0,245669.0,272041.0,96980.0,29730.0,1997.0,140985.0,122714.0,138467.0,16001.923565491961,0.213729499106772,101.36827205748921,242.2926319779657,43.229815668388596,990.6926852087089,1097.0412578585917,391.08465704480653,119.89015110272324,8.053166221060824,568.5406307843066,494.8604104412909,558.3864632607056
E09000004,2023,252070,16.643789423572816,39.02804776450986,4688.0,18.59800848970524,123.5,0.48994326972666324,8.26622338351143,2.772687435,Bexley,69.0,746636.0,4216196.0,72.0,25847.0,62250.0,10657.0,262064.0,300839.0,105030.0,30967.0,1863.0,149186.0,134091.0,143376.0,16726.290316182014,0.2856349426746539,102.53897726821914,246.95521085412784,42.27793866783036,1039.6477169040345,1193.4740349902804,416.6699726266513,122.8507954139723,7.390804141706669,591.843535525846,531.9593763637085,568.7943825127941
E09000004,2024,256288,16.631679985016856,39.44078536646273,4476.0,17.46472718192034,101.25,0.39506336621301036,8.512332855,3.001128674,Bexley,86.0,756433.0,4377442.0,79.0,25793.0,64277.0,10687.0,272154.0,325270.0,111859.0,32934.0,1515.0,149519.0,139653.0,145476.0,17080.167623923084,0.30824697215632413,100.64068547883632,250.79988138344362,41.699182170058684,1061.9069172181296,1269.1581345985765,436.4582032713198,128.5038706455238,5.911318516668747,583.4022662005244,544.9065114246473,567.6270445748532
E09000004,2025,257103,16.872615255364583,39.4709513307896,,,99.5,0.3870044301311148,,,Bexley,,,,,,,,,,,,,,,,,,,,,,,,,,,,
E09000005,2011,312245,10.518022706528527,49.35995772550401,,,,,,3.800982475,Brent,901.0,915148.0,,,,,,,,,,,,,,,,,,,,,,,,,,
E09000005,2012,317984,10.569399718224817,49.07699758478414,12818.0,40.31020428700815,,,7.82266563358562,3.948273182,Brent,913.0,935014.0,,,,,,,,,,,,,,,,,,,,,,,,,,
E09000005,2013,324345,10.533228506682699,48.887141778044985,13117.0,40.441505187377636,,,7.90701619980802,4.210233212,Brent,899.0,954574.0,,,,,,,,,,,,,,,,,,,,,,,,,,
E09000005,2014,329981,10.565456799027823,48.49188286598319,15602.0,47.281510147553945,103.5,0.31365442252735765,8.02693512781155,4.410233498,Brent,793.0,972310.0,5055418.0,2014.0,26507.0,80696.0,13907.0,219935.0,308810.0,158772.0,35029.0,3912.0,172843.0,151430.0,106861.0,15320.330564487045,6.103381709856022,80.32886741963931,244.54741333591934,42.14485076413491,666.5080716768541,935.8417605862156,481.15497558950364,106.1545967798146,11.855228028280417,523.7968246656626,458.9052096938915,323.8398574463378
E09000005,2015,335605,10.598471417291162,48.286527316339146,16820.0,50.11844281223462,99.0,0.2949896455654713,8.19886164051839,4.295742035,Brent,651.0,989931.0,5212154.0,1914.0,26606.0,80723.0,13605.0,235427.0,324293.0,167744.0,36164.0,3362.0,162697.0,163139.0,116668.0,15530.620819117714,5.703133147599112,79.27772232237302,240.52978948466202,40.53872856483068,701.5002756216385,966.2937083774079,499.82568793671135,107.75763173969398,10.017729175667824,484.7871753996514,486.10419987783257,347.6348683720445
E09000005,2016,339524,10.649026283856223,47.85729432970865,17222.0,50.723954713068885,189.75,0.5588706542100116,8.54814111058329,4.325424671,Brent,561.0,1005110.0,5397006.0,2143.0,27574.0,82207.0,13171.0,247091.0,339897.0,178286.0,37285.0,3385.0,159231.0,172936.0,125753.0,15895.801180476195,6.311777665201872,81.21369917885039,242.12426809297725,38.79254485691733,727.757095227436,1001.0985968591322,525.1057362660666,109.81550641486317,9.969840129121947,468.9830468538306,509.3483818522402,370.38029712185295
E09000005,2017,342439,10.792287093467742,47.455751243287125,13841.0,40.41887752271207,181.5,0.5300214052721799,8.63834465547476,4.44763279,Brent,507.0,1017568.0,5471594.0,2582.0,26822.0,82759.0,12713.0,255531.0,352999.0,186635.0,37591.0,3502.0,157490.0,175092.0,131775.0,15978.302705007316,7.540029027067595,78.32635885515377,241.67515966347293,37.12486019407836,746.2088138325365,1030.8376090340178,545.0167767105967,109.77429556796977,10.226638905031262,459.90672791358463,511.30858342653727,384.8130615963719
E09000005,2018,345558,10.952719948604866,47.270791010481595,14226.0,41.168197524004654,210.0,0.6077127428680569,8.71798854591844,4.460923672,Brent,453.0,1027521.0,5456885.0,2798.0,27149.0,80967.0,12072.0,257703.0,362395.0,192248.0,38906.0,3224.0,152358.0,172831.0,139408.0,15791.516908883603,8.097048831165825,78.56568217202323,234.30798881808553,34.93480110430087,745.7590332158422,1048.7240926269974,556.3407590042772,112.58891416202201,9.329837538126739,440.90427656138763,500.1504812506149,403.4286574178575
E09000005,2019,347424,11.10372340425532,47.248606889564336,14836.0,42.702864511375154,161.75,0.46556944828221425,8.9140932809487,4.671057224,Brent,376.0,1035421.0,5567063.0,2554.0,28024.0,84444.0,11902.0,272765.0,378818.0,205108.0,41299.0,2854.0,150240.0,173240.0,150340.0,16023.829672100948,7.351248042737404,80.66224555586257,243.05747444045318,34.25785207700101,785.1069586441927,1090.3622087132726,590.3679653679653,118.87204107948789,8.21474624666114,432.4399005250069,498.64142949249333,432.7277332596481
E09000005,2020,343988,11.366675581706339,46.65366233705827,11708.0,34.036071025733456,217.75,0.6330162680093491,8.63307591242067,4.723497391,Brent,328.0,1036970.0,5517083.0,1817.0,25619.0,90862.0,11880.0,299770.0,398085.0,216166.0,42765.0,2698.0,122672.0,167717.0,159814.0,16038.591462492877,5.282161005616475,74.47643522448458,264.14293521867046,34.53608846820238,871.4548181913323,1157.264206890938,628.4114562135888,124.32119725106689,7.843296859192762,356.61709129388237,487.5664267358163,464.5917880856309
E09000005,2021,339248,11.758654435693062,46.12761165872754,11164.0,32.9080790454181,291.25,0.8585164835164835,8.58015321520558,4.324402332,Brent,353.0,1030660.0,5540296.0,773.0,23997.0,88765.0,11847.0,310836.0,410915.0,220831.0,42900.0,2535.0,122051.0,169407.0,160666.0,16331.108805357733,2.278569070414564,70.73586284959676,261.6522426071782,34.92135546856577,916.2500589539217,1211.2525350186295,650.9426732066217,126.45616186388719,7.472409564684243,359.76925435079943,499.36034995047874,473.5945385087016
E09000005,2022,344163,11.846421608365803,46.47245636515256,14116.0,41.01544907500225,467.5,1.3583679826128898,8.25306296850182,4.33413744,Brent,375.0,1024741.0,5762332.0,644.0,25797.0,92002.0,11929.0,319306.0,436285.0,228988.0,44553.0,2428.0,143303.0,173763.0,166321.0,16743.031644889197,1.8712063760485584,74.95576224056624,267.3210077782911,34.66090195634045,927.7755017244735,1267.669679773828,665.3475242835517,129.4531951429991,7.054796709698603,416.38119147032074,504.8857663374622,483.26229141424267
E09000005,2023,352153,11.859049901605268,47.21498893946665,17940.0,50.943765919926854,956.25,2.7154390279225225,7.95714276499261,4.392510414,Brent,400.0,1029504.0,6087958.0,540.0,25954.0,95330.0,11890.0,330461.0,475290.0,243065.0,47036.0,2187.0,143460.0,181213.0,171851.0,17287.820918748384,1.5334243922386008,73.70091977066787,270.7061987261219,33.76373337725364,938.4017742288153,1349.6690359020085,690.2255553693991,133.566943913583,6.210368788566334,407.3797468713883,514.5859896124696,488.00095413073296
E09000005,2024,355398,12.14778923910658,47.4026302905475,16707.0,47.009268482096125,1044.25,2.9382551393086063,8.069818459,4.204907894,Brent,408.0,1043232.0,6524643.0,458.0,26884.0,98338.0,12094.0,354315.0,525253.0,258312.0,50599.0,2118.0,140625.0,194160.0,180623.0,18358.693633616396,1.2886960534386802,75.64477008874557,276.69823690622906,34.02945430193755,996.9527121705805,1477.9289697747315,726.8245741394155,142.37277643655847,5.959515810443502,395.6831495956646,546.3170867590701,508.2273957647483
E09000005,2025,352201,12.628868174707057,46.847680727766246,,,1063.0,3.018162924012141,,,Brent,,,,,,,,,,,,,,,,,,,,,,,,,,,,
E09000006,2011,310554,16.87371600430199,38.762984859315935,,,,,,2.308799267,Bromley,108.0,926038.0,,,,,,,,,,,,,,,,,,,,,,,,,,
E09000006,2012,314663,17.207615766709146,38.58540724521154,2124.0,6.750078655577554,,,5.16542236641407,2.364258051,Bromley,105.0,933777.0,,,,,,,,,,,,,,,,,,,,,,,,,,
E09000006,2013,318582,17.39928809537262,38.40110238494328,2026.0,6.359430225185352,,,5.24238860553729,2.486234903,Bromley,101.0,943799.0,,,,,,,,,,,,,,,,,,,,,,,,,,
E09000006,2014,321800,17.499378495960222,38.19763828464885,2502.0,7.775015537600995,18.25,0.05671224362958359,5.39506284240943,2.631245136,Bromley,77.0,955045.0,4299745.0,173.0,29806.0,75866.0,15265.0,200959.0,261516.0,67375.0,28831.0,6719.0,198554.0,91545.0,115829.0,13361.544437538845,0.5376009944064636,92.62274704785581,235.75512740832815,47.436295835922934,624.4841516469857,812.6662523306402,209.3691733996271,89.59291485394655,20.879428216283408,617.0105655686762,284.47793660658795,359.9409571162213
E09000006,2015,325653,17.422225497692327,38.21490973520895,2488.0,7.640034023945733,20.0,0.061415064501171485,5.48090822485664,2.609004259,Bromley,72.0,966035.0,4272260.0,169.0,29197.0,76338.0,15698.0,205774.0,259557.0,69093.0,30261.0,5650.0,179458.0,96416.0,119619.0,13119.056173288745,0.5189572950348991,89.6567819120352,234.4151596945215,48.204684126969504,631.8811741332031,797.0354948365284,212.1675525789721,92.92406334349752,17.349755721580944,551.0712322625617,296.0697429472475,367.32043002828163
E09000006,2016,327701,17.493080582604264,37.81465421222395,2952.0,9.008211754007464,21.75,0.0663714788786119,5.49057947838223,2.67955637,Bromley,64.0,975154.0,4244183.0,154.0,30012.0,76795.0,15146.0,204590.0,252388.0,68346.0,31661.0,4542.0,176319.0,100043.0,122507.0,12951.388613400632,0.46994058608304523,91.58348616574256,234.34472278082765,46.21896179749223,624.3191201735729,770.1776924696599,208.56207335345331,96.6155123115279,13.860195727202541,538.0484038803665,305.28744190588367,373.83773622906244
E09000006,2017,329134,17.480722137488076,37.52544556320526,2469.0,7.5015039467207885,22.5,0.06836121458129515,5.55637674628211,2.613964796,Bromley,69.0,982488.0,4202207.0,156.0,28764.0,76645.0,14251.0,203601.0,254322.0,69402.0,32466.0,4030.0,168918.0,101859.0,124677.0,12767.46553075647,0.4739710877636464,87.39297672072773,232.86867962592746,43.298474177690544,618.5960733318344,772.7004806552955,210.86244508315764,98.64067522650349,12.244253100560865,513.2195397619207,309.47577582382854,378.80316223787275
E09000006,2018,330367,17.460279023025908,37.31456228981708,2787.0,8.436072610157794,24.25,0.07340321521217313,5.73145473960312,2.591400146,Bromley,63.0,987202.0,4138230.0,154.0,28288.0,75185.0,14145.0,201639.0,258372.0,72243.0,33268.0,3967.0,165185.0,98393.0,126530.0,12526.160300514277,0.4661482533061716,85.62598564626613,227.5802365248345,42.81601975984284,610.348491223397,782.0756915793647,218.67498872466075,100.70013046097219,12.00785792769859,500.0045404050647,297.82938368541653,382.9983018885058
E09000006,2019,331192,17.56322616488321,37.24455904731998,2847.0,8.596222130969347,22.75,0.06869127273605644,5.9681607848306,2.45843935,Bromley,62.0,990693.0,4165717.0,113.0,28888.0,75494.0,13605.0,210015.0,263257.0,74178.0,34262.0,3319.0,165472.0,98502.0,128633.0,12577.951762119857,0.3411918162274451,87.22432909007465,227.94632720597116,41.07889079446363,634.1185777434238,794.8772917220223,223.97280127539312,103.45056643880287,10.02137732795478,499.62559482113096,297.4166042658035,388.39404333438006
E09000006,2020,331247,17.559404311586217,37.137241997663374,2248.0,6.786476556768816,43.5,0.13132194404779515,6.03470612663583,2.519492388,Bromley,52.0,992806.0,4117408.0,101.0,26380.0,80528.0,13843.0,231458.0,266428.0,77522.0,34215.0,3152.0,141737.0,94401.0,131451.0,12430.023517194117,0.3049084218121221,79.63845710300772,243.10559793749076,41.79056715985352,698.7474603543579,804.3182277877233,234.0307987694983,103.29150150793818,9.515557876750583,427.88915824143317,284.98673195530824,396.8368015408442
E09000006,2021,329899,17.69056590047257,37.1246957402114,2520.0,7.638701541987093,48.0,0.14549907699023035,6.20954842536784,2.47460413,Bromley,50.0,992338.0,4132445.0,86.0,25222.0,77153.0,13456.0,239562.0,265016.0,78007.0,34516.0,2930.0,144068.0,98451.0,131098.0,12526.39444193526,0.2606858462741627,76.45370249682479,233.86854764640086,40.78824124959457,726.1677058736159,803.3246539092268,236.45721872451873,104.62596127905815,8.88150615794531,436.7033546630938,298.4277005992743,397.38829156802535
E09000006,2022,330047,17.8447312049496,36.894139319551456,3539.0,10.722715249646262,52.25,0.15831078603956406,6.39257052101927,2.528762102,Bromley,49.0,991076.0,4270947.0,76.0,26578.0,78241.0,12535.0,243966.0,277200.0,81198.0,35910.0,2608.0,172220.0,100644.0,134312.0,12940.420606762067,0.2302702342393659,80.52792481070878,237.06017627792406,37.979439291979624,739.1856311373834,839.8803806730557,246.0195063127373,108.80268567810039,7.90190488021403,521.8044702724158,304.93838756298345,406.94810133102254
E09000006,2023,332418,17.929233675673398,36.92098502487831,4272.0,12.851289641355162,171.5,0.515916707278186,6.54069969790202,2.569970369,Bromley,56.0,992311.0,4365870.0,72.0,27454.0,80629.0,12226.0,246091.0,293696.0,83758.0,36355.0,2605.0,178487.0,99594.0,137091.0,13133.675071747017,0.21659476923632293,82.58878881408347,242.5530506771595,36.77899512060117,740.3058799463327,883.514129800432,251.96589835688803,109.36531716092391,7.836519081397517,536.9354246761608,299.6047145461437,412.4054654080104
E09000006,2024,334641,18.029470387669175,36.849937694424774,3865.0,11.54969056391775,160.5,0.47961845679399717,6.72884214,2.860744476,Bromley,59.0,997731.0,4536327.0,58.0,29217.0,83896.0,12144.0,252982.0,315269.0,87041.0,38298.0,2311.0,185505.0,98471.0,139302.0,13555.801590361014,0.17332006538350053,87.3084887984437,250.70448630024416,36.28963575891776,755.9802893249781,942.1110981619108,260.102617431815,114.44503213891902,6.905908122435685,554.3403229132115,294.25862342032207,416.27296117331707
E09000006,2025,336048,18.261081750226158,36.76558110746084,,,166.5,0.49546493358091703,,,Bromley,,,,,,,,,,,,,,,,,,,,,,,,,,,,
E09000007,2011,220087,10.981566380567685,54.22719197408298,,,,,,8.609596252,Camden,239.0,647736.0,,,,,,,,,,,,,,,,,,,,,,,,,,
E09000007,2012,219647,11.208438995297,53.69297099436824,11275.0,51.33236511311331,,,4.01472152180967,8.696547508,Camden,201.0,654459.0,,,,,,,,,,,,,,,,,,,,,,,,,,
E09000007,2013,221348,11.270036322894265,53.52838064947503,11802.0,53.31875598604912,,,3.85898942796896,8.567931175,Camden,177.0,661082.0,,,,,,,,,,,,,,,,,,,,,,,,,,
E09000007,2014,221095,11.388317239195821,53.01521970193808,12444.0,56.28349804382731,14.75,0.06671340374047356,4.06073873904268,8.620102882,Camden,150.0,662090.0,2411107.0,165.0,12195.0,42325.0,6086.0,99798.0,126341.0,43955.0,15174.0,2646.0,93709.0,56860.0,69877.0,10905.298627286913,0.7462855333680092,55.15728532983559,191.43354666546057,27.526628824713356,451.3806282367308,571.433094371198,198.80594314661118,68.63113141409802,11.967706189646984,423.84043058413806,257.1745177412424,316.0496619100387
E09000007,2015,221032,11.416898910564987,52.749828079192156,13045.0,59.01860364110174,20.75,0.09387780954793876,4.0998092459605,8.473151207,Camden,126.0,663475.0,2451205.0,82.0,12800.0,43475.0,6320.0,104449.0,130475.0,45790.0,15637.0,2466.0,87466.0,59749.0,73368.0,11089.819573636398,0.3709870064063122,57.910166853668244,196.69097687212712,28.593144883998697,472.55148575771835,590.2991422056535,207.16457345542727,70.74541242896956,11.156755582902022,395.7164573455427,270.31832494842376,331.9338376343697
E09000007,2016,221024,11.40690603735341,52.418741856088026,13307.0,60.20613146083683,29.25,0.13233856956710585,4.04473882877377,8.28476429,Camden,131.0,663151.0,2515891.0,81.0,12862.0,44358.0,5955.0,109077.0,134970.0,48887.0,15572.0,2012.0,86287.0,62520.0,77173.0,11382.886021427537,0.36647603880121615,58.192775445200525,200.69313739684378,26.94277544520052,493.50749239901546,610.6576661358043,221.18412480092658,70.45388736064862,9.10308382800058,390.3965180251918,282.8652092080498,349.1611770667439
E09000007,2017,218833,11.522942152234808,51.945547517970326,11844.0,54.1234640113694,28.0,0.12795145156352103,4.07248207564659,7.896408558,Camden,132.0,660889.0,2549802.0,101.0,13231.0,45272.0,5782.0,110132.0,140206.0,50625.0,15777.0,1867.0,79606.0,66113.0,80138.0,11651.816682127468,0.46153916456841515,60.46163055846239,206.87921839941873,26.421974747867097,503.2696165569178,640.6986149255368,231.34079412154475,72.09607326134541,8.531620002467635,363.77511618448773,302.11622561496665,366.2061937641946
E09000007,2018,217915,11.566436454580915,51.85278663699149,12947.0,59.41307390496294,26.0,0.11931257600440538,4.08534066286138,7.298776627,Camden,120.0,657772.0,2523749.0,132.0,13362.0,45471.0,5561.0,109891.0,141639.0,51533.0,16291.0,1897.0,76597.0,67739.0,83296.0,11581.345937636233,0.6057407704839042,61.31748617580249,208.6639285960122,25.51912442924994,504.2837803730812,649.9736135649221,236.48211458596242,74.75850675722185,8.705229103090653,351.49943785420925,310.85056099855444,382.24078195626737
E09000007,2019,217136,11.667802667452657,51.74222607029696,14239.0,65.57641293935598,20.75,0.09556222828089309,4.11741752971207,7.374065399,Camden,116.0,653884.0,2568604.0,70.0,13998.0,47615.0,5490.0,114768.0,144618.0,53882.0,16837.0,1687.0,79290.0,66818.0,84516.0,11829.470930660967,0.32237860142951885,64.46650946872006,219.28653010095056,25.283693169257976,528.5535332694716,666.0249797362022,248.1486257460762,77.54126446098297,7.769324294451404,365.16284724780786,307.72419129025127,389.2307125488173
E09000007,2020,214768,11.713104373090964,51.506276540266704,12578.0,58.56552186545481,25.0,0.11640467853683976,4.10948946377947,6.637671947,Camden,104.0,649819.0,2541694.0,81.0,12424.0,51632.0,5588.0,125119.0,147674.0,55399.0,17222.0,1696.0,71227.0,65065.0,85163.0,11834.602920360576,0.3771511584593608,57.84846904566788,240.4082544885644,26.01877374655442,582.5774789540341,687.5977799299709,257.9481114504954,80.18885495045818,7.896893391939209,331.6462415257394,302.95481635997913,396.5348655293153
E09000007,2021,210968,11.856300481589624,51.11296499943119,10244.0,48.55712714724508,74.25,0.35194911076561375,3.90000484472651,8.129747391,Camden,108.0,642872.0,2558740.0,59.0,11888.0,49574.0,5526.0,131822.0,148805.0,55166.0,16620.0,1468.0,71260.0,65343.0,85002.0,12128.569261688977,0.27966326646695233,56.34977816540898,234.9835046073338,26.193545940616588,624.843578172993,705.3439384172007,261.48989420196426,78.77972014713131,6.958401274126882,337.7763452277123,309.72943763983164,402.9141860376929
E09000007,2022,219521,11.5847686553906,52.54121473572005,14926.0,67.99349492759235,269.25,1.2265341356863353,3.94157691892087,7.754846573,Camden,98.0,643088.0,2666081.0,50.0,12603.0,51861.0,5302.0,138115.0,158150.0,57297.0,17948.0,1439.0,85071.0,66605.0,87576.0,12144.99296194897,0.22776864172448194,57.41136383307292,236.24619056946716,24.152586768464065,629.1653190355365,720.4322137745364,261.00919729775285,81.75983163342005,6.55518150883059,387.5301224028681,303.41060764118237,398.9413313532646
E09000007,2023,220879,11.728140746743692,52.8805364022836,13128.0,59.43525640735425,597.75,2.706232824306521,4.03936263251826,7.151877403,Camden,96.0,645555.0,2831305.0,32.0,13339.0,54206.0,5066.0,145813.0,174321.0,62345.0,18457.0,1512.0,89784.0,71021.0,90436.0,12818.353034919572,0.14487570117575688,60.3905305619819,245.41038306040863,22.93563444238701,660.1487692356447,789.2149095205973,282.25861218133,83.56158801877952,6.845376880554512,406.4849985738798,321.5380366626071,409.43684098533583
E09000007,2024,220558,11.977801757360876,52.89493013175672,12249.0,55.53641219089763,293.75,1.3318492187995903,4.058245556,6.570076466,Camden,93.0,651530.0,3041770.0,44.0,14003.0,56819.0,4997.0,157395.0,195425.0,67372.0,19717.0,1138.0,88851.0,74778.0,95572.0,13791.247653678398,0.19949401064572586,63.48896888800225,257.6147770654431,22.65617207265209,713.6218137632732,886.048114328204,305.4616019369055,89.3959865432222,5.159640548064455,402.84641681553154,339.0400710924111,433.3191269416661
E09000007,2025,216658,12.53588605082665,52.570872065651855,,,227.5,1.0500420016800673,,,Camden,,,,,,,,,,,,,,,,,,,,,,,,,,,,
E09000008,2011,364815,12.240724750901142,43.20107451722106,,,,,,4.771067619,Croydon,366.0,1075529.0,,,,,,,,,,,,,,,,,,,,,,,,,,
E09000008,2012,369617,12.484274262276898,42.89764810601244,5234.0,14.160604084768828,,,6.38535405222235,5.042505264,Croydon,362.0,1092383.0,,,,,,,,,,,,,,,,,,,,,,,,,,
E09000008,2013,374270,12.637400806904107,42.6446148502418,5071.0,13.549042135356828,,,6.48370387542538,5.028346062,Croydon,361.0,1108702.0,,,,,,,,,,,,,,,,,,,,,,,,,,
E09000008,2014,378244,12.771385666395236,42.37714279671323,6206.0,16.407398398917103,155.5,0.41111028859677884,6.6013136243482,5.119008541,Croydon,308.0,1122131.0,5429444.0,127.0,42544.0,82665.0,13797.0,247472.0,302970.0,127202.0,41315.0,4085.0,232063.0,116628.0,187779.0,14354.342699421537,0.33576210065460393,112.47765992322415,218.5494019733294,36.47645435221709,654.2655005763476,800.9908947663413,336.2961474603695,109.22843455547212,10.7999069383784,613.5272469622784,308.3406478357885,496.4493818804793
E09000008,2015,381277,12.835812283457958,42.186389422913,6287.0,16.489324034756883,156.5,0.41046273444241327,6.7267994546096,5.319852352,Croydon,278.0,1133791.0,5498104.0,118.0,40767.0,81788.0,13897.0,259138.0,309595.0,133193.0,42049.0,3736.0,212200.0,127469.0,191501.0,14420.235157116742,0.3094862790045033,106.92226386590328,214.51071006118912,36.44856626547104,679.6580963446523,811.9949537999933,349.33394880887124,110.28464869373185,9.798650325091732,556.5507491928441,334.32124151207654,502.26213487831683
E09000008,2016,384382,12.913195727167246,41.85627838972689,6640.0,17.274482155772123,139.0,0.36161943067053093,6.93309767570125,5.407683849,Croydon,253.0,1143903.0,5651200.0,138.0,41130.0,84178.0,14734.0,267446.0,317684.0,139698.0,43739.0,2909.0,203122.0,139886.0,196626.0,14702.04119859931,0.3590178520326134,107.0029293775463,218.99568658261833,38.33165965107627,695.7818003964807,826.4799080081793,363.43533255979725,113.79044804387301,7.567992257701974,528.4378560910761,363.92442934372576,511.53800125916405
E09000008,2017,385567,13.122232971182699,41.48150645672477,5508.0,14.28545492741858,129.0,0.33457220145914973,7.03118195279157,5.648438931,Croydon,244.0,1151226.0,5657478.0,127.0,40302.0,85757.0,15825.0,274756.0,324600.0,147513.0,44121.0,3101.0,191198.0,131866.0,197920.0,14673.138520672152,0.32938503554505444,104.5265803349353,222.41789364753726,41.04345029527942,712.6024789465904,841.8770278576745,382.5872027429733,114.43147364790036,8.042700749804833,495.8878742216009,342.0054102140484,513.3219388588753
E09000008,2018,386999,13.24732105250918,41.407083739234466,5973.0,15.434148408652218,170.0,0.43927762087240535,7.14482437833173,5.804706573,Croydon,223.0,1156948.0,5571880.0,93.0,39780.0,84731.0,16721.0,274984.0,325132.0,151540.0,44882.0,3095.0,188271.0,115529.0,193186.0,14397.659942273753,0.24031069847725706,102.79096328414285,218.94371820082222,43.20682999180876,710.5548076351619,840.1365378205111,391.5772392176724,115.97445988232528,7.99743668588291,486.4896291721684,298.5253191868713,499.18992038739117
E09000008,2019,390643,13.359768381872962,41.6259858745709,6664.0,17.059053918795424,224.25,0.574053547612526,7.24640287769784,5.874547482,Croydon,210.0,1163209.0,5537950.0,66.0,41153.0,85770.0,16727.0,281393.0,328354.0,155866.0,45178.0,2394.0,186111.0,115330.0,197217.0,14176.498746937741,0.16895221468194746,105.3468256182755,219.56108262531262,42.819146893711135,720.3328870605642,840.5475075708512,398.9985741457034,115.65035083183368,6.128357605281549,476.4222064647261,295.23119574649996,504.8522564080247
E09000008,2020,392101,13.455971803183363,41.68160754499478,5545.0,14.14176449435222,382.0,0.9742387803142558,7.28722742171617,5.685326099,Croydon,210.0,1169743.0,5510313.0,59.0,36797.0,91379.0,16954.0,315173.0,338374.0,159381.0,45677.0,2547.0,162109.0,117643.0,195960.0,14053.300042591067,0.1504714346558667,93.84571832257504,233.04964792234654,43.23885937551805,803.8056521151437,862.9766310210889,406.4794529980796,116.49294441993261,6.495775323194789,413.4368440784389,300.0323896139005,499.7691921214177
E09000008,2021,390691,13.676793169026162,41.607306029573245,5592.0,14.313101658343806,767.5,1.9644680834726165,7.5295032768519,5.527861118,Croydon,224.0,1173435.0,5582971.0,93.0,34886.0,88600.0,16823.0,334219.0,342116.0,163542.0,44872.0,2539.0,165890.0,123822.0,193014.0,14289.991323066055,0.23803978079863625,89.29307304237875,226.77768364257176,43.05960464919848,855.456102136983,875.6690069645832,418.5967938857051,114.85291445157426,6.498741972556317,424.6066584589868,316.93077137686817,494.03236829105356
E09000008,2022,393903,13.853156741634361,41.70138333549122,10064.0,25.549437298014993,1160.75,2.94679146896571,7.69445068268457,5.675331116,Croydon,221.0,1176339.0,5827964.0,49.0,37425.0,90912.0,16749.0,344507.0,360289.0,171284.0,46630.0,2451.0,186496.0,135705.0,196559.0,14795.42933158671,0.12439610767117794,95.0107006039558,230.79793756330875,42.52062055886855,874.598568683153,914.6642701375719,434.8380184969396,118.3793979736128,6.222344079633818,473.456663188653,344.5137508472898,499.00356179059315
E09000008,2023,402011,13.820019850203105,42.2918775854392,12501.0,31.096164035312466,1480.5,3.6827350495384454,7.84113568797666,5.649302006,Croydon,215.0,1186455.0,6052756.0,62.0,37827.0,92000.0,17321.0,352312.0,383120.0,176835.0,47362.0,2463.0,197888.0,140253.0,197776.0,15056.194979739359,0.1542246356442983,94.09444020188502,228.8494593431523,43.08588570959501,876.3740295663551,953.0087485168316,439.876023292895,117.81269666750413,6.126698025675914,492.2452370706274,348.8785132745124,491.9666377288184
E09000008,2024,408636,13.933672021065203,42.42186199943226,11898.0,29.116377411681793,1168.25,2.8589013204906077,8.145572426,5.689058781,Croydon,240.0,1205106.0,6332922.0,47.0,38501.0,92472.0,17704.0,366030.0,421353.0,185679.0,48650.0,1977.0,193600.0,154499.0,202280.0,15497.709452911637,0.11501678755665189,94.21832633443945,226.29430593486623,43.32462142346734,895.7360584970487,1031.1206061139987,454.38727865386306,119.05461094959817,4.838046574457464,473.77127810569795,378.0846523556417,495.0126763182882
E09000008,2025,410085,14.28996427569894,42.24538815123694,,,1231.75,3.003645585671263,,,Croydon,,,,,,,,,,,,,,,,,,,,,,,,,,,,
E09000009,2011,339314,10.744030602922367,48.539700690216144,,,,,,3.202791214,Ealing,669.0,1003353.0,,,,,,,,,,,,,,,,,,,,,,,,,,
E09000009,2012,344834,10.834488478514299,48.06109606361321,10866.0,31.510813898861485,,,6.80112917155749,3.156363726,Ealing,695.0,1018221.0,,,,,,,,,,,,,,,,,,,,,,,,,,
E09000009,2013,350650,10.910879794667046,47.69713389419649,10553.0,30.095536860116926,,,6.90191247252145,3.189792633,Ealing,700.0,1034798.0,,,,,,,,,,,,,,,,,,,,,,,,,,
E09000009,2014,354660,11.038741329724242,47.18434557040546,11656.0,32.86527942254554,135.25,0.38135115321716573,7.336763784052,3.334136963,Ealing,668.0,1050144.0,5656814.0,1703.0,29138.0,84041.0,13272.0,263935.0,378697.0,163824.0,36031.0,5661.0,219070.0,171967.0,153988.0,15949.96334517566,4.80178198838324,82.15755935261942,236.96216094287487,37.42175604804602,744.1916201432358,1067.7747702024474,461.91845711385554,101.59307505780184,15.961766198612757,617.6901821462809,484.87847515930747,434.18485309874245
E09000009,2015,359144,11.095270977657988,46.771211547457284,12290.0,34.22025705566569,159.0,0.44271935491056513,7.74404060545636,3.437712669,Ealing,583.0,1064454.0,5618949.0,1998.0,27652.0,82570.0,11938.0,268334.0,380663.0,170591.0,36708.0,4364.0,193745.0,168761.0,152130.0,15645.392934310472,5.5632281201969125,76.99418617601854,229.90778072305258,33.24014879825363,747.1487759784377,1059.9174704296884,474.9933174436994,102.20969861671085,12.151114873142806,539.4632793531285,469.89786826454014,423.5905375002784
E09000009,2016,362163,11.2325113277723,46.35978827213161,13132.0,36.25991611511944,185.25,0.5115100106857962,8.0211539036123,3.6933465,Ealing,489.0,1075967.0,5938176.0,2621.0,29209.0,85912.0,11983.0,293341.0,412508.0,188792.0,39636.0,3867.0,187271.0,181813.0,163504.0,16396.418187390762,7.237072809756932,80.65152983601307,237.21915270196018,33.087311514428585,809.9695441003084,1139.0119918379294,521.2901373138615,109.44243337944516,10.677512611724556,517.090370910336,502.019808760144,451.46522422224245
E09000009,2017,362670,11.458074833871013,45.77880718008107,10365.0,28.579700554222846,249.75,0.6886425676234593,8.1704853238286,3.633337021,Ealing,407.0,1083977.0,6221267.0,3029.0,29616.0,89620.0,11784.0,315327.0,448356.0,206454.0,41653.0,3684.0,178007.0,198467.0,174820.0,17154.071194198583,8.351945294620455,81.66101414509058,247.11169934099868,32.492348415915295,869.4598395235338,1236.264372570105,569.2613119364712,114.85096644332313,10.157994871370668,490.82361375355003,547.2385364105108,482.0360106984311
E09000009,2018,364208,11.659546193384001,45.46385581865308,10859.0,29.81538022229056,375.5,1.0310042613012345,8.52074791022542,3.72961688,Ealing,372.0,1089041.0,6339039.0,3191.0,30657.0,88864.0,11602.0,325402.0,468590.0,215630.0,42044.0,3802.0,174242.0,200850.0,181412.0,17404.996595352106,8.761476958221676,84.17442779949918,243.99244387822344,31.855423274612313,893.4509950358038,1286.5999648552474,592.051794578922,115.43952906031718,10.439089750911567,478.4134340816237,551.4705882352941,498.09998682071785
E09000009,2019,367284,11.797137909628516,45.255170385859444,11256.0,30.646584114744993,533.75,1.4532350987246927,8.87901958261784,3.840399504,Ealing,387.0,1094162.0,6449035.0,2464.0,31977.0,91898.0,11465.0,339058.0,497521.0,232421.0,43594.0,3361.0,172622.0,191726.0,188338.0,17558.714782021543,6.708704980342188,87.06341686542295,250.2096470306357,31.215626055041874,923.1493884841159,1354.5948094662442,632.810032563357,118.6928916043171,9.150956752812538,469.99597042070985,522.0102155280383,512.7857461800678
E09000009,2020,367936,11.94229431205427,44.989074186815095,9851.0,26.773678030961904,549.75,1.4941457209949558,8.95868230039084,3.767276764,Ealing,353.0,1099428.0,6412572.0,1818.0,29505.0,99240.0,11613.0,372480.0,517101.0,241684.0,44807.0,3061.0,149586.0,185200.0,190874.0,17428.498434510348,4.941076708992869,80.19057662202123,269.72082101235,31.562554357279524,1012.3499739085058,1405.4101800313097,656.8642372586537,121.7793311880327,8.319381631588103,406.55440076535047,503.3484084188554,518.7695686206297
E09000009,2021,366762,12.211461383676609,44.70855759320759,11068.0,30.177608367279053,545.5,1.4873405641805857,8.9595179242025,3.180771828,Ealing,336.0,1101982.0,6411652.0,548.0,27758.0,96810.0,11672.0,384830.0,524391.0,243986.0,45972.0,3101.0,152151.0,192213.0,188787.0,17481.778373986403,1.4941569737322842,75.68395853441741,263.958643479968,31.82445291496938,1049.2635551120345,1429.7855284898653,665.243400352272,125.34559196427111,8.455074407926666,414.8494118801839,524.08101166424,514.7398040145926
E09000009,2022,371951,12.410505684888602,44.837626461550045,13496.0,36.28434928256679,664.5,1.7865256445069377,8.97141642758474,3.274843931,Ealing,327.0,1105013.0,6588761.0,350.0,28199.0,97864.0,11274.0,392227.0,543872.0,248396.0,47514.0,3062.0,181723.0,194981.0,191636.0,17714.056421410347,0.9409841618922923,75.81374966057356,263.10992576979226,30.31044411763915,1054.512556761509,1462.2141088476708,667.8191482211366,127.74263276614393,8.23226715346914,488.5670424330086,524.2115224854887,515.2184024239752
E09000009,2023,381747,12.392238838812093,45.59511928057064,16800.0,44.00820438667495,1088.25,2.8507100252261313,8.98104074642485,3.220638514,Ealing,351.0,1116280.0,6827681.0,374.0,28804.0,98234.0,11448.0,405298.0,570608.0,258375.0,48733.0,2897.0,188907.0,199051.0,195517.0,17885.35600803674,0.9797064547985969,75.45311423534436,257.32749700718017,29.988447846348496,1061.6926917565822,1494.728183849513,676.822607643282,127.65784668903751,7.588795720726031,494.8486825043812,521.4212554388116,512.1638153017575
E09000009,2024,387680,12.595439537763104,45.91673545191911,16458.0,42.45253817581511,1175.0,3.0308501857201815,9.130376108,3.278924227,Ealing,382.0,1135503.0,7167491.0,440.0,28878.0,99873.0,11476.0,424668.0,611854.0,267713.0,50575.0,2292.0,183594.0,206614.0,202479.0,18488.16291787041,1.1349566652909615,74.48926950061907,257.61710689228227,29.601733388361534,1095.4085843995047,1578.2449442839454,690.5514857614528,130.45553033429633,5.9120924473792815,473.57098638052,532.9498555509698,522.2838423442014
E09000009,2025,387072,12.995515046296296,45.68400710978836,,,1264.25,3.26618820271164,,,Ealing,,,,,,,,,,,,,,,,,,,,,,,,,,,,
E09000010,2011,313935,12.44302164460796,43.859397646009526,,,,,,3.97697854,Enfield,286.0,923554.0,,,,,,,,,,,,,,,,,,,,,,,,,,
E09000010,2012,317780,12.612813896406319,43.29662030335452,4804.0,15.117376801560829,,,6.83347447161613,4.128382206,Enfield,249.0,939363.0,,,,,,,,,,,,,,,,,,,,,,,,,,
E09000010,2013,321754,12.684846186838392,42.877477824673505,4843.0,15.05187192700013,,,7.04238238365068,4.220368862,Enfield,222.0,953469.0,,,,,,,,,,,,,,,,,,,,,,,,,,
E09000010,2014,326340,12.701170558313416,42.57338971624686,6306.0,19.32340503769075,183.25,0.5615309186737758,7.13068284103292,5.283963203,Enfield,215.0,965874.0,5133795.0,337.0,28490.0,86444.0,14664.0,222859.0,355020.0,129138.0,27767.0,3472.0,191571.0,131089.0,109479.0,15731.430410001838,1.032665318379604,87.30158730158729,264.8893791750935,44.93473064901636,682.9043329043329,1087.8838021695165,395.7161242875529,85.08610651467795,10.639210639210638,587.0288656002942,401.6945516945517,335.4752711895569
E09000010,2015,330868,12.667589491881959,42.257939722185284,6511.0,19.67854250033246,181.0,0.5470459518599562,7.3669866335344,4.125445366,Enfield,206.0,978962.0,5198047.0,452.0,28358.0,86357.0,14800.0,238537.0,363871.0,137067.0,28049.0,3119.0,167817.0,137164.0,113109.0,15710.334634960165,1.366103702987294,85.70789559582674,261.001366103703,44.7308292128583,720.9430951315933,1099.7467267913487,414.26490322424655,84.77398841834206,9.426720021277367,507.2022679739352,414.55807149679026,341.85536225926955
E09000010,2016,333295,12.719362726713571,41.938222895633,6999.0,20.99941493271726,161.75,0.4853058101681693,7.68609109152098,3.979572773,Enfield,204.0,990503.0,5252469.0,305.0,28530.0,87344.0,14779.0,251835.0,374477.0,147618.0,28315.0,2779.0,162753.0,140066.0,118328.0,15759.219310220677,0.9151052371022668,85.59984398205793,262.06213714577177,44.342099341424266,755.5918930677028,1123.5602094240837,442.90493406741774,84.95476979852683,8.337958865269506,488.31515624296793,420.24632832775774,355.02482785520334
E09000010,2017,333077,12.909927734427775,41.27994427714913,5848.0,17.557501718821772,217.25,0.6522515814661475,8.02954008693503,4.370939255,Enfield,189.0,997240.0,5299548.0,270.0,28723.0,86650.0,14882.0,265048.0,388002.0,156099.0,28891.0,2679.0,154628.0,147838.0,124042.0,15910.87946630959,0.8106233693710464,86.23531495720209,260.15005539259687,44.68035919622189,795.7559363150262,1164.9018094914989,468.6573975387073,86.7397028314774,8.04318520942605,464.24100133002275,443.8553247447287,372.4123851241605
E09000010,2018,334000,13.064670658682635,40.92844311377245,6239.0,18.679640718562872,233.25,0.6983532934131736,8.14320681735767,4.009923935,Enfield,180.0,1000372.0,5404183.0,229.0,29287.0,88108.0,14211.0,276330.0,408204.0,164888.0,29866.0,2634.0,151106.0,154522.0,130434.0,16180.188622754493,0.6856287425149701,87.68562874251496,263.79640718562877,42.547904191616766,827.3353293413173,1222.1676646706587,493.67664670658684,89.41916167664671,7.88622754491018,452.41317365269464,462.64071856287427,390.52095808383234
E09000010,2019,335151,13.22687385685855,40.882169529555334,7410.0,22.109437238737165,261.5,0.7802453222577286,9.96442071669487,4.101791859,Enfield,165.0,1002228.0,5460397.0,385.0,28730.0,91715.0,13484.0,293190.0,423527.0,172588.0,30934.0,2203.0,149783.0,149862.0,140960.0,16292.34882187432,1.148735942903348,85.72255490808621,273.6527714373521,40.23261156911362,874.7997171424223,1263.6900978961723,514.9559452306572,92.29869521499265,6.573156577184613,446.91198892439525,447.14770357241963,420.5865415887167
E09000010,2020,333149,13.409015185397525,40.56923478683712,5876.0,17.637753677783813,394.0,1.1826540076662393,8.28366753765303,4.12855196,Enfield,147.0,1002300.0,5369335.0,163.0,26407.0,98603.0,12784.0,315921.0,429965.0,173941.0,31248.0,2124.0,126748.0,144034.0,145342.0,16116.91765546347,0.48927056662334273,79.26483345289945,295.9726728881071,38.373220390876156,948.2874029338224,1290.608706614758,522.1117277854653,93.79586911562093,6.375525665693128,380.45439127837693,432.34108461979474,436.2672557924532
E09000010,2021,329876,13.737889388740012,40.379415295444346,5879.0,17.821848209630286,423.0,1.2823000157634992,8.42754256961766,4.182295799,Enfield,124.0,998176.0,5431163.0,92.0,24816.0,95311.0,12039.0,328648.0,439712.0,178531.0,31860.0,1972.0,125682.0,149712.0,150507.0,16464.256265990858,0.2788926748232669,75.2282675914586,288.9297796747869,36.49553165431859,996.2773890795329,1332.9614764335688,541.2063927051377,96.5817458681444,5.978003855994373,380.99770822975904,453.8432623167493,456.25325880027646
E09000010,2022,328898,14.014679323072807,40.0552754957464,5063.0,15.393830306052331,411.5,1.2511477722576603,8.61952933509018,4.180491924,Enfield,112.0,989892.0,5624191.0,125.0,24853.0,95859.0,11877.0,340430.0,460525.0,186245.0,33062.0,1883.0,140003.0,156906.0,154630.0,17100.107024062174,0.38005703896040716,75.564460714264,291.4551015816454,36.11149961386205,1035.0625421863313,1400.2061429379323,566.2697857694483,100.52356657687186,5.725179234899574,425.6730050045911,477.0658380409732,470.14575947558205
E09000010,2023,330673,14.268779126206253,40.11455425752934,6209.0,18.776858104532273,419.0,1.2671128274760868,8.78852088835075,4.162748814,Enfield,133.0,984757.0,5828233.0,120.0,25082.0,94895.0,11497.0,355104.0,486968.0,192019.0,34414.0,1769.0,147042.0,164475.0,158759.0,17625.367054461658,0.36289627517214895,75.85136978223198,286.9753502705089,34.768487297118305,1073.882657489423,1472.6572777335919,580.6914988523405,104.07260344811944,5.349695923162762,444.67495078219264,497.39470715782664,480.1087479171266
E09000010,2024,331421,14.595635158906648,40.00712085232982,5512.0,16.631414424553665,259.5,0.7829920252488526,9.024654985,4.215394497,Enfield,146.0,982315.0,6168538.0,104.0,26777.0,97118.0,11599.0,375754.0,521839.0,203734.0,36515.0,1379.0,148111.0,176481.0,167424.0,18612.39330036419,0.3138002721613899,80.79451815063017,293.0351426131718,34.997782276922706,1133.7664179397202,1574.5501944656494,614.7286985435443,110.17708594204954,4.16087091644766,446.8968472124579,532.497940685714,505.1701612148898
E09000010,2025,329400,15.098360655737705,39.71584699453552,,,391.75,1.189283545840923,,,Enfield,,,,,,,,,,,,,,,,,,,,,,,,,,,,
E09000011,2011,255483,10.267219345318475,48.5280821033102,,,,,,5.550654888,Greenwich,352.0,748326.0,,,,,,,,,,,,,,,,,,,,,,,,,,
E09000011,2012,260360,10.348363803963743,48.459056690735906,6227.0,23.91688431402673,,,5.76798558852363,5.546615601,Greenwich,362.0,765014.0,,,,,,,,,,,,,,,,,,,,,,,,,,
E09000011,2013,264036,10.396309594146253,48.058219333727216,5619.0,21.281188928782438,,,6.13117382974998,5.908290863,Greenwich,348.0,779879.0,,,,,,,,,,,,,,,,,,,,,,,,,,
E09000011,2014,268305,10.374387357671306,47.75721660051061,6314.0,23.532919625053577,79.5,0.29630457874433946,6.21695922685753,6.144919395,Greenwich,333.0,792701.0,4171773.0,372.0,22449.0,70918.0,12460.0,189257.0,264516.0,103770.0,26556.0,3902.0,163761.0,107769.0,98431.0,15548.621904176218,1.3864818024263432,83.6697042544865,264.3185926464285,46.439686178043644,705.3800711876409,985.8780119639962,386.76133504780006,98.97691060546767,14.543150518998901,610.3538882987644,401.66601442388327,366.8623395016865
E09000011,2015,274230,10.305947562265251,47.593990445976004,6666.0,24.308062575210588,85.25,0.31087043722422786,6.67382366377341,7.325453758,Greenwich,293.0,806571.0,4124607.0,268.0,22846.0,70609.0,11825.0,194680.0,263015.0,105427.0,27983.0,3246.0,148234.0,105704.0,98497.0,15040.684826605404,0.9772818437078364,83.30963060204938,257.4809466506218,43.12073806658644,709.9150348247821,959.103672100062,384.4473617036794,102.04208146446415,11.836779345804617,540.5462567917442,385.4574627137804,359.1766035809357
E09000011,2016,278768,10.238262641336165,47.26259828961717,7121.0,25.544538827985996,126.0,0.4519887505022097,6.64098347250111,6.47381258,Greenwich,250.0,821303.0,4054476.0,242.0,23219.0,70702.0,11379.0,195057.0,258988.0,108668.0,28967.0,2662.0,142989.0,102122.0,99002.0,14544.266199850772,0.8681053779486885,83.29148252310165,253.6230844286288,40.818888825116225,699.7108706881709,929.0449405957643,389.81518682201687,103.9107788555358,9.549159157435573,512.9319003615909,366.3332950697354,355.1411926763474
E09000011,2017,282376,10.195271552823186,47.03905431056464,6047.0,21.41470946539366,148.25,0.5250092075813809,6.66559070367979,6.300080299,Greenwich,221.0,835374.0,3870578.0,135.0,22385.0,71084.0,10462.0,190290.0,247935.0,106084.0,29649.0,2520.0,133075.0,92195.0,98643.0,13707.17766382412,0.4780859563135677,79.27373431169788,251.73527495254555,37.04989092557441,673.88871575488,878.0314191007734,375.68348584865566,104.998300138822,8.924271184519931,471.26880471428166,326.49729438762506,349.3320962121427
E09000011,2018,285773,10.19235547095072,46.94915194927442,6650.0,23.27021797020712,207.5,0.7261007862884178,6.75275208594878,6.244226933,Greenwich,199.0,846917.0,3745035.0,99.0,21665.0,71159.0,9431.0,184640.0,238507.0,105530.0,30161.0,2423.0,124184.0,84453.0,100762.0,13104.929437000697,0.3464288088797752,75.81192065030636,249.00532940480733,33.00171814692081,646.1072249652697,834.6029890857429,369.2791131422493,105.54181115780708,8.478757615310055,434.55469900935356,295.52476965983493,352.5945418216557
E09000011,2019,288205,10.27012022692181,46.99502090525841,7272.0,25.232039693967835,233.5,0.8101871931437692,6.64862920897245,6.38489151,Greenwich,200.0,856354.0,3761897.0,79.0,22013.0,71833.0,8840.0,191086.0,239632.0,106979.0,31239.0,2093.0,117971.0,85468.0,105762.0,13052.851269061952,0.2741104422199476,76.37966031123679,249.24272653146198,30.67261150916882,663.0211134435558,831.4637150639303,371.19064554744017,108.39159625960687,7.2621918426120295,409.3301642927777,296.5528009576517,366.96795683627977
E09000011,2020,288384,10.353209609409676,46.749819684864626,6010.0,20.84026853084776,263.0,0.9119784731469153,6.71861775092666,6.064842224,Greenwich,179.0,862362.0,3735494.0,58.0,18998.0,77235.0,8837.0,210851.0,245519.0,109366.0,31547.0,1883.0,101500.0,86622.0,111125.0,12953.194351975144,0.2011207279183311,65.87744118952507,267.8199900133156,30.643170217487793,731.1466655570351,851.3613792720816,379.2374056813138,109.39233799378606,6.529488459831336,351.96127385707945,300.3703395472703,385.33691189525075
E09000011,2021,289537,10.523698180198041,46.87483810359298,6238.0,21.54474212276842,307.0,1.0603135350576955,6.90903169336617,5.927483082,Greenwich,148.0,866126.0,3716116.0,64.0,17595.0,75056.0,8627.0,217824.0,241869.0,111467.0,32477.0,1555.0,99525.0,86769.0,110009.0,12834.684340861446,0.221042561054373,60.769435339870206,259.22766347651594,29.795846472126186,752.3183565485587,835.3647374946897,384.9836117663718,112.16873836504489,5.370643475617969,343.7384513896324,299.6819059394827,379.9479859223519
E09000011,2022,293348,10.560835594583907,47.179800100904046,8707.0,29.681470471930947,399.0,1.3601592647640346,7.23191520871608,5.882658958,Greenwich,127.0,870302.0,3826461.0,53.0,18231.0,76368.0,8320.0,222362.0,251059.0,116193.0,34623.0,1615.0,119254.0,88477.0,109883.0,13044.101204030709,0.18067278454259103,62.148028962188256,260.33243792355836,28.36221825272373,758.0143720086722,855.8401625373276,396.09269536523175,118.02705319279491,5.505406547854425,406.52740090268213,301.6110558108458,374.5824072432742
E09000011,2023,297945,10.638205037842555,47.731292688247834,11118.0,37.315611941801336,490.5,1.6462769974324118,7.59609328221837,5.862322807,Greenwich,131.0,878338.0,3954062.0,70.0,19001.0,77286.0,7993.0,227399.0,262238.0,120196.0,36626.0,1748.0,127100.0,90606.0,110178.0,13271.113796170433,0.2349426907650741,63.77351524610248,259.3968685495645,26.827098961217676,763.2247562469582,880.1557334407357,403.4167379885549,122.92872845659433,5.8668546208192796,426.5887999462988,304.10310627800436,369.79308261591905
E09000011,2024,301259,10.797353772003492,48.080223329427504,10269.0,34.08694843971467,189.25,0.6281969999236537,7.861235845,5.701661587,Greenwich,154.0,888329.0,4152019.0,98.0,19503.0,81114.0,8317.0,238044.0,286353.0,127084.0,39824.0,1726.0,131997.0,94876.0,112734.0,13782.223933558833,0.3253014847689198,64.73831487192084,269.25004730149146,27.607473967582713,790.1639453095178,950.5209802860661,421.8429988813612,132.19190132079044,5.729289415419954,438.1512253575827,314.931670091184,374.20956718305507
E09000011,2025,301225,11.097352477384016,48.116192215121586,,,141.0,0.4680886380612499,,,Greenwich,,,,,,,,,,,,,,,,,,,,,,,,,,,,
E09000012,2011,247182,7.04905697016773,55.904960717204325,,,,,,7.420009136,Hackney,303.0,747765.0,,,,,,,,,,,,,,,,,,,,,,,,,,
E09000012,2012,251193,7.053938604977049,55.60982989175654,7229.0,28.778668195371687,,,5.47925846304469,7.737739563,Hackney,274.0,762378.0,,,,,,,,,,,,,,,,,,,,,,,,,,
E09000012,2013,255646,7.033554211683343,55.46224075479374,7526.0,29.439146319519963,,,5.77477024631814,8.044318199,Hackney,268.0,776484.0,,,,,,,,,,,,,,,,,,,,,,,,,,
E09000012,2014,258735,7.0744197731269445,55.173053510348424,7885.0,30.475196629756315,49.0,0.1893829593986125,5.74026164476464,8.026698112,Hackney,251.0,788192.0,2955194.0,259.0,15162.0,46754.0,8271.0,107084.0,164689.0,76193.0,30996.0,2307.0,114597.0,79260.0,40823.0,11421.701741163739,1.0010242139640946,58.6004985796278,180.70226293311688,31.96707055481477,413.87520049471465,636.5161265387366,294.48277194813227,119.79824917386516,8.916458925155082,442.9126326163836,306.33659922314337,157.77919492917465
E09000012,2015,261929,7.072527287929172,54.83508889813652,7888.0,30.11503117256967,38.5,0.1469863970770705,5.74774256528257,8.088941574,Hackney,223.0,799082.0,3022639.0,277.0,15755.0,47662.0,8124.0,116554.0,173004.0,79931.0,31538.0,2236.0,109527.0,86937.0,43558.0,11539.917305834788,1.057538493255806,60.14988794673366,181.9653417529178,31.01603869750963,444.9831824654773,660.4996010369222,305.16284947447593,120.40667509134155,8.536664515956614,418.15530162754027,331.91055591400726,166.2969736073516
E09000012,2016,264892,7.096477054799692,54.59621279615843,8678.0,32.7605212690455,50.25,0.18969995318846924,5.83122255994596,7.846013069,Hackney,205.0,808528.0,3091068.0,302.0,16009.0,50049.0,8105.0,123333.0,178224.0,83127.0,32967.0,2111.0,104438.0,98212.0,45789.0,11669.16328163931,1.1400872808540838,60.43595125560606,188.94115337571537,30.597375534179967,465.59730003171103,672.8176011355571,313.81468674025643,124.45449466197545,7.9692855956389765,394.2663425094001,370.76242393126256,172.85912749346903
E09000012,2017,264834,7.165998323478103,54.0874661108468,7291.0,27.53045303850714,40.5,0.15292598382382927,5.83218944443988,7.800588131,Hackney,194.0,814937.0,3100632.0,373.0,16747.0,51409.0,8103.0,127268.0,181990.0,85510.0,33881.0,2167.0,103158.0,98279.0,47812.0,11707.832075941911,1.408429431266378,63.23583829870787,194.1178247505985,30.59652461541947,480.5576323281754,687.185180150585,322.88150313026273,127.93296933173234,8.182484122129335,389.5194725752736,371.09661146227444,180.53573181691175
E09000012,2018,266210,7.290109312197138,53.792870290372264,7925.0,29.769730663761692,40.5,0.15213553209871905,5.97626927112761,7.487477779,Hackney,189.0,819715.0,3066553.0,381.0,16965.0,51647.0,7873.0,129966.0,187069.0,88007.0,34392.0,2213.0,99890.0,92034.0,49991.0,11519.300552195635,1.431200931595357,63.72788400135232,194.0084895383344,29.57439615341272,488.2085571541264,702.7121445475376,330.5923894669622,129.19123999849742,8.312985988505316,375.23008151459373,345.71954472033354,187.78783667029788
E09000012,2019,265825,7.462428289288066,53.68381453964074,8145.0,30.640458948556383,42.5,0.1598796200507853,6.0284725076675,7.296459198,Hackney,160.0,821676.0,3049437.0,263.0,16161.0,53253.0,7481.0,135297.0,192026.0,90657.0,35134.0,1969.0,95333.0,83430.0,51560.0,11471.59597479545,0.989372707608389,60.79563622684097,200.33104486034046,28.142575002351172,508.9701871532023,722.3775039969905,341.04015799868336,132.16966049092449,7.4071287501175584,358.63067807768266,313.8530988432239,193.96219317219976
E09000012,2020,263782,7.665799789219886,53.4869703012336,6355.0,24.091863735963788,50.0,0.18955046212402665,6.08377229913643,6.736229897,Hackney,131.0,821078.0,3033731.0,136.0,14486.0,58293.0,7471.0,147740.0,196364.0,91793.0,36370.0,1902.0,83903.0,80918.0,53164.0,11500.902260199711,0.5155772569773525,54.916559886573005,220.98930177191772,28.322630050572062,560.0837054840739,744.4177388904474,347.98811139501555,137.879006149017,7.210499579197974,318.07704847184414,306.7608858830398,201.54521536723507
E09000012,2021,260082,7.970563130089741,53.38931567736329,5240.0,20.147491944848166,100.0,0.3844941210848886,6.09148270890674,6.789923668,Hackney,125.0,815474.0,3094665.0,84.0,14504.0,57172.0,7587.0,156369.0,197304.0,92535.0,36373.0,1874.0,88833.0,82766.0,54477.0,11898.804992271667,0.32297506171130647,55.767027322152245,219.8229789066525,29.1715689667105,601.2296121992295,758.6222806653286,355.79163494590165,139.85204666220656,7.205419829130813,341.5576625833391,318.2304042571189,209.46086234341476
E09000012,2022,263254,8.092184734135094,53.802411359371554,6185.0,23.49441983787521,269.75,1.0246757884020754,6.06108077190707,6.802498817,Hackney,111.0,814313.0,3396282.0,106.0,15943.0,60255.0,7583.0,175212.0,220325.0,101812.0,38635.0,1839.0,99998.0,93038.0,60545.0,12901.16009633282,0.40265295114224287,60.561283019441305,228.88541104788533,28.804880457656864,665.5625365616477,836.9293534001383,386.7443609593776,146.7594034658543,6.985648841043251,379.853677437,353.4153327204905,229.98700874440652
E09000012,2023,267493,8.195728486352914,54.31843076267416,8509.0,31.81017821027092,797.25,2.980451824907568,5.99998578455065,7.04967165,Hackney,115.0,821217.0,3824889.0,65.0,16929.0,63080.0,7793.0,204840.0,263215.0,118725.0,40493.0,1922.0,109231.0,109908.0,70374.0,14299.02464737395,0.24299701300594784,63.28763743350294,235.8192550833106,29.13347265162079,765.7770483713593,984.0070581286238,443.84339029432545,151.37966227153606,7.1852347538066415,408.35087273311825,410.8817800839648,263.08725835816267
E09000012,2024,268651,8.460791137944769,54.37761259031234,7759.0,28.881336752887577,677.25,2.5209286397593904,6.006626565,6.778830051,Hackney,114.0,834315.0,4239381.0,45.0,17753.0,64440.0,7928.0,231013.0,302635.0,132422.0,42207.0,1752.0,109865.0,121227.0,77274.0,15780.253935403181,0.16750356410361397,66.08201718958797,239.86510379637522,29.510405693632258,859.9000189837373,1126.4986916110493,492.9145992384171,157.10717622491634,6.521472095767371,408.9506460054122,451.24343479086247,287.63712027872594
E09000012,2025,266241,8.90771894636814,54.07919892127809,,,620.5,2.3305952126081255,,,Hackney,,,,,,,,,,,,,,,,,,,,,,,,,,,,
E09000013,2011,182445,9.0569760749815,56.8428841568692,,,,,,7.302942753,Hammersmith and Fulham,194.0,543403.0,,,,,,,,,,,,,,,,,,,,,,,,,,
E09000013,2012,184439,9.179728799223591,56.498896654178345,7730.0,41.910875682474966,,,4.25822698413166,7.579484463,Hammersmith and Fulham,167.0,547726.0,,,,,,,,,,,,,,,,,,,,,,,,,,
E09000013,2013,186056,9.30526293159049,56.12611256825902,7926.0,42.600077396052804,,,4.41130118211868,7.81773138,Hammersmith and Fulham,162.0,552940.0,,,,,,,,,,,,,,,,,,,,,,,,,,
E09000013,2014,186659,9.44717372320649,55.57942558355075,8689.0,46.5501261658961,20.0,0.1071472578338039,4.39395245721907,8.165056229,Hammersmith and Fulham,130.0,557154.0,2359078.0,186.0,14375.0,36078.0,6035.0,107030.0,144439.0,52009.0,13959.0,2753.0,95803.0,66960.0,52079.0,12638.436935802722,0.9964694978543762,77.01209156804654,193.28293840639884,32.33168505135033,573.3985502976016,773.8121387128399,278.63108663391534,74.78342860510342,14.748820040823105,513.2514371125957,358.72901922757546,279.00610203633363
E09000013,2015,187246,9.550003738397615,55.14670540358672,8623.0,46.05171806073294,24.0,0.12817363254755776,4.4898614183698,8.219457626,Hammersmith and Fulham,124.0,559961.0,2490003.0,311.0,15350.0,37060.0,5998.0,118695.0,159242.0,58350.0,15456.0,2442.0,91671.0,76961.0,56377.0,13298.030398513185,1.660916655095436,81.97771915020883,197.92145092552045,32.032727000843806,633.8987214680153,850.4427330890913,311.6221441312498,82.5438193606272,13.041667111714002,489.5752112194653,411.0154556038581,301.08520342223596
E09000013,2016,187472,9.641439788341726,54.4934710250064,8844.0,47.17504480669113,23.75,0.12668558504736707,4.55730976915933,8.116638184,Hammersmith and Fulham,110.0,561377.0,2572368.0,471.0,17141.0,37372.0,5647.0,127273.0,169459.0,63595.0,16034.0,2344.0,88769.0,85967.0,58839.0,13721.34505419476,2.5123751813604165,91.43232055987028,199.3471025006401,30.121831526841344,678.8907143466758,903.91631817018,339.22399078262356,85.52743876418877,12.503200477938039,473.5053768029359,458.5591448322949,313.85486899376974
E09000013,2017,187720,9.782655018112083,53.69646281696143,7270.0,38.72789260600895,14.5,0.07724270189644152,4.2409062167607,7.85801363,Hammersmith and Fulham,108.0,562438.0,2725899.0,733.0,16782.0,38821.0,5295.0,133662.0,181182.0,69203.0,16988.0,2546.0,85616.0,88397.0,62324.0,14521.089921159173,3.904751757937354,89.39910505007458,206.80268484977626,28.206903899424674,712.0285531642872,965.1715320690389,368.65011719582355,90.49648412529298,13.562753036437247,456.08352865970596,470.89814617515447,332.00511399957384
E09000013,2018,189037,9.829292678152955,53.308611541655864,7819.0,41.36227299417574,15.5,0.08199453017134212,3.88763717670844,7.65524435,Hammersmith and Fulham,88.0,564229.0,2855994.0,887.0,16577.0,40115.0,5079.0,142238.0,194912.0,74588.0,18699.0,2529.0,86682.0,94197.0,66517.0,15108.121690462713,4.692203113676158,87.69182752582829,212.20713405312188,26.867756047757847,752.4347085491199,1031.078571919783,394.56825912387524,98.91714320476943,13.37833334214995,458.54515253627596,498.29927474515574,351.8729137682041
E09000013,2019,188562,10.033304695537808,53.0419702803322,7658.0,40.61263669244068,12.25,0.06496536948059525,3.61506900410295,7.974749088,Hammersmith and Fulham,73.0,565319.0,2949927.0,557.0,16632.0,43147.0,5113.0,149543.0,202839.0,78028.0,19335.0,2370.0,92312.0,92894.0,70761.0,15644.334489451745,2.9539355755666574,88.20441022051102,228.82128954932597,27.11574972688028,793.0707141417677,1075.7151493938334,413.8055387617866,102.53921786998441,12.568810258694754,489.55781122389453,492.6443291861563,375.26649059725713
E09000013,2020,186555,10.180375760499585,52.62255099032457,6220.0,33.34137385757551,18.5,0.09916646565356062,3.46008763173656,7.857172012,Hammersmith and Fulham,58.0,564154.0,2970289.0,390.0,15704.0,49680.0,5365.0,160043.0,206452.0,79283.0,20191.0,2086.0,83197.0,89645.0,75391.0,15921.787140521563,2.0905363029669535,84.17892846613599,266.3021629010212,28.758275039532577,857.8864141942054,1106.654873897778,424.9845889952025,108.23081664924553,11.181689046125808,445.96499691779906,480.528530460186,404.12210876149123
E09000013,2021,183310,10.427690797010529,52.12808902951285,5631.0,30.718455076100593,33.5,0.18275053188587637,3.32151442112741,7.00592804,Hammersmith and Fulham,62.0,558427.0,3008950.0,173.0,15278.0,49294.0,5657.0,169047.0,209805.0,80133.0,20338.0,1723.0,82446.0,86209.0,78138.0,16414.543669194263,0.9437564780972123,83.3451530194752,268.9105886203699,30.860291309803067,922.1919153346789,1144.536577382576,437.1447275107741,110.94866619387922,9.399378102667612,449.7626970705362,470.29076427909007,426.26152419398835
E09000013,2022,187187,10.405102918471902,52.54157607098784,6563.0,35.061195489002976,109.25,0.5836409579725088,3.4423055683686,6.815998554,Hammersmith and Fulham,66.0,555687.0,3152705.0,72.0,15707.0,51717.0,5579.0,176809.0,220583.0,83545.0,21319.0,1643.0,96048.0,88828.0,81946.0,16842.542484253714,0.3846420958720424,83.91074166475236,276.2852121140891,29.80442017875173,944.5581156811104,1178.409825468649,446.3183874948581,113.89145613744545,8.777318937746745,513.1125558933045,474.54150127946923,437.7761276156998
E09000013,2023,189683,10.627204335654751,52.7643489400737,6980.0,36.798237058671575,345.0,1.8188240380002425,3.65008608070107,6.349085331,Hammersmith and Fulham,80.0,556611.0,3243701.0,82.0,15507.0,52571.0,5313.0,179717.0,234771.0,85952.0,22677.0,1526.0,92326.0,92289.0,85877.0,17100.641596769347,0.43230020613339093,81.7521865428109,277.15187971510363,28.009890185203734,947.459709093593,1237.701849928565,453.13496728752705,119.55209481081594,8.04500139706774,486.73840038379825,486.54333809566486,452.739570757527
E09000013,2024,190803,10.85360293077153,52.49393353353983,6633.0,34.76360434584362,406.0,2.127849142833184,3.773689424,6.113510609,Hammersmith and Fulham,87.0,561988.0,3386485.0,86.0,16049.0,54095.0,5339.0,185677.0,250832.0,89810.0,23911.0,1213.0,87206.0,95707.0,89156.0,17748.594099673486,0.4507266657232853,84.11293323480238,283.5123137476874,27.98174032903047,973.1345943197957,1314.6124536825942,470.69490521637505,125.31773609429622,6.3573423897947094,457.0473210588932,501.6011278648659,467.26728615378164
E09000013,2025,190216,11.238802203810405,52.29265676914665,,,381.25,2.0043003743113093,,,Hammersmith and Fulham,,,,,,,,,,,,,,,,,,,,,,,,,,,,
E09000014,2011,255540,8.802535806527354,51.939031071456526,,,,,,6.462238789,Haringey,366.0,758087.0,,,,,,,,,,,,,,,,,,,,,,,,,,
E09000014,2012,259312,8.897390016659468,51.626611957796015,9466.0,36.5042882705004,,,5.71933360730786,6.553303242,Haringey,334.0,767594.0,,,,,,,,,,,,,,,,,,,,,,,,,,
E09000014,2013,265054,8.90761882484324,51.61816082760494,10320.0,38.93546220770108,,,5.89087570977347,6.88668108,Haringey,320.0,779906.0,,,,,,,,,,,,,,,,,,,,,,,,,,
E09000014,2014,268901,9.017073197942738,51.23670049572147,11471.0,42.658822391884,151.5,0.5634043755880417,5.90407895219291,6.523117542,Haringey,262.0,793267.0,3792839.0,313.0,16627.0,58724.0,9752.0,164103.0,241158.0,106698.0,19903.0,2131.0,121787.0,93502.0,72676.0,14104.96428053447,1.1639971588056572,61.83316536569221,218.38520496390865,36.26613512036028,610.2729257235935,896.8282007132736,396.79287172602557,74.01608770514055,7.924849665862158,452.90645999828934,347.7190490180401,270.27047128868986
E09000014,2015,272938,9.038316394199414,51.03686551524522,11338.0,41.54056965318131,140.25,0.5138529629439653,6.12111860183023,7.138699532,Haringey,226.0,806893.0,3832206.0,227.0,16827.0,59365.0,10046.0,173695.0,243929.0,111583.0,20805.0,1943.0,112423.0,97176.0,75813.0,14040.573317017052,0.831690713641926,61.65136404604709,217.50360887820676,36.80689387333387,636.3899493657901,893.7157889337504,408.82178370179304,76.22610263136683,7.118832848485737,411.8994057258425,356.0369021536027,277.7663791776887
E09000014,2016,276262,9.091369786651802,50.79091586971788,11280.0,40.830805539668866,122.0,0.44160977622691505,6.19025211748972,6.904962063,Haringey,213.0,818101.0,3958731.0,274.0,18162.0,60773.0,10406.0,187375.0,255568.0,119937.0,21268.0,1707.0,108607.0,103847.0,82813.0,14329.625500430751,0.9918121203784814,65.74194062158385,219.98320434949432,37.66714206079736,678.2510804960509,925.0928466455756,434.1422273059632,76.98489115404941,6.178917114912656,393.1304341530866,375.9004133757086,299.7625442514714
E09000014,2017,274463,9.400174158265413,49.95208825961969,9212.0,33.5637226147058,119.0,0.43357392435410236,6.21161788101852,6.84803915,Haringey,196.0,823663.0,4044925.0,242.0,17971.0,61416.0,10090.0,198986.0,266744.0,126036.0,21490.0,1682.0,103439.0,108928.0,87995.0,14737.59668880687,0.881721762131872,65.47694953418129,223.76786670698783,36.76269661120078,725.0011841304656,971.875990570678,459.2094380663332,78.29834986865261,6.128330594652102,376.8777576576806,396.8768103533081,320.6078779289012
E09000014,2018,274240,9.612018669778296,49.44209451575262,9707.0,35.39600350058343,175.5,0.6399504084014003,6.41027129308243,6.581599236,Haringey,177.0,824965.0,4130514.0,198.0,18405.0,61637.0,9952.0,208655.0,281006.0,134329.0,22270.0,1915.0,101155.0,116137.0,93506.0,15061.675904317386,0.7219953325554259,67.11274795799301,224.75568844807466,36.28938156359393,760.848162193699,1024.671820303384,489.8227829638273,81.20624270711785,6.982934655775963,368.8557467911319,423.4867269544924,340.96411901983663
E09000014,2019,273716,9.831358049949582,49.086279209107246,9675.0,35.34685586520335,201.5,0.7361644916628914,6.46336262376713,7.053804874,Haringey,147.0,822419.0,4238221.0,84.0,18968.0,63555.0,9576.0,221031.0,293252.0,141917.0,22981.0,1659.0,102571.0,121239.0,100419.0,15484.008972803927,0.306887430767657,69.29810460477283,232.19322217188616,34.9851671075129,807.5194727381667,1071.3732481842492,518.4826608601616,83.95928626751815,6.061026757661225,374.73512691987315,442.93720498619007,366.87296321734937
E09000014,2020,269534,10.14788486795729,48.24882946121825,7009.0,26.00414047949424,231.5,0.8588897875592689,6.43505605067616,6.506110668,Haringey,125.0,817490.0,4153357.0,117.0,17284.0,68562.0,8960.0,234847.0,295276.0,143082.0,23174.0,1542.0,87288.0,114692.0,101625.0,15409.399185260487,0.43408252762174715,64.12549066166049,254.37236118634382,33.242559380263714,871.3075159349098,1095.505576290932,530.8495403177336,85.97802132569547,5.720985107630207,323.8478262482655,425.51960049567026,377.03963136376115
E09000014,2021,264317,10.58501723309511,47.34239568397038,6658.0,25.18945054612454,261.5,0.9893423427172676,6.43020198443492,6.486649513,Haringey,118.0,807567.0,4214370.0,153.0,16468.0,66524.0,7958.0,246400.0,297533.0,145292.0,23038.0,1589.0,89620.0,120393.0,104387.0,15944.377395324553,0.5788503955477703,62.30397590771687,251.68263864980307,30.10778724032128,932.2139703462132,1125.6672858726454,549.6884422871022,87.16049289300348,6.0117207746758625,339.06256502608613,455.4871612495602,394.9310865362425
E09000014,2022,264831,10.804248747314325,47.198024400466714,5804.0,21.91586332415767,304.5,1.1497898659900088,6.59786507752835,6.430012226,Haringey,111.0,795929.0,4349115.0,151.0,17012.0,67168.0,7672.0,253992.0,311609.0,148214.0,24210.0,1638.0,105725.0,125090.0,105947.0,16422.227760345275,0.570174941755308,64.23719277577021,253.6258972703347,28.96941823275976,959.0720119623459,1176.6334001684093,559.6550252802731,91.41679033043715,6.1850765204979785,399.2168590535096,472.338963338884,400.0551294976796
E09000014,2023,267204,10.921243693956677,47.43117617999731,6466.0,24.198739539827248,416.0,1.5568629212137544,6.66824718337768,6.351690769,Haringey,118.0,789757.0,4562044.0,74.0,18326.0,69786.0,7612.0,266800.0,332165.0,154010.0,25459.0,1496.0,113072.0,131175.0,111153.0,17073.26237631173,0.2769419619466774,68.58430263020014,261.17123995149774,28.487597491055524,998.488046586129,1243.1138755407853,576.3761021541593,95.27926228649272,5.598718582057155,423.16731785452316,490.91705213993805,415.98553913863566
E09000014,2024,268524,11.178889037851365,47.28255202514487,5899.0,21.968241200041707,283.75,1.0567025666234677,6.757949765,6.573905468,Haringey,125.0,789290.0,4906831.0,110.0,18469.0,71753.0,7231.0,286640.0,362341.0,163472.0,27592.0,1191.0,114805.0,141601.0,117085.0,18273.34242004439,0.40964680996856895,68.77969939372272,267.2126141424975,26.9286916625702,1067.4651055399145,1349.3803160983748,608.7798483561991,102.75431618775231,4.43535773338696,427.54092744037774,527.3308903487211,436.03178859245355
E09000014,2025,266218,11.670510634141944,46.86121900096913,,,199.0,0.7475076816744173,,,Haringey,,,,,,,,,,,,,,,,,,,,,,,,,,,,
E09000015,2011,240499,14.089871475557072,43.48833051280879,,,,,,1.959197879,Harrow,426.0,711445.0,,,,,,,,,,,,,,,,,,,,,,,,,,
E09000015,2012,243800,14.223543888433142,43.34946677604594,5322.0,21.829368334700575,,,8.16249816007047,2.11045146,Harrow,475.0,721750.0,,,,,,,,,,,,,,,,,,,,,,,,,,
E09000015,2013,247018,14.33984567926224,43.13936636196552,4994.0,20.217150167194294,,,8.44940076813633,2.170999765,Harrow,488.0,731317.0,,,,,,,,,,,,,,,,,,,,,,,,,,
E09000015,2014,251618,14.389272627554467,43.01957729574196,6943.0,27.593415415431327,55.25,0.21957888545334595,8.8523915835575,2.321101189,Harrow,446.0,742436.0,3986367.0,1458.0,23345.0,69679.0,11978.0,165837.0,269070.0,122875.0,26671.0,3050.0,150214.0,120621.0,128554.0,15842.932540597256,5.794498008886486,92.77953087616943,276.92374949327944,47.603907510591455,659.0824185869055,1069.3591078539691,488.33946696977165,105.99798106653736,12.121549332718645,596.9922660540979,479.3814432989691,510.90939439944685
E09000015,2015,255308,14.364218904225485,43.06484716499287,8054.0,31.54621085120717,59.75,0.23403105268930074,9.19836609650243,2.405998945,Harrow,345.0,753944.0,4034559.0,1460.0,22998.0,69999.0,11105.0,172806.0,273760.0,128506.0,27114.0,2842.0,140434.0,128369.0,135394.0,15802.712801792344,5.718583044792956,90.07943346859479,274.17472229620694,43.49648267974368,676.853055916775,1072.2734892756985,503.3371457220298,106.20113744966864,11.1316527488367,550.0571858304479,502.80053895686785,530.3163238128064
E09000015,2016,257317,14.459207903092295,42.89067570350968,8616.0,33.48399056416793,37.75,0.14670620285484443,9.52664663856,2.404440165,Harrow,286.0,764243.0,4236849.0,1498.0,24478.0,71934.0,10709.0,186570.0,285213.0,136122.0,27278.0,2852.0,144008.0,142032.0,146205.0,16465.48420819456,5.821613029842568,95.12779956240745,279.5540131433213,41.617926526424604,725.0589739504192,1108.4110260884434,529.0050793379373,106.00931924435618,11.08360504747063,559.65210227074,551.9728583809076,568.1902089640405
E09000015,2017,257881,14.65055587654771,42.55800155885854,6953.0,26.962048386658964,45.25,0.17546853005843782,9.71013263763836,2.392280102,Harrow,257.0,770506.0,4224971.0,1673.0,24589.0,71174.0,10385.0,193708.0,293192.0,139735.0,27824.0,2927.0,135271.0,139291.0,150035.0,16383.413279768576,6.487488415199258,95.35018089739066,275.9955173122487,40.27051236810777,751.1526634377872,1136.9274975667072,541.858454093167,107.89472663748008,11.350196408420938,524.5481442991147,540.1367297319306,581.7993570677949
E09000015,2018,259861,14.79598708540335,42.465779782268214,7059.0,27.164522571682554,92.75,0.3569215850012122,9.92007291937215,2.294444799,Harrow,235.0,775059.0,4039970.0,1789.0,24265.0,65402.0,9713.0,189282.0,283979.0,135110.0,26873.0,2482.0,124572.0,133438.0,146918.0,15546.657636197815,6.884449763527424,93.37684377417158,251.68070622371192,37.37767498778193,728.3971046059239,1092.8111567337924,519.9318096982618,103.41297847695499,9.551260096744029,479.3793605042696,513.4976006403423,565.3714870642382
E09000015,2019,262065,14.93675233243661,42.44214221662565,7450.0,28.428061740407912,114.25,0.4359605441398126,10.1491133799033,2.369410753,Harrow,209.0,779807.0,3984610.0,1241.0,24795.0,65808.0,9698.0,193585.0,287639.0,139031.0,27368.0,2151.0,119040.0,127594.0,150465.0,15204.662965294869,4.735466391925667,94.6139316581764,251.1132734245321,37.0060862763055,738.6907828210558,1097.5864766374755,530.5210539370004,104.43210653845419,8.207887356190259,454.2384522923702,486.87920935645735,574.1514509759029
E09000015,2020,262281,15.147494481109955,42.297002070298646,5943.0,22.658903999908492,143.75,0.5480762998463481,10.1491092360406,2.38814497,Harrow,221.0,784207.0,3908659.0,867.0,21881.0,69519.0,10239.0,207523.0,293912.0,141656.0,27840.0,2019.0,95465.0,121687.0,153023.0,14902.562518825229,3.3056149702037128,83.42579142217697,265.05541766273575,39.03828336783831,791.2239163340082,1120.599662194364,540.0924962158906,106.14569869719881,7.697850778363663,363.9798536683938,463.9565961697569,583.4315104792188
E09000015,2021,261159,15.510474461917836,42.096577180951066,6620.0,25.348542458808616,211.5,0.8098514697942633,10.1682357245065,2.263870239,Harrow,236.0,785505.0,3888222.0,362.0,19492.0,65788.0,10195.0,210896.0,295304.0,142878.0,27371.0,2107.0,94516.0,120647.0,150305.0,14888.332395207517,1.3861287568109848,74.63652410983347,251.90784158309688,39.037521203557986,807.5387024762692,1130.7441060809697,547.0920014244195,104.80588453777202,8.067882018234101,361.90979441642827,461.9676135993782,575.5306154488262
E09000015,2022,263123,15.66985782314735,41.9290597933286,8824.0,33.53564682676923,283.0,1.0755426169510076,10.1847161414046,2.293868542,Harrow,246.0,785238.0,4038874.0,192.0,20822.0,67564.0,9952.0,216275.0,312322.0,148204.0,28248.0,1926.0,114764.0,123213.0,151272.0,15349.756577722206,0.729696757790083,79.13409318075577,256.77724866317277,37.82261527878597,821.9539910992197,1186.980993679762,563.2498869350076,107.35663548986597,7.319770601581769,436.1610349532348,468.2714927999453,574.9098330438616
E09000015,2023,267893,15.606230845897429,42.468074940367984,11645.0,43.46884763692967,355.0,1.3251559391249492,10.4699599585686,2.32806778,Harrow,243.0,789848.0,4214161.0,189.0,21249.0,67589.0,9517.0,222658.0,335937.0,154417.0,28835.0,1695.0,118465.0,127610.0,155588.0,15730.761908672494,0.7055055563228603,79.31898183229872,252.29849230849632,35.52537766944265,831.1452706864308,1253.9969316107552,576.4129708503021,107.63625775962791,6.327153005117714,442.21013613644254,476.34689969502745,580.7841190325988
E09000015,2024,270987,15.786735157037054,42.586175720606526,10700.0,39.48528896220114,277.75,1.0249569167524641,10.59409794,2.214413881,Harrow,280.0,799413.0,4418060.0,182.0,21183.0,67067.0,9214.0,229219.0,362369.0,161556.0,30532.0,1581.0,115751.0,134270.0,158010.0,16303.586518910499,0.6716189337495895,78.16980150339316,247.49157708672374,34.00163107455339,845.8671449183909,1337.2191285928845,596.1762003343334,112.66961145737618,5.834228210209346,427.1459516508172,495.48502326679875,583.0907017679815
E09000015,2025,272612,16.08880019955101,42.58213138086364,,,349.25,1.2811248220914706,,,Harrow,,,,,,,,,,,,,,,,,,,,,,,,,,,,
E09000016,2011,237927,17.88657865647867,38.405057013285585,,,,,,1.570432782,Havering,61.0,708288.0,,,,,,,,,,,,,,,,,,,,,,,,,,
E09000016,2012,239946,18.29870054095505,38.1694214531603,1238.0,5.1594942195327285,,,5.75631873213938,1.612799644,Havering,58.0,714107.0,,,,,,,,,,,,,,,,,,,,,,,,,,
E09000016,2013,242550,18.444856730571015,37.97856112141827,1232.0,5.079365079365079,,,5.94519053070649,1.791175842,Havering,73.0,720423.0,,,,,,,,,,,,,,,,,,,,,,,,,,
E09000016,2014,246771,18.433284300019046,37.982583042577936,1631.0,6.609366578730888,24.5,0.09928233058179446,6.03125965503104,1.856051326,Havering,79.0,729267.0,4184467.0,197.0,31527.0,70389.0,14524.0,206688.0,294610.0,73210.0,28643.0,3704.0,167084.0,84701.0,128913.0,16956.883102147334,0.7983109846781024,127.7581239286626,285.2401619315074,58.85618650489725,837.5700548281604,1193.859894396019,296.6718131384968,116.07117530017709,15.009867447957824,677.0811805276958,343.23725235137033,522.3993094812599
E09000016,2015,250449,18.25641148497299,38.124328705644665,1972.0,7.873858550044121,34.75,0.13875080355681196,6.18951989998326,2.078129292,Havering,75.0,739770.0,4228746.0,203.0,31393.0,71483.0,14740.0,219359.0,294768.0,78429.0,29850.0,3492.0,158575.0,91247.0,128429.0,16884.659152162716,0.8105442625045418,125.34687700889202,285.41938678134073,58.85429768136427,875.8629501415458,1176.958183103147,313.15357617718576,119.18594204808164,13.942958446629852,633.1628395401858,364.3336567524725,512.7950201438217
E09000016,2016,254487,18.114874237190897,38.14851053295453,2445.0,9.607563451178253,147.25,0.5786150176629847,6.40161527882092,2.057724953,Havering,72.0,751707.0,4284806.0,210.0,31712.0,71940.0,15172.0,225648.0,297130.0,84317.0,30398.0,3204.0,158294.0,97414.0,131074.0,16837.032932919952,0.8251894988742058,124.61147327761338,282.6863454714779,59.61797655675929,886.6779049617465,1167.5645514309178,331.3214427456019,119.44814469894337,12.590034068537882,622.0121263561597,382.78576115872323,515.0518494068459
E09000016,2017,257429,17.949415178554087,38.23345466128525,2096.0,8.14205081789542,244.25,0.9488053016559906,6.72644005010132,2.075849295,Havering,78.0,762365.0,4235057.0,132.0,30801.0,70167.0,15105.0,224975.0,297778.0,86620.0,30114.0,2891.0,150913.0,98851.0,130068.0,16451.359403952156,0.5127627423483756,119.64852444751757,272.5683586542309,58.67637290281981,873.930287574438,1156.7383628107168,336.481126834972,116.97982744756806,11.23028097067541,586.2315434547,383.9932563930249,505.25776039218584
E09000016,2018,259229,17.852940836094728,38.31592915916043,2299.0,8.868606521646884,339.5,1.3096528551975282,7.2078500483684,2.104484558,Havering,80.0,771145.0,4232425.0,167.0,30721.0,71105.0,15042.0,228119.0,301776.0,92690.0,31181.0,2740.0,152152.0,94348.0,131801.0,16326.973448186738,0.6442180465920093,118.50911742127616,274.2941569037415,58.02591531040123,879.9902788654047,1164.1290133434145,357.560303824032,120.28361024422422,10.569805075820991,586.9405043417211,363.9561931728317,508.4346272986433
E09000016,2019,261296,17.8349458085849,38.45676933439471,2501.0,9.571520421284674,330.25,1.263892290735411,7.38604677766074,2.117465734,Havering,70.0,777954.0,4274832.0,137.0,32065.0,72813.0,15215.0,236392.0,301011.0,97356.0,31603.0,2314.0,148300.0,91894.0,134317.0,16360.11266915682,0.5243095952483008,122.71523482946543,278.6609821811279,58.22898169126202,904.6904659849366,1151.9923764619434,372.5889412773253,120.947125099504,8.855856959157432,567.5555691629417,351.6854448594697,514.0415467515768
E09000016,2020,261906,17.750261544218155,38.52565424236176,2081.0,7.945598802623842,353.25,1.3487663512863393,7.46636995192651,2.057613134,Havering,51.0,782431.0,4216573.0,93.0,28575.0,78716.0,15100.0,254058.0,304552.0,100397.0,31873.0,2098.0,122455.0,89896.0,134340.0,16099.566256595877,0.3550892304872741,109.10402969004146,300.5505792154437,57.654272907073526,970.0350507433965,1162.829412079143,383.3321878842027,121.69633379914931,8.010507586691409,467.55324429375423,343.2376501492902,512.9321206845204
E09000016,2021,262086,17.62589379058782,38.64647482124188,2223.0,8.481948673336234,292.25,1.1150919927046847,7.61703427054706,2.175575495,Havering,40.0,785288.0,4172845.0,65.0,27723.0,75170.0,13741.0,260813.0,304309.0,100942.0,31224.0,1964.0,115163.0,90156.0,131434.0,15921.663118213106,0.24801019512679043,105.77825599230786,286.81425181047445,52.4293552498035,995.1428157169784,1161.1036072128995,385.1483864075151,119.13646665598316,7.49372343429256,439.40920155979336,343.9939561823218,501.49187671222427
E09000016,2022,265111,17.53039292975395,38.825623983916174,3281.0,12.37594818774023,260.75,0.9835502864837747,7.94366536597121,2.09369278,Havering,42.0,788778.0,4260543.0,74.0,28489.0,75260.0,13627.0,267186.0,312059.0,102701.0,31503.0,1803.0,132118.0,94955.0,131219.0,16070.789216592295,0.2791283650999016,107.46064855852832,283.88109131646746,51.40111123265349,1007.8269102375986,1177.0880876312187,387.38867870439174,118.82947142894864,6.800924895609763,498.34974784147016,358.17072848731283,494.9587154059997
E09000016,2023,270756,17.415311202706494,39.323228294109825,4533.0,16.742011257368258,345.0,1.2742099898063202,8.47627274347689,2.136517048,Havering,56.0,797177.0,4397180.0,66.0,27539.0,75261.0,13620.0,272808.0,325721.0,108554.0,33106.0,1773.0,142272.0,97257.0,131858.0,16240.378791236391,0.24376191109338297,101.7115040848587,277.96613925453175,50.303594380179945,1007.5787794176307,1203.0056582310272,400.9292499519863,122.27245194935661,6.548331338917697,525.4620396223906,359.20533616983556,486.99936474168624
E09000016,2024,277042,17.299543029576743,39.63911609070105,4187.0,15.113231928732828,194.25,0.7011572252582641,9.102190569,2.210879087,Havering,66.0,811365.0,4594761.0,41.0,28294.0,75610.0,13640.0,280913.0,344636.0,116279.0,34303.0,1668.0,152517.0,102596.0,135128.0,16585.07013377033,0.14799200121281247,102.12891908086138,272.9189076024574,49.234412110799084,1013.9726106510926,1243.98466658485,419.71614412255184,123.81877116105139,6.020747756657835,550.519415828647,370.3265208885295,487.75275950938845
E09000016,2025,280787,17.271454875047635,39.714801611185706,,,190.0,0.6766695039300252,,,Havering,,,,,,,,,,,,,,,,,,,,,,,,,,,,
E09000017,2011,275499,12.853404186585069,44.86223180483414,,,,,,2.531018019,Hillingdon,377.0,810629.0,,,,,,,,,,,,,,,,,,,,,,,,,,
E09000017,2012,281263,13.010954160341033,44.60771591002016,5816.0,20.67815532082073,,,6.43308233816164,2.591127872,Hillingdon,395.0,826227.0,,,,,,,,,,,,,,,,,,,,,,,,,,
E09000017,2013,285982,13.061311551076642,44.38041555062906,5646.0,19.742501276304104,,,6.36347348155046,2.614532232,Hillingdon,371.0,842744.0,,,,,,,,,,,,,,,,,,,,,,,,,,
E09000017,2014,290225,13.1091394607632,44.19329830304074,6494.0,22.375742958049788,143.25,0.49358256525109834,6.69973094968879,2.612542391,Hillingdon,362.0,857470.0,4339191.0,895.0,23984.0,71231.0,16115.0,211984.0,275373.0,106994.0,34000.0,2983.0,170507.0,99893.0,120850.0,14951.127573434404,3.0838142820225687,82.63933155310535,245.43371522094927,55.52588508915497,730.412610905332,948.8259109311741,368.65879920751144,117.15048669136014,10.27823240589198,587.499353949522,344.1915755017659,416.4010681367904
E09000017,2015,294011,13.038627806442616,44.009577872936724,6781.0,23.06376292043495,149.75,0.5093346847566929,6.99759814546702,2.663375378,Hillingdon,321.0,870218.0,4362559.0,1001.0,23643.0,72099.0,15626.0,218355.0,282302.0,113692.0,34232.0,2476.0,153132.0,110351.0,123500.0,14838.080888130036,3.404634520477125,80.41535860903164,245.22551877310713,53.14767134562993,742.6762944243583,960.174959440293,386.6930148871981,116.43101788708586,8.421453619082278,520.8376557339691,375.32949447469656,420.052310967957
E09000017,2016,297451,13.017606261199324,43.648533708072925,7040.0,23.667763766132907,220.25,0.7404580922572122,7.28106790097946,2.704984665,Hillingdon,307.0,881687.0,4555079.0,1021.0,24653.0,73828.0,15872.0,232208.0,302138.0,122263.0,35928.0,2458.0,156812.0,123521.0,131045.0,15313.712174442177,3.4324981257417186,82.88087785887424,248.20222490426994,53.36004921819056,780.6596716770157,1015.7572171550944,411.0357672356119,120.78628076557148,8.263545928573109,527.1859902975616,415.2650352495032,440.5599577745578
E09000017,2017,299469,13.08683035639749,43.30598492665351,5802.0,19.374292497720965,266.5,0.8899084713275832,7.43389356997121,2.724167347,Hillingdon,251.0,890931.0,4466129.0,1317.0,24697.0,74316.0,15194.0,233213.0,308702.0,125459.0,37008.0,2391.0,148813.0,127532.0,132778.0,14913.49355025061,4.397784077817738,82.46930400141584,248.15924185808882,50.73647021895422,778.7550631284039,1030.8312379578522,418.93818725811354,123.57873435981688,7.984131913486872,496.92288684304555,425.86043964483804,443.3781125926223
E09000017,2018,302263,13.114406989939225,43.12932777084857,6877.0,22.751709603888003,458.75,1.517718013782699,7.66493533433862,2.629005671,Hillingdon,227.0,899183.0,4363868.0,1172.0,24501.0,70921.0,14453.0,232740.0,309841.0,125429.0,37028.0,2382.0,142624.0,122928.0,134681.0,14437.321140860775,3.8774180101434843,81.05854835027773,234.63341527080723,47.815974829866704,769.9916959733741,1025.0708819802624,414.96643651389684,122.50258880511343,7.880554351673874,471.8539814664712,406.6921852823535,445.57554182946643
E09000017,2019,305641,13.203725939909894,43.088132809407114,7685.0,25.14387794831191,559.25,1.829761059543713,7.97605893905024,2.666794777,Hillingdon,214.0,907373.0,4503957.0,964.0,25924.0,73265.0,14208.0,245153.0,325953.0,135048.0,38615.0,2108.0,142404.0,123835.0,141612.0,14736.102159068974,3.1540271102371737,84.81846349148184,239.7093321903802,46.485909940093116,802.0946142696824,1066.457052555122,441.8517149204459,126.34103408901292,6.896980444377554,465.9191666039569,405.1648829836311,463.32789121878284
E09000017,2020,306460,13.353455589636495,42.92044638778307,7194.0,23.47451543431443,608.25,1.9847614696860927,8.09551634139691,2.553376675,Hillingdon,204.0,914364.0,4554453.0,577.0,24781.0,80103.0,14248.0,270382.0,341366.0,143490.0,39780.0,2087.0,123242.0,123459.0,144070.0,14861.49252757293,1.882790576257913,80.86210272139921,261.3815832408797,46.492201266070616,882.27501142074,1113.9006721921294,468.2177119363049,129.80486849833582,6.810024146707564,402.14709913202375,402.85518501598904,470.1102917183319
E09000017,2021,305107,13.546722952931267,42.77843510637252,7071.0,23.175476144434576,659.0,2.1598980029956705,8.13034728588982,2.478571177,Hillingdon,198.0,917208.0,4583428.0,356.0,23247.0,77289.0,13735.0,280864.0,345117.0,142721.0,39573.0,2226.0,126596.0,132146.0,142984.0,15022.362646546948,1.1668037770355975,76.1929421481644,253.31768854860752,45.01699403815711,920.5426293070955,1131.1343233685232,467.7736007367907,129.70203895682496,7.295801145172021,414.9232892067373,433.1136289891743,468.63559341476923
E09000017,2022,312493,13.422380661326814,43.23616849017418,12709.0,40.66971100152644,1328.75,4.252095246933531,8.1796590450148,2.359274864,Hillingdon,196.0,923729.0,4731821.0,338.0,25998.0,77655.0,13494.0,287787.0,359244.0,143666.0,40453.0,2137.0,152463.0,138870.0,147144.0,15142.166384527014,1.0816242283827158,83.19546357838416,248.50156643508814,43.18176727158688,920.9390290342504,1149.6065511867466,459.7414982095599,129.4524997359941,6.838553183591312,487.89252879264495,444.39395442457914,470.8713475181844
E09000017,2023,322383,13.203549814971634,44.20735584692741,15387.0,47.72894352369697,2767.0,8.582958778843798,8.35761225537329,2.38100028,Hillingdon,204.0,939246.0,4888126.0,63.0,26268.0,79308.0,13671.0,287320.0,380023.0,147293.0,41880.0,2237.0,161547.0,142083.0,147361.0,15162.480651895416,0.19541973367082013,81.48072323912861,246.0055275867524,42.40608220656796,891.238061560318,1178.7935468061282,456.888235421843,129.9075943830785,6.938951495581343,501.10272563999956,440.7273336373196,457.09916465818606
E09000017,2024,327886,13.225938283427777,44.49686781381334,14229.0,43.39618037976614,2549.75,7.77633079789927,8.512751392,2.399404049,Hillingdon,235.0,963324.0,5199971.0,155.0,27135.0,83653.0,14239.0,300641.0,419330.0,157934.0,44227.0,1952.0,170639.0,150197.0,151566.0,15859.082120005123,0.47272527646804074,82.75742178684055,255.1283067895549,43.42667878469956,916.9070957588918,1278.889614073184,481.6735084755067,134.8852954990454,5.953288643003971,520.4217319434193,458.07689257851814,462.2521242139036
E09000017,2025,326671,13.575738281022803,44.141047108558766,,,2476.25,7.58025658843301,,,Hillingdon,,,,,,,,,,,,,,,,,,,,,,,,,,,,
E09000018,2011,254927,10.597151341364391,48.85045522835949,,,,,,3.407063961,Hounslow,549.0,747529.0,,,,,,,,,,,,,,,,,,,,,,,,,,
E09000018,2012,260584,10.652611058238419,48.53598072022841,7643.0,29.3302735394345,,,6.30926381704878,3.600774527,Hounslow,569.0,764747.0,,,,,,,,,,,,,,,,,,,,,,,,,,
E09000018,2013,265547,10.74047155494131,48.1835607255966,7418.0,27.93479120457019,,,6.51864200027313,3.682634592,Hounslow,533.0,781058.0,,,,,,,,,,,,,,,,,,,,,,,,,,
E09000018,2014,270773,10.831212860957333,47.906918341193546,8798.0,32.492161330708754,59.5,0.21974125928360658,6.88359178608593,3.637194157,Hounslow,504.0,796904.0,3770665.0,939.0,22406.0,58505.0,11001.0,174026.0,243916.0,105080.0,26639.0,3333.0,148178.0,98565.0,105279.0,13925.557570363366,3.4678494532320427,82.74827992451242,216.06659452751936,40.62812761981438,642.7007124048557,900.8135966289105,388.0741432860736,98.38130094211758,12.309203650290096,547.2406776155673,364.0133986771207,388.809076237291
E09000018,2015,275097,10.923056231074858,47.45017212110638,8962.0,32.57759990112579,82.0,0.29807667840797974,7.41149640870436,3.928928375,Hounslow,426.0,811417.0,3851624.0,1218.0,22171.0,58632.0,11177.0,183413.0,254991.0,115805.0,28186.0,2744.0,130549.0,106422.0,108897.0,14000.966931664105,4.4275291987916985,80.59339069491853,213.1320952245935,40.62930529958523,666.7211928883266,926.913052486941,420.96060662239137,102.45840558057704,9.974663482335322,474.55624743272375,386.85263743334167,395.84946400724107
E09000018,2016,278601,11.01072860470709,46.83077232314313,9652.0,34.64452747836512,80.25,0.2880463458494406,7.8246997865991,3.835186481,Hounslow,383.0,824471.0,4058037.0,1278.0,22508.0,59650.0,11413.0,197203.0,277310.0,127415.0,29908.0,2471.0,128158.0,115217.0,115505.0,14565.766095599083,4.587205358200436,80.78937261531723,214.10547700833808,40.96539495550985,707.8330659258222,995.3661329284532,457.33863123247943,107.35065559707252,8.8693148983672,460.00552761835024,413.55558666336447,414.5893230821138
E09000018,2017,281117,11.137711344386856,46.11496280907949,8083.0,28.75315260194154,150.5,0.5353642789301252,8.117036921087,3.705318213,Hounslow,320.0,834815.0,4121427.0,1486.0,22617.0,60390.0,11274.0,204704.0,293961.0,133687.0,30205.0,2362.0,123820.0,119859.0,118560.0,14660.895641316605,5.286055272359906,80.45404582433649,214.8215867414635,40.1042982103537,728.1807930505804,1045.689161452349,475.5564409125026,107.4463657480693,8.402195527129274,440.4571761935422,426.3669575301387,421.74610571399097
E09000018,2018,285430,11.255999719721123,45.79967067231896,9136.0,32.00784780856953,293.5,1.0282731317661074,8.39654564115722,3.669270039,Hounslow,279.0,845148.0,4160561.0,1745.0,23389.0,59610.0,10730.0,209590.0,304324.0,138107.0,29560.0,2409.0,121032.0,125251.0,121547.0,14576.467084749325,6.1135830151000246,81.94303331815156,208.8427985845917,37.59240444242021,734.2956241460254,1066.1948638895701,483.8559366569737,103.56304523000385,8.43989769820972,424.03391374417544,438.81512104544026,425.8382090179729
E09000018,2019,289652,11.360183944871777,45.624749699639565,9780.0,33.764655517655676,419.5,1.448289671744024,8.79091386452479,3.86614728,Hounslow,252.0,856199.0,4152796.0,2061.0,23772.0,60579.0,10999.0,214725.0,309666.0,144394.0,29823.0,2082.0,121265.0,119868.0,126242.0,14337.190835899632,7.115435073812714,82.07089887174955,209.14407633988372,37.97315399168657,741.3206192258295,1069.0967091544337,498.50855509369865,102.96148481626227,7.187935867869029,418.6575614875782,413.8345324734509,435.84024967892503
E09000018,2020,289773,11.579408709576116,45.11980067156015,7783.0,26.858955113140286,465.5,1.6064298606150331,8.82372228844322,3.845535755,Hounslow,255.0,864855.0,4047330.0,1236.0,22591.0,66096.0,10987.0,230614.0,311213.0,146976.0,30488.0,1909.0,106669.0,112114.0,124922.0,13967.24332494746,4.265407750204471,77.96102466413366,228.09578532161382,37.915885883087796,795.8436431275516,1073.9889499711844,507.2108167427607,105.21339117171027,6.587915368236517,368.11228099236297,386.9028515424142,431.1029668050508
E09000018,2021,288164,11.892533418470038,44.574964256465066,7758.0,26.92216932024819,613.0,2.1272608653405696,8.91711345799534,3.420172453,Hounslow,250.0,867589.0,4015652.0,467.0,21010.0,64073.0,10783.0,237928.0,312591.0,145781.0,30270.0,1878.0,108438.0,112917.0,123063.0,13935.30073152788,1.6206049333018697,72.90987076803488,222.34907899668244,37.419663802556876,825.6687164253689,1084.7677017254064,505.8959481406421,105.04434974528394,6.517122194306021,376.3065476603601,391.84977998639664,427.05889701697646
E09000018,2022,290151,12.072334749837154,44.272809674962346,10509.0,36.219072138300405,1270.25,4.377892890253696,9.08611586337089,3.503876686,Hounslow,249.0,867133.0,4343185.0,403.0,22799.0,67258.0,11238.0,255737.0,340979.0,159455.0,33364.0,1911.0,136098.0,120357.0,129346.0,14968.705949660693,1.3889319699053253,78.57632749844048,231.80344027764855,38.73155701686363,881.3927920289781,1175.177752273816,549.5586780676268,114.98840259037536,6.586225792776864,469.05921399547134,414.808151617606,445.78857215725606
E09000018,2023,297085,12.043691199488363,44.824545163842,13911.0,46.824982749044885,2162.0,7.277378528030698,9.20953246269882,3.354359627,Hounslow,241.0,872581.0,4510152.0,162.0,23140.0,67883.0,10831.0,262123.0,357975.0,164857.0,34301.0,1821.0,146053.0,122699.0,131757.0,15181.352138276925,0.5452984835989699,77.8901661140751,228.4968948280795,36.457579480620026,882.316508743289,1204.958176952724,554.9152599424407,115.45853880202637,6.129558880455089,491.62024336469364,413.00974468586435,443.4993352070956
E09000018,2024,300047,12.269077844471033,44.802314304092356,12803.0,42.66998170286655,1862.5,6.207360846800668,9.448446064,3.14699316,Hounslow,278.0,883841.0,4686519.0,257.0,22338.0,68307.0,10740.0,266828.0,384894.0,170801.0,35820.0,1506.0,136455.0,129613.0,135111.0,15619.282978999956,0.8565324765786694,74.44833642729306,227.65433415431582,35.7943922118868,889.2873449826194,1282.7790312850987,569.2474845607521,119.38129693014761,5.019213656527144,454.77875132895844,431.97565714704695,450.29945308568324
E09000018,2025,299486,12.639989849275091,44.45917338373079,,,1917.5,6.4026365172328585,,,Hounslow,,,,,,,,,,,,,,,,,,,,,,,,,,,,
E09000019,2011,206285,8.772814310298859,57.326514288484375,,,,,,8.439549446,Islington,236.0,603118.0,,,,,,,,,,,,,,,,,,,,,,,,,,
E09000019,2012,208762,8.819133750395187,57.240302353876665,9246.0,44.289669575880666,,,4.89531121902821,8.34201622,Islington,214.0,615176.0,,,,,,,,,,,,,,,,,,,,,,,,,,
E09000019,2013,212604,8.829561061880304,57.07841809185152,9600.0,45.15437150759158,,,5.00814850546492,8.456161499,Islington,214.0,627651.0,,,,,,,,,,,,,,,,,,,,,,,,,,
E09000019,2014,214986,8.863832993776338,56.97952424809057,9861.0,45.86810303926767,28.0,0.1302410389513736,5.06106005695019,8.293045998,Islington,191.0,636352.0,2603123.0,147.0,15034.0,49267.0,6728.0,102255.0,126660.0,51204.0,16494.0,2409.0,104655.0,58943.0,53118.0,12108.337287079159,0.6837654544947113,69.93013498553394,229.16375950061865,31.295061073744336,475.6356227847395,589.154642627892,238.1736485166476,76.7212748737127,11.205380815494962,486.7991404091429,274.17134138967185,247.07655382210936
E09000019,2015,218255,8.818583766694921,56.856887585622324,10669.0,48.88318709766099,31.75,0.14547203958672195,5.14893988139075,8.171825409,Islington,170.0,645845.0,2637813.0,154.0,14898.0,50259.0,6594.0,107793.0,129778.0,53026.0,17268.0,2187.0,98090.0,61748.0,56134.0,12085.922430184875,0.7055966644521318,68.25960459096011,230.27651142012783,30.212366268814,493.88559254083526,594.6163890861607,242.95434239765413,79.11846234908708,10.020388994524753,449.42842088382855,282.9167716661703,257.1945659893244
E09000019,2016,220620,8.831928202338863,56.71335327712809,11022.0,49.9592058743541,29.5,0.13371407850602848,5.05590848355564,7.950357437,Islington,149.0,653861.0,2693805.0,166.0,15397.0,51884.0,6440.0,114646.0,133159.0,55657.0,18087.0,1972.0,97520.0,63711.0,59192.0,12210.157737285832,0.7524249841356179,69.78968361889221,235.17360166802646,29.190463239960113,519.6537032000725,603.5672196537032,252.27540567491613,81.98259450639108,8.938446197080953,442.0270147765388,288.7816154473756,268.29843169250296
E09000019,2017,221535,8.86180513237186,56.3035186313675,10104.0,45.60904597467669,25.75,0.11623445505224908,4.95294858571937,7.837164879,Islington,133.0,660410.0,2731892.0,116.0,15566.0,54499.0,6495.0,119876.0,134770.0,56470.0,18898.0,1998.0,96906.0,65226.0,61975.0,12331.649626469858,0.5236192926625589,70.264292324012,246.0062744035931,29.3181664296838,541.1153993725596,608.3463109666643,254.9032884194371,85.30480510980206,9.018890920170627,437.42975150653393,294.4275170966213,279.75263502381114
E09000019,2018,221453,8.964881938831265,55.9915648015606,10604.0,47.88374959923776,25.5,0.11514858683332356,4.99102557267509,7.236664295,Islington,114.0,663608.0,2769730.0,108.0,15859.0,55091.0,6063.0,123089.0,136739.0,59256.0,19421.0,2081.0,94401.0,67962.0,64590.0,12507.078251367107,0.4876881324705468,71.61338974861484,248.77061949939716,27.378269881193752,555.824486459881,617.4628476471305,267.5782220155067,87.69806685843045,9.397027811770442,426.28006845696376,306.8913042496602,291.6645970025242
E09000019,2019,221994,9.04664090020451,55.92403398290044,12234.0,55.10959755669072,29.25,0.1317603178464283,4.93514710534641,7.343711853,Islington,103.0,664982.0,2878363.0,123.0,16043.0,57446.0,5878.0,133578.0,145307.0,64011.0,20517.0,1802.0,91591.0,72401.0,68435.0,12965.949530167481,0.5540690288926727,72.26771894735893,258.772759624134,26.478193104318134,601.7189653774426,654.5537266772976,288.345630962999,92.42141679504851,8.117336504590215,412.5832229699902,326.1394452102309,308.2740974981306
E09000019,2020,221018,9.13545503081197,55.58597037345375,9717.0,43.964744952899764,35.25,0.15948927236695654,4.79818763769381,6.698384285,Islington,82.0,664465.0,2944801.0,70.0,14725.0,62659.0,6029.0,150186.0,155118.0,68103.0,20263.0,1558.0,79721.0,76343.0,72969.0,13323.80620582939,0.316716285551403,66.62353292492014,283.5017962337909,27.278321222705845,679.5193151689003,701.8342397451792,308.13327421296003,91.68031563040114,7.049199612701228,360.69912857776285,345.41530554072517,330.14958057714756
E09000019,2021,217050,9.427781617138908,54.883206634416034,7448.0,34.31467403824004,92.75,0.4273208938032711,4.5275518391652,7.642765999,Islington,88.0,660062.0,3045686.0,54.0,14375.0,61409.0,5756.0,164206.0,162656.0,72122.0,20474.0,1477.0,80175.0,81359.0,75469.0,14032.186132227596,0.248790601243953,66.22897949781157,282.92559318129463,26.51923519926284,756.5353605160101,749.3941488136375,332.2828841280811,94.32849573830914,6.8048836673577515,369.38493434692464,374.8398986408661,347.7032941718498
E09000019,2022,221663,9.343462824197092,55.71069596639944,9486.0,42.79469284454329,362.25,1.6342375588167624,4.57304654905822,7.005607128,Islington,85.0,657837.0,3104123.0,64.0,14392.0,61725.0,5418.0,169855.0,166853.0,74427.0,20392.0,1376.0,88707.0,84015.0,77626.0,14003.79404772109,0.2887265804396765,64.92738977637225,278.4632527756099,24.44250957534636,766.2758331340818,752.7327519703333,335.7664562872469,91.9955066925919,6.207621479453043,400.18857454784967,379.0213071193659,350.1982739564113
E09000019,2023,225529,9.32429975745913,56.602920245289965,11047.0,48.98261420925912,865.5,3.837643939360348,4.54859516190667,6.547105312,Islington,94.0,659152.0,3325195.0,63.0,15107.0,63426.0,5542.0,187633.0,188396.0,82433.0,20804.0,1422.0,92001.0,95467.0,85118.0,14743.97970992644,0.2793432330210306,66.98473367061442,281.2321253586013,24.573336466707165,831.9683943084924,835.3515512417472,365.5095353590891,92.24534317094475,6.3051758310461175,407.93423462171165,423.3025464574401,377.41487790927107
E09000019,2024,226183,9.610359752943413,56.731938297750055,10040.0,44.38883558888157,798.75,3.5314325126114694,4.472177349,6.227846146,Islington,86.0,665126.0,3777149.0,138.0,16696.0,65586.0,5854.0,220215.0,233313.0,97647.0,21648.0,1202.0,92999.0,119184.0,95589.0,16699.52648961239,0.61012542940893,73.81633456095285,289.9687421247397,25.88169756347736,973.6142857774457,1031.5231471861282,431.7167956919839,95.71011083945301,5.314280914127057,411.167063837689,526.9361534686515,422.617968636016
E09000019,2025,224551,10.009752795578732,56.53593170371096,,,501.25,2.2322323213880146,,,Islington,,,,,,,,,,,,,,,,,,,,,,,,,,,,
E09000020,2011,158251,12.20655793644274,49.84360288402601,,,,,,8.915539742,Kensington and Chelsea,133.0,480607.0,,,,,,,,,,,,,,,,,,,,,,,,,,
E09000020,2012,157240,12.660264563724244,49.18404986008649,6799.0,43.2396336809972,,,4.26207736017303,9.23112011,Kensington and Chelsea,116.0,475954.0,,,,,,,,,,,,,,,,,,,,,,,,,,
E09000020,2013,156823,12.935602558298209,48.80597871485688,6842.0,43.628804448327095,,,4.18018887922993,9.055095673,Kensington and Chelsea,115.0,472314.0,,,,,,,,,,,,,,,,,,,,,,,,,,
E09000020,2014,156178,13.090191960455378,48.36020438217931,7393.0,47.337012895542266,13.0,0.08323835623455289,4.17821808502731,9.067121506,Kensington and Chelsea,104.0,470241.0,1835346.0,259.0,11203.0,30010.0,4069.0,74603.0,107353.0,37256.0,11452.0,1903.0,73346.0,55385.0,41028.0,11751.629550897054,1.6583641742114767,71.73225422274585,192.15254389222554,26.053605501415053,477.67931462818063,687.3759428344581,238.5483230672694,73.32658889216151,12.184814762642626,469.63080587534733,354.62741231159316,262.7002522762489
E09000020,2015,156149,13.251445734522795,48.08163997207795,7346.0,47.04480976503211,16.0,0.10246623417376992,4.21176211615365,9.278400421,Kensington and Chelsea,92.0,469150.0,1882838.0,240.0,11274.0,30211.0,4176.0,79922.0,112336.0,39331.0,12248.0,1836.0,73210.0,60743.0,43106.0,12057.957463704537,1.536993512606549,72.20027025469264,193.4754625389852,26.74368711935395,511.83164797725243,719.4154301340386,251.88121601803402,78.43790226002088,11.7580003714401,468.847062741356,389.0066539010816,276.0568431434079
E09000020,2016,152708,13.6305890981481,46.937946931398486,7255.0,47.50897137019672,11.75,0.07694423343898159,4.35740469870163,9.51086998,Kensington and Chelsea,79.0,465035.0,1973009.0,310.0,11840.0,31092.0,4527.0,86921.0,119266.0,44257.0,13053.0,1817.0,72038.0,67275.0,46632.0,12920.141708358437,2.0300180737093014,77.5335935248972,203.60426434764386,29.644812321554863,569.197422531891,781.0068889645598,289.81454802629855,85.47685779395972,11.898525290096131,471.73690965764723,440.5466642219137,305.36710584907144
E09000020,2017,149651,13.863589284401709,45.803235527995135,6104.0,40.788233957674855,11.75,0.07851601392573387,4.40636474908201,9.287274361,Kensington and Chelsea,71.0,458508.0,2039136.0,443.0,12300.0,31459.0,4486.0,92986.0,128493.0,47603.0,13538.0,2005.0,74737.0,69798.0,48430.0,13625.943027443853,2.960220780348945,82.19123159885334,210.2157686884819,29.976411784752525,621.352346459429,858.61771722207,318.09343071546465,90.46381247034768,13.397838972008206,499.40862406532534,466.4051693607126,323.61962165304607
E09000020,2018,148471,14.011490459416317,45.429747223363485,6802.0,45.81366058018064,9.0,0.06061789844481414,4.39486216036735,8.977330208,Kensington and Chelsea,72.0,450830.0,2037850.0,495.0,11688.0,31065.0,4073.0,93165.0,134138.0,49685.0,13356.0,1862.0,69684.0,70401.0,49172.0,13725.576038418278,3.3339844144647777,78.72244411366529,209.23277946535012,27.43296670730311,627.4962787345677,903.4626290656088,334.64447602562115,89.95696129210418,12.541169656027103,469.34418169204764,474.1734076014845,331.1892558142668
E09000020,2019,146805,14.224311161063996,44.89560982255373,6966.0,47.45069990804128,4.0,0.027247028370968294,4.43051546391753,9.425695419,Kensington and Chelsea,65.0,444927.0,2106552.0,405.0,12006.0,32758.0,4062.0,100919.0,141278.0,52399.0,14176.0,1404.0,68455.0,73024.0,52600.0,14349.320527229998,2.7587616225605394,81.78195565546133,223.13953884404484,27.6693573107183,687.4357140424372,962.3514185484146,356.92925990259187,96.56346854671162,9.56370695820987,466.2988317836586,497.4217499403971,358.298423078233
E09000020,2020,144874,14.345569253282163,44.5877107003327,6113.0,42.19528693899526,11.5,0.07937932272181344,4.2415174936824,9.506923676,Kensington and Chelsea,55.0,440150.0,2137853.0,289.0,11781.0,35806.0,4300.0,113149.0,146522.0,54759.0,14196.0,1552.0,67830.0,73066.0,54921.0,14756.636801634524,1.9948368927481812,81.31893921614645,247.15269820671756,29.680964148156328,781.0166075348234,1011.375402073526,377.976724602068,97.98859698772728,10.712757292543866,468.19995306266134,504.3417038253931,379.09493766997525
E09000020,2021,144266,14.425436346748368,44.91286928312977,6204.0,43.00389558177256,45.0,0.31192380741130965,4.08794330438385,8.932929993,Kensington and Chelsea,47.0,435945.0,2208661.0,139.0,12064.0,34024.0,4481.0,122997.0,153286.0,56678.0,14554.0,1376.0,78486.0,76245.0,56063.0,15309.643297797125,0.9634979828927122,83.62330694688977,235.8421249636089,31.060679578001746,852.5709453370856,1062.523394285556,392.8715012546269,100.88309095698224,9.53793686662138,544.0367099663123,528.502904357229,388.60854255333896
E09000020,2022,147887,14.46036500841859,45.53611879340307,7731.0,52.27640022449573,236.75,1.6008844590802438,4.1922658139913,8.774360657,Kensington and Chelsea,52.0,435476.0,2307103.0,53.0,12714.0,34701.0,4505.0,127230.0,163369.0,59121.0,15060.0,1311.0,91360.0,77321.0,58596.0,15600.444934307952,0.3583817374076153,85.9710454603853,234.6453711279558,30.462447679647298,860.3190273654885,1104.688038840466,399.77144711840793,101.83450878035256,8.864876561158182,617.768972255844,522.8383833602684,396.2214393422004
E09000020,2023,149049,14.753537427289013,45.75273903213037,7232.0,48.52095619561352,482.75,3.2388677548993954,4.46695740354979,8.43350029,Kensington and Chelsea,50.0,437101.0,2433831.0,62.0,12074.0,35814.0,4373.0,134236.0,178039.0,62302.0,15545.0,1265.0,94745.0,81409.0,61057.0,16329.066280216573,0.4159705868539876,81.0069171883072,240.2833967353018,29.339344779233674,900.6165757569659,1194.4997953693082,417.9967661641474,104.29456084911673,8.487141812424102,635.6634395400171,546.189508148327,409.6438084119987
E09000020,2024,147255,15.365861940171811,45.29829207836746,6227.0,42.287188890020715,287.75,1.954093239618349,4.535925479,8.092558861,Kensington and Chelsea,45.0,437353.0,2565675.0,113.0,12217.0,36112.0,4446.0,142370.0,194643.0,66108.0,16167.0,1174.0,92980.0,84871.0,64423.0,17423.34725476215,0.7673763199891346,82.9649247903297,245.23445723404976,30.192523174085768,966.8262537774609,1321.8091066517266,448.93552001629826,109.7891412855251,7.972564598825168,631.4216834742454,576.3539438389189,437.4927846253098
E09000020,2025,145734,16.115662782878395,44.75619965141971,,,261.75,1.7960805302811973,,,Kensington and Chelsea,,,,,,,,,,,,,,,,,,,,,,,,,,,,
E09000021,2011,160436,12.780797327283153,46.45715425465606,,,,,,1.94597733,Kingston upon Thames,98.0,476391.0,,,,,,,,,,,,,,,,,,,,,,,,,,
E09000021,2012,162562,13.004884290301547,46.15531304979024,3376.0,20.76746103025307,,,4.80318114793095,2.005634785,Kingston upon Thames,95.0,481646.0,,,,,,,,,,,,,,,,,,,,,,,,,,
E09000021,2013,164418,13.141505187996447,45.81980075174251,3311.0,20.137697818973592,,,4.85551121495036,2.113925457,Kingston upon Thames,83.0,487416.0,,,,,,,,,,,,,,,,,,,,,,,,,,
E09000021,2014,165791,13.379495871307851,45.207520311717765,3719.0,22.43185697655482,38.5,0.23222008432303323,4.85188006956314,2.09179616,Kingston upon Thames,79.0,492771.0,2313060.0,48.0,18277.0,40982.0,7251.0,103372.0,144640.0,42437.0,16543.0,2096.0,99930.0,48633.0,66436.0,13951.662032317798,0.2895211440910544,110.24120730317085,247.1907401487415,43.7357878292549,623.5079105620932,872.4237141943772,255.96684982900157,99.78225597288153,12.642423291976042,602.7468318545639,293.3392041787552,400.72139018402686
E09000021,2015,167594,13.443798704010883,45.00041767605045,3708.0,22.124897072687567,39.5,0.23568862847118632,4.90216813110047,2.127405882,Kingston upon Thames,72.0,497803.0,2387674.0,50.0,18199.0,41408.0,7293.0,111786.0,150778.0,46502.0,16907.0,1869.0,92693.0,52069.0,70384.0,14246.774944210414,0.29834003603947634,108.5898063176486,247.07328424645272,43.51587765671802,667.004785374178,899.6622790792032,277.4681671181546,100.88069978638853,11.151950547155625,553.0806592121437,310.6853467307899,419.9673019320501
E09000021,2016,168617,13.579295088870042,44.458150720271384,3985.0,23.63344146794214,38.0,0.22536280446218354,4.99913176021146,2.180410862,Kingston upon Thames,58.0,502002.0,2414422.0,91.0,17976.0,42170.0,7351.0,116298.0,152610.0,49828.0,17150.0,1681.0,90825.0,49758.0,72940.0,14318.971396715635,0.5396846106857552,106.60846771084766,250.09340695184946,43.595841463197665,689.7169324563953,905.0688839203639,295.5099426510969,101.70979201385389,9.969338797392908,538.6467556652058,295.0948006428771,432.57797256504386
E09000021,2017,168781,13.719553741238647,43.79165901375155,3511.0,20.802104502284024,39.75,0.23551229107541724,5.09604295581652,2.139202833,Kingston upon Thames,37.0,504992.0,2494551.0,61.0,18931.0,43134.0,7255.0,121993.0,158704.0,53176.0,17933.0,1728.0,98241.0,52361.0,76532.0,14779.809338728885,0.3614150881912064,112.16309892701193,255.5619412137622,42.98469614470824,722.7887025198334,940.295412398315,315.05915950255064,106.25011109070334,10.238119219580403,582.0619619506934,310.23041693081564,453.43966441720335
E09000021,2018,168729,13.91402781975831,43.02224276798891,3705.0,21.958288142524403,44.25,0.2622548583823765,5.16388617481597,1.985518456,Kingston upon Thames,34.0,506127.0,2535734.0,54.0,18644.0,43070.0,7185.0,127323.0,163914.0,57120.0,18487.0,1787.0,97443.0,52743.0,80993.0,15028.442057974622,0.32003982717849333,110.49671366510795,255.26139549217973,42.58307700513841,754.6005725156908,971.4631154099177,338.53101719325076,109.56622750090382,10.590947614221621,577.5118681435912,312.59001120139396,480.0182541234761
E09000021,2019,169797,14.098011154496252,42.725136486510365,4129.0,24.31727297891011,26.0,0.15312402457051655,5.24270460095905,1.987748265,Kingston upon Thames,37.0,507307.0,2586098.0,40.0,19108.0,43300.0,7272.0,135206.0,169219.0,60087.0,19051.0,1615.0,95932.0,55417.0,84486.0,15230.528218990912,0.23557542241617932,112.53437928820887,255.01039476551412,42.8276117952614,796.2802640800485,996.5959351460863,353.87551016802416,112.19868431126581,9.511357680053239,564.9805355807229,326.37207960093525,497.57062845633317
E09000021,2020,169770,14.240442952229486,42.32667726924663,3699.0,21.78830182010956,28.0,0.1649290216174825,5.32437784829758,1.919799089,Kingston upon Thames,47.0,508296.0,2538805.0,32.0,17133.0,46208.0,7419.0,148124.0,170408.0,61051.0,18947.0,1505.0,86761.0,52679.0,83796.0,14954.379454556165,0.18849031041998,100.91889026329741,272.18000824645105,43.700300406432234,872.4980856452847,1003.7580255639984,359.61006067031866,111.60393473523001,8.864934911939683,511.0502444483713,310.2962832066914,493.58543912352
E09000021,2021,167992,14.591766274584504,41.691271012905375,3166.0,18.846135530263346,43.25,0.257452735844564,5.50943795273093,2.008492947,Kingston upon Thames,48.0,507559.0,2583079.0,22.0,16750.0,44014.0,7255.0,156757.0,172497.0,62329.0,19012.0,1407.0,94527.0,53177.0,83656.0,15376.202438211343,0.13095861707700368,99.70712891090051,262.0005714557836,43.18658031334825,933.1218153245393,1026.8167531787228,371.02362017238914,113.17205581218154,8.375398828515644,562.6875089289966,316.54483546835564,497.97609409971903
E09000021,2022,169429,14.744819363863328,41.59559461485342,4976.0,29.369234310537156,72.75,0.4293833995360889,5.65952177477022,1.951600313,Kingston upon Thames,41.0,506838.0,2681511.0,25.0,18114.0,45134.0,7286.0,158055.0,181434.0,65093.0,19919.0,1479.0,107174.0,56224.0,85414.0,15826.753389325322,0.1475544328302711,106.91203985150122,266.3888708544582,43.00326390405421,932.8686352395399,1070.8556386450962,384.19042784883345,117.5654699018468,8.729320246238837,632.559951366059,331.84401725796647,504.128573030591
E09000021,2023,171356,14.890053455963024,41.81528513737482,5373.0,31.355773944303092,151.5,0.8841242792782278,5.78972619170008,1.931775331,Kingston upon Thames,44.0,507848.0,2729502.0,16.0,18141.0,45909.0,7484.0,159501.0,191779.0,65424.0,20568.0,1344.0,106347.0,56975.0,85756.0,15928.838208174793,0.09337286117789864,105.8673171642662,267.91591773850934,43.67515581596209,930.8165456710007,1119.1846214897641,381.80162935642755,120.0308130441887,7.843320338943485,620.6202292303742,332.49492285067345,500.45519269824223
E09000021,2024,172964,15.084641890798085,41.7352743923591,5038.0,29.12744848639023,76.25,0.44084318124002686,5.92359591,1.97437048,Kingston upon Thames,42.0,512548.0,2809832.0,8.0,17865.0,46219.0,7774.0,164386.0,203928.0,67894.0,21789.0,991.0,103019.0,60223.0,87704.0,16245.183968918387,0.04625239934321593,103.28738928331907,267.21745565551214,44.94576906177008,950.4058648042367,1179.0199116579172,392.5325501260378,125.97419116116649,5.729515968640873,595.6094909923453,348.1822807058116,507.06505399967625
E09000021,2025,172761,15.409727889975168,41.3658175166849,,,72.5,0.41965489896446534,,,Kingston upon Thames,,,,,,,,,,,,,,,,,,,,,,,,,,,,
E09000022,2011,304481,7.628062177935569,56.468219691869116,,,,,,13.8048439,Lambeth,328.0,896181.0,,,,,,,,,,,,,,,,,,,,,,,,,,
E09000022,2012,310449,7.615743648715248,56.42794790770787,9731.0,31.344922998624575,,,4.71110689859892,14.36633968,Lambeth,309.0,912580.0,,,,,,,,,,,,,,,,,,,,,,,,,,
E09000022,2013,314375,7.624652087475149,56.30823061630219,10015.0,31.856858846918488,,,4.99338849656364,14.73166084,Lambeth,271.0,929305.0,,,,,,,,,,,,,,,,,,,,,,,,,,
E09000022,2014,318196,7.660372851952884,56.159725452236984,10269.0,32.272561565827345,57.5,0.1807062313794014,5.17645203525727,15.07302666,Lambeth,251.0,943020.0,4380277.0,298.0,22539.0,54283.0,12762.0,185929.0,261160.0,112853.0,29624.0,3565.0,152203.0,112191.0,88074.0,13765.97128813687,0.9365296861054193,70.83369998365788,170.5961105733573,40.107355215024704,584.3222416372299,820.7519893399037,354.6650492149493,93.09985040666758,11.203786345522884,478.33096581980914,352.58457051628557,276.79166300016345
E09000022,2015,322881,7.67248614814746,56.06337938745234,10279.0,31.835258191098266,42.5,0.13162744168904333,5.31207574755457,14.43178844,Lambeth,215.0,955452.0,4445684.0,249.0,23446.0,54245.0,12834.0,197264.0,269251.0,121091.0,30216.0,3322.0,143436.0,122584.0,93446.0,13768.80027006854,0.7711819524840421,72.6149881845014,168.00307233934484,39.74839027381605,610.9495448787634,833.9016541698024,375.0329068604223,93.58246536649725,10.288620265670636,444.2379700261087,379.6569014590515,289.4131274370434
E09000022,2016,326613,7.674832293876851,55.93561799438479,10521.0,32.21243490001929,21.0,0.06429627724554748,5.50526498783092,14.62569141,Lambeth,196.0,967690.0,4629988.0,294.0,24364.0,55583.0,12768.0,210449.0,283123.0,133001.0,31620.0,3054.0,145315.0,134430.0,101224.0,14175.761528169423,0.9001478814376648,74.5959285147866,170.17999895901264,39.09213656529287,644.3374880975344,866.845471551959,407.2128176159553,96.8118231668672,9.350515747995335,444.9149299017492,411.5880261961404,309.9203032334904
E09000022,2017,327227,7.759750876302995,55.61063115207486,8737.0,26.70011948891748,20.5,0.06264764215666799,5.45921606084516,14.46115112,Lambeth,167.0,976721.0,4683250.0,563.0,24683.0,58660.0,12618.0,217383.0,296708.0,139934.0,33258.0,3255.0,133116.0,145011.0,105572.0,14311.93025025441,1.7205181724001992,75.4308171391725,179.2639360443973,38.56038774306521,664.3186534118518,906.7344687327146,427.63586134395996,101.6358674559251,9.947223181461188,406.8001723574155,443.15108472100405,322.62618915920757
E09000022,2018,328923,7.9027614365672205,55.43546665937013,9547.0,29.025030174235308,32.0,0.09728720703629726,5.58616035118282,14.01305008,Lambeth,157.0,982763.0,4652410.0,310.0,24821.0,59619.0,12313.0,224295.0,307362.0,148297.0,33760.0,3186.0,123758.0,143934.0,109699.0,14144.374215241864,0.9424698181641296,75.46143018274793,181.2551873842814,37.43429313243525,681.9073156939465,934.4497040340748,450.8562794331804,102.6380034232936,9.686157550551345,376.2521927624398,437.59177679882526,333.50966639608663
E09000022,2019,329513,8.034887849644779,55.41298825842986,10234.0,31.057955224831797,38.75,0.11759778825114639,5.52570882088209,13.94856262,Lambeth,147.0,985663.0,4747252.0,99.0,25768.0,60724.0,12192.0,238213.0,320106.0,154916.0,34344.0,3242.0,128134.0,147622.0,115493.0,14406.873173440807,0.30044338159647727,78.20025310078815,184.2840798390352,37.00005766085101,722.9244369721378,971.4518091850701,470.1362313474734,104.22654037928702,9.838762051876557,388.85870967154557,448.0005341215673,350.4960350577974
E09000022,2020,325527,8.27488964049065,54.84737057141189,7808.0,23.985721614489734,54.75,0.16818881383111078,5.57671813708818,13.18247604,Lambeth,150.0,983963.0,4732164.0,90.0,24352.0,66687.0,12418.0,263179.0,325166.0,156237.0,34448.0,2838.0,120032.0,149508.0,116436.0,14536.93242035223,0.27647476246209995,74.80792683863396,204.85858315900063,38.147373336159525,808.4705723334778,998.8910290083464,479.95097180879003,105.82225130327132,8.718170842971551,368.73131875389754,459.27987540204043,357.6846160226341
E09000022,2021,317691,8.663764475543847,54.286083017775134,7355.0,23.151427015559143,86.0,0.27070329345181326,5.56558437811683,12.51020908,Lambeth,146.0,972731.0,4781694.0,84.0,23956.0,64486.0,11828.0,273241.0,330656.0,160157.0,33797.0,2863.0,123286.0,154131.0,115589.0,15051.399000915984,0.26440786802270133,75.40660578990277,202.98340211085613,37.23114598776799,860.0841698379871,1040.810095344218,504.1282252251401,106.38324661384804,9.011901501773737,388.06890972674705,485.1601084072259,363.8409649628098
E09000022,2022,318862,8.904479053634487,54.429188802679526,8712.0,27.322164447315767,264.25,0.8287284154273635,5.63088517320717,12.23062229,Lambeth,147.0,960875.0,4903528.0,103.0,24975.0,67849.0,10946.0,281479.0,347262.0,164328.0,35244.0,2840.0,140547.0,153763.0,116260.0,15378.213772729268,0.3230237532223971,78.32541977407153,212.78484109113032,34.328330124003486,882.7611944979333,1089.0667436069523,515.3577409663114,110.53057435505015,8.906674360695222,440.7768878072646,482.22428511393645,364.6091412586009
E09000022,2023,320532,9.137621204747107,54.771442476882186,9936.0,30.998465051851298,618.0,1.9280446258095916,5.72764109218994,12.17010212,Lambeth,142.0,954086.0,5169563.0,110.0,24660.0,73156.0,10709.0,293506.0,379116.0,173942.0,36566.0,2843.0,149375.0,159526.0,119344.0,16128.071456204061,0.3431794641408658,76.93459623376137,228.233062533538,33.41008074076847,915.6839254738996,1182.7711429748044,542.6665668326407,114.07909350704453,8.869629241386196,466.0221132367439,497.69133815032507,372.3309997129772
E09000022,2024,318864,9.473945004766923,54.71360830949872,9055.0,28.397686788097747,518.5,1.6260851021124993,5.849092265,11.85179996,Lambeth,141.0,953315.0,5352111.0,48.0,23574.0,76121.0,10523.0,302088.0,411294.0,181313.0,39197.0,2213.0,144156.0,167361.0,122992.0,16784.93338852928,0.1505343971097396,73.93120578052084,238.72560088313514,33.00153043303728,947.388228210146,1289.8727984344423,568.6217321491293,122.92701590646796,6.940262933413618,452.09242811982534,524.8664007225651,385.7193035275227
E09000022,2025,314298,9.964746832623815,54.28733240427874,,,468.5,1.4906235483522008,,,Lambeth,,,,,,,,,,,,,,,,,,,,,,,,,,,,
E09000023,2011,276938,9.467462031212763,49.9956669001726,,,,,,7.733960152,Lewisham,252.0,819881.0,,,,,,,,,,,,,,,,,,,,,,,,,,
E09000023,2012,281011,9.499983986391992,49.64716683688539,6326.0,22.51157428001039,,,5.67473338627305,7.941917896,Lewisham,264.0,830474.0,,,,,,,,,,,,,,,,,,,,,,,,,,
E09000023,2013,286056,9.425427189081859,49.32600609670833,6251.0,21.852364571971922,,,6.05701471075457,8.139529228,Lewisham,261.0,844005.0,,,,,,,,,,,,,,,,,,,,,,,,,,
E09000023,2014,291086,9.295878194073229,49.221879444562774,7010.0,24.08222999388497,118.25,0.4062373319225246,6.25577112505123,8.345214844,Lewisham,224.0,858153.0,3531293.0,244.0,18374.0,70422.0,9795.0,132947.0,188259.0,74578.0,26241.0,2880.0,153792.0,57618.0,64428.0,12131.442254179177,0.8382402451509176,63.12223878853672,241.92850222958165,33.64984918546409,456.7275650495043,646.747009474863,256.20606968387347,90.14861587297226,9.893983221453453,528.3387040256144,197.94150182420316,221.33664964993164
E09000023,2015,295364,9.188323560081797,49.11397462114543,6647.0,22.504435205373706,90.25,0.30555517937189364,6.40159331382934,7.985936642,Lewisham,202.0,872506.0,3553533.0,193.0,19260.0,70581.0,9629.0,138421.0,191179.0,78205.0,27761.0,2499.0,145833.0,61085.0,66390.0,12031.029509351172,0.6534310207066535,65.20767595238418,238.9627713600845,32.60045232323506,468.6454679649517,647.2657466719032,264.7749895044758,93.9891117400902,8.460746739616203,493.73992768245284,206.81261088013434,224.77349981717472
E09000023,2016,298809,9.176765090743585,48.90481879729192,6883.0,23.034781415553077,95.75,0.320438808737354,6.4721236085109,8.420833588,Lewisham,195.0,885259.0,3557159.0,242.0,19058.0,71908.0,9186.0,139229.0,187495.0,79066.0,28740.0,2333.0,138368.0,66425.0,66838.0,11904.457362395377,0.8098818978009363,63.77987276152994,240.64870870689973,30.742045922311576,465.94647416911806,627.4744067280436,264.603810460863,96.18184191239219,7.807663089130515,463.0650348550412,222.29919446870744,223.68134828602888
E09000023,2017,300924,9.131209208969707,48.68106232802967,5999.0,19.935266047241164,88.25,0.2932634153473967,6.44075860296121,8.330783844,Lewisham,174.0,895097.0,3524238.0,154.0,18840.0,72554.0,8689.0,141467.0,184411.0,79765.0,29852.0,2247.0,133796.0,70615.0,69894.0,11711.388922119871,0.5117571213994231,62.6071699166567,241.10406614294638,28.87440018077654,470.10873177280644,612.8158604830456,265.06692719756484,99.20112719490635,7.46700163496431,444.61724555037154,234.66057875078093,232.26462495513817
E09000023,2018,303127,9.163156036908623,48.46318539753965,6440.0,21.245220650090555,93.0,0.3068020994500655,6.38120010897189,8.243188858,Lewisham,165.0,902860.0,3431656.0,147.0,18337.0,70711.0,8508.0,142651.0,183480.0,81495.0,31097.0,2078.0,120732.0,73273.0,74441.0,11320.852316025956,0.4849452539694583,60.49279674855754,233.2718629485331,28.06744367872212,470.5981321360354,605.290851689226,268.84771069551704,102.58736437202889,6.85521250169071,398.28850613769146,241.72376594628653,245.57693639959487
E09000023,2019,305906,9.22374847175276,48.55576549659045,6812.0,22.26827849077821,72.5,0.2370009087758985,6.27345864005354,8.049311638,Lewisham,149.0,909957.0,3394642.0,120.0,18174.0,70092.0,8050.0,146848.0,181439.0,81058.0,32077.0,1896.0,115910.0,74852.0,79329.0,11097.010192673566,0.392277366249763,59.41040711852661,229.12920962648656,26.315273319254935,480.0428889920433,593.1201087915896,264.97682294561076,104.85900897661374,6.197982386746255,378.90724601675026,244.68954515439384,259.3247598935621
E09000023,2020,304169,9.343161203146934,48.280725517722054,5280.0,17.35877094641466,75.5,0.2482172739496793,6.26691981721183,7.824534416,Lewisham,143.0,913202.0,3354395.0,93.0,16355.0,75783.0,8539.0,161405.0,181648.0,81730.0,32445.0,1854.0,98756.0,77078.0,81964.0,11028.06334636337,0.30575107916980365,53.769450535721916,249.14767777123902,28.0732093014081,530.6425046602382,597.1943228928654,268.6993086080435,106.66767487811052,6.095295707320601,324.6747696182057,253.4051793575282,269.4686177749869
E09000023,2021,300013,9.619249832507258,47.83992693649942,5328.0,17.75923043334789,109.75,0.36581748124247954,6.43221548593152,7.55838871,Lewisham,116.0,910088.0,3367021.0,93.0,15271.0,73602.0,8291.0,167774.0,180917.0,83501.0,33406.0,1642.0,95604.0,81092.0,82967.0,11222.9170069297,0.30998656724875256,50.901127617803226,245.32936906067405,27.635469129671048,559.22243369454,603.0305353434684,278.3246059337429,111.34850823130996,5.473096165832814,318.6661911317176,270.29495388533167,276.54468306373394
E09000023,2022,300122,9.883980514590734,47.89219050919293,6453.0,21.501256155829964,195.5,0.6514017632829315,6.61806821140328,7.775309563,Lewisham,108.0,903346.0,3483880.0,96.0,16496.0,77039.0,8144.0,172933.0,189175.0,85530.0,34688.0,1656.0,114345.0,84919.0,83606.0,11608.212660184858,0.3198699195660431,54.96431451209841,256.6922784734208,27.13563150985266,576.2090083366098,630.3270003531896,284.9841064633716,115.57966426986358,5.517756112514244,380.99506200811675,282.94826770446684,278.57338015873546
E09000023,2023,301374,10.09111602195279,48.11231227644057,7971.0,26.448864201955047,216.0,0.7167174341515857,6.99990407805306,8.267008781,Lewisham,99.0,899402.0,3575433.0,68.0,17345.0,78212.0,7407.0,177620.0,200575.0,88676.0,36724.0,1574.0,120398.0,84436.0,83251.0,11863.77391546716,0.2256332663069807,57.55307358962618,259.5180738882584,24.577435346114793,589.3673641389105,665.5351821988626,294.2390518093797,121.85523635084645,5.222746487752759,399.4969705415862,280.17015402788564,276.2381625488596
E09000023,2024,302432,10.356046979155645,48.14305364511692,7110.0,23.509416992910804,214.75,0.7100769759813776,7.220174917,7.760855198,Lewisham,111.0,900644.0,3722622.0,35.0,17666.0,82326.0,7345.0,184438.0,213069.0,93280.0,40128.0,1388.0,122936.0,79544.0,82945.0,12308.95540154481,0.11572849433922336,58.41313088562057,272.2132578563115,24.286451169188446,609.8494868267909,704.5187017246852,308.4329700560787,132.68437202412443,4.589461432652629,406.49137657390753,263.01449582054806,274.2599989419109
E09000023,2025,301037,10.806645030345107,47.78615253274514,,,253.0,0.8404282530054445,,,Lewisham,,,,,,,,,,,,,,,,,,,,,,,,,,,,
E09000024,2011,200543,11.577068259674983,48.20911226021352,,,,,,3.838406801,Merton,179.0,597815.0,,,,,,,,,,,,,,,,,,,,,,,,,,
E09000024,2012,205166,11.597925582211477,47.92753185225622,4911.0,23.936714660323837,,,5.36828694612761,3.925976038,Merton,190.0,604845.0,,,,,,,,,,,,,,,,,,,,,,,,,,
E09000024,2013,208529,11.649698603071995,47.637978410676695,4657.0,22.33262519841365,,,5.57344073977074,4.147556305,Merton,196.0,614238.0,,,,,,,,,,,,,,,,,,,,,,,,,,
E09000024,2014,211025,11.703352683331358,47.25222130079374,5471.0,25.92583817083284,48.5,0.22983058879279705,6.00081481597534,4.070946693,Merton,179.0,624720.0,2766624.0,139.0,18515.0,47895.0,8894.0,118481.0,174630.0,64401.0,19926.0,2038.0,118653.0,57729.0,65911.0,13110.40871934605,0.6586897287051298,87.73841961852861,226.9636299016704,42.14666508707499,561.4548039331833,827.5322829048691,305.18185049164794,94.42483118113968,9.657623504324132,562.269873237768,273.56474351380166,312.3374007818979
E09000024,2015,213791,11.694598930731415,46.99917208862861,5550.0,25.959932831597214,32.75,0.15318699103329889,5.93075057478514,4.137066841,Merton,158.0,633345.0,2820508.0,309.0,18794.0,47399.0,8833.0,127085.0,180236.0,68785.0,20150.0,1831.0,107919.0,64826.0,67898.0,13192.828510086954,1.4453368008943313,87.90828425892578,221.70718131259034,41.3160516579276,594.4356871898256,843.0476493397757,321.73945582367827,94.25092730751061,8.564439101739548,504.7873858113765,303.22137040380557,317.59054403599777
E09000024,2016,215514,11.811297641916534,46.55985226017799,5843.0,27.11192776339356,34.0,0.1577623727460861,6.07760503224562,4.194300652,Merton,145.0,640330.0,2858853.0,173.0,19459.0,47341.0,8769.0,130348.0,182387.0,72726.0,19818.0,1595.0,104863.0,72292.0,70988.0,13265.277429772545,0.8027320730903792,90.29111797841439,219.66554376977828,40.688771959130264,604.823816550201,846.288408177659,337.4537153038782,91.9569030318216,7.400911309706098,486.57163803743606,335.4399250164722,329.3892740146812
E09000024,2017,215431,11.916112351518583,45.99802256871109,4616.0,21.426814153951845,39.25,0.18219290631339038,6.15022760906385,4.310311794,Merton,133.0,644736.0,2771297.0,155.0,17777.0,45454.0,8388.0,129721.0,179570.0,74180.0,19327.0,1544.0,93421.0,74911.0,71014.0,12863.965724524325,0.7194879102821785,82.51830052313734,210.99099015462028,38.935900589980086,602.1463949013838,833.5383487056181,344.3329882885935,89.71317962595913,7.167027957907636,433.6469681707832,347.72618611063405,329.6368674888944
E09000024,2018,216171,12.084414653214353,45.386754004931284,4739.0,21.92245953435012,43.5,0.20122958213636427,6.27451845884761,4.304834843,Merton,108.0,647116.0,2875900.0,91.0,18412.0,46263.0,8522.0,138228.0,190901.0,80131.0,19405.0,1669.0,87905.0,78128.0,74516.0,13303.819661286667,0.4209630338944632,85.17331186884456,214.01113007757746,39.42249422910566,639.4382225182841,883.1018036646914,370.6833941648047,89.7668975024402,7.72073959966878,406.645664774646,361.4175814517211,344.7085871832947
E09000024,2019,217219,12.259056528204255,45.08537466796183,4793.0,22.0652889480202,49.25,0.22672970596494782,6.2640123904732,4.200026035,Merton,93.0,648821.0,2991729.0,70.0,18979.0,47538.0,8392.0,149561.0,201268.0,85938.0,20016.0,1306.0,87792.0,82483.0,80714.0,13772.869776584921,0.3222554196456111,87.37265156362933,218.84825913018656,38.633821166656695,688.5263259659606,926.5671971604694,395.62837505006473,92.14663542323645,6.012365400816687,404.1635400218213,379.72276826612773,371.57891344679797
E09000024,2020,217101,12.378109727730411,44.70223536510656,3640.0,16.766389836988314,82.25,0.37885592420117825,6.31861193652909,3.981157303,Merton,85.0,650491.0,2986882.0,33.0,17201.0,51081.0,8788.0,165133.0,207669.0,88485.0,20154.0,1222.0,75485.0,84151.0,84895.0,13758.02967282509,0.15200298478588306,79.23040428187802,235.28680199538462,40.47885546358607,760.627542019613,956.5547832575621,407.57527602360193,92.8323683446875,5.628716588131791,347.6953123200722,387.612217355056,391.0391937393195
E09000024,2021,215426,12.668851484964675,44.177583021548,3935.0,18.26613315013044,120.25,0.5581963179931856,6.51083907031791,3.902113438,Merton,87.0,649746.0,3025071.0,12.0,16751.0,47322.0,8974.0,170714.0,211767.0,90007.0,20147.0,1138.0,76127.0,88767.0,84493.0,14042.274377280366,0.05570358266875865,77.75755944036467,219.66707825424973,41.65699590578668,792.4484509762053,983.0150492512511,417.8093637722466,93.52167333562338,5.282556423087279,353.37888648538245,412.0533268964749,392.21356753595205
E09000024,2022,216028,12.916844112800193,43.75821652748718,4792.0,22.182309700594367,199.0,0.921176884477938,6.6119262633108,3.803086281,Merton,80.0,647632.0,3228848.0,17.0,19325.0,48257.0,9219.0,180435.0,227983.0,96246.0,21888.0,1175.0,94529.0,96717.0,86198.0,14946.432869813172,0.07869350269409521,89.4559964449053,223.38307997111488,42.67502360805081,835.2389505064158,1055.34004851223,445.52558001740516,101.3201992334327,5.4391097450330514,437.57753624530153,447.7058529449886,399.01309089562466
E09000024,2023,218697,12.96999958847172,44.06964887492741,5782.0,26.438405647997,348.0,1.5912426782260387,6.78865270315866,3.783092976,Merton,84.0,647666.0,3362617.0,24.0,19801.0,49258.0,9891.0,184150.0,241405.0,100982.0,22238.0,1173.0,99484.0,97032.0,86182.0,15375.688738300023,0.10974087436041648,90.54079388377527,225.23399955189143,45.226957845786636,842.0325838946122,1103.8331572906807,461.7438739443157,101.68406516778923,5.363585234365355,454.894214369653,443.6823550391638,394.07033475539214
E09000024,2024,220020,13.213798745568585,43.97918371057177,5257.0,23.893282428870105,313.0,1.4225979456413054,6.994434901,3.756536245,Merton,88.0,650779.0,3563858.0,47.0,19939.0,50314.0,9847.0,194948.0,263461.0,107626.0,23875.0,1089.0,99662.0,104448.0,89395.0,16197.882010726296,0.21361694391418962,90.62357967457504,228.67921098081993,44.75502227070266,886.0467230251795,1197.4411417143895,489.16462139805475,108.51286246704846,4.949550040905373,452.9679120079993,474.7204799563676,406.3039723661485
E09000024,2025,218891,13.590325778583862,43.807191707288105,,,304.0,1.3888190926077362,,,Merton,,,,,,,,,,,,,,,,,,,,,,,,,,,,
E09000025,2011,310460,6.667525607163563,55.26058107324615,,,,,,6.178004742,Newham,980.0,896078.0,,,,,,,,,,,,,,,,,,,,,,,,,,
E09000025,2012,313750,6.6814342629482075,54.54820717131474,16064.0,51.2,,,7.14658391845569,6.38045454,Newham,1038.0,923381.0,,,,,,,,,,,,,,,,,,,,,,,,,,
E09000025,2013,316952,6.707324768419193,53.87030212776698,15050.0,47.48353062924354,,,7.64623488707578,6.377608776,Newham,1072.0,941162.0,,,,,,,,,,,,,,,,,,,,,,,,,,
E09000025,2014,322984,6.673085973298987,53.47137938721423,17902.0,55.42689421147797,374.0,1.1579520966982886,8.0032466663995,6.598667145,Newham,954.0,953686.0,5853570.0,1966.0,23950.0,89941.0,10619.0,236826.0,427521.0,228971.0,59624.0,3369.0,199524.0,135806.0,111479.0,18123.40549377059,6.086988829168009,74.15227998910161,278.46890248433357,32.87778961186932,733.2437520124836,1323.659995541575,708.9236618532187,184.60357169395388,10.430857256086988,617.7519629455329,420.4728407599138,345.1533202883115
E09000025,2015,330322,6.638976513825903,53.216558388481545,19353.0,58.5882865809725,325.0,0.983888448241413,8.50861116211712,6.542205811,Newham,835.0,970258.0,6062933.0,2738.0,24379.0,92338.0,10846.0,254374.0,452300.0,249143.0,61194.0,2726.0,184632.0,151120.0,122632.0,18354.614588189706,8.288881757799965,73.80374301439203,279.53935856527875,32.83462802961958,770.0788927168036,1369.2699850448955,754.2428297237242,185.25559908210775,8.25255356894182,558.9455137714109,457.4929916868994,371.24987133766444
E09000025,2016,335337,6.650623104518738,52.749622022025605,20325.0,60.61066926703585,432.0,1.288256291432201,8.58305759323132,6.445598125,Newham,688.0,988643.0,6225919.0,2233.0,25462.0,95305.0,10896.0,269092.0,474897.0,266145.0,64148.0,2375.0,176064.0,145519.0,132945.0,18566.155837262217,6.658972913815058,75.92958725103404,284.2066339234859,32.49268646167885,802.4524582733192,1416.1783519265693,793.6642839889425,191.29413097868712,7.08242752812842,525.0360085525904,433.9485353539872,396.4519274640138
E09000025,2017,338333,6.802469756127839,52.30143083884812,17189.0,50.80497616253809,448.5,1.3256170695734675,8.56668624565248,5.995542526,Newham,598.0,1003992.0,6330759.0,2332.0,25427.0,98315.0,11264.0,283979.0,495285.0,278681.0,65541.0,2399.0,171878.0,140837.0,144091.0,18711.621390759992,6.892617628194707,75.15376862440259,290.58649318866327,33.29264363807255,839.3476249730295,1463.8979939881713,823.6884962448239,193.71743223392338,7.090647379948157,508.0142936101415,416.26740518956177,425.88514865531886
E09000025,2018,344570,6.818643526714456,52.28458658617988,18103.0,52.53794584554662,586.25,1.7013959427692487,8.67424815823998,5.968901634,Newham,511.0,1018240.0,6404791.0,2364.0,24736.0,98742.0,11174.0,295099.0,508825.0,289741.0,66838.0,2225.0,169087.0,136058.0,152382.0,18587.778970891257,6.860724961546275,71.78802565516442,286.56586470093157,32.428824331775836,856.4268508575906,1476.6955916069305,840.8770351452534,193.97509939925123,6.457323620744696,490.71886699364427,394.8631627825986,442.2381518994689
E09000025,2019,349786,6.914227556277266,52.468080483495626,20361.0,58.209876896159365,791.5,2.2628121194101536,8.59570683542466,5.862355709,Newham,479.0,1032689.0,6501592.0,1781.0,25666.0,102084.0,11211.0,310319.0,521579.0,299422.0,69261.0,2004.0,172003.0,138814.0,162385.0,18587.341974807456,5.091684630030933,73.37629293339357,291.8470150320482,32.051025484153165,887.16815424288,1491.1374383194295,856.0148204902425,198.00964017999576,5.729217292859063,491.73780540101666,396.854076492484,464.2409930643308
E09000025,2020,350025,7.053210484965359,52.18570102135562,18241.0,52.113420469966435,951.25,2.7176630240697093,8.64222527251668,5.797318935,Newham,457.0,1044381.0,6431948.0,1033.0,23486.0,109453.0,11703.0,345632.0,542364.0,309603.0,71238.0,2084.0,134181.0,138553.0,170469.0,18375.681737018785,2.9512177701592743,67.09806442396972,312.7005213913292,33.4347546603814,987.4494678951503,1549.5007499464323,884.5168202271267,203.52260552817654,5.953860438540104,383.34690379258626,395.83744018284403,487.0194986072424
E09000025,2021,351256,7.257100234586741,51.97007310907145,17899.0,50.95713667524541,865.25,2.463303117953857,8.72881854306861,5.828397274,Newham,440.0,1051067.0,6704007.0,648.0,23194.0,112617.0,10967.0,372539.0,570905.0,326525.0,75674.0,1780.0,136961.0,145819.0,173893.0,19085.814904229395,1.8448083449108343,66.03161227139181,320.61231694262875,31.22224246703259,1060.5911358097796,1625.3245496162342,929.5926617623613,215.4383127975038,5.067529095588403,389.91789464094563,415.1359692076434,495.0605825950304
E09000025,2022,360868,7.304332886263121,52.782457851624415,22253.0,61.66520722258554,983.5,2.725373266679229,8.69798903009602,5.403350353,Newham,433.0,1058608.0,7019821.0,609.0,25123.0,118309.0,10892.0,393342.0,597648.0,341660.0,81495.0,1956.0,162169.0,148988.0,178746.0,19452.600396821,1.687597681146569,69.61825376591995,327.8456388485541,30.18278151567886,1089.988583083011,1656.1401953068712,946.7727811831473,225.8304975780618,5.42026447343627,449.38592504738574,412.8601039715353,495.3223893501225
E09000025,2023,373886,7.273340002032705,54.01539506694554,26610.0,71.17142658457391,1523.5,4.07477145440054,8.80964464321587,5.360430241,Newham,435.0,1076777.0,7352751.0,787.0,26354.0,124921.0,10903.0,411411.0,628506.0,353715.0,85888.0,1920.0,172292.0,151170.0,186097.0,19665.75640703316,2.104919681400213,70.48672590040815,334.1152115885591,29.161295154137893,1100.364817083282,1681.0097195401806,946.0504003894235,229.71707953761305,5.1352551312432135,460.8142588917478,404.32110322397733,497.73727820779595
E09000025,2024,379479,7.441782022193586,54.32843451152765,26134.0,68.86810600850113,1327.0,3.4968996966894084,9.131209401,5.365803242,Newham,455.0,1100044.0,7839442.0,854.0,26447.0,129880.0,10991.0,434311.0,679941.0,375621.0,91764.0,1589.0,172820.0,158184.0,196682.0,20658.43432706421,2.250453911810667,69.69292108390715,342.2587284144841,28.963394548841965,1144.4928441363027,1791.775038934961,989.8334295178389,241.8157526503443,4.187319983450994,455.4138700692265,416.84520092020904,518.2948200032149
E09000025,2025,376542,7.78213320160832,54.21838732465435,,,1270.0,3.3727977224320265,,,Newham,,,,,,,,,,,,,,,,,,,,,,,,,,,,
E09000026,2011,281395,11.930915616837542,44.84017128946854,,,,,,2.72922039,Redbridge,445.0,826918.0,,,,,,,,,,,,,,,,,,,,,,,,,,
E09000026,2012,285437,12.009305030532131,44.797976436131265,5904.0,20.68407389371385,,,7.56327979551141,2.714064121,Redbridge,452.0,841920.0,,,,,,,,,,,,,,,,,,,,,,,,,,
E09000026,2013,289976,12.024443402212597,44.63610781581924,5517.0,19.025712472756364,,,7.9478751393277,2.747252703,Redbridge,465.0,856808.0,,,,,,,,,,,,,,,,,,,,,,,,,,
E09000026,2014,295837,11.96131653579505,44.70198115854339,7094.0,23.979421100132843,176.0,0.5949222037811362,7.96832354638464,2.849814653,Redbridge,435.0,871250.0,4213983.0,617.0,26316.0,67572.0,14282.0,176977.0,259580.0,108013.0,30823.0,4158.0,197134.0,104087.0,102017.0,14244.273028728658,2.085607953028188,88.95439042445672,228.40956337442577,48.27658474092152,598.2246980600804,877.4426457812917,365.1098408921129,104.1891311769657,14.055037064329344,666.3601915919916,351.8390194600405,344.8419230860237
E09000026,2015,301022,11.890160852030748,44.72729567938556,7879.0,26.174166672203363,180.5,0.5996239477513271,8.14827656191861,2.835283041,Redbridge,394.0,886835.0,4363355.0,600.0,26480.0,68414.0,14806.0,192440.0,272428.0,117498.0,32625.0,3588.0,181457.0,112074.0,108079.0,14495.136568091368,1.99320979861937,87.96699244573486,227.27242527124264,49.185773797263984,639.2888227438526,905.0102650304628,390.33027486363125,108.38078279992824,11.919394595743833,602.8031173801251,372.3116582841121,359.04020304163816
E09000026,2016,304369,11.891815526548367,44.621824167375784,8883.0,29.1849695599749,521.0,1.7117380547953305,8.3908727039675,2.749604225,Redbridge,368.0,901228.0,4521096.0,654.0,26889.0,68993.0,15187.0,203942.0,283807.0,126764.0,33305.0,3555.0,179520.0,122797.0,115679.0,14853.996300543091,2.148707654196058,88.34342525027188,226.675515574845,49.89667147442742,670.0485266239334,932.4438428355056,416.4813105145399,109.42310156421975,11.679901698267564,589.8103946196886,403.447788703843,380.06170142162966
E09000026,2017,305937,11.98253235143183,44.440522068268955,8192.0,26.776754691325337,779.5,2.5479101906601684,8.62581185505918,2.787590981,Redbridge,344.0,911328.0,4480221.0,653.0,26536.0,68252.0,14432.0,207316.0,291443.0,130107.0,32324.0,3455.0,169324.0,121414.0,117567.0,14644.260092764198,2.1344263688275693,86.73681182727162,223.0916822744552,47.17311080385831,677.6427826644048,952.6242330937415,425.27383088675117,105.65573958037112,11.293174738589972,553.4603529484829,396.85948414216,384.28499985291086
E09000026,2018,308841,11.988369419863295,44.44519995725956,8629.0,27.939943207022385,833.25,2.6979902279813883,8.85986952813444,2.758569241,Redbridge,322.0,919147.0,4498458.0,743.0,26907.0,68608.0,13898.0,216479.0,308656.0,143382.0,33016.0,2891.0,164669.0,113756.0,126024.0,14565.611431124755,2.4057686641346194,87.12249992714698,222.14667094071058,45.000501876370045,700.9399658724068,999.4009862680149,464.2583076728802,106.90290473091332,9.360803779290963,533.1837417959403,368.3319248415852,408.054630052357
E09000026,2019,311780,12.066521264994547,44.43100904483931,8893.0,28.52331772403618,718.5,2.3045095900955803,9.02396184759347,2.752093315,Redbridge,286.0,926558.0,4566773.0,514.0,27479.0,71811.0,13532.0,229936.0,321011.0,153223.0,33741.0,2306.0,164184.0,110033.0,133741.0,14647.421258579767,1.6485983706459684,88.13586503303611,230.3258708063378,43.402399127589966,737.4943870678043,1029.6074154852781,491.4458913336327,108.22054012444671,7.39624093912374,526.6020912181667,352.91872474180514,428.9595227403939
E09000026,2020,311750,12.13504410585405,44.09366479550922,7453.0,23.906976744186046,651.5,2.08981555733761,8.99693265236231,2.685086727,Redbridge,259.0,932371.0,4524562.0,356.0,25214.0,77931.0,13981.0,248430.0,331648.0,158376.0,34467.0,2477.0,133951.0,106259.0,139092.0,14513.43063352045,1.1419406575781876,80.87890938251805,249.9791499599038,44.84683239775461,796.8885324779471,1063.8267842822775,508.02245388933443,110.55974338412189,7.945469125902165,429.6744186046512,340.8468323977546,446.1651964715317
E09000026,2021,310130,12.306129687550381,43.72714668042434,7875.0,25.39257730629091,635.0,2.0475284558088545,9.2401001496489,2.594510555,Redbridge,256.0,933660.0,4604306.0,281.0,24014.0,76447.0,13691.0,262640.0,340133.0,164068.0,34963.0,2395.0,140827.0,108279.0,139200.0,14846.374101183375,0.9060716473736821,77.43204462644697,246.49985489955824,44.14600328894335,846.8706671395865,1096.7433011962726,529.0297617128301,112.7365943314094,7.722567955373553,454.09022023022607,349.1406829394125,448.8440331473898
E09000026,2022,313152,12.464234620886982,43.601190476190474,10981.0,35.06603821786225,737.0,2.353489679133456,9.45100909756353,2.567480326,Redbridge,249.0,933509.0,4842365.0,327.0,24673.0,80104.0,13373.0,273129.0,364916.0,175049.0,37182.0,2078.0,166204.0,114836.0,143205.0,15463.305359697528,1.0442213366033108,78.78921418352749,255.7991007561823,42.704501328428364,872.1930564071122,1165.299918250562,558.990522174535,118.73467198038014,6.635755160433272,530.7454526875127,366.71009605558964,457.30188534641326
E09000026,2023,318749,12.451490043890335,44.23166817778252,14522.0,45.55935861759566,1074.5,3.3709909678148007,9.68879959681428,2.609879494,Redbridge,261.0,938315.0,5113852.0,255.0,26250.0,83803.0,13198.0,288269.0,398592.0,186636.0,38682.0,2187.0,178893.0,120928.0,147968.0,16043.507587474785,0.8000025098117955,82.35319953944953,262.9121973715996,41.405620096063046,904.3761705919078,1250.4886289839342,585.5265428283697,121.35567484133283,6.861197995915281,561.2347019127903,379.38315100596395,464.2147896934579
E09000026,2024,323006,12.517104945418971,44.52270236466196,13797.0,42.714376822721555,778.25,2.409397967839607,10.23671258,2.564587831,Redbridge,284.0,949416.0,5420556.0,153.0,26685.0,84089.0,13065.0,302812.0,436773.0,201371.0,40411.0,1882.0,174194.0,129812.0,154347.0,16781.59538832096,0.47367541160226123,82.61456443533557,260.3326254001473,40.448165049565645,937.4810375039473,1352.2132715800944,623.4280477762023,125.1091310997319,5.826517154480102,539.2902918212046,401.8872714438741,477.8456127749949
E09000026,2025,321829,12.824201672316665,44.254868268552556,,,597.75,1.8573528178007574,,,Redbridge,,,,,,,,,,,,,,,,,,,,,,,,,,,,
E09000027,2011,187527,13.598041881968996,42.74637785492222,,,,,,2.236446381,Richmond upon Thames,52.0,558225.0,,,,,,,,,,,,,,,,,,,,,,,,,,
E09000027,2012,189934,13.972748428401445,42.13990122884792,2578.0,13.573135931428812,,,3.68556507501686,2.338236094,Richmond upon Thames,45.0,563765.0,,,,,,,,,,,,,,,,,,,,,,,,,,
E09000027,2013,192375,14.218583495776478,41.619753086419756,2572.0,13.369720597790772,,,3.69002365521228,2.365418673,Richmond upon Thames,41.0,569836.0,,,,,,,,,,,,,,,,,,,,,,,,,,
E09000027,2014,194492,14.424243670690826,41.04796084157703,2722.0,13.995434259506817,9.25,0.04755979680398166,3.74819477989781,2.444697142,Richmond upon Thames,34.0,576801.0,2959030.0,151.0,20276.0,44781.0,8811.0,140037.0,194455.0,48841.0,16127.0,2160.0,110979.0,74037.0,95336.0,15214.14762560928,0.77638154782716,104.25107459432778,230.24597412747053,45.302634555662955,720.0141908150464,999.809760812784,251.12086872467765,82.91857762787158,11.105855253686526,570.6095880550357,380.66861361906916,490.17954465993455
E09000027,2015,194966,14.626652852292194,40.31626027102161,2831.0,14.520480494034857,15.25,0.07821876634900445,3.82090678563304,2.482381105,Richmond upon Thames,35.0,581833.0,2977966.0,133.0,21032.0,44815.0,8842.0,145292.0,196332.0,50736.0,16401.0,1971.0,105400.0,77258.0,97930.0,15274.28372126422,0.6821702245519732,107.87521926900075,229.86059107741863,45.35149718412441,745.2171147789871,1007.0063498250976,260.22998881856324,84.12235979606702,10.10945498189428,540.6070802088569,396.2639639732056,502.2927074464265
E09000027,2016,196293,14.856872124833794,39.664175492758275,3143.0,16.01177831099428,21.5,0.10953014116652147,3.83869716944552,2.510018826,Richmond upon Thames,34.0,585751.0,3072316.0,130.0,21012.0,45704.0,9359.0,151335.0,201319.0,54052.0,16666.0,2041.0,105438.0,79018.0,102274.0,15651.68396224012,0.6622752721696648,107.04406168329997,232.83560799417197,47.67872517104532,770.9648331830477,1025.6045809071134,275.36386931780555,84.90368989215102,10.397721773063736,537.1460011309623,402.55128812540437,521.0272398913869
E09000027,2017,196849,15.095326874914274,38.85262307657138,2707.0,13.75165736173412,23.0,0.1168408272330568,3.91375825360464,2.508432865,Richmond upon Thames,35.0,588108.0,3096705.0,235.0,20960.0,46685.0,9550.0,155973.0,208822.0,56636.0,16879.0,1918.0,103200.0,77981.0,104923.0,15731.372778119268,1.1938084521638412,106.47755386108133,237.16147910327203,48.51434348155185,792.3484498270248,1060.823270628756,287.71291700745246,85.74592708116373,9.743508984043606,524.2597117587593,396.1462847156958,533.0126137293051
E09000027,2018,197119,15.358742688426787,38.11403264018182,2779.0,14.098082883943201,12.5,0.0634134710504822,3.97338312030255,2.512111902,Richmond upon Thames,35.0,590261.0,3058125.0,152.0,19952.0,46906.0,9049.0,153747.0,208368.0,57531.0,16960.0,1999.0,98838.0,75858.0,104963.0,15514.10569250047,0.7711078079738636,101.21804595193765,237.95778184751342,45.90627996286507,779.9704746878789,1057.06705086775,291.8592322404233,86.03939752129425,10.141082290393113,501.41285213500475,384.8335269557983,532.485452949741
E09000027,2019,198185,15.535989101092413,37.53008552614981,2950.0,14.88508212024119,13.0,0.06559527714004593,4.06512627166839,2.519515514,Richmond upon Thames,38.0,592153.0,3054875.0,161.0,21148.0,47497.0,8636.0,156716.0,208716.0,60137.0,17226.0,1637.0,95798.0,74219.0,106536.0,15414.259404092138,0.8123722784267225,106.708378535207,239.6599137169816,43.57544718318743,790.7561117138027,1053.1372202739865,303.4387062593032,86.91878800111007,8.259959129096552,483.3766430355476,374.49352877362065,537.5583419532255
E09000027,2020,197797,15.786387053393126,37.00763914518421,2326.0,11.759531236570828,21.5,0.10869730076795907,4.09152862235269,2.27889967,Richmond upon Thames,33.0,593101.0,2941795.0,50.0,18618.0,50476.0,8071.0,163323.0,203713.0,58641.0,16877.0,1334.0,80184.0,71309.0,103660.0,14872.798879659449,0.25278442039060245,94.12680677664474,255.19092807272102,40.80446113945106,825.7101978290874,1029.909452620616,296.4706239225064,85.32485325864396,6.744288336021274,405.3853192920014,360.5160846726694,524.0726603537971
E09000027,2021,195315,16.205104574661444,36.394030156414,2730.0,13.97742108901006,22.0,0.1126385582264547,4.22806926316884,2.193359613,Richmond upon Thames,33.0,591297.0,2947231.0,30.0,18705.0,47332.0,7918.0,170907.0,202932.0,58350.0,16744.0,1375.0,80917.0,73519.0,101579.0,15089.629572741469,0.15359803394516552,95.7683741648107,242.33673808975246,40.53964109259402,875.0326395822133,1038.9985408186774,298.7481760233469,85.7281826792617,7.039909889153419,414.2897370913652,376.41246192048743,520.0778230038655
E09000027,2022,195674,16.553042305058412,35.7860523114977,3733.0,19.07764955998242,30.25,0.15459386530658137,4.34445987168436,2.085034609,Richmond upon Thames,28.0,588407.0,3054190.0,21.0,19578.0,47639.0,7929.0,174712.0,212876.0,59722.0,17417.0,1367.0,96858.0,76149.0,102136.0,15608.563222502735,0.10732136103927963,100.05417173461981,243.46106278810674,40.52147960383086,892.8728395187915,1087.9115263141757,305.2117297137075,89.01029262957778,6.986109549556916,494.99678035916884,389.1625867514335,521.970215767041
E09000027,2023,196764,16.763229045963694,35.617287715232465,3889.0,19.764794372954402,23.0,0.11689130125429449,4.45360740148112,2.027127028,Richmond upon Thames,31.0,586671.0,3126856.0,12.0,19333.0,49184.0,7822.0,177792.0,226359.0,61521.0,17846.0,1497.0,98244.0,76210.0,100088.0,15891.40289890427,0.06098676587180581,98.25476204996849,249.9644243865748,39.75320688743876,903.579923156675,1150.4086113313413,312.6639019332805,90.69748531235389,7.608099042507776,499.2986521924742,387.31678559086015,508.6702852147751
E09000027,2024,196975,17.08440157380378,35.33037187460338,3205.0,16.271100393450947,12.25,0.06219063332910268,4.5553035,1.986777902,Richmond upon Thames,27.0,588034.0,3273686.0,0.0,19606.0,51077.0,7812.0,186325.0,244305.0,64570.0,18737.0,1273.0,99307.0,82781.0,102371.0,16619.804543723825,0.0,99.53547404492956,259.30701865719004,39.65985531158776,945.9322249016373,1240.2843000380758,327.8080974742988,95.12374666835893,6.4627490798324665,504.1604264500571,420.261454499302,519.7156999619241
E09000027,2025,196713,17.54383289360642,35.17662787919456,,,15.25,0.07752410872692705,,,Richmond upon Thames,,,,,,,,,,,,,,,,,,,,,,,,,,,,
E09000028,2011,288717,7.766775077324854,55.096166834651235,,,,,,11.7064867,Southwark,308.0,853614.0,,,,,,,,,,,,,,,,,,,,,,,,,,
E09000028,2012,293078,7.775404499825985,54.67793556664096,11227.0,38.307208319969426,,,4.93708493530193,12.14490032,Southwark,328.0,865572.0,,,,,,,,,,,,,,,,,,,,,,,,,,
E09000028,2013,297868,7.744705708568897,54.48352961714585,11579.0,38.8729235768864,,,5.45255534611335,12.59617233,Southwark,325.0,879663.0,,,,,,,,,,,,,,,,,,,,,,,,,,
E09000028,2014,299685,7.779501810234079,54.254300348699466,12188.0,40.669369504646546,70.75,0.23608121861287684,5.61098754765588,12.94047356,Southwark,283.0,890631.0,4131900.0,375.0,21663.0,54424.0,11546.0,173674.0,240627.0,96182.0,27996.0,3620.0,165782.0,95037.0,84537.0,13787.476850693227,1.2513138795735521,72.28590019520496,181.6040175517627,38.52712014281663,579.5218312561523,802.9330797337204,320.94365750704907,93.41808899344312,12.079349984150024,553.1875135559003,317.1229791280845,282.08619050002505
E09000028,2015,304048,7.758972267536705,54.1657896121665,12419.0,40.84552439088565,76.25,0.25078277114139874,5.88538350856146,14.33112335,Southwark,248.0,901601.0,4204601.0,187.0,22228.0,53468.0,11033.0,182807.0,249829.0,103476.0,28622.0,3240.0,151270.0,105958.0,88504.0,13828.740856706834,0.6150344682418565,73.1068778613903,175.85381255591224,36.28703362626954,601.2438825448614,821.6761827079935,340.3278429721623,94.13645213913593,10.65621217702468,497.5201284007788,348.4910277324633,291.0856180603063
E09000028,2016,306720,7.756585811163276,53.80183881064163,12468.0,40.649452269170574,53.5,0.1744261867501304,6.08357105692807,12.8698616,Southwark,235.0,910453.0,4327444.0,204.0,23383.0,54207.0,11483.0,191142.0,261873.0,113896.0,29118.0,2728.0,147505.0,111708.0,92848.0,14108.77673448096,0.6651017214397495,76.23565466875326,176.731220657277,37.43805425143453,623.1807511737089,853.7852112676056,371.3354199269692,94.93348982785604,8.894105372978613,480.91092853416797,364.20187793427226,302.7125717266562
E09000028,2017,307640,7.842608243401378,53.45631257313743,10240.0,33.285658561955536,32.5,0.10564295930308153,6.1868443127854,12.43004131,Southwark,229.0,918408.0,4380645.0,294.0,23202.0,55028.0,11336.0,198522.0,272745.0,122579.0,29290.0,2760.0,139515.0,122021.0,96522.0,14239.516967884541,0.9556624626186452,75.41932128461838,178.8714081393837,36.848264204914834,645.3062020543492,886.5719672344298,398.4494864126902,95.20868547653102,8.971525159277077,453.50084514367444,396.6356780652711,313.7498374723703
E09000028,2018,310492,7.88522731664584,53.27898947476908,11693.0,37.659585432152845,50.5,0.16264509230511576,6.28942275631881,12.05594349,Southwark,193.0,924852.0,4336224.0,267.0,22033.0,54729.0,11088.0,205081.0,281563.0,129564.0,30084.0,2387.0,125532.0,126281.0,99175.0,13965.654509616994,0.8599255375339784,70.96157066848744,176.26541102508278,35.711065019388585,660.5033301985236,906.8285173208972,417.2861136518815,96.89138528528915,7.687798719451709,404.3002718266493,406.7125723046004,319.4124164229674
E09000028,2019,312591,7.997351171338906,53.40620811219773,12146.0,38.85588516623959,68.25,0.21833642043436952,6.30034141287178,12.13258076,Southwark,163.0,930723.0,4384043.0,166.0,22293.0,57141.0,10230.0,218232.0,293001.0,134477.0,31222.0,2069.0,120653.0,124647.0,103771.0,14024.853562642558,0.5310453595912871,71.31683253836482,182.79796923135982,32.72647005192088,698.1391018935286,937.3302494313656,430.2011254322741,99.88131456119979,6.618872584303451,385.97720343835874,398.75428275286237,331.9705301816111
E09000028,2020,312055,8.138308951947574,53.23548733396356,10181.0,32.62565893832818,412.5,1.3218823604813255,6.35173008515684,11.52350235,Southwark,136.0,935138.0,4263307.0,135.0,20329.0,62012.0,9722.0,238164.0,294009.0,135450.0,30939.0,1920.0,101701.0,118594.0,106506.0,13662.037140888626,0.4326160452484338,65.14556728781785,198.7213792440435,31.154764384483506,763.2116133373924,942.1704507218279,434.0580987325952,99.1459838810466,6.152761532422169,325.90729198378494,380.0419797792056,341.305218631331
E09000028,2021,306762,8.482145767728728,52.84455049843201,9509.0,30.99797236945906,1141.25,3.720310859884862,6.30368491642608,11.37645531,Southwark,137.0,931408.0,4271704.0,113.0,18585.0,60506.0,8792.0,246596.0,296055.0,138324.0,31230.0,1946.0,96492.0,119575.0,105452.0,13925.140662793958,0.3683637477914474,60.584427015080095,197.24085773335682,28.660655491879698,803.8674933661927,965.0967199327166,450.9163455708334,101.80530834979561,6.343680116833245,314.55004205214465,389.7973021430294,343.75835338144884
E09000028,2022,311089,8.637399586613476,53.415582036008985,11560.0,37.159783856066916,1934.75,6.219281298920888,6.41038784624552,10.85294914,Southwark,137.0,928144.0,4396444.0,102.0,19070.0,62599.0,8512.0,252274.0,308145.0,141132.0,32666.0,1875.0,108053.0,124233.0,107203.0,14132.431554956942,0.3278804457888257,61.30078530581281,201.22537280328137,27.361944652494945,810.9383488326491,990.5364702705657,453.67081446145636,105.00532002095864,6.0272140770004725,347.3379000864704,399.34873942826647,344.6055630382302
E09000028,2023,316080,8.785117691723615,54.00847886610985,13291.0,42.04948114401417,1643.5,5.199633004302708,6.57615812928086,10.98430157,Southwark,131.0,929574.0,4522101.0,89.0,20003.0,64978.0,8283.0,260498.0,324906.0,144749.0,33353.0,1962.0,115144.0,123548.0,108284.0,14306.82422171602,0.2815742849911415,63.28461149076184,205.57453809162237,26.205391040242976,824.1521133890154,1027.92331055429,457.9505188559858,105.52075423943305,6.207289293849659,364.2875221462921,390.87572766388257,342.5841559098962
E09000028,2024,317058,9.08855792946401,54.13552094569448,12353.0,38.96132568804446,1141.5,3.6002876445319156,6.718464351,10.87758636,Southwark,142.0,937598.0,4686325.0,79.0,20876.0,68058.0,8372.0,269922.0,350837.0,151085.0,34903.0,1593.0,116969.0,126060.0,110473.0,14780.655274429284,0.24916576777750443,65.84284263447067,214.65473194178983,26.40526339029452,851.3331945574627,1106.5388667057762,476.52164588182603,110.08395940174984,5.02431731733626,368.9198821666698,397.5928694434457,348.43151726182595
E09000028,2025,312366,9.594193990383076,53.91399832248068,,,688.75,2.2049454806220905,,,Southwark,,,,,,,,,,,,,,,,,,,,,,,,,,,,
E09000029,2011,191123,14.41061515359219,41.910706717663494,,,,,,2.252405405,Sutton,95.0,568611.0,,,,,,,,,,,,,,,,,,,,,,,,,,
E09000029,2012,193982,14.792094111824808,41.415182852017196,1709.0,8.810095782082874,,,5.70766279074146,2.334145069,Sutton,94.0,574426.0,,,,,,,,,,,,,,,,,,,,,,,,,,
E09000029,2013,196678,14.909140829172555,41.03051688546762,1556.0,7.911408495103672,,,5.85601956109508,2.444844961,Sutton,86.0,581783.0,,,,,,,,,,,,,,,,,,,,,,,,,,
E09000029,2014,199144,14.938938657453903,40.749909613144254,1803.0,9.05375005021492,13.25,0.06653476881050897,6.10973310175476,2.410197258,Sutton,78.0,589804.0,3200742.0,96.0,22047.0,58601.0,12615.0,154849.0,218942.0,67284.0,20873.0,2650.0,136744.0,62108.0,75562.0,16072.50030128952,0.4820632306270839,110.70883380870124,294.2644518539349,63.34612139959024,777.5730124934721,1099.4154983328647,337.8660667657574,104.81360221749087,13.306953762101797,686.6589000923955,311.8748242477805,379.433977423372
E09000029,2015,201208,14.889070017096735,40.47801280267186,1912.0,9.502604270207945,10.75,0.05342729911335534,6.37115591244032,2.420709372,Sutton,71.0,597030.0,3253781.0,72.0,21761.0,59637.0,12734.0,163831.0,225998.0,71979.0,21183.0,1981.0,119119.0,67733.0,79221.0,16171.230766172319,0.357838654526659,108.15176334936982,296.39477555564395,63.287742038089945,814.2370084688482,1123.2058367460538,357.7342849190887,105.27911415053079,9.845532980795992,592.019204007793,336.63174426464155,393.72688958689514
E09000029,2016,203299,14.933177241403056,40.12464399726511,2118.0,10.418152573303361,12.5,0.061485791863216246,6.62367485608229,2.604785204,Sutton,72.0,603651.0,3379827.0,51.0,22450.0,60284.0,12510.0,173882.0,234187.0,78134.0,21199.0,1574.0,117116.0,79139.0,83265.0,16624.907156454286,0.25086203080192226,110.42848218633638,296.52875813457024,61.534980496706815,855.3017968607815,1151.9338511256817,384.3304689152431,104.2749841366657,7.742290911416189,576.0775999881947,389.27392658104566,409.5691567592561
E09000029,2017,204824,14.922567667851423,39.716537124555714,1828.0,8.924735382572356,15.0,0.07323360543686287,6.7339335610059,2.539172888,Sutton,62.0,609331.0,3390549.0,43.0,22719.0,59750.0,12415.0,179610.0,237563.0,80267.0,21355.0,1780.0,113363.0,87149.0,85413.0,16553.475178689998,0.20993633558567357,110.9196187946725,291.7138616568371,60.61301409991017,876.8991915009959,1159.8396672264969,391.8827871733781,104.26024294028043,8.690387845174394,553.4654142092724,425.4823653478108,417.00679607858456
E09000029,2018,206286,14.958358783436587,39.58484822043183,1949.0,9.448047855889397,16.0,0.07756221944290936,6.85209311472186,2.540289402,Sutton,64.0,614409.0,3464224.0,29.0,23677.0,59960.0,12492.0,186257.0,244687.0,83918.0,22294.0,1683.0,110688.0,89624.0,89609.0,16793.306380462076,0.14058152274027322,114.7775418593603,290.6644173623028,60.556702830051485,902.906644173623,1186.1541743016976,406.80414570062925,108.07325751626382,8.158575957651028,536.5754341060469,434.4647722094568,434.39205762872905
E09000029,2019,208516,15.030021676993613,39.5072800168812,2131.0,10.219839244950029,12.5,0.05994743808628594,6.92752851158624,2.541739702,Sutton,68.0,619626.0,3514313.0,19.0,24449.0,60966.0,12570.0,195043.0,252872.0,87177.0,23398.0,1317.0,109788.0,85876.0,93726.0,16853.92487866639,0.09112010589115463,117.2523931017284,292.38044082948073,60.28314373956915,935.3862533330775,1212.722285100424,418.083024803852,112.21201250743349,6.316062076771087,526.5207466093728,411.84369544783135,449.49068656601895
E09000029,2020,209921,15.06328571224413,39.230472415813566,1743.0,8.303123556004401,21.0,0.10003763320487231,6.93228591202147,2.529449463,Sutton,72.0,624723.0,3600315.0,22.0,23411.0,67909.0,12374.0,223790.0,264812.0,90743.0,24092.0,1296.0,99482.0,87058.0,99409.0,17150.809113904754,0.10480133002415194,111.5229062361555,323.49788730046066,58.945984441766186,1066.0677111865893,1261.4840821070784,432.2721404718918,114.76698377008495,6.173751077786406,473.9020869755765,414.71791769284636,473.55433710776913
E09000029,2021,209617,15.20248834779622,39.18670718500885,1984.0,9.464881188071578,25.5,0.12165043865716998,7.17551564818765,2.300094604,Sutton,72.0,628054.0,3647233.0,23.0,20906.0,66500.0,12177.0,233889.0,271269.0,94586.0,24838.0,1214.0,101088.0,94074.0,102540.0,17399.50958176102,0.10972392506332979,99.73427727712925,317.2452615961492,58.091662412876815,1115.7921351798757,1294.1173664349744,451.23248591478745,118.4922978575211,5.791515001168798,482.25096246964705,448.789935930769,489.1778815649494
E09000029,2022,210281,15.33471878105963,38.77811119406889,3302.0,15.702797685002448,32.75,0.15574398067347978,7.4162750491626,2.279810905,Sutton,64.0,629907.0,3800535.0,9.0,22508.0,67368.0,11724.0,239873.0,286100.0,99860.0,25941.0,1155.0,117546.0,100552.0,105301.0,18073.60151416438,0.04279987255149062,107.03772570988345,320.37131267209116,55.75396731040845,1140.7259809493012,1360.5603929979409,474.8883636657615,123.36349931757981,5.49265031077463,558.9948687708353,478.17919831083174,500.7632643938349
E09000029,2023,212059,15.329224413960265,38.68498861165996,4021.0,18.961704054060426,23.0,0.10846038130897534,7.6592334331711,2.419496059,Sutton,70.0,632322.0,3942582.0,5.0,23231.0,65985.0,11614.0,246548.0,304782.0,105236.0,26659.0,1208.0,118297.0,104009.0,105951.0,18591.910741821852,0.023578343762820725,109.54970079081765,311.1634026379451,54.767776892279976,1162.6386996071847,1437.2509537440053,496.25811684484034,125.71501327460754,5.6965278530974865,557.8494664220807,490.4719912854442,499.62982000292374
E09000029,2024,213672,15.423171964506347,38.55161181624172,3442.0,16.108802276386236,10.0,0.04680070388258639,7.909870074,2.386448145,Sutton,62.0,637230.0,4087857.0,11.0,22980.0,66719.0,11845.0,252615.0,328499.0,110434.0,27751.0,1012.0,112959.0,108378.0,109883.0,19131.458497135794,0.051480774270845034,107.54801752218353,312.24961623422814,55.43543374892358,1182.2559811299561,1537.3984424725747,516.8388932569545,129.8766333445655,4.736231232917743,528.6560709873077,507.2166685386949,514.2601744730241
E09000029,2025,213972,15.669807264501898,38.257809433009925,,,25.25,0.11800609425532313,,,Sutton,,,,,,,,,,,,,,,,,,,,,,,,,,,,
E09000030,2011,256012,6.0961986156898895,61.33501554614627,,,,,,5.95990324,Tower Hamlets,432.0,745027.0,,,,,,,,,,,,,,,,,,,,,,,,,,
E09000030,2012,261936,6.032007818703805,61.0931677967137,14545.0,55.52883147028282,,,6.34015726288683,6.232025623,Tower Hamlets,413.0,766468.0,,,,,,,,,,,,,,,,,,,,,,,,,,
E09000030,2013,270294,5.908011276609914,61.01097323654983,15064.0,55.73190673858836,,,6.64996466970404,6.345677853,Tower Hamlets,360.0,788242.0,,,,,,,,,,,,,,,,,,,,,,,,,,
E09000030,2014,277060,5.780697321879737,61.00230996895979,16272.0,58.730960802714215,22.5,0.08120984624269112,6.75953713199512,6.511921406,Tower Hamlets,314.0,809290.0,4503357.0,880.0,22626.0,52575.0,8627.0,226576.0,326404.0,159254.0,28517.0,3489.0,127909.0,145512.0,96818.0,16254.085757597633,3.176207319714141,81.66462138165019,189.7603407204216,31.137659712697612,817.7867609903991,1178.098606799971,574.799682379268,102.92716379123655,12.592940157366636,461.66534324695016,525.200317620732,349.4477730455497
E09000030,2015,282674,5.688531665452076,60.95466862887991,16191.0,57.27799514635234,21.5,0.07605934751692763,6.83993901168943,6.455108643,Tower Hamlets,276.0,830028.0,4710081.0,1042.0,22267.0,53816.0,9106.0,244815.0,347663.0,173152.0,28660.0,3065.0,119775.0,147973.0,102907.0,16662.5901214827,3.6862251215180737,78.77272051904313,190.38185330097568,32.21378690647177,866.0683331328668,1229.9079505012842,612.5501461047002,101.3888790620998,10.84287907625038,423.721318550698,523.4758060522015,364.04833836858006
E09000030,2016,289011,5.598056821366661,60.95961745400694,16588.0,57.39573926251942,16.75,0.05795627156059804,6.77605700106119,6.635158539,Tower Hamlets,266.0,848745.0,4978075.0,1123.0,22906.0,56765.0,9102.0,265026.0,372903.0,187646.0,29203.0,2602.0,125402.0,151248.0,112167.0,17224.517405911887,3.8856652514956176,79.2564988875856,196.4112092619312,31.493610969824676,917.0100792011376,1290.2726885827876,649.2694049707451,101.04459691845639,9.003117528398572,433.9004397756487,523.329561850587,388.1063350529911
E09000030,2017,293526,5.640386200881694,60.756117004967194,14945.0,50.915421461812585,18.25,0.06217507137357508,6.74337520096847,6.363866806,Tower Hamlets,239.0,865211.0,5094657.0,1100.0,22562.0,57592.0,9271.0,274344.0,390494.0,196471.0,29804.0,2604.0,124899.0,148356.0,116180.0,17356.748635555283,3.7475385485442514,76.86542248386854,196.20749098887322,31.584936257776143,934.6497414198401,1330.3557436138535,669.3478601554888,101.53785354619352,8.871445800372028,425.5125610678441,505.4271171889373,395.808207790792
E09000030,2018,300050,5.607732044659223,60.696217297117144,17071.0,56.893851024829196,25.0,0.08331944675887352,6.65372182566388,6.023514271,Tower Hamlets,218.0,882587.0,5226572.0,1183.0,22524.0,58813.0,9271.0,284640.0,405323.0,204197.0,30525.0,2499.0,119889.0,143010.0,121942.0,17419.003499416765,3.9426762206298953,75.06748875187469,196.01066488918514,30.898183636060658,948.6418930178303,1350.8515247458756,680.5432427928678,101.73304449258457,8.328611898016998,399.5634060989835,476.6205632394601,406.4055990668222
E09000030,2019,305066,5.595838277618614,60.749477162318975,17313.0,56.75165374050206,31.75,0.10407583932657195,6.70254332593212,5.804896832,Tower Hamlets,199.0,898642.0,5306160.0,841.0,23305.0,60344.0,9327.0,295677.0,414480.0,211948.0,31691.0,2334.0,118760.0,140242.0,129369.0,17393.482066175842,2.756780499957386,76.3933050552995,197.8063763251231,30.573711918076743,969.2230533720572,1358.6568152465368,694.7611336563235,103.88243855428006,7.650803432699809,389.2928087692499,459.7103577586489,424.06889001068623
E09000030,2020,306780,5.617706499771823,60.51111545733099,14603.0,47.60088662885455,55.75,0.18172631853445465,6.68153772806837,5.271599293,Tower Hamlets,185.0,911896.0,5359429.0,560.0,20386.0,66283.0,9522.0,320901.0,429239.0,220268.0,32404.0,2204.0,104515.0,138637.0,134458.0,17469.942629897643,1.8254123476106656,66.45152878284112,216.0603689940674,31.03852923919421,1046.0297281439468,1399.1753047786688,717.9998696134038,105.62618162852858,7.184301453810548,340.6838776973727,451.9101636351783,438.2880239911337
E09000030,2021,312715,5.635482787841965,60.56153366483859,14036.0,44.88431958812337,221.0,0.7067137809187278,6.73913883237619,6.137615204,Tower Hamlets,189.0,924561.0,5474274.0,369.0,20467.0,67658.0,9420.0,335837.0,432189.0,227558.0,32706.0,1978.0,111840.0,137050.0,134375.0,17505.63292454791,1.1799881681403195,65.44937083286699,216.35674655836783,30.12327518667157,1073.9395296036328,1382.0539468845434,727.6849527525063,104.5872439761444,6.325248229218298,357.64194234366755,438.25847816702105,429.7043633979822
E09000030,2022,327674,5.6376154348529335,61.46291741181784,17286.0,52.75365149508353,443.75,1.3542423262144694,6.85253600500939,5.821365356,Tower Hamlets,190.0,944376.0,5715152.0,235.0,21391.0,72834.0,9156.0,352960.0,453440.0,241660.0,34471.0,2247.0,131273.0,140406.0,135952.0,17441.579130477243,0.7171762178262542,65.28134670434639,222.27579850705274,27.942406171988015,1077.168161038105,1383.8144008984539,737.5012970208195,105.1990698071864,6.857425367896141,400.62073890513136,428.49295336218313,414.900175174106
E09000030,2023,333985,5.70444780454212,61.9186490411246,18105.0,54.209021363234875,724.0,2.167762025240654,7.06981348015713,5.686778545,Tower Hamlets,196.0,966739.0,6041591.0,145.0,21601.0,75204.0,8998.0,372948.0,491831.0,258937.0,35182.0,2280.0,136569.0,150745.0,141389.0,18089.408206955402,0.4341512343368714,64.67655733041903,225.17178915220742,26.94132970043565,1116.660927885983,1472.6140395526745,775.2952976930102,105.34006018234352,6.826653891641841,408.9075856700151,451.3526056559426,423.33937152866145
E09000030,2024,336153,5.844660020883348,61.78049876098086,17475.0,51.985256713460835,874.75,2.602237671536473,7.202963908,5.197122574,Tower Hamlets,199.0,985910.0,6395812.0,136.0,22370.0,81280.0,8906.0,390424.0,531116.0,279072.0,36815.0,1841.0,134779.0,154129.0,144586.0,19026.490913363854,0.40457767742664796,66.54707826495674,241.7946589796908,26.493888199718583,1161.4473171442764,1579.982924442144,830.1933940794817,109.51858231222091,5.476672824576904,400.94540283739843,458.50847679479284,430.11961815006856
E09000030,2025,334240,6.078566299664911,61.47618477740546,,,604.75,1.8093286261369075,,,Tower Hamlets,,,,,,,,,,,,,,,,,,,,,,,,,,,,
E09000031,2011,259742,9.92138352673037,49.41364892855218,,,,,,4.393187523,Waltham Forest,328.0,761891.0,,,,,,,,,,,,,,,,,,,,,,,,,,
E09000031,2012,263575,9.973631793607133,48.967466565493694,8308.0,31.52044010243764,,,6.26323048800016,4.707830906,Waltham Forest,360.0,777326.0,,,,,,,,,,,,,,,,,,,,,,,,,,
E09000031,2013,267963,9.953239812959252,48.69702160372887,8910.0,33.250859260420285,,,6.41358532766545,4.760591984,Waltham Forest,365.0,791280.0,,,,,,,,,,,,,,,,,,,,,,,,,,
E09000031,2014,270606,9.941390804342845,48.41688654353562,10324.0,38.15140832058417,181.5,0.6707168355468837,6.59273403218919,5.161327362,Waltham Forest,329.0,802144.0,3709268.0,522.0,22440.0,67776.0,12070.0,147671.0,208498.0,93010.0,26057.0,2986.0,168008.0,85816.0,72523.0,13707.264436117455,1.929003791490211,82.92499057670562,250.46007849049911,44.60359341625832,545.7048254658064,770.4855029082873,343.71004338410825,96.29128696333416,11.034492952853965,620.8583697331175,317.12526699334086,268.0021876824609
E09000031,2015,274579,9.824494954093357,48.34929109655145,11441.0,41.6674254039821,170.0,0.6191296493905214,6.69528115430617,5.043056011,Waltham Forest,304.0,813148.0,3568263.0,517.0,20661.0,66891.0,11189.0,149135.0,205749.0,93712.0,25963.0,2495.0,144339.0,81293.0,73183.0,12995.396588959826,1.8828825219699976,75.24610403563273,243.61294927871396,40.749656747238504,543.1405897756202,749.32533077912,341.2933982569679,94.55566521838887,9.086638089584419,525.6738497845793,296.0641563994333,266.52803018439135
E09000031,2016,277081,9.808323197909637,48.03721655400406,11097.0,40.0496605685702,203.5,0.7344422750026166,6.73081328751432,4.974035263,Waltham Forest,270.0,822266.0,3668190.0,549.0,21445.0,70875.0,11274.0,157092.0,210989.0,99524.0,26955.0,2451.0,144279.0,79984.0,76871.0,13238.691934849376,1.9813700686802778,77.39614047877697,255.79162771897023,40.6884629404398,566.9533457725358,761.4704725333025,359.1873856381347,97.28202222454806,8.84578877656714,520.7105503444841,288.66649102608983,277.43150919767146
E09000031,2017,278105,9.816795814530483,47.75426547527013,8694.0,31.261573865985866,186.75,0.671508962442243,6.76282971778059,4.78259182,Waltham Forest,264.0,829765.0,3651277.0,599.0,21193.0,72278.0,11152.0,162167.0,215965.0,101939.0,27514.0,2488.0,137950.0,78997.0,79130.0,13129.13108358354,2.1538627496808758,76.20503047410152,259.89464410923927,40.099962244476,583.1142913647724,776.5592132467953,366.5486057424354,98.93385591772892,8.946261304183672,496.03566998076263,284.05458370040094,284.53282033764225
E09000031,2018,279795,9.8779463535803,47.771761468217804,8683.0,31.0334351936239,226.0,0.8077342339927447,6.91995889934385,4.689174175,Waltham Forest,212.0,834981.0,3665623.0,635.0,20453.0,72330.0,11093.0,167173.0,224704.0,107237.0,27871.0,2325.0,129027.0,80093.0,82624.0,13101.102592969854,2.2695187548026237,73.09994817634339,258.51069533050986,39.646884326024406,597.4838721206598,803.1022713057775,383.26989402955735,99.61221608677782,8.30965528333244,461.1483407494773,286.2560088636323,295.3019174752944
E09000031,2019,281015,9.966371901855773,47.80741241570735,8387.0,29.84538191911464,225.75,0.8033379001120937,6.89413386575395,4.737016678,Waltham Forest,171.0,838915.0,3749350.0,402.0,21208.0,76136.0,10485.0,174629.0,237147.0,113051.0,29630.0,2031.0,126284.0,81597.0,87194.0,13342.170346778643,1.4305286194687117,75.46928099923491,270.93215664644237,37.311175560023486,621.4223440029891,843.8944540327029,402.29525114317744,105.43921142999484,7.227372204330729,449.3852641318079,290.3652829920111,310.2823692685444
E09000031,2020,279527,10.11780615110526,47.40043001212763,5575.0,19.944406085995272,249.25,0.8916848819613132,6.9205559504067,4.603024483,Waltham Forest,144.0,840337.0,3742667.0,241.0,18657.0,80791.0,10021.0,190120.0,251609.0,116576.0,30403.0,1984.0,103823.0,82198.0,93304.0,13389.286187023079,0.8621707384259839,66.74489405316838,289.02753580155047,35.84984634758002,680.1489659317347,900.1241382764456,417.0473693060062,108.76587950359,7.097704336253742,371.4238696083026,294.06103882630305,333.79244223277175
E09000031,2021,278147,10.28125415697455,47.160674032076564,5275.0,18.964791998475626,265.25,0.9536324317716891,7.08520249281892,4.308450222,Waltham Forest,154.0,838689.0,3839832.0,151.0,18194.0,79525.0,10342.0,204165.0,259783.0,122170.0,31315.0,2021.0,106173.0,88159.0,94025.0,13805.045533476903,0.5428784060227145,65.4114550938892,285.9099684699098,37.18177798070804,734.0183428187254,933.9773572966812,439.22817790592745,112.58435287815435,7.265942109747723,381.71542385860715,316.95110858646683,338.04067633301815
E09000031,2022,278274,10.468099786541323,46.98318923075817,5802.0,20.84995364281248,426.75,1.5335604476163782,7.22259257014726,4.313589573,Waltham Forest,162.0,833521.0,3994338.0,107.0,18649.0,78426.0,10589.0,212735.0,274286.0,127235.0,32286.0,1908.0,122810.0,93766.0,95937.0,14353.974859311327,0.3845131057878206,67.01668140034641,281.8301386403329,38.052423151282554,764.480332334318,985.6688012534408,457.22920574685384,116.02233769593998,6.856551456478147,441.3276123532921,336.95566240468025,344.7573255137023
E09000031,2023,281983,10.491767234194969,47.19468904153796,7057.0,25.026331374586412,703.5,2.494831248692297,7.35698967253259,4.240797997,Waltham Forest,163.0,832500.0,4141686.0,109.0,19067.0,82490.0,10502.0,219949.0,289491.0,132136.0,33169.0,1828.0,128005.0,99695.0,98955.0,14687.715216874776,0.38654812524159254,67.6175514126738,292.53536560714656,37.243379920066104,780.0080146675509,1026.625718571687,468.59562455892734,117.6276584049393,6.4826603022168,453.94580524357855,353.5496820730328,350.92541039708067
E09000031,2024,283782,10.68813384922229,47.238020734225564,6207.0,21.872423198088672,205.25,0.7232664510081683,7.484677746,4.288225174,Waltham Forest,157.0,834090.0,4433356.0,92.0,20185.0,85393.0,10807.0,236254.0,322435.0,141560.0,35494.0,1737.0,132803.0,103596.0,104026.0,15622.400293182796,0.32419251397199256,71.12854233178989,300.9105581044605,38.0820488966883,832.5193282167297,1136.2066656799939,498.8336117160356,125.0748814230642,6.1208956170581645,467.9754177502449,365.0548660591581,366.57011367880983
E09000031,2025,283713,11.045669391251018,47.08384881905306,,,199.5,0.7031753920334987,,,Waltham Forest,,,,,,,,,,,,,,,,,,,,,,,,,,,,
E09000032,2011,307710,8.800168990283058,57.56134022293718,,,,,,4.755419254,Wandsworth,271.0,909677.0,,,,,,,,,,,,,,,,,,,,,,,,,,
E09000032,2012,312262,8.900538650236019,57.29099282013181,9405.0,30.118938583625287,,,4.24572889190688,4.904242992,Wandsworth,279.0,922592.0,,,,,,,,,,,,,,,,,,,,,,,,,,
E09000032,2013,316810,8.90691581705123,57.04333827846343,9184.0,28.988983933587956,,,4.19856854849696,4.989599228,Wandsworth,242.0,936782.0,,,,,,,,,,,,,,,,,,,,,,,,,,
E09000032,2014,319898,8.970671901668657,56.655558959418315,9741.0,30.450331043019965,53.75,0.16802230711039143,4.34458874958791,5.148881435,Wandsworth,203.0,948970.0,4522439.0,405.0,27718.0,63038.0,14273.0,185869.0,258133.0,104108.0,27040.0,3834.0,192307.0,137342.0,109495.0,14137.12808457696,1.2660285465992285,86.64636852996892,197.05656177906707,44.617346779285896,581.0258269823506,806.9228316525893,325.4412343934629,84.52694296306947,11.985070241139363,601.1509918786613,429.3305991284722,342.28097706143836
E09000032,2015,322658,9.00148144474955,56.184257015167766,9507.0,29.464634380675516,36.0,0.11157324473591233,4.33692686945623,5.399018288,Wandsworth,174.0,959366.0,4564570.0,468.0,28369.0,62958.0,14136.0,195421.0,266421.0,111647.0,27412.0,3403.0,175080.0,140858.0,113630.0,14146.774603450092,1.4504521815668603,87.92281610869713,195.12300950232134,43.81109409963491,605.659862764909,825.7070954385139,346.02272375084453,84.9568273528008,10.546770884341935,542.6178802323203,436.5551140836427,352.16854998171436
E09000032,2016,326413,9.041000205261433,55.886867250997966,10123.0,31.012857943770623,22.75,0.06969697898061658,4.34314305663839,5.455742359,Wandsworth,163.0,968969.0,4669971.0,484.0,28163.0,64019.0,13482.0,205632.0,276223.0,118146.0,28492.0,3089.0,167794.0,149949.0,122054.0,14306.939368223691,1.4827840802909198,86.28026457279582,196.1288306531909,41.30350200512847,629.974909087567,846.2377417566089,361.95249576456825,87.28819011497704,9.463471124005476,514.0542809263111,459.38427697426266,373.92505813187586
E09000032,2017,329493,9.101559061952758,55.41817276846549,8632.0,26.197825143478013,24.0,0.0728391801950269,4.33184603049277,5.445736885,Wandsworth,163.0,978564.0,4793917.0,309.0,28197.0,66313.0,13137.0,216450.0,288069.0,126669.0,29133.0,2946.0,159287.0,160363.0,131650.0,14549.374341791783,0.9378044450109714,85.57693183163224,201.2576898447008,39.87034625925285,656.918356383899,874.2795749833836,384.43608817182763,88.41765985923828,8.941009368939552,483.4306039885521,486.6962272339625,399.55325302813714
E09000032,2018,331069,9.18781281243487,55.092140913223524,9005.0,27.19976802418831,19.0,0.057389849245927584,4.33885782030249,5.323720932,Wandsworth,146.0,986975.0,4893670.0,425.0,27658.0,65946.0,12690.0,230174.0,302393.0,137208.0,30100.0,3289.0,151336.0,164168.0,139698.0,14781.420187332551,1.2837203120799592,83.54149739178237,199.19110517747055,38.3303782595169,695.2447979122177,913.3836148959884,414.4392860702754,90.91760327907475,9.934484956308202,457.11316976219456,495.8724616318653,421.9603768398733
E09000032,2019,334558,9.243838138678495,55.03410469933464,9215.0,27.543804063869345,24.5,0.07323094949156797,4.34749489486498,5.446020603,Wandsworth,139.0,995120.0,4979362.0,185.0,27665.0,67211.0,12596.0,247155.0,313924.0,142594.0,31393.0,2930.0,150519.0,165979.0,146207.0,14883.404372336037,0.5529683941200032,82.69119255853992,200.89491209297043,37.649675093705724,738.7508294525912,938.3245954363668,426.216082114312,93.83425295464464,8.757823755522212,449.90405251107427,496.114276149427,437.01540540055834
E09000032,2020,333678,9.342539813832497,54.63290957150306,6886.0,20.63666169181067,27.0,0.0809163325121824,4.46669096793122,5.15829277,Wandsworth,116.0,999305.0,4982487.0,67.0,25632.0,72924.0,12603.0,279320.0,322836.0,145235.0,31834.0,2658.0,124179.0,169112.0,148534.0,14932.021289986154,0.20079238067837857,76.8165716648985,218.54602341179222,37.769945875964254,837.0944443445477,967.5075971445525,435.25494638543745,95.4033529330672,7.965763400643734,372.15219463075175,506.81195643704416,445.1417234579445
E09000032,2021,328429,9.635263633844758,53.947124035940796,6472.0,19.70593339808604,42.0,0.12788152081576232,4.6056808295516,4.982676506,Wandsworth,108.0,996665.0,4969038.0,60.0,24921.0,68177.0,11861.0,284931.0,325882.0,145681.0,31870.0,2367.0,119090.0,170518.0,145279.0,15129.717534078904,0.18268788687966042,75.87941381546696,207.5852010632435,36.114350437994204,867.5573716084755,992.2448992019584,443.5692341419302,97.0377159142463,7.2070371374026045,362.60500747497935,519.1928849157656,442.3452252998365
E09000032,2022,331675,9.767694279038215,54.16326222959222,8262.0,24.90992688625914,38.75,0.11683123539609558,4.65704914226002,4.879571438,Wandsworth,94.0,992554.0,5137023.0,77.0,27009.0,69225.0,11875.0,287656.0,340300.0,149921.0,32905.0,2313.0,147072.0,170051.0,147679.0,15488.122408984698,0.23215497098062862,81.4321248209844,208.71334891083137,35.80312052460993,867.2827315896585,1026.0043717494536,452.0117584985302,99.20856259892967,6.973694128288234,443.4220245722469,512.7037009120374,445.25212934348383
E09000032,2023,335863,9.834366988921078,54.49930477605452,8883.0,26.44828397292944,77.75,0.23149319811947133,4.66198854667174,4.648497105,Wandsworth,108.0,992735.0,5246988.0,32.0,27539.0,71690.0,12217.0,292823.0,356584.0,150698.0,33307.0,2412.0,159556.0,167751.0,146940.0,15622.405564173487,0.0952769432774673,81.99474190369288,213.45012698630097,36.37495050065056,871.8525112918065,1061.6947981766375,448.68889993836774,99.16841092945636,7.181499599539098,475.06274879936166,499.4625784918255,437.49981391222013
E09000032,2024,339727,9.953874728826381,54.66624672163237,8221.0,24.198842011379725,43.5,0.12804398826116264,4.755617643,4.555249691,Wandsworth,112.0,1001961.0,5421360.0,23.0,26986.0,72348.0,12020.0,300164.0,378788.0,153087.0,34853.0,1937.0,157424.0,172975.0,149930.0,15957.989797690498,0.06770141908061472,79.43436936128126,212.95922902801368,35.38135031952126,883.5447285614626,1114.9776143786041,450.61770186061165,102.59119822681153,5.701636902571771,463.3838346672475,509.1588245856231,441.3249462068072
E09000032,2025,339859,10.22894788721205,54.515549095360136,,,64.5,0.18978458713760707,,,Wandsworth,,,,,,,,,,,,,,,,,,,,,,,,,,,,
E09000033,2011,226994,11.310431112716635,53.927416583698246,,,,,,9.712300776500001,Westminster,210.0,653749.0,,,,,,,,,,,,,,,,,,,,,,,,,,
E09000033,2012,227053,11.40218363113458,53.49367768758836,13508.0,59.49271755933637,,,3.52878646705196,9.7882285135,Westminster,182.0,656308.0,,,,,,,,,,,,,,,,,,,,,,,,,,
E09000033,2013,223444,11.673618445785074,52.507115876908756,13486.0,60.35516729023827,,,3.495775273343385,11.976645948000002,Westminster,179.0,655028.0,,,,,,,,,,,,,,,,,,,,,,,,,,
E09000033,2014,221908,11.889161274041495,51.955765452349624,13901.0,62.6430773113182,48.0,0.21630585648106423,3.482056857490875,13.930847169,Westminster,164.0,649787.0,3069600.0,590.0,16326.0,43134.0,6387.0,140370.0,177285.0,64610.0,19111.0,2891.0,103610.0,99145.0,70617.0,13832.759521964057,2.658759485913081,73.57102943562197,194.37785028029634,28.78219802801161,632.5594390468123,798.9121617967807,291.1566955675325,86.12127548353371,13.027921480974097,466.9052039583972,446.78425293364813,318.22647223173567
E09000033,2015,223544,11.746680742940987,52.09041620441613,14266.0,63.8174140214007,41.5,0.1856457789070608,3.55007352154836,13.976320265,Westminster,148.0,646124.0,3086032.0,774.0,15654.0,42559.0,6663.0,143805.0,182505.0,67114.0,19557.0,2622.0,95512.0,106199.0,74019.0,13805.03167161722,3.4624056114232546,70.02648248219589,190.38310131338798,29.806212647174604,643.2961743549369,816.4164549260996,300.2272483269513,87.48613248398524,11.729234513115985,427.2626418065347,475.06978491930005,331.1160219017285
E09000033,2016,220930,11.804191372833024,51.64214909699905,14528.0,65.75838500882634,24.0,0.10863169329651925,3.630014336937315,13.3273015,Westminster,130.0,643410.0,3162880.0,732.0,15338.0,44141.0,6320.0,151087.0,185922.0,68695.0,19793.0,2722.0,96255.0,111710.0,77612.0,14316.208753903953,3.3132666455438375,69.42470465758385,199.79631557506903,28.606345901416738,683.8681935454669,841.5425700448106,310.9355904585163,89.58946272575024,12.320644548046893,435.6809849273526,505.635269089757,351.29679083872725
E09000033,2017,218336,12.036036201084567,50.858768137183056,12835.0,58.78554155063755,25.0,0.11450241829107431,3.567610958457495,14.00423956,Westminster,115.0,639528.0,3162439.0,638.0,15655.0,45158.0,5845.0,157056.0,195236.0,73071.0,20349.0,2732.0,92158.0,113880.0,81057.0,14484.27652792027,2.9221017147882162,71.70141433387073,206.82800820753334,26.770665396453172,719.3316722849187,894.1997654990473,334.6722482778836,93.20038839220285,12.5128242708486,422.09255459475304,521.5814157995017,371.2489007767844
E09000033,2018,218033,12.0550558860356,50.65976251301409,14993.0,68.76482000431128,22.0,0.10090215701292923,3.628028389428585,11.070607664499999,Westminster,109.0,633520.0,3084673.0,745.0,15097.0,42370.0,5871.0,153893.0,197220.0,73723.0,19704.0,2609.0,86494.0,112958.0,79072.0,14147.734517251976,3.4169139533923767,69.24181201928148,194.3283814835369,26.92711653740489,705.8243476904872,904.5419730040866,338.1277146120083,90.37164099012534,11.966078529396926,396.7014167580137,518.0775387212028,362.66069815119727
E09000033,2019,217180,12.128188599318538,50.67962059121466,16140.0,74.31623538079013,21.0,0.09669398655493139,3.58695963658709,10.1199955955,Westminster,100.0,628742.0,3042326.0,676.0,15147.0,42490.0,5459.0,156071.0,200273.0,75242.0,19594.0,2271.0,88033.0,105281.0,80468.0,14008.315682843724,3.1126254719587436,69.74399115940693,195.64416612947787,25.135832028731926,718.6251036006998,922.1521318721797,346.449949350769,90.22009393130122,10.456763974583295,405.34579611382264,484.763790404273,370.5129385762961
E09000033,2020,213955,12.265663340422051,50.558294968568156,13402.0,62.639340048140966,32.25,0.15073263069337012,3.5396455551579002,9.488082888000001,Westminster,87.0,623907.0,3000419.0,445.0,14048.0,46073.0,5062.0,169693.0,206406.0,77754.0,19663.0,1994.0,72001.0,95552.0,81858.0,14023.598420228553,2.0798766095674326,65.65866654202986,215.3396742305625,23.65918066883223,793.1247224883738,964.7168797176976,363.4128671916992,91.90250286275152,9.319716762870698,336.52403542801056,446.59858381435345,382.5944707999346
E09000033,2021,214448,12.240263373871521,51.29122211445199,13687.0,63.82433037379691,60.0,0.2797881071401925,3.3695821264767547,10.754923345000002,Westminster,88.0,619798.0,3040967.0,227.0,13657.0,45052.0,4875.0,178836.0,213424.0,79075.0,20006.0,1895.0,76104.0,97966.0,82485.0,14180.440013429828,1.0585316720137283,63.684436320226816,210.08356338133254,22.73278370514064,833.9364321420577,995.2249496381406,368.7374095351787,93.29068119077819,8.836641050511078,354.8832350966202,456.8286950682683,384.6387002909796
E09000033,2022,225029,11.909576099080564,52.72609308133618,17891.0,79.50530820472028,341.25,1.5164712103773292,3.3661509938661354,8.710397005499999,Westminster,89.0,620716.0,3170228.0,244.0,13701.0,45544.0,4917.0,184992.0,226927.0,82349.0,21439.0,1797.0,90015.0,101005.0,85486.0,14088.086424416408,1.0843046896177826,60.88548587071,202.3916917375094,21.850517044469825,822.0807095974296,1008.4344684462892,365.94838887432286,95.27216492096574,7.985637406734244,400.0151091637078,448.85325891329563,379.8888143305974
E09000033,2023,230857,11.916467770091442,53.49588706428655,17870.0,77.40722611833299,1006.0,4.3576759639083935,3.4469717415231598,7.4371347425,Westminster,89.0,625757.0,3310857.0,135.0,14716.0,47495.0,4828.0,193715.0,243463.0,85670.0,22100.0,1643.0,91399.0,103756.0,88809.0,14341.59241435174,0.5847775895900925,63.745088951168896,205.73341938949218,20.913379278081237,839.1125242032946,1054.605231810168,371.0955266680239,95.73025725882256,7.116959849603867,395.91175489588795,449.43839692970107,384.6926885474558
E09000033,2024,231191,12.193813773027497,53.597242107175454,15317.0,66.25257903638116,489.25,2.1162155966278964,3.504839064,6.940075158999999,Westminster,91.0,629994.0,3443143.0,155.0,13597.0,49315.0,5022.0,200493.0,261771.0,91399.0,22943.0,1224.0,78946.0,109425.0,91093.0,14893.066771630383,0.6704413234079181,58.81284306049976,213.3084765410418,21.72229887841655,867.2180145420886,1132.2715849665428,395.33978398813105,99.23829214805075,5.2943237409760755,341.475230437171,473.3099471865254,394.01620305288696
E09000033,2025,227998,12.756252247826735,53.20660707550066,,,39.833333333333336,0.17470913487545214,,,Westminster,,,,,,,,,,,,,,,,,,,,,,,,,,,,
E10000003,2011,622312,16.286203704894007,41.09273162015195,,,,,,0.972538352,Cambridgeshire,106.0,1843449.0,,,,,,,,,,,,,,,,,,,,,,,,,,
E10000003,2012,628779,16.86554417370809,40.72591482858047,8712.0,13.855424560934765,,,5.32595778306759,1.076271772,Cambridgeshire,104.0,1865990.0,,,,,,,,,,,,,,,,,,,,,,,,,,
E10000003,2013,634996,17.250817327983167,40.44545162489212,9853.0,15.51663317564205,,,5.38231576564724,1.059102178,Cambridgeshire,119.0,1886087.0,,,,,,,,,,,,,,,,,,,,,,,,,,
E10000003,2014,643025,17.58842968780374,40.13016601220792,9863.0,15.338439407488046,9.25,0.014385132770887602,5.46885241404528,1.097371817,Cambridgeshire,120.0,1906800.0,11893156.0,540.0,110965.0,245117.0,57446.0,582925.0,688526.0,213956.0,79134.0,13592.0,444499.0,187311.0,396906.0,18495.635472959835,0.839780723922087,172.56716301854516,381.1935772326115,89.33711753042262,906.5355157264491,1070.7608568873684,332.73356401384086,123.06519964231562,21.137591851016676,691.2623925974884,291.2966058862408,617.2481629796664
E10000003,2015,651011,17.750391314432473,39.92743594194261,10787.0,16.569612495026966,12.0,0.018432868261826604,5.53955271975019,1.120316744,Cambridgeshire,115.0,1929032.0,12212035.0,658.0,114199.0,250863.0,58672.0,619538.0,710227.0,225961.0,82104.0,13203.0,422433.0,204955.0,407101.0,18758.569363651302,1.0107356096901587,175.41792688602803,385.3437192305507,90.12443722149088,951.6551947662942,1090.9600605826936,347.0924454425501,126.11768464741763,20.28076330507472,648.8876532040165,314.82570955022265,625.3365918548227
E10000003,2016,657286,17.90377400401043,39.69215836028761,11266.0,17.14017946525561,8.0,0.012171261825141567,5.6266450131601,1.175454378,Cambridgeshire,109.0,1951322.0,12393123.0,684.0,116669.0,254748.0,58744.0,640932.0,722923.0,231752.0,82856.0,12996.0,417892.0,215977.0,420272.0,18854.99310802299,1.040642886049604,177.50111823468018,387.5755759288955,89.37357558201452,975.1188980139543,1099.8606390521022,352.5892838125261,126.05775872299121,19.772214834942478,635.7841183290075,328.58907690107503,639.405068721987
E10000003,2017,661465,18.085159456660595,39.45409054144966,10093.0,15.258554874407563,4.333333333333333,0.006551115075375618,5.6872150819594,1.225296021,Cambridgeshire,109.0,1969762.0,12682128.0,742.0,118375.0,259070.0,59498.0,674259.0,769416.0,244647.0,85534.0,12759.0,411299.0,234430.0,436442.0,19172.787675840747,1.121752473675856,178.95882624175127,391.6609344409757,89.94882571262274,1019.3419152940821,1163.1998669619707,369.8563038104813,129.30994081319494,19.289002441550195,621.8000952431345,354.4102862585322,659.8111767062505
E10000003,2018,665676,18.223880686700436,39.29899831149088,10484.0,15.749403613770061,11.5,0.01727567164806903,5.76869423181304,1.303918839,Cambridgeshire,116.0,1984427.0,12777027.0,859.0,116897.0,260410.0,60944.0,690292.0,794180.0,248984.0,87745.0,11693.0,393895.0,242471.0,445054.0,19194.06287743587,1.2904175604948953,175.6064511864631,391.196317728144,91.55204634086252,1036.978950720771,1193.042861692475,374.0318112715495,131.8133746747667,17.565602485293144,591.7217985927088,364.24777218947355,668.5745017095404
E10000003,2019,668649,18.464994339331998,39.11588890434294,10731.0,16.048778955775003,7.833333333333333,0.01171516495700036,5.87025261244436,1.362050533,Cambridgeshire,130.0,1995790.0,12918163.0,688.0,114679.0,261580.0,60390.0,724976.0,819929.0,257018.0,90331.0,9951.0,373096.0,251796.0,455275.0,19319.797083372592,1.0289404455850528,171.50851941751202,391.20674673857286,90.3164440536066,1084.2400123233565,1226.247253790853,384.38403407467894,135.09479562520843,14.882247636652414,557.9848321017454,376.57425644845057,680.8878798891495
E10000003,2020,671281,18.652546400091765,38.98218480785245,9290.0,13.83921189486966,8.5,0.012662357492614866,5.90096106696429,1.358634353,Cambridgeshire,136.0,2005606.0,13175434.0,249.0,103818.0,283931.0,60598.0,820659.0,867323.0,267728.0,90645.0,9206.0,330381.0,263751.0,470691.0,19627.300638629724,0.3709325900777767,154.6565447256812,422.9689206159566,90.27218109852656,1222.526780886097,1292.0416338314358,398.8314878567992,135.03286999036172,13.71407800906029,492.16498009030494,392.9069942393722,701.1832600654569
E10000003,2021,680747,18.746759074957364,39.150521412507146,9370.0,13.764291285896228,9.75,0.014322501604854668,5.97218408257548,1.366306901,Cambridgeshire,130.0,2020677.0,13409042.0,121.0,99999.0,276154.0,60913.0,868326.0,898251.0,274737.0,91773.0,8248.0,332099.0,277713.0,474297.0,19697.541083544987,0.17774591735255535,146.8959833829602,405.6631905832857,89.47964515451407,1275.5487721576444,1319.5078347756214,403.5816536833802,134.81219895203358,12.116101870445261,487.84497030468,407.9533218655389,696.7302096079748
E10000003,2022,691686,18.830798946342703,39.261023065379376,11332.0,16.383156518998508,56.0,0.08096159239886307,6.17344687820377,1.373224139,Cambridgeshire,120.0,2042167.0,13862604.0,110.0,104142.0,281668.0,61569.0,898459.0,949463.0,284056.0,95955.0,7950.0,374769.0,294729.0,481306.0,20041.758832765157,0.15903169935490957,150.56253849289996,407.2194608536243,89.01293361438573,1298.940559733752,1372.6792214964594,410.6718944723473,138.72624283273046,11.493654635195739,541.8195539594556,426.10230653793775,695.8446462701284
E10000003,2023,703197,18.842514970911424,39.536858092398006,13715.0,19.503780590645295,377.91666666666663,0.5374264490131024,6.38227548979482,1.412714481,Cambridgeshire,111.0,2071182.0,14649685.0,118.0,103880.0,289746.0,63696.0,949141.0,1054109.0,303685.0,102485.0,7741.0,385928.0,321296.0,498549.0,20832.974258991435,0.16780503898623003,147.72531737194555,412.0410070008831,90.58059121412634,1349.7512076985538,1499.0237444130166,431.8633327502819,145.74152051274393,11.008294972817005,548.8191786938795,456.90752378067594,708.9748676402203
E10000003,2024,713218,18.969375422381376,39.575978172171766,12755.0,17.883732603495705,188.75,0.2646455922312673,6.584827405,1.462346911,Cambridgeshire,141.0,2100752.0,15391103.0,45.0,102640.0,300053.0,64082.0,995741.0,1172421.0,319139.0,108244.0,6439.0,388981.0,352897.0,516927.0,21579.80168756257,0.06309431337963989,143.91111833969416,420.70306694446856,89.84910644431297,1396.1243266434667,1643.8466219304617,447.4634683925532,151.76846349923866,9.028095196700027,545.38864694946,494.79542019410616,724.781202942158
E10000003,2025,716983,19.268099801529463,39.43663936243956,,,77.25,0.10774314035339749,,,Cambridgeshire,,,,,,,,,,,,,,,,,,,,,,,,,,,,
E10000007,2011,770688,18.69070233349942,36.29380501577811,,,,,,0.512328446,Derbyshire,83.0,2302953.0,,,,,,,,,,,,,,,,,,,,,,,,,,
E10000007,2012,772590,19.44330110407849,35.69953015182697,1334.0,1.7266596771897125,,,6.55499234676511,0.586776614,Derbyshire,83.0,2311226.0,,,,,,,,,,,,,,,,,,,,,,,,,,
E10000007,2013,774002,19.99180880669559,35.26205358642484,1509.0,1.9496073653556452,,,6.70761183083207,0.575019896,Derbyshire,90.0,2317280.0,,,,,,,,,,,,,,,,,,,,,,,,,,
E10000007,2014,776326,20.47567645550967,34.81527090423353,1501.0,1.9334660954289822,4.5,0.005796533930333391,6.85902547390328,0.655134499,Derbyshire,82.0,2322918.0,15895987.0,439.0,125664.0,292755.0,46001.0,829148.0,952432.0,266174.0,100488.0,7806.0,479672.0,222434.0,431715.0,20475.91733369744,0.5654840878703019,161.87014218253674,377.1031757277226,59.254746073170296,1068.0410033929045,1226.8454231856206,342.86369386056884,129.44046702029817,10.055054191151656,617.8744496513063,286.5213840577283,556.1001434964178
E10000007,2015,777373,20.834399959864825,34.38002091659988,1694.0,2.179134083638099,3.0,0.003859151269725087,7.00930534516338,0.664196849,Derbyshire,68.0,2327701.0,16161523.0,372.0,126725.0,299183.0,46052.0,864130.0,973070.0,274730.0,102940.0,7783.0,457643.0,259470.0,441353.0,20789.920668713734,0.4785347574459108,163.01698155197056,384.86415144338685,59.24054475779324,1111.6027955691798,1251.7414420104635,353.4082094438577,132.4203439018335,10.01192477742345,588.704521510266,333.77799331852276,567.7493301156587
E10000007,2016,779957,21.15411490633458,33.86955947571469,1866.0,2.3924395832077923,4.0,0.00512848785253546,7.18299832560199,0.761597514,Derbyshire,55.0,2333656.0,16513261.0,327.0,129779.0,310912.0,45809.0,905914.0,999414.0,285211.0,105498.0,7352.0,450117.0,296449.0,458470.0,21172.01461106189,0.4192538819447739,166.39250625354987,398.6271038018763,58.73272500919922,1161.4922361104523,1281.3706396634686,365.6752872273728,135.2613028666965,9.426160672960176,577.1048916799259,380.0837738490712,587.8144564379832
E10000007,2017,782882,21.375124220508326,33.464557877176894,1579.0,2.0169067624495134,5.0,0.006386658525805933,7.39905508146325,0.787292063,Derbyshire,37.0,2340212.0,16502022.0,271.0,129083.0,319341.0,43942.0,928242.0,1025990.0,291378.0,106150.0,7795.0,439825.0,322248.0,462856.0,21078.555899867413,0.3461568920986815,164.88180849732143,407.9043840578784,56.12850978819286,1185.67293666223,1310.5295561783257,372.1863575864562,135.58876050285994,9.95680064173145,561.8024172225189,411.61758732478205,591.2206437240861
E10000007,2018,784926,21.64165793972935,33.14210511564148,1464.0,1.8651439753556385,9.5,0.012103051752649294,7.60450021240345,0.841837764,Derbyshire,26.0,2347765.0,16510282.0,145.0,125905.0,320345.0,43072.0,942363.0,1054084.0,302445.0,108854.0,8086.0,426703.0,284946.0,466899.0,21034.189210193064,0.18473078990885763,160.40365588603257,408.1212751265724,54.87396264106425,1200.575595661247,1342.9087582778504,385.31657761368587,138.68058899819854,10.301608049676021,543.6219465274434,363.0227562853059,594.831869501074
E10000007,2019,788880,21.904218639083258,32.982582902342564,1467.0,1.8595984180103438,12.0,0.015211439002129602,7.74612898046237,0.821150303,Derbyshire,27.0,2356688.0,16619943.0,112.0,129616.0,322045.0,41986.0,975523.0,1073284.0,305001.0,110326.0,7255.0,425293.0,273237.0,470461.0,21067.770763614237,0.14197343068654295,164.3038231416692,408.230656120069,53.22228982861778,1236.5923841395397,1360.5161748301389,386.62534225737755,139.85143494574586,9.196582496704188,539.109877294392,346.36066321874046,596.3657336984079
E10000007,2020,790833,22.065088330911838,32.9876219125909,1445.0,1.8271872822707196,6.5,0.00821918154654649,7.79957136268685,0.787830353,Derbyshire,32.0,2364639.0,16695370.0,69.0,116595.0,346297.0,42484.0,1062266.0,1097363.0,311416.0,112452.0,6896.0,379975.0,272430.0,470129.0,21111.119541040902,0.08724977334026274,147.43314960301353,437.8889095422169,53.72057058822786,1343.2241699575004,1387.6039568404456,393.782252384511,142.19436973419167,8.719919376151475,480.4743858690773,344.4848659577939,594.4731694302085
E10000007,2021,796710,22.19000640132545,33.24095342094363,1304.0,1.636731056469732,72.25,0.09068544388798935,7.96997973302678,0.842704952,Derbyshire,35.0,2376423.0,16655771.0,65.0,110106.0,331743.0,42402.0,1101627.0,1102450.0,311584.0,112737.0,6215.0,375239.0,270562.0,459562.0,20905.688393518343,0.0815855204528624,138.20085099973642,416.3911586399066,53.22137289603494,1382.7201867680837,1383.7531849732022,391.0883508428412,141.50318183529768,7.800830917146766,470.9856786032559,339.59910130411316,576.8246915439746
E10000007,2022,803202,22.35626903319464,33.32661024250438,2516.0,3.1324623195659376,218.0,0.2714136667986385,8.18811476931072,0.915054023,Derbyshire,48.0,2391221.0,17128172.0,73.0,119053.0,333902.0,42866.0,1135679.0,1146480.0,319926.0,116816.0,6023.0,439395.0,276450.0,460027.0,21324.862238888847,0.09088622787293855,148.22298749256103,415.713606290821,53.3688910137176,1413.9394573220684,1427.3868839968027,398.3132512120239,145.43788486582454,7.49873630792752,547.0541657017786,344.1848999379982,572.7413527356755
E10000007,2023,813152,22.490383101806305,33.71190134193853,4017.0,4.940035811262839,595.3333333333333,0.7321304421969488,8.40335146086115,0.963623226,Derbyshire,62.0,2414021.0,17704492.0,79.0,120233.0,335810.0,43456.0,1175517.0,1223540.0,329984.0,120047.0,5659.0,452584.0,289540.0,461562.0,21772.67226791547,0.09715280783912479,147.8604246192594,412.97322025894294,53.4414230057849,1445.6300912990437,1504.6879304238323,405.80850812640193,147.63168509700523,6.959338475463382,556.5798276337019,356.0711896422809,567.6208138207862
E10000007,2024,820913,22.722139861349497,33.90359270714436,3270.0,3.9833697358916234,339.83333333333337,0.4139699740817034,8.794939187,1.071637034,Derbyshire,66.0,2439688.0,18147408.0,47.0,119401.0,339009.0,44257.0,1196481.0,1301631.0,337603.0,124399.0,4720.0,451290.0,301634.0,460372.0,22106.371807974778,0.057253326479176234,145.44903053064087,412.9658075825331,53.911924893380906,1457.5003684921544,1585.5894595407797,411.25308041168796,151.53737363155415,5.749695765568337,549.74156822952,367.4372314727626,560.804859954709
E10000007,2025,827217,22.960722519000456,34.01090644897288,,,470.25,0.5684723597314852,,,Derbyshire,,,,,,,,,,,,,,,,,,,,,,,,,,,,
E10000008,2011,747709,22.714719229004867,33.60465100727689,,,,,,0.689215481,Devon,71.0,2232605.0,,,,,,,,,,,,,,,,,,,,,,,,,,
E10000008,2012,751136,23.499206535168064,33.1662974481319,4892.0,6.512801942657521,,,6.00087593822363,0.684701204,Devon,76.0,2242753.0,,,,,,,,,,,,,,,,,,,,,,,,,,
E10000008,2013,754431,24.07072349890182,32.84554849946516,5120.0,6.786571601644153,,,6.30048501323137,0.746838808,Devon,83.0,2253276.0,,,,,,,,,,,,,,,,,,,,,,,,,,
E10000008,2014,760234,24.456811981574095,32.54747880257921,5228.0,6.876830028649074,4.0,0.005261537894911303,6.6791761941558,0.799191058,Devon,86.0,2265801.0,15969949.0,673.0,136367.0,288325.0,59990.0,826653.0,939439.0,247824.0,94319.0,6937.0,486088.0,276244.0,477187.0,21006.622960825218,0.8852537508188268,179.37503452884243,379.2582283875754,78.90991457893227,1087.3665213605284,1235.723474614395,325.98384181712476,124.06574817753481,9.124822094249929,639.3926080654114,363.36706856046953,627.68437086476
E10000008,2015,766810,24.721899818729543,32.41911294844877,5450.0,7.1073668835826345,5.0,0.006520520076681316,6.77480136921772,0.814300776,Devon,89.0,2281475.0,16270263.0,737.0,136787.0,294980.0,59828.0,862636.0,969915.0,258780.0,96251.0,6654.0,477445.0,291034.0,496637.0,21218.115308877033,0.961124659302826,178.38447594580143,384.6846024438909,78.02193502953796,1124.967071373613,1264.8700460348716,337.4760370887182,125.52131558013066,8.677508118047497,622.6379416022222,379.53860799937405,647.6663058645557
E10000008,2016,773800,24.96381493926079,32.15339881106229,5755.0,7.437322305505298,1.0,0.0012923235978288964,6.84540288958107,0.852387667,Devon,82.0,2300844.0,16388823.0,810.0,136996.0,298257.0,60115.0,876181.0,973704.0,263200.0,96185.0,6736.0,475807.0,298286.0,513949.0,21179.662703540966,1.046782114241406,177.0431636081675,385.44455931765316,77.6880330834841,1132.3093822693202,1258.3406565003877,340.1395709485655,124.3021452571724,8.705091754975447,614.8966141121737,385.4820367019902,664.1884207805635
E10000008,2017,783352,25.155357999979575,31.86843207140596,5313.0,6.782391568541345,4.0,0.005106261297603121,6.76493464899571,0.86763531,Devon,72.0,2323962.0,16526459.0,658.0,139590.0,302902.0,61262.0,890158.0,999065.0,264583.0,96074.0,6686.0,468116.0,309591.0,532239.0,21097.104494531195,0.8399799834557133,178.1957536331049,386.67418989164514,78.2049449034406,1136.3448360379498,1275.3717358224653,337.75748322593165,122.64473697648057,8.535115758943617,597.5806533971956,395.21313534656196,679.4378516937468
E10000008,2018,789834,25.37748438279436,31.756166485615964,5058.0,6.403877270413783,4.0,0.00506435529491007,6.88730054165966,0.881546378,Devon,61.0,2346986.0,16755136.0,515.0,139691.0,308999.0,63291.0,903271.0,1033967.0,269214.0,99080.0,6903.0,457155.0,323972.0,549324.0,21213.49042963458,0.6520357442196715,176.86121387532063,391.2201804429792,80.1320277425383,1143.6213178971784,1309.09406280307,340.8488365909799,125.44408065492243,8.739811150191052,578.7988362111532,410.1773284006513,695.4929770052947
E10000008,2019,796542,25.648113972646765,31.67692350183669,5251.0,6.592244978921388,4.0,0.005021706325592373,7.02335396904047,0.905611932,Devon,61.0,2369728.0,17036422.0,577.0,141253.0,314956.0,63104.0,942487.0,1065403.0,272891.0,100563.0,6002.0,448886.0,337667.0,565357.0,21387.977030715265,0.7243811374666997,177.33277090222487,395.4041343708178,79.22243899254528,1183.2232324221447,1337.5352461012728,342.59461522430706,126.24946330513644,7.535070341551355,563.5434164174645,423.91612746094995,709.7642057794818
E10000008,2020,800796,25.84078841552655,31.77238647545692,5367.0,6.7020814289781665,6.0,0.007492544917806782,7.13370241276595,0.883219063,Devon,55.0,2387172.0,17294157.0,562.0,126440.0,347096.0,64643.0,1028402.0,1103695.0,280097.0,100610.0,5330.0,395242.0,353578.0,574779.0,21596.208023017098,0.7018017073012354,157.8928965679149,433.4387284651772,80.72343018696397,1284.2246964270553,1378.247393843126,349.77322564048774,125.63749069675673,6.655877401985025,493.56140640063137,441.5331744913811,717.7595792186773
E10000008,2021,814435,25.900532270838067,32.0287070177485,4850.0,5.955048591968665,6.75,0.00828795422593577,7.19713617250267,0.881511688,Devon,45.0,2411773.0,17305069.0,360.0,120516.0,335914.0,65971.0,1059900.0,1117027.0,280918.0,100173.0,4991.0,388434.0,362069.0,567306.0,21247.943666468163,0.44202422538324115,147.97497651746303,412.4503490149613,81.00216714654945,1301.3929902324926,1371.5360955754602,344.9237815172482,122.99692424809837,6.128174746910434,476.93677211809415,444.56463683412426,696.5638755701805
E10000008,2022,825600,26.0124757751938,32.30874515503876,8123.0,9.83890503875969,175.25,0.21226986434108527,7.20189392961717,0.854194343,Devon,35.0,2441040.0,17718660.0,238.0,127764.0,341533.0,66974.0,1078982.0,1162406.0,282450.0,102766.0,5033.0,448309.0,372398.0,569216.0,21461.55523255814,0.2882751937984496,154.75290697674419,413.6785368217054,81.12160852713178,1306.906492248062,1407.953003875969,342.11482558139534,124.47432170542635,6.096172480620155,543.0099321705426,451.0634689922481,689.4573643410853
E10000008,2023,833930,26.140443442495172,32.53126761238953,9642.0,11.56212152099097,419.5,0.5030398234863838,7.25775097552323,0.941015124,Devon,33.0,2473771.0,18310664.0,317.0,128921.0,348481.0,67544.0,1113424.0,1262766.0,289567.0,106165.0,5042.0,469032.0,387109.0,578014.0,21957.075533917712,0.380127828474812,154.5945103306033,417.87799935246363,80.99480771767415,1335.1528305733095,1514.2350077344622,347.23178204405644,127.30684829661962,6.046071013154582,562.4356960416343,464.1984339213123,693.1205257035963
E10000008,2024,842043,26.42394747061611,32.667927884917994,8762.0,10.40564436733041,227.5,0.2701762261547213,7.335182492,1.042869687,Devon,46.0,2501649.0,18872118.0,253.0,126819.0,352427.0,68134.0,1135437.0,1370320.0,295879.0,109111.0,4047.0,452452.0,415134.0,587400.0,22412.297234226757,0.30045971524019555,150.60869813061802,418.5380081539779,80.91510766077268,1348.4311371272013,1627.3753240630228,351.382292828276,129.5788932394189,4.806167856035856,537.3264785765098,493.00807678467726,697.5890779924541
E10000008,2025,845541,26.821407832381873,32.608945042286535,,,293.5,0.34711504232201634,,,Devon,,,,,,,,,,,,,,,,,,,,,,,,,,,,
E10000011,2011,527209,22.898319262379815,33.006075389456555,,,,,,1.572772622,East Sussex,73.0,1571230.0,,,,,,,,,,,,,,,,,,,,,,,,,,
E10000011,2012,530358,23.667786664856568,32.56328743980481,2412.0,4.547871437783535,,,5.81541290362559,1.684286356,East Sussex,80.0,1581218.0,,,,,,,,,,,,,,,,,,,,,,,,,,
E10000011,2013,533183,24.187755423560017,32.24802741272696,2372.0,4.448753992531645,,,6.03465935196868,1.694218159,East Sussex,79.0,1590750.0,,,,,,,,,,,,,,,,,,,,,,,,,,
E10000011,2014,537577,24.615636457660948,31.95653831916172,2599.0,4.834656244593798,66.5,0.12370320902866007,6.12271265455039,1.683384061,East Sussex,79.0,1601118.0,11341865.0,652.0,95730.0,203296.0,36070.0,604614.0,708424.0,171752.0,67070.0,9108.0,389000.0,194683.0,373021.0,21098.12175744126,1.2128495080704718,178.07681504231022,378.1709410930899,67.09736465659803,1124.7021356940495,1317.8093556829997,319.4928354449688,124.76352224890574,16.942689140346406,723.6172678518612,362.1490502755884,693.8931539109747
E10000011,2015,540620,24.867559468758092,31.632570012208205,2615.0,4.837038955273575,77.0,0.14242906292774962,6.37707636337456,1.746548653,East Sussex,68.0,1611380.0,11573466.0,661.0,97122.0,208335.0,36908.0,632258.0,711431.0,179895.0,69237.0,8146.0,365232.0,215028.0,386946.0,21407.7651585217,1.2226702674706817,179.64929155414154,385.3631016240613,68.26976434464135,1169.5053827087418,1315.953904775998,332.75683474529245,128.06962376530652,15.067885020901928,675.5798897562058,397.7433317302357,715.7448855018313
E10000011,2016,543389,25.140553084438586,31.318079681406875,3009.0,5.537469473986407,99.0,0.18218992287293265,6.48874946450307,1.795686841,East Sussex,68.0,1621586.0,11666110.0,600.0,97930.0,208462.0,36136.0,644597.0,700429.0,184959.0,70879.0,7939.0,358669.0,233985.0,396868.0,21469.16849623382,1.1041813507450464,180.220799464104,383.63308789835645,66.50116215087166,1186.2533102436746,1289.0010655350036,340.38046408742173,130.4387832657636,14.610159572608206,660.059368150625,430.60312225679945,730.3570738458084
E10000011,2017,544697,25.40311402486153,30.950418305957257,2675.0,4.910987209402658,96.5,0.17716271615228282,6.66561582566548,1.827023268,East Sussex,58.0,1628706.0,11786977.0,554.0,97741.0,211019.0,35196.0,655902.0,706878.0,187002.0,73585.0,7635.0,342481.0,253996.0,409800.0,21639.511508233016,1.0170792201903076,179.44104704083188,387.40620932371576,64.61574049425644,1204.1593766809804,1297.7453520030401,343.3138056570901,135.09345562762417,14.016967231323102,628.7550693321241,466.3069559773599,752.3448816497979
E10000011,2018,544719,25.64882076813917,30.64974785164461,2556.0,4.6923276037736885,105.33333333333333,0.19337187308196213,6.91406666188305,1.81308198,East Sussex,46.0,1632805.0,11685665.0,493.0,95925.0,207089.0,34625.0,657359.0,708199.0,190052.0,75724.0,7391.0,328493.0,248054.0,415375.0,21452.648062579054,0.9050537983804494,176.09997081063813,380.175833778517,63.56488391262284,1206.7855169362551,1300.1180425136629,348.89915718012406,139.0147947840997,13.568463740020084,603.0503801042373,455.37974625449084,762.549130836266
E10000011,2019,545261,25.92409873436758,30.50869216760414,2427.0,4.451079391337359,92.0,0.16872653646602268,7.0269813552639,1.784139991,East Sussex,40.0,1634677.0,11696409.0,415.0,98104.0,208484.0,34915.0,675614.0,717088.0,191907.0,77885.0,6392.0,319729.0,255200.0,424460.0,21451.028039782785,0.7611033981891241,179.9211753637249,382.3563394411117,64.03355457294764,1239.0653283473418,1315.1279845798617,351.95438514766323,142.83985100713238,11.722826316204534,586.3778997580976,468.03274028401074,778.452887699652
E10000011,2020,544582,26.11746256762067,30.416539657939484,2081.0,3.8212794400108705,98.33333333333333,0.1805666241876032,7.07084832108497,1.882995725,East Sussex,42.0,1634562.0,11713278.0,426.0,89029.0,224979.0,35343.0,729776.0,738348.0,194306.0,78590.0,5554.0,277268.0,263162.0,428403.0,21508.749830144952,0.7822513413957861,163.48134899794707,413.12235806545203,64.89931727453349,1340.0663260996507,1355.8068390067979,356.79842521420096,144.3125185922414,10.198647770216423,509.1391195448987,483.23668428262414,786.66390001873
E10000011,2021,546861,26.225128506146902,30.559502323259476,2183.0,3.9918736205361145,112.5,0.20571955213482035,7.33764186633039,1.977631807,East Sussex,39.0,1636704.0,11660065.0,284.0,85800.0,217447.0,34671.0,750582.0,743480.0,195157.0,78126.0,5375.0,272776.0,266659.0,423451.0,21321.80755255906,0.5193275805003466,156.895445094823,397.6275506938692,63.400023040589836,1372.52793671518,1359.5410899661888,356.8676500975568,142.86262871186645,9.828823046441418,498.80316936113564,487.617511579725,774.330222853705
E10000011,2022,550876,26.439343881381653,30.60652488037235,4212.0,7.6460038193713284,291.75,0.5296110195397876,7.50554255775567,1.983796597,East Sussex,36.0,1642588.0,11834720.0,228.0,90988.0,217631.0,34102.0,753301.0,767687.0,198386.0,80563.0,5117.0,317704.0,264455.0,419371.0,21483.455441878028,0.413886246632636,165.16965705530828,395.0634988636281,61.90503852046558,1367.46019067812,1393.574960608195,360.1282321248339,146.24525301519762,9.288841772014027,576.7250706148026,480.0626638299726,761.2802155112947
E10000011,2023,556481,26.51608949811404,30.93654590183672,5737.0,10.309426557240949,547.0,0.9829625809326824,7.67387748519824,1.958587885,East Sussex,35.0,1654644.0,12207751.0,169.0,94231.0,221824.0,34472.0,769831.0,823377.0,203452.0,81441.0,5176.0,337661.0,266608.0,418252.0,21937.408464979035,0.3036941063576295,169.33372388275612,398.61918016967337,61.946409670770436,1383.391346694676,1479.6138592332893,365.60457589747,146.350010153087,9.301305884657339,606.7790274959972,479.09632134789865,751.6015820845635
E10000011,2024,560334,26.788308401774657,31.014716222824244,4589.0,8.189758251328671,179.25,0.31989848911542046,7.884428867,2.000904083,East Sussex,52.0,1668665.0,12568409.0,111.0,93669.0,225362.0,34546.0,787379.0,891768.0,210456.0,83938.0,4456.0,329645.0,272265.0,421901.0,22430.209482201688,0.1980961355191725,167.16636863013846,402.1922638997455,61.6525143932012,1405.1958296301848,1591.4936448618146,375.59027294435106,149.79994074962434,7.952399818679573,588.3009062452037,485.89769673087835,752.9455646096792
E10000011,2025,561855,27.10788370665029,31.04644436731897,,,115.83333333333333,0.20616232539237586,,,East Sussex,,,,,,,,,,,,,,,,,,,,,,,,,,,,
E10000012,2011,1396599,18.48612235867275,37.12447166294692,,,,,,0.998410761,Essex,212.0,4165015.0,,,,,,,,,,,,,,,,,,,,,,,,,,
E10000012,2012,1407607,19.18788411822334,36.72182647571375,6929.0,4.9225387483864464,,,5.932649876495,1.064157367,Essex,205.0,4193119.0,,,,,,,,,,,,,,,,,,,,,,,,,,
E10000012,2013,1418900,19.677214743815632,36.35245612798647,7329.0,5.165268870251603,,,6.17475614022246,1.150376439,Essex,212.0,4223106.0,,,,,,,,,,,,,,,,,,,,,,,,,,
E10000012,2014,1436516,19.946662619838555,36.22451820933425,8708.0,6.061888624978768,32.5,0.02262418239685461,6.27180050599756,1.178327084,Essex,196.0,4263023.0,27808416.0,1631.0,211292.0,555824.0,114309.0,1404875.0,1892536.0,476274.0,187925.0,26289.0,1034232.0,416045.0,988540.0,19358.23617697262,1.1353858919775346,147.08642298449863,386.9250325092098,79.57377432621703,977.9737921471115,1317.4486048188812,331.54799528860104,130.8199839055047,18.30052710864341,719.9585664204228,289.6208604707501,688.1510543565125
E10000012,2015,1447710,20.130274709713962,35.90290873172113,9164.0,6.329997029791879,36.25,0.025039545212784328,6.38357810758843,1.247092724,Essex,181.0,4303126.0,28442310.0,1679.0,217228.0,570955.0,116894.0,1490243.0,1922887.0,498577.0,197720.0,25180.0,990371.0,464146.0,1021696.0,19646.41399175249,1.1597626596486865,150.04938834435072,394.3849251576628,80.74407167181273,1029.3795028009754,1328.226647602075,344.390105753224,136.57431391646116,17.39298616435612,684.0948808808394,320.6070276505654,705.7325016750592
E10000012,2016,1460525,20.250594820355694,35.642388867017,9992.0,6.84137553277075,40.5,0.027729754711490733,6.46601297948567,1.275429606,Essex,179.0,4344751.0,29157247.0,1598.0,223598.0,583844.0,117590.0,1552970.0,1950916.0,520147.0,204443.0,24436.0,1018529.0,510790.0,1060974.0,19963.538453638248,1.094127111826227,153.09426404888654,399.7494051796443,80.51214460553568,1063.2957326988583,1335.7635096968556,356.1370055288338,139.97911709830367,16.730970027900927,697.371835470122,349.7304051625272,726.4333030930659
E10000012,2017,1469674,20.355194417265327,35.4192834601415,8553.0,5.819657964963659,48.5,0.033000515760638074,6.57140017430203,1.276041865,Essex,178.0,4377909.0,29175941.0,1362.0,221842.0,588736.0,116236.0,1587302.0,1991446.0,530166.0,207407.0,23319.0,984356.0,544698.0,1078137.0,19851.98145983395,0.926736133319362,150.94640035817466,400.58951849185604,79.08964845265004,1080.0367972761308,1355.0256723599928,360.73714306710195,141.12449427560125,15.86678406231586,669.7784678779103,370.6250501811966,733.5892177448876
E10000012,2018,1478385,20.463816935372044,35.26753856404117,8710.0,5.891564105425853,70.33333333333333,0.04757443651912954,6.70867674011456,1.314097047,Essex,170.0,4408584.0,29353047.0,1150.0,220820.0,596175.0,114504.0,1613284.0,2044044.0,551308.0,214110.0,22807.0,952546.0,549552.0,1092988.0,19854.80575087004,0.7778758577772367,149.36569296901686,403.26099087856005,77.4520845381954,1091.2475437724274,1382.619547682099,372.9123333908285,144.82695644233405,15.42696929419603,644.3152494106745,371.7245507766921,739.3121548175882
E10000012,2019,1489341,20.587964744138514,35.284464739774165,10006.0,6.718407671580921,85.0,0.057072221875312634,6.89192754665098,1.370326996,Essex,161.0,4437400.0,29685833.0,1034.0,225053.0,606760.0,115680.0,1668798.0,2090386.0,567552.0,221549.0,18933.0,929418.0,548688.0,1110925.0,19932.1935003468,0.6942667931655678,151.10911470240865,407.40166288311406,77.67193678277842,1120.494232012682,1403.56439525938,381.07592552679336,148.75639628533693,12.712333844297579,624.046474245992,368.40992089790046,745.9171539627258
E10000012,2020,1495515,20.63670374419514,35.263370812061396,7893.0,5.27778056388602,126.66666666666666,0.08469769053915652,6.94971169107749,1.366627574,Essex,151.0,4463241.0,29783707.0,902.0,205636.0,649847.0,119969.0,1800867.0,2158653.0,587276.0,224381.0,18204.0,798295.0,547579.0,1124904.0,19915.351567854552,0.6031367121025198,137.50179703981573,434.5305797668362,80.21918870756896,1204.1784936961515,1443.417819279646,392.69148086110806,150.03594079631432,12.172395462432675,533.7927068601786,366.14744753479573,752.1850332494158
E10000012,2021,1506726,20.69360985341728,35.41798575188853,9094.0,6.035603022712823,231.5,0.15364439188014276,7.19278152911328,1.369960666,Essex,156.0,4491582.0,29865331.0,698.0,200090.0,628428.0,114368.0,1875955.0,2191052.0,601917.0,224526.0,15843.0,818147.0,556338.0,1112500.0,19821.341770169227,0.46325609301226633,132.7978676945908,417.081805185548,75.90497542353421,1245.0538452246792,1454.1807866858342,399.48670162989157,149.01581309408613,10.514851406294177,542.996536862044,369.23634423246165,738.3558789056536
E10000012,2022,1519798,20.827241514990806,35.3859526068596,12898.0,8.48665414745907,591.75,0.38936095454790703,7.36379734970606,1.40488863,Essex,141.0,4522143.0,30793180.0,810.0,215453.0,627352.0,113828.0,1925518.0,2286041.0,622847.0,232168.0,15657.0,979681.0,570595.0,1114652.0,20261.36368122606,0.5329655651606332,141.76423445747398,412.7864360921649,74.8967954951908,1266.9565297493484,1504.1742389449125,409.82222637482084,152.7624065829801,10.302026979901276,644.6126393112769,375.44134154670553,733.4211520215187
E10000012,2023,1541131,20.83489333483007,35.708061157682245,18825.0,12.21505504723479,1734.25,1.1253099184949236,7.59806279619015,1.461675644,Essex,135.0,4569116.0,31889586.0,671.0,218335.0,633112.0,115905.0,1992445.0,2435127.0,650779.0,239358.0,15616.0,1020028.0,587866.0,1127197.0,20692.326609483556,0.43539452518961724,141.67192795421025,410.80998305789706,75.2077532669189,1292.845968318073,1580.0908553523354,422.2736418902741,155.31320828664144,10.132818040776547,661.8697566916765,381.4510252535314,731.4089457677511
E10000012,2024,1558928,20.966266562663574,35.783435796906595,17991.0,11.54062278694077,2060.5,1.3217416070530519,7.871206793,1.481110096,Essex,163.0,4625755.0,33034836.0,413.0,215243.0,640504.0,114742.0,2050630.0,2619960.0,679571.0,251279.0,13496.0,997435.0,613084.0,1141365.0,21190.738764073776,0.264925641209857,138.07116172138802,410.8618229963154,73.60314267240052,1315.4103332546467,1680.616423593649,435.92199254872577,161.18704648322438,8.657231122925497,639.8210821795491,393.27281311260043,732.1473474079623
E10000012,2025,1576125,21.122309461495757,35.88217939566976,,,2435.5833333333335,1.5452983318793454,,,Essex,,,,,,,,,,,,,,,,,,,,,,,,,,,,
E10000013,2011,598289,18.78791019056008,37.08057477239261,,,,,,0.801963925,Gloucestershire,71.0,1782866.0,,,,,,,,,,,,,,,,,,,,,,,,,,
E10000013,2012,601301,19.449161069081875,36.437491372873154,3094.0,5.145509486929175,,,6.09474364611534,0.862884998,Gloucestershire,76.0,1793687.0,,,,,,,,,,,,,,,,,,,,,,,,,,
E10000013,2013,605213,19.86474183469291,35.97097220317475,3233.0,5.341920943535581,,,6.11997449609125,0.887306333,Gloucestershire,107.0,1804803.0,,,,,,,,,,,,,,,,,,,,,,,,,,
E10000013,2014,611331,20.22030618437475,35.62080116990632,3525.0,5.7661070680204345,95.0,0.15539863020196915,6.13404799192299,0.963313818,Gloucestershire,103.0,1817845.0,12217777.0,629.0,112989.0,230530.0,45253.0,603096.0,742683.0,191165.0,76286.0,13448.0,391445.0,211921.0,380498.0,19985.53484119078,1.0289025094425115,184.82458766200307,377.0952233732626,74.0237285529443,986.5293924240715,1214.8623249925163,312.7029383427309,124.78673582723599,21.9979029363798,640.315966309577,346.65508537927894,622.4091367851458
E10000013,2015,617671,20.504605202445962,35.347134639638256,3690.0,5.974054148567765,113.25,0.18335003586051474,6.40895751816657,1.030233502,Gloucestershire,103.0,1834215.0,12537796.0,617.0,117212.0,235495.0,47853.0,638961.0,758017.0,200323.0,78835.0,13411.0,384657.0,235320.0,397117.0,20298.501953305236,0.9989136611561819,189.76445389212057,381.26284057370344,77.47328270228002,1034.4681877569126,1227.2180497384531,324.31990493320876,127.6326717621517,21.712206012585987,622.7538608741547,380.97951822248416,642.9264122809716
E10000013,2016,624076,20.71911113390036,35.015607073497456,3975.0,6.3694165454207505,126.5,0.20269967119389307,6.65395009972703,1.036626577,Gloucestershire,71.0,1853078.0,12802207.0,678.0,121104.0,239223.0,49232.0,657806.0,763762.0,214045.0,79955.0,12390.0,385520.0,255693.0,410331.0,20513.85888898147,1.086406142841577,194.0532883815433,383.32350547048753,78.88782776456713,1054.0479044218973,1223.8285080663252,342.97906024266274,128.11740877713612,19.85335119440581,617.7452746139893,409.7145219492498,657.5016504400105
E10000013,2017,629712,20.911305485682345,34.73397362603857,3596.0,5.710547043727926,111.75,0.17746207790227914,6.68599811847418,1.079901338,Gloucestershire,65.0,1871459.0,12785922.0,802.0,121991.0,241436.0,49569.0,664333.0,771443.0,216179.0,80522.0,11955.0,372791.0,272395.0,415429.0,20304.396295449347,1.2735980892852605,193.7250679675788,383.4070178113169,78.71693726655995,1054.9791015575374,1225.072731661458,343.2982061640877,127.87115379729147,18.98486927357268,592.002375689204,432.5707625073049,659.7126940569658
E10000013,2018,634653,21.159751864404644,34.55951519964453,3401.0,5.358833882452301,120.75,0.19026144995769342,6.84205612284757,1.091879487,Gloucestershire,54.0,1888441.0,12774943.0,631.0,118646.0,242000.0,51502.0,677218.0,780146.0,221066.0,82865.0,11564.0,346054.0,290306.0,423565.0,20129.020110201953,0.9942440987437229,186.94625251909312,381.31073200630897,81.14985669334267,1067.0681459002005,1229.2481088090656,348.3257780235814,130.56741242852394,18.22098059884693,545.2648927839308,457.4247659744774,667.3961991828605
E10000013,2019,638676,21.40866417400998,34.50168786677439,3284.0,5.141887279309071,134.25,0.21020047723728463,6.83824281714769,1.08761394,Gloucestershire,64.0,1903041.0,12792422.0,534.0,118006.0,242092.0,52409.0,706188.0,794808.0,224668.0,84585.0,9424.0,336384.0,265322.0,434104.0,20029.59560089936,0.8361046915807075,184.7666109263539,379.0529157193945,82.05882168736574,1105.70617965917,1244.4619807226197,351.77147724354757,132.4380437029104,14.755525493364399,526.6895890874246,415.4250355422781,679.6936161684484
E10000013,2020,640572,21.572906714623805,34.51259187101528,2617.0,4.0854111637723785,148.5,0.23182405724883384,6.82600821834695,1.092486858,Gloucestershire,65.0,1913901.0,12911750.0,566.0,106120.0,263454.0,52453.0,775644.0,824938.0,230485.0,84500.0,9171.0,304575.0,261516.0,434983.0,20156.594418738252,0.8835852956420199,165.66443740906564,411.27929413087054,81.88462811362345,1210.8615424963937,1287.8146406649057,359.8112312121042,131.91335244125563,14.316891777973435,475.47348307450216,408.25387310091605,679.0540329580438
E10000013,2021,646485,21.77823151349219,34.586726683527075,2641.0,4.085168256030689,148.75,0.23009041199718477,6.95126859745374,1.110385776,Gloucestershire,66.0,1925733.0,13086992.0,426.0,103312.0,254140.0,52644.0,817369.0,848932.0,237410.0,85606.0,9058.0,303440.0,261333.0,432157.0,20243.303402244448,0.6589480034339544,159.80571861682793,393.11043566362713,81.43112369196501,1264.327865302366,1313.150343782145,367.2320316790026,132.41761216424203,14.011152617616803,469.36897221126554,404.23675723334645,668.471812957764
E10000013,2022,652645,21.949605068605443,34.6030384052586,5559.0,8.517647419347425,316.75,0.48533276130208614,7.25860668742706,1.143900394,Gloucestershire,53.0,1939995.0,13528491.0,271.0,108195.0,255437.0,53765.0,842299.0,910052.0,245108.0,89479.0,9464.0,353555.0,265922.0,435205.0,20728.713159527768,0.4152333964099932,165.7792521202185,391.38735453424147,82.38016073056562,1290.5928950654643,1394.4058408476276,375.5609864474561,137.10209991649367,14.500992116694373,541.7263596595393,407.4527499636096,666.8326578767936
E10000013,2023,661406,22.025805632244037,34.9884942077937,8153.0,12.326770546381496,659.5833333333334,0.9972442544115617,7.58784474590908,1.336188316,Gloucestershire,56.0,1961147.0,14067905.0,242.0,107160.0,256361.0,54102.0,876931.0,1007886.0,258563.0,93412.0,9581.0,367162.0,264692.0,448606.0,21269.696676474054,0.36588721602162666,162.0184878879236,387.6000520104142,81.79847174050433,1325.8588522027317,1523.8537297817074,390.92932329008204,141.23246538434788,14.485807507038036,555.1234793757541,400.1959462115554,678.2611588041233
E10000013,2024,668109,22.252207349399573,35.021231565508025,7618.0,11.402331056758701,463.5833333333333,0.6938738040249919,8.143625501,1.373753905,Gloucestershire,68.0,1984042.0,14675286.0,353.0,104193.0,260141.0,53557.0,906927.0,1111398.0,274985.0,99308.0,7987.0,357053.0,282517.0,465036.0,21965.406842296692,0.5283568998471806,155.9520976367629,389.3690999522533,80.1620693629333,1357.4536490303228,1663.4980220293396,411.5870314574418,148.64041645899098,11.95463614470094,534.4232752440096,422.8606410031896,696.0480999357889
E10000013,2025,671908,22.583300094655815,35.016252225006994,,,536.25,0.7981003351649333,,,Gloucestershire,,,,,,,,,,,,,,,,,,,,,,,,,,,,
E10000014,2011,1322118,18.604163924853907,36.496288530978326,,,,,,0.882895172,Hampshire,212.0,3936171.0,,,,,,,,,,,,,,,,,,,,,,,,,,
E10000014,2012,1331572,19.308231173380037,36.015401345176976,6369.0,4.783068433400522,,,5.45738146873535,0.885413289,Hampshire,213.0,3966037.0,,,,,,,,,,,,,,,,,,,,,,,,,,
E10000014,2013,1339946,19.80318609854427,35.659123576621745,6142.0,4.583766808513179,,,5.63007453531105,0.955420673,Hampshire,199.0,3993636.0,,,,,,,,,,,,,,,,,,,,,,,,,,
E10000014,2014,1349948,20.23100149042778,35.36617706756112,7338.0,5.435764933167795,2.0,0.0014815385481514844,5.78713448744848,0.960034311,Hampshire,164.0,4021466.0,22363795.0,1032.0,179947.0,416102.0,90544.0,1171330.0,1241711.0,355055.0,145846.0,24239.0,809101.0,351171.0,598174.0,16566.41218772871,0.7644738908461659,133.2992085621076,308.2355764814645,67.072213151914,867.6852738031391,919.8213560818639,263.01383460696263,108.0382355468507,17.955506434321915,599.357160423957,260.1366867464525,443.108919750983
E10000014,2015,1358341,20.528055915267228,35.041200994448374,7289.0,5.366104682108542,3.0,0.0022085764914701097,5.94372323795283,1.031635523,Hampshire,155.0,4048235.0,22699949.0,944.0,181434.0,428652.0,91308.0,1223745.0,1256415.0,365949.0,150463.0,22157.0,770526.0,391826.0,613816.0,16711.52457299014,0.6949654026492611,133.57028905112927,315.5702434072151,67.22023409438425,900.9114795180298,924.9628775101392,269.4087861589984,110.7696815453557,16.311809773834405,567.2552032221658,288.4592307822557,451.8865292294056
E10000014,2016,1368397,20.7640034288295,34.73107585006398,8048.0,5.881334144988625,7.75,0.005663561086439096,6.10680877640893,1.105714679,Hampshire,161.0,4076686.0,23038540.0,863.0,181990.0,441504.0,94418.0,1249833.0,1260130.0,376508.0,153401.0,21813.0,762618.0,418931.0,628601.0,16836.152081596203,0.630664931302831,132.9950299511034,322.6432095364138,68.99898202056859,913.3555539803142,920.8804170134837,275.145297746195,112.1027011897863,15.94054941658013,557.3075649829691,306.14726574232475,459.37034354796157
E10000014,2017,1373783,21.014308664468842,34.398591335021614,6987.0,5.085956078944054,6.5,0.0047314604999479535,6.28661606831833,1.137289286,Hampshire,175.0,4100521.0,23321562.0,822.0,182802.0,454424.0,96391.0,1272926.0,1301530.0,390658.0,157898.0,21934.0,747023.0,464982.0,646077.0,16976.16144616726,0.5983477739934181,133.0646834325363,330.7829548043614,70.16464754622818,926.5844751318075,947.4058129995785,284.366599382872,114.93663846473571,15.966131477824371,543.7707410850186,338.46830249027687,470.29043160382685
E10000014,2018,1378177,21.270417370192654,34.14953231696654,7243.0,5.25549330746341,7.5,0.005441971531958522,6.33113565766535,1.108969808,Hampshire,180.0,4120357.0,23280649.0,775.0,176595.0,453574.0,97343.0,1280061.0,1326575.0,399287.0,162798.0,21676.0,703962.0,505460.0,650954.0,16892.350547135815,0.5623370583023806,128.13666169149533,329.1115727515406,70.63171131139178,928.8074028227144,962.5577846677168,289.7211316108163,118.12561086130447,15.728023323564392,510.79215514407804,366.75985740583394,472.32975154860367
E10000014,2019,1384378,21.51392177569999,34.021632819937906,7130.0,5.1503274394710115,15.5,0.011196363998850026,6.72189674349386,1.169152856,Hampshire,185.0,4136338.0,23611109.0,755.0,179183.0,457216.0,97999.0,1339260.0,1362788.0,409873.0,167872.0,19554.0,685961.0,528758.0,663540.0,17055.3916632596,0.5453712786536625,129.43213486489964,330.2681781998847,70.7891919692454,967.4091902645087,984.4045484686986,296.0701484710101,121.26167852999686,14.124754944097639,495.5012287106556,381.94626034218976,479.3055075998029
E10000014,2020,1391311,21.679121346701063,34.038399753901174,5854.0,4.207542382687983,30.666666666666668,0.022041561280451795,6.79713083868846,1.170785785,Hampshire,177.0,4153866.0,23941343.0,689.0,163232.0,497829.0,101162.0,1475788.0,1411383.0,421282.0,170006.0,17735.0,613260.0,559293.0,674805.0,17207.75800665703,0.4952163822466724,117.32243905208828,357.81288295715336,72.70983985607819,1060.7175534441974,1014.4266810224314,302.7949897614552,122.19122827318982,12.746970303548236,440.77851752771306,401.9899217356867,485.0137747778893
E10000014,2021,1406110,21.79480979439731,34.24440477629773,6223.0,4.425685045977911,180.25,0.12819053985819032,7.04952123112488,1.145271778,Hampshire,172.0,4181799.0,24077107.0,626.0,158403.0,474445.0,99495.0,1519915.0,1427548.0,425538.0,170127.0,16435.0,627440.0,588841.0,667378.0,17123.203021100766,0.44519987767671093,112.65334860003841,337.4167028184139,70.7590444559814,1080.9360576341821,1015.2463178556443,302.63492898848597,120.99124535064824,11.688274743796715,446.22397963174996,418.77306896331015,474.62716288199357
E10000014,2022,1417419,22.0987583770219,34.16145825616843,10772.0,7.5997288028451715,272.25,0.19207446774736334,7.27877242229221,1.185960054,Hampshire,144.0,4215374.0,24887293.0,576.0,170806.0,482987.0,99039.0,1548737.0,1483025.0,435758.0,177685.0,15248.0,733341.0,630216.0,673518.0,17558.176516612235,0.40637242763078524,120.50494596163873,340.75104115296887,69.87277579882871,1092.6458584229504,1046.2855373040716,307.4306186103051,125.3581333395418,10.757581209226066,517.3777125888676,444.6222323815329,475.17212623790147
E10000014,2023,1432948,22.274011338862262,34.35393328997284,13830.0,9.65143187331292,548.0833333333334,0.3824865475462706,7.49355279900383,1.35647738,Hampshire,134.0,4257605.0,25674050.0,356.0,168807.0,485523.0,98521.0,1586591.0,1602874.0,451645.0,184394.0,14850.0,754204.0,660558.0,685217.0,17916.94464837524,0.24843888263914668,117.80399567883832,338.8280663359731,68.75406504632409,1107.2216158576584,1118.58490329028,315.18589648752084,128.6815711386596,10.363251143795866,526.3303343875702,460.9783467369367,478.18692653187696
E10000014,2024,1445170,22.537971311333614,34.420587197353946,11775.0,8.147830359058105,260.0,0.1799096300089263,7.712230604,1.406611085,Hampshire,134.0,4298709.0,26636575.0,295.0,167734.0,496457.0,97485.0,1617227.0,1764189.0,470635.0,194868.0,11441.0,731788.0,708736.0,701066.0,18431.447511365444,0.20412823404858943,116.0652379996817,343.52844302054433,67.45573185161608,1119.0565815786376,1220.7484240608371,325.66064892019625,134.84088377145943,7.916715680508175,506.36810894220054,490.417044361563,485.10971027629967
E10000014,2025,1451703,22.91708427963571,34.36515595820908,,,321.5,0.22146403224350986,,,Hampshire,,,,,,,,,,,,,,,,,,,,,,,,,,,,
E10000015,2011,1119824,15.658621354784323,39.88876823500836,,,,,,1.33095789,Hertfordshire,290.0,3324064.0,,,,,,,,,,,,,,,,,,,,,,,,,,
E10000015,2012,1131536,16.068688932565998,39.48111239942874,9192.0,8.123471104763789,,,5.05618125952672,1.396350265,Hertfordshire,286.0,3359001.0,,,,,,,,,,,,,,,,,,,,,,,,,,
E10000015,2013,1143681,16.285135452980334,39.17762033294249,9264.0,8.100160796585762,,,5.18084633733889,1.517122746,Hertfordshire,263.0,3395041.0,,,,,,,,,,,,,,,,,,,,,,,,,,
E10000015,2014,1156321,16.46938869051068,38.868878105647134,11000.0,9.512929368229065,53.25,0.04605122625983615,5.29256989759399,1.546464682,Hertfordshire,233.0,3431538.0,19606358.0,1156.0,152117.0,369742.0,74947.0,922270.0,1262602.0,338790.0,119837.0,13865.0,778813.0,345375.0,577872.0,16955.80898383753,0.9997223954247999,131.55257060971823,319.75723004252285,64.8150470327876,797.5899425851471,1091.9130587440684,292.9895764238477,103.63644697276968,11.990615062772362,673.5266418235075,298.6843618683739,499.7505018070242
E10000015,2015,1167308,16.5467040404075,38.68901780849613,11862.0,10.16184246145833,46.75,0.04004941283705757,5.46006803085765,1.594746351,Hertfordshire,235.0,3467310.0,20243378.0,1218.0,157661.0,375899.0,78045.0,994137.0,1314942.0,364179.0,124489.0,13877.0,748786.0,376347.0,605872.0,17341.93374841944,1.0434264135943554,135.063753525205,322.02212269598084,66.8589609597467,851.6492648041477,1126.473904059597,311.9819276489153,106.64623218550717,11.888036405130437,641.4639495317431,322.4059117216707,519.0335369928074
E10000015,2016,1180234,16.585948210270168,38.4833007691695,13027.0,11.037641688004243,45.25,0.038339854638995315,5.65114740202752,1.618562937,Hertfordshire,261.0,3503863.0,20991324.0,1294.0,165055.0,384423.0,79554.0,1053083.0,1361425.0,388922.0,127962.0,14769.0,767231.0,416507.0,633610.0,17785.73062629953,1.0963927492344738,139.84938579976514,325.7176119311933,67.40527725857753,892.2662793988311,1153.5212508705902,329.52956786535555,108.42087247105235,12.513620180404903,650.0668511498567,352.90205162705024,536.8511668025154
E10000015,2017,1185014,16.66984525077341,38.14326244246904,11395.0,9.615920149466588,40.833333333333336,0.03445810204211371,5.81778528956993,1.660880446,Hertfordshire,255.0,3532556.0,21046360.0,1407.0,164646.0,380024.0,79001.0,1080448.0,1409617.0,401260.0,129084.0,15146.0,725684.0,442688.0,645446.0,17760.431522328006,1.1873277446511181,138.94013066512295,320.6915698886258,66.66672292479245,911.7596922905552,1189.5361573787313,338.6120332755562,108.93035862867443,12.78128359664949,612.3843262611243,373.5719577996547,544.6737338124276
E10000015,2018,1188182,16.76620248413122,37.86886184103109,12006.0,10.10451260833778,57.166666666666664,0.04811271898300653,6.01548859141714,1.721165419,Hertfordshire,239.0,3553430.0,21181776.0,1385.0,161517.0,378315.0,80061.0,1110562.0,1472864.0,424763.0,131716.0,16614.0,689929.0,471529.0,664732.0,17827.046698233098,1.1656463403754644,135.93624545734576,318.39819152284747,67.3810914489531,934.6733076245895,1239.5946075601212,357.4898458316992,110.8550710244727,13.982706353067124,580.6593602663564,396.84913590678866,559.4530130905871
E10000015,2019,1193394,16.92500548854779,37.740511515895,13001.0,10.894138901318424,51.75,0.04336371726353576,6.10085643893473,1.693676233,Hertfordshire,217.0,3566590.0,21568133.0,1268.0,162880.0,392419.0,81258.0,1171834.0,1533666.0,448763.0,137942.0,14172.0,675472.0,487056.0,690196.0,18072.9356775717,1.0625158162350405,136.48468150501847,328.82602057660756,68.08983453913795,981.933879339095,1285.129638660828,376.03926280842705,115.58797848824446,11.875373933503939,566.0092140567156,408.1267376909889,578.3471343076973
E10000015,2020,1198052,16.981733681008837,37.64369159268546,11299.0,9.431143222497855,73.0,0.06093224668044459,6.11681687634825,1.696834207,Hertfordshire,210.0,3579628.0,21772556.0,1187.0,146245.0,430687.0,83080.0,1303802.0,1588967.0,463048.0,138642.0,12637.0,610016.0,503656.0,708194.0,18173.29798706567,0.9907750247902427,122.06899199700848,359.48940446658406,69.3459048522101,1088.2682888555755,1326.292180973781,386.50075288885625,115.72285677082463,10.54795618220244,509.1732245344943,420.39577580939726,591.1212535015175
E10000015,2021,1200899,17.118342175320322,37.71208069954259,11237.0,9.357156596849526,158.75,0.13219263235292894,6.27448791328091,1.717109084,Hertfordshire,205.0,3592345.0,21522630.0,622.0,141404.0,416332.0,81308.0,1337711.0,1585573.0,461501.0,139632.0,11050.0,608834.0,499256.0,698633.0,17922.098361310982,0.5179453059749404,117.74845345029016,346.68360952919437,67.70594363056344,1113.924651448623,1320.3216923321613,384.2962647150176,116.27289222490818,9.20143992125899,506.9818527619725,415.73521170389847,581.7583327157405
E10000015,2022,1206101,17.34000718016153,37.50216607066904,15092.0,12.513048243886706,556.0,0.46098958544931146,6.46573450782051,1.759310842,Hertfordshire,200.0,3604509.0,21962904.0,571.0,149156.0,420998.0,80300.0,1355812.0,1637041.0,470681.0,145904.0,10606.0,701240.0,499280.0,701105.0,18209.838147883136,0.4734263548409296,123.66791835841278,349.0570026888295,66.57817214312897,1124.1280788259028,1357.300093441594,390.25007026774705,120.97162675430997,8.793625077833449,581.4106778785525,413.9620147898062,581.2987469540279
E10000015,2023,1220700,17.41771114934054,37.73425083968215,19571.0,16.032604243466864,1957.5,1.6035881051855492,6.6714457475153,1.820908189,Hertfordshire,204.0,3627408.0,22389243.0,475.0,147412.0,425033.0,78043.0,1373578.0,1719208.0,485746.0,149878.0,10421.0,714126.0,503479.0,710429.0,18341.314819365936,0.38912099614975015,120.76021954616203,348.1879249610879,63.93298926845253,1125.2379782092241,1408.3787990497256,397.92414188580324,122.7803719177521,8.53690505447694,585.0135168346031,412.45105267469484,581.9849266814123
E10000015,2024,1233983,17.591085128401282,37.8158370090998,19026.0,15.418364758671716,1641.5833333333333,1.3303127622773843,6.90434794,1.832919002,Hertfordshire,220.0,3662700.0,22901870.0,322.0,144704.0,426508.0,75908.0,1390403.0,1813414.0,499929.0,156719.0,9682.0,691946.0,522143.0,722115.0,18559.30754313471,0.26094362726228804,117.26579701665257,345.63523160367686,61.514623783309816,1126.760255206109,1469.5615741870024,405.13443053915654,127.00256000285253,7.846137264451779,560.7419227007179,423.136299284512,585.1903956537489
E10000015,2025,1239398,17.855846144660553,37.67853425614694,,,1715.5,1.38413971944444,,,Hertfordshire,,,,,,,,,,,,,,,,,,,,,,,,,,,,
E10000016,2011,1466466,18.06594902302542,37.449419215992734,,,,,,0.985740662,Kent,327.0,4353640.0,,,,,,,,,,,,,,,,,,,,,,,,,,
E10000016,2012,1478262,18.72239156522998,37.06041283615489,10623.0,7.186141563538804,,,6.01453321807814,1.045690179,Kent,331.0,4396633.0,,,,,,,,,,,,,,,,,,,,,,,,,,
E10000016,2013,1490021,19.163622526125472,36.79813908663032,10803.0,7.250233385972412,,,6.17867766579094,1.104824424,Kent,334.0,4434749.0,,,,,,,,,,,,,,,,,,,,,,,,,,
E10000016,2014,1506187,19.478125890078722,36.58416916358991,12409.0,8.238684837938449,13.666666666666666,0.009073685184287653,6.22230811677887,1.154968381,Kent,323.0,4474470.0,28835707.0,1358.0,218138.0,523212.0,109560.0,1528034.0,1863595.0,499134.0,189877.0,26625.0,1155839.0,475279.0,886965.0,19144.838589099494,0.9016144741655585,144.82796624854683,347.37519312011057,72.73997186272356,1014.5048390405707,1237.2932444643327,331.3891303005537,126.06469183441365,17.677087904755517,767.3940885162334,315.55112346607694,588.881061913295
E10000016,2015,1517016,19.68291698966919,36.27364510328171,12555.0,8.27611574301128,16.416666666666668,0.010821683269435963,6.37155402704263,1.215055585,Kent,298.0,4513224.0,29128254.0,1293.0,222873.0,533655.0,110039.0,1586221.0,1871042.0,510815.0,195383.0,23356.0,1109024.0,506051.0,899430.0,19201.019633280073,0.8523311553734436,146.91539179547217,351.7794143239096,72.53647950977445,1045.6191628829229,1233.3699842322033,336.72354147879787,128.7942908973933,15.396014280666783,731.0562314438345,333.5831658993709,592.8942081032765
E10000016,2016,1531022,19.823033241847604,36.039913208301385,13531.0,8.837887371964609,15.5,0.01012395641604105,6.54223493057002,1.281859994,Kent,283.0,4554225.0,29295755.0,1264.0,225473.0,534831.0,109147.0,1610019.0,1855904.0,528632.0,200187.0,21851.0,1086145.0,512286.0,914441.0,19134.770760968815,0.8255923167661863,147.26960161251765,349.329402190171,71.29028844784725,1051.5975603224513,1212.1994327971772,345.28047278223306,130.7538363263232,14.272165912704063,709.4248155807036,334.60394429341966,597.2748921961932
E10000016,2017,1542707,19.901186680296387,35.828060675163854,11661.0,7.558791137915366,21.5,0.013936541417132353,6.61797243201672,1.340268135,Kent,277.0,4590745.0,29187079.0,1121.0,227307.0,535051.0,106118.0,1614435.0,1865386.0,539409.0,204032.0,22019.0,1047051.0,524428.0,916684.0,18919.39234086576,0.7266447873769938,147.34294976298156,346.82606612921313,68.78687916759307,1046.4948950124683,1209.1641510669233,349.65097066390445,132.2558334148999,14.27296304482964,678.7102152255743,339.94011824669235,594.204861973142
E10000016,2018,1552853,20.014579615713785,35.60414282614001,11929.0,7.681989215978589,24.666666666666664,0.015884740324207548,6.7743395967642,1.328315973,Kent,278.0,4626582.0,29255731.0,866.0,222545.0,536297.0,105273.0,1625022.0,1893315.0,552646.0,209378.0,21128.0,1003156.0,531550.0,931660.0,18839.987429589277,0.5576831805715029,143.31362981557172,345.36237493181903,67.79328114122845,1046.4751009915299,1219.2493429835279,355.8907378869732,134.83439836224034,13.605924063642856,646.0083472163817,342.3054210540212,599.9666420453191
E10000016,2019,1562840,20.15644595735968,35.5219984131453,12044.0,7.706483069284124,28.5,0.01823603183947173,6.87606896332199,1.365067601,Kent,259.0,4658400.0,29368440.0,793.0,224770.0,537539.0,103850.0,1664911.0,1913483.0,558277.0,215733.0,18315.0,975346.0,551416.0,940794.0,18791.712523354916,0.5074095876737222,143.8215044406337,343.95011645465945,66.44954057996979,1065.311228276727,1224.3626986767679,357.2195490261319,138.03908269560543,11.719049934734201,624.0856389649613,352.82946430856646,601.9771697678585
E10000016,2020,1567971,20.282581756933006,35.43974984231213,10156.0,6.477160610751092,53.25,0.033961087290517486,6.91718782045984,1.400849342,Kent,227.0,4683664.0,29417141.0,787.0,204402.0,574670.0,103799.0,1813420.0,1953432.0,568492.0,219271.0,16378.0,845395.0,576858.0,946112.0,18761.27874814011,0.5019225483124369,130.36082937758414,366.50550297167484,66.19956619095633,1156.5392472182202,1245.834266067421,362.5653790790774,139.8437853761326,10.445346246837474,539.1649462904608,367.90093694334905,603.3989149034006
E10000016,2021,1578552,20.354983554548724,35.53503463934036,9462.0,5.9941009228710875,79.75,0.050520983787673765,7.1604837619961,1.404610515,Kent,206.0,4709363.0,29388832.0,700.0,195680.0,553623.0,99335.0,1878505.0,1954303.0,574229.0,219716.0,15143.0,839132.0,595283.0,928281.0,18617.588777563236,0.44344437180403307,123.96170667801884,350.7157192160917,62.927923818790894,1190.0178137939072,1238.0352373567675,363.76945453808304,139.18831942184988,9.592968746040675,531.5833751438028,377.1069942580289,588.0585498608851
E10000016,2022,1595912,20.450375709938893,35.49456361002361,15752.0,9.870218408032523,238.5,0.14944433026382406,7.45895975935649,1.480466723,Kent,209.0,4741383.0,30040464.0,712.0,203665.0,554342.0,97754.0,1911061.0,2014448.0,590654.0,228614.0,14170.0,950089.0,612288.0,928384.0,18823.383745469673,0.4461398874123385,127.61668563178921,347.35123239877885,61.2527507782384,1197.4726676658865,1262.255061682599,370.1043666568081,143.2497531192196,8.878935680664098,595.3266846793558,383.66025194371616,581.7263107238996
E10000016,2023,1619302,20.443684995139883,35.779057890374986,22218.0,13.720726584664257,789.8333333333334,0.48776159933930385,7.72028989356208,1.522830725,Kent,230.0,4790997.0,30845978.0,700.0,209964.0,562142.0,95841.0,1947146.0,2147054.0,610729.0,236570.0,14160.0,992212.0,615472.0,935689.0,19048.93466444184,0.43228502157102255,129.66327467019738,347.1508094228254,59.186612503411965,1202.4600723027577,1325.913263863072,377.15571277007007,146.09381079008116,8.744508436350971,612.7405511757536,380.08475256622916,577.834770783955
E10000016,2024,1639077,20.566819008502957,35.88397616463412,20590.0,12.561947974378263,735.5,0.44872815615129735,8.071387198,1.620824099,Kent,249.0,4851474.0,31726512.0,561.0,214567.0,572270.0,95061.0,1972287.0,2318968.0,632061.0,250371.0,11378.0,987385.0,637002.0,944162.0,19356.32798215093,0.3422657995933077,130.9072118027402,349.14162055839967,57.99666519632696,1203.2912425712764,1414.8011350290437,385.6200776412578,152.75121303026032,6.941711707259635,602.4030597708344,388.6345790954299,576.0327306160723
E10000016,2025,1652769,20.751841303896672,35.86181735015601,,,953.6666666666666,0.5770114678256106,,,Kent,,,,,,,,,,,,,,,,,,,,,,,,,,,,
E10000017,2011,1171558,18.175113822789825,37.939222812698986,,,,,,0.651051223,Lancashire,324.0,3503278.0,,,,,,,,,,,,,,,,,,,,,,,,,,
E10000017,2012,1174321,18.80865623624205,37.554893423518784,6850.0,5.833158054739718,,,6.20012103076737,0.712769926,Lancashire,330.0,3513458.0,,,,,,,,,,,,,,,,,,,,,,,,,,
E10000017,2013,1178586,19.2520528837098,37.128983374993425,7295.0,6.189620443480577,,,6.49142457500925,0.709979355,Lancashire,332.0,3524465.0,,,,,,,,,,,,,,,,,,,,,,,,,,
E10000017,2014,1183512,19.64635762037056,36.67339241173727,7743.0,6.542392472573155,29.416666666666664,0.024855402113934347,6.70420358287489,0.777665794,Lancashire,273.0,3536419.0,25370566.0,825.0,179923.0,517114.0,76410.0,1354769.0,1584212.0,440660.0,145819.0,13431.0,823413.0,386733.0,649331.0,21436.678293080255,0.6970778496542493,152.02465205253515,436.9317759346758,64.56208302070449,1144.7023773311973,1338.5685992199487,372.3325154286564,123.20872116210059,11.34842739237118,695.7369253543691,326.7672824610143,548.647584477386
E10000017,2015,1189153,19.905344392185025,36.2378936940831,8121.0,6.829230553175243,179.66666666666666,0.1510879312137855,6.89950502038884,0.831521153,Lancashire,223.0,3551251.0,25655289.0,627.0,183693.0,526056.0,77455.0,1416131.0,1612103.0,458212.0,148940.0,11745.0,775989.0,409401.0,660029.0,21574.422298896778,0.5272660456644351,154.47381455540204,442.37873511650724,65.13459580054038,1190.8736722692538,1355.6733237859216,385.326362545442,125.24881154906056,9.876777841034754,652.5560630129175,344.2794997784137,555.0412772788699
E10000017,2016,1195310,20.167571592306597,35.79824480678652,8572.0,7.171361404154571,394.16666666666663,0.3297610382801672,7.01282071141265,0.882630765,Lancashire,194.0,3567975.0,26057104.0,588.0,186001.0,536872.0,77592.0,1463849.0,1638583.0,473951.0,151955.0,11318.0,763854.0,431981.0,681915.0,21799.452861600756,0.49192259748517125,155.609005195305,449.14875638955584,64.91370439467586,1224.6605483096434,1370.8435468623202,396.5088554433578,127.12601751846803,9.468673398532598,639.0425914616292,361.39662514326824,570.4921735784022
E10000017,2017,1202420,20.315530347133283,35.477287470268294,7415.0,6.166730426972272,608.4166666666666,0.5059934687269562,7.01399510592496,0.930984676,Lancashire,196.0,3586883.0,25646541.0,496.0,183893.0,533507.0,72958.0,1481745.0,1662035.0,477728.0,154916.0,11415.0,727970.0,443432.0,694055.0,21329.1038073219,0.41250145539828015,152.93574624507244,443.6943829942948,60.67597012691073,1232.3023569135576,1382.241646013872,397.30543404134994,128.83684569451606,9.493355067280984,605.420734851383,368.782954375343,577.2151161823656
E10000017,2018,1208672,20.50490124698843,35.26829445871171,7912.0,6.546027375499722,821.0,0.6792578962696249,6.91376014004137,0.988318384,Lancashire,218.0,3606402.0,25486319.0,358.0,181544.0,534063.0,70330.0,1492653.0,1686385.0,486616.0,158635.0,11754.0,727554.0,438334.0,701602.0,21086.216111567075,0.2961928463636123,150.2012125704906,441.85932990918957,58.18782928701914,1234.9529069921368,1395.2379140081016,402.60384951417757,131.24735246617774,9.72472267083212,601.9449445341664,362.6575282624235,580.4734452357629
E10000017,2019,1217384,20.712363559895646,35.221014897517954,10254.0,8.422979109303228,901.5,0.7405223002766588,7.20017826546498,0.989106596,Lancashire,213.0,3628476.0,25726958.0,293.0,184065.0,543718.0,68322.0,1542484.0,1736816.0,492638.0,164294.0,10416.0,724785.0,428735.0,712487.0,21132.98515505379,0.24068001550866447,151.1971571829431,446.6281797690786,56.12197958902039,1267.0480308596136,1426.6788457873604,404.6693565875681,134.95659545385843,8.556051336308018,595.362679318933,352.17729163517834,585.2606901355693
E10000017,2020,1224128,20.795210958331154,35.35234877398442,10309.0,8.4215049406598,894.25,0.730520010979244,7.15960205349713,1.002681613,Lancashire,202.0,3650184.0,25963127.0,308.0,164159.0,584426.0,67533.0,1682677.0,1807986.0,505280.0,168049.0,9614.0,623512.0,432217.0,731088.0,21209.487079782506,0.25160767501437753,134.10280624248443,477.42229570763845,55.16825037904533,1374.5923628901553,1476.9582919433262,412.76729230930096,137.28057850159462,7.853753855805929,509.3519631933915,353.08154049249754,597.2316620484132
E10000017,2021,1236228,20.8650831400033,35.565769421174735,10100.0,8.170013945647568,1073.75,0.8685695518949579,7.29961121318428,0.994967341,Lancashire,205.0,3677740.0,26248831.0,282.0,163093.0,566982.0,65888.0,1752727.0,1840288.0,514950.0,170468.0,9180.0,660052.0,442483.0,734778.0,21233.001517519424,0.22811326066065482,131.9279291522276,458.63869771595535,53.297611767408604,1417.8023794963387,1488.6315469314723,416.5493743872489,137.893657157094,7.425814655548977,533.9241628566899,357.9299287833636,594.370941282676
E10000017,2022,1255035,20.995032011059454,35.869676941280524,16618.0,13.241064990219396,1680.5,1.3390064818909433,7.51837288500419,0.986835063,Lancashire,206.0,3716025.0,27186474.0,240.0,175600.0,573392.0,64817.0,1813178.0,1920995.0,533723.0,177481.0,8833.0,763070.0,458243.0,742493.0,21661.924966236,0.19122972666100946,139.91641667363857,456.87331429003973,51.64557163744438,1444.7230555323158,1530.6306198631912,425.2654308445581,141.41517965634426,7.038050731652902,608.006948013402,365.12368180967064,591.6113893238038
E10000017,2023,1274073,21.041886924846537,36.28983582573369,17460.0,13.704081320301114,2820.25,2.213570180044629,7.75826860352685,1.040894747,Lancashire,220.0,3767000.0,28124101.0,268.0,175956.0,575557.0,65315.0,1869484.0,2048296.0,555639.0,184213.0,8687.0,778814.0,471204.0,756815.0,22074.167649734358,0.21034901453841343,138.10511642582492,451.7457005995732,51.26472344991221,1467.328795131833,1607.6755413543808,436.11237346682645,144.58590677300282,6.818290631698497,611.278945554925,369.84066062148713,594.0122740219753
E10000017,2024,1292439,21.158677508184137,36.51189727329491,17510.0,13.548028185469489,3364.75,2.6034110700775823,7.971056614,1.117996573,Lancashire,208.0,3825686.0,29128345.0,230.0,174834.0,584806.0,65124.0,1926492.0,2195487.0,579184.0,194347.0,7237.0,759896.0,490342.0,776441.0,22537.500802745817,0.17795810866122114,135.27446943337364,452.4824769292787,50.388451601971155,1490.586402917275,1698.7161483056454,448.1325617688727,150.37228062601022,5.599490575570685,587.9550214749013,379.39276050939344,600.7563993349008
E10000017,2025,1308567,21.40112046230724,36.66377036865518,,,3686.25,2.817012808667802,,,Lancashire,,,,,,,,,,,,,,,,,,,,,,,,,,,,
E10000018,2011,651179,17.894465269918104,37.63266321549067,,,,,,0.64009738,Leicestershire,121.0,1939726.0,,,,,,,,,,,,,,,,,,,,,,,,,,
E10000018,2012,655098,18.607750290796186,37.14543472884973,3042.0,4.643580044512424,,,6.18240616390894,0.662294984,Leicestershire,107.0,1952569.0,,,,,,,,,,,,,,,,,,,,,,,,,,
E10000018,2013,658881,19.123180058310986,36.66231079663854,3236.0,4.911357286065313,,,6.37924379092559,0.715528011,Leicestershire,103.0,1965158.0,,,,,,,,,,,,,,,,,,,,,,,,,,
E10000018,2014,665412,19.533461975437774,36.448395881048135,3565.0,5.357582971151707,8.083333333333332,0.012147862276804944,6.4814194587244,0.728985906,Leicestershire,94.0,1979391.0,12359424.0,360.0,94771.0,241420.0,43086.0,583021.0,794520.0,214920.0,93669.0,9293.0,445529.0,215380.0,359998.0,18574.0924419758,0.5410181962453336,142.424542989907,362.8128137154124,64.75086112062903,876.180471647641,1194.0271591134515,322.9878631584642,140.76842617806713,13.965783604744129,669.5535998749647,323.6791641869999,541.0151905886878
E10000018,2015,671115,19.875282179656242,36.111843722759886,3551.0,5.291194504667605,9.0,0.013410518316532933,6.64344747643593,0.795749843,Leicestershire,81.0,1995408.0,12641780.0,271.0,94806.0,246783.0,42983.0,619562.0,810400.0,224449.0,95539.0,8300.0,406386.0,234371.0,372076.0,18836.980249286637,0.40380560708671387,141.26639994635792,367.7208824121052,64.04714542217056,923.1830610253087,1207.5426715242543,334.4419361808334,142.35861216036,12.367478003024818,605.5385440647281,349.2262875960156,554.4146681269231
E10000018,2016,678088,20.13160533736034,35.75273415839832,3854.0,5.683628083670556,51.0,0.07521147697643964,6.65326444140046,0.865410686,Leicestershire,67.0,2014615.0,12936905.0,364.0,96878.0,255968.0,41422.0,652890.0,821531.0,231036.0,97602.0,7626.0,411092.0,251980.0,383432.0,19078.504559880133,0.5368034827338045,142.86936208869645,377.4849282099079,61.08646665329574,962.8396314342681,1211.5403900378712,340.7168391123276,143.93707011479336,11.246327910241739,606.2516959450691,371.6036856573188,565.4605301966707
E10000018,2017,687456,20.284643671740447,35.618715961457895,3458.0,5.030140110785272,58.25,0.0847326956197924,6.79517474255273,0.898679554,Leicestershire,76.0,2036659.0,13047688.0,266.0,96775.0,260184.0,40561.0,683565.0,849442.0,236085.0,99013.0,7567.0,411919.0,269349.0,389873.0,18979.669971605457,0.38693385467579017,140.7726458129684,378.47367686077365,59.00159428385235,994.340001396453,1235.631080389145,343.4183424102779,144.02812689103013,11.007249918540241,599.1932574593865,391.8054391844714,567.1242959549411
E10000018,2018,695090,20.475909594441006,35.51712727848192,3500.0,5.035319167302076,66.75,0.09603072983354674,6.89040095866448,0.948272586,Leicestershire,79.0,2060634.0,13251775.0,242.0,95976.0,265258.0,40019.0,706155.0,882580.0,247477.0,102722.0,7672.0,399866.0,275345.0,400678.0,19064.833330935562,0.34815635385345783,138.07708354313831,381.6167690514897,57.573839358931934,1015.9188018817706,1269.7348544792762,356.035909018976,147.78230157245827,11.03741961472615,575.2722669006891,396.12855889165434,576.4404609475032
E10000018,2019,700817,20.686570103179573,35.49443007232987,3682.0,5.253867985508342,71.5,0.10202378081581925,6.95975567958011,0.970140159,Leicestershire,92.0,2083363.0,13352035.0,336.0,98781.0,263679.0,40005.0,739288.0,903577.0,250775.0,104783.0,6828.0,388595.0,278362.0,409327.0,19052.09919279926,0.47944042453308067,140.95120409464954,376.24515387041123,57.08337554596992,1054.8945017030123,1289.319465709308,357.83235851870035,149.51549405907676,9.74291434140439,554.4885469387872,397.1964150413018,584.0711626572985
E10000018,2020,705536,20.7790956095791,35.5361030478955,3802.0,5.388810776487663,68.75,0.09744364568214804,6.97845146208327,1.024851441,Leicestershire,91.0,2101443.0,13641278.0,355.0,89770.0,281846.0,41778.0,834050.0,945901.0,257663.0,106285.0,6764.0,332722.0,286387.0,417486.0,19334.630692126273,0.5031635522496372,127.2365974238026,399.4778437953556,59.21455460812773,1182.1508753628448,1340.684245736575,365.20177567126274,150.64433281930334,9.587037373004355,471.58755896226415,405.91408517779394,591.7288416182874
E10000018,2021,712632,20.91780891119119,35.741448601802894,3155.0,4.427249969128526,197.5,0.2771416383210409,7.19516416797593,1.036545038,Leicestershire,91.0,2118985.0,13814798.0,302.0,87920.0,271990.0,41801.0,876660.0,968278.0,265076.0,107048.0,6563.0,338809.0,288532.0,417742.0,19385.598738198678,0.4237811380909081,123.37363463891602,381.66964155412614,58.6572031567485,1230.1720944330314,1358.7349431403586,371.9675793396873,150.21497771640904,9.20952188506831,475.43332322994195,404.8821832306155,586.1959608886494
E10000018,2022,722843,20.98477816067943,35.96783810592342,5587.0,7.729202606928475,303.75,0.42021573149356084,7.51331001100327,1.089723825,Leicestershire,88.0,2141353.0,14442431.0,391.0,95672.0,276093.0,42856.0,917889.0,1029614.0,278797.0,111181.0,7320.0,397297.0,297693.0,424713.0,19980.038542256065,0.5409196741201062,132.35515872741382,381.95431096379156,59.288116506627304,1269.831761530512,1424.3950622749337,385.69509561550706,153.8107168499937,10.126680344141121,549.6311093833655,411.836318536667,587.5591241804929
E10000018,2023,733723,21.05413078232521,36.307162239700816,7330.0,9.990146145071096,726.1666666666667,0.9897013814023368,7.7931501233186,1.177970529,Leicestershire,89.0,2170053.0,15125189.0,274.0,95979.0,281671.0,43756.0,962644.0,1121446.0,297004.0,115791.0,7578.0,410873.0,308226.0,433855.0,20614.3040357192,0.3734379322987013,130.8109463653177,383.89283149090323,59.63558454621158,1311.999214962595,1528.4323920607642,404.79036366585206,157.81296211240482,10.32814836116627,559.9838086035193,420.0849639441588,591.3062559031132
E10000018,2024,744477,21.183596000951002,36.48615068027622,6105.0,8.20038765468913,333.75,0.4483012907047498,8.067576942,1.184505224,Leicestershire,103.0,2202994.0,15803367.0,156.0,94521.0,288537.0,45453.0,996310.0,1234643.0,308610.0,123321.0,6852.0,408345.0,322056.0,445708.0,21227.475126834004,0.20954307520581564,126.96295520210832,387.5700659657719,61.053598700832936,1338.2683413993987,1658.4031474444475,414.532618200428,165.64783062472043,9.203776610963132,548.4991477238383,432.59361941336,598.6860574604722
E10000018,2025,752448,21.37675959003147,36.604257038360124,,,408.75,0.5432269073743301,,,Leicestershire,,,,,,,,,,,,,,,,,,,,,,,,,,,,
E10000019,2011,714768,20.867050567456854,35.34433550466725,,,,,,0.524817646,Lincolnshire,64.0,2132172.0,,,,,,,,,,,,,,,,,,,,,,,,,,
E10000019,2012,719807,21.544386203524,35.014941505153466,5064.0,7.035219162914504,,,6.92326266989023,0.626578927,Lincolnshire,75.0,2146380.0,,,,,,,,,,,,,,,,,,,,,,,,,,
E10000019,2013,725901,22.013056876901945,34.860538833807915,6018.0,8.290386705625147,,,7.188774508121,0.599866569,Lincolnshire,80.0,2160476.0,,,,,,,,,,,,,,,,,,,,,,,,,,
E10000019,2014,732981,22.32499887445923,34.70158162353458,6276.0,8.562295612028143,3.25,0.004433948492525727,7.47039618704536,0.684576035,Lincolnshire,91.0,2178689.0,19332853.0,525.0,128362.0,335939.0,54584.0,1064857.0,1318970.0,337388.0,106253.0,10660.0,549322.0,286622.0,534704.0,26375.653666329687,0.7162532180233867,175.12322966079614,458.3188377324924,74.46850600493055,1452.7757199709133,1799.4600132882026,460.29569661423693,144.9601012850265,14.543351055484386,749.4355242496054,391.03605686914125,729.4923060761465
E10000019,2015,738351,22.607269442311313,34.4124948703259,6835.0,9.257114841044435,4.0,0.0054174775953442205,7.61311686695868,0.717340648,Lincolnshire,96.0,2197233.0,19810279.0,490.0,130707.0,343931.0,55306.0,1124271.0,1357484.0,358719.0,108913.0,9588.0,526124.0,334412.0,547369.0,26830.435660004525,0.6636410054296669,177.02556101366423,465.8096217110832,74.90475397202685,1522.6782383988102,1838.5347890095632,485.8380363810708,147.50843433543125,12.985693796040094,712.5662455932205,452.9173794035628,741.3398234714925
E10000019,2016,746141,22.78590775738098,34.196485650835434,7358.0,9.861406892262991,2.0,0.0026804585192343002,7.70633863809453,0.742909253,Lincolnshire,100.0,2217473.0,20556091.0,460.0,133258.0,358152.0,54549.0,1191412.0,1406465.0,382681.0,113326.0,9040.0,537731.0,400386.0,580506.0,27549.874621552764,0.616505459423889,178.59627067806218,480.00578979040154,73.10816588285591,1596.765222658988,1884.985545627435,512.8802732995507,151.88282107537316,12.115672506939037,720.6828200031897,536.6090323410723,778.0111265833134
E10000019,2017,753031,22.908353042570624,33.880278501150684,6446.0,8.560072560093808,2.75,0.0036519080887772214,7.78974956319161,0.76377362,Lincolnshire,94.0,2237523.0,20611581.0,225.0,135355.0,360977.0,51729.0,1226357.0,1453113.0,395396.0,115185.0,9201.0,537551.0,427548.0,601108.0,27371.490682322506,0.2987924799908636,179.74691612961485,479.365391331831,68.69438309976616,1628.5611083740243,1929.6854976753946,525.0726729709667,152.9618302566561,12.218620481759714,713.8497618291942,567.7694543783722,798.2513336104356
E10000019,2018,757281,23.098295084651536,33.65817972456723,5444.0,7.188877048281946,2.666666666666667,0.003521370094676437,7.81966208081726,0.813468277,Lincolnshire,84.0,2256453.0,20696759.0,151.0,131708.0,358604.0,51460.0,1249018.0,1488753.0,409169.0,117522.0,8802.0,504531.0,443660.0,612090.0,27330.355574747024,0.19939758161105323,173.92222966111655,473.54152553675584,67.95363940201854,1649.3454873422152,1965.918859709936,540.3133051007486,155.18942109996155,11.62316234000325,666.240140713949,585.8591460765555,808.2732829689376
E10000019,2019,761263,23.307976349829165,33.493812256736504,5004.0,6.5732867616053845,6.25,0.008210040419670994,7.87478149734229,0.851880491,Lincolnshire,75.0,2271575.0,21226478.0,128.0,136091.0,365847.0,53359.0,1310243.0,1537019.0,418577.0,120542.0,7691.0,509196.0,474811.0,632049.0,27883.238775561138,0.16814162779486194,178.77001772055124,480.5789851864599,70.09272748051593,1721.1436783345573,2019.0380985283664,549.8454541991401,158.34475076287697,10.102947338830338,668.8831586455667,623.7148002727047,830.2636539540212
E10000019,2020,763610,23.464726758423804,33.51029976034887,5092.0,6.668325454093058,6.75,0.008839590890637891,7.91164299777844,0.80630976,Lincolnshire,72.0,2282154.0,21515532.0,127.0,127791.0,393182.0,55877.0,1423420.0,1572963.0,425870.0,120435.0,7867.0,461133.0,495177.0,642405.0,28176.07417398934,0.16631526564607588,167.35113474155656,514.8989667500425,73.17478817721087,1864.0667356373017,2059.903615720066,557.706158903105,157.7179450242925,10.302379486910857,603.8854912848182,648.4684590301332,841.2736868296643
E10000019,2021,769440,23.577147016011644,33.52685069661052,4699.0,6.107038885423165,18.0,0.023393636930754833,8.14363695430357,0.924434125,Lincolnshire,61.0,2294313.0,21618253.0,80.0,124920.0,381877.0,55523.0,1469475.0,1581072.0,430775.0,121108.0,7506.0,478401.0,498436.0,639312.0,28096.086764400083,0.10397171969224371,162.35184029943855,496.30510501143686,72.1602724059056,1909.7980349344978,2054.8346849656896,559.8552193803285,157.39758785610314,9.755146600124768,621.7521834061135,647.7906009565398,830.8796007485963
E10000019,2022,777140,23.748488045911934,33.49422240522943,6052.0,7.787528630619965,211.5,0.27215173585197006,8.39701677985934,1.029601693,Lincolnshire,73.0,2309088.0,22215583.0,80.0,133445.0,382897.0,54542.0,1501968.0,1648542.0,445718.0,125388.0,7608.0,547582.0,509450.0,644993.0,28586.333221813315,0.10294155493218725,171.7129474740716,492.7001569858713,70.18297861389196,1932.6865172298428,2121.2934606377225,573.536299765808,161.3454461229637,9.789741874051009,704.6117816609619,655.544689502535,829.9572792547032
E10000019,2023,785707,23.88027598074091,33.816931757003566,9021.0,11.48137919097068,490.91666666666663,0.6248088239848527,8.55154176080994,1.10472405,Lincolnshire,76.0,2329462.0,22871821.0,98.0,134231.0,385661.0,54987.0,1535664.0,1758738.0,458061.0,128788.0,7660.0,574360.0,515848.0,650897.0,29109.860291431793,0.12472842929998079,170.84103870781348,490.84582420673354,69.98410348895963,1954.4995780869967,2238.4145743896897,582.9921331997806,163.91351992536656,9.749181310590334,731.0104148238465,656.539906097311,828.4220453680571
E10000019,2024,790533,24.20303769735103,33.82856882634881,7427.0,9.394927219989551,139.0,0.17583073698378185,8.808812066,1.172447443,Lincolnshire,95.0,2349524.0,23917332.0,88.0,136383.0,389527.0,55276.0,1593146.0,1922827.0,474931.0,133991.0,6394.0,565074.0,538676.0,667270.0,30254.69145500567,0.11131730111203454,172.52031224502963,492.73970852576684,69.92244473032751,2015.2808295162883,2432.3171834698865,600.7731492549964,169.4945056057116,8.088213901253964,714.801279642975,681.4086192480263,844.0760853753101
E10000019,2025,794009,24.609544728082426,33.73236323517744,,,445.75,0.5613916215055497,,,Lincolnshire,,,,,,,,,,,,,,,,,,,,,,,,,,,,
E10000020,2011,859426,21.75044739163116,35.634597975858306,,,,,,0.873520553,Norfolk,116.0,2558707.0,,,,,,,,,,,,,,,,,,,,,,,,,,
E10000020,2012,864776,22.49380186314144,35.36256787884955,6072.0,7.021471456192123,,,6.16568369171665,0.989628851,Norfolk,105.0,2577128.0,,,,,,,,,,,,,,,,,,,,,,,,,,
E10000020,2013,870771,22.95838974885475,35.14023778926951,6676.0,7.6667688749395655,,,6.3602751310043,1.083541751,Norfolk,107.0,2594973.0,,,,,,,,,,,,,,,,,,,,,,,,,,
E10000020,2014,876986,23.335264188938023,34.82564145835851,6777.0,7.727603405299515,122.5,0.13968295959114513,6.43798042820858,1.119362473,Norfolk,97.0,2612533.0,19959968.0,807.0,165917.0,382792.0,97037.0,1023866.0,1207267.0,324922.0,123241.0,15623.0,608537.0,220673.0,649346.0,22759.733906812653,0.9201971297147274,189.19002127742064,436.4858732066418,110.64828857017102,1167.4827192224277,1376.6092047079428,370.49850282672696,140.52789896303932,17.814423491367023,693.8959116793199,251.62659381107565,740.4291516626264
E10000020,2015,882938,23.576287349734635,34.532662542556785,7457.0,8.445666626648757,127.75,0.14468739594399607,6.69308976723724,1.207513571,Norfolk,103.0,2630695.0,20470500.0,1157.0,165990.0,386686.0,96746.0,1077679.0,1253101.0,339166.0,126640.0,14631.0,595090.0,237648.0,671223.0,23184.527112889016,1.3103977855749782,187.99734522695817,437.9537408062627,109.57281258706728,1220.5602205364364,1419.240082542602,384.13342726216337,143.43022952914023,16.570812446627055,673.9884340689833,269.1559316735717,760.2153265574706
E10000020,2016,891150,23.770521236604388,34.3157717555967,8239.0,9.24535712281883,129.0,0.1447567749537115,6.80717441055937,1.212226748,Norfolk,109.0,2651074.0,20796811.0,878.0,166598.0,391804.0,97048.0,1105594.0,1282320.0,360860.0,129504.0,13450.0,583975.0,249631.0,690440.0,23337.048757223813,0.9852437861190596,186.9472030522359,439.66111204623235,108.90198058688212,1240.637378668013,1438.949671772429,404.93744038601807,145.32233630701901,15.092857543623408,655.3049430511137,280.1223138641082,774.7741682096167
E10000020,2017,898548,23.922372538807053,33.98549660118324,6820.0,7.590023014908497,126.0,0.14022623165373468,7.06335184919915,1.214239955,Norfolk,104.0,2672636.0,21057106.0,1063.0,165144.0,399178.0,97301.0,1138218.0,1336605.0,366968.0,131910.0,13256.0,573941.0,259581.0,702562.0,23434.592253279734,1.1830197162533331,183.78984762082825,444.2478309450358,108.28692512809556,1266.730324924211,1487.5165266630163,408.40110934529935,146.80350966225512,14.75268989525323,638.7427271553662,288.8894082453024,781.8858870088187
E10000020,2018,903527,24.07487546027955,33.82787675409811,6522.0,7.218378642807576,141.75,0.1568851843940469,7.37914479713405,1.265309811,Norfolk,100.0,2693225.0,21264703.0,1182.0,165684.0,403247.0,98763.0,1173670.0,1389771.0,383170.0,135735.0,12206.0,554097.0,271061.0,709997.0,23535.21588176114,1.3082066169577666,183.37470822676025,446.3032095333067,109.30829958595592,1298.987191306956,1538.1621135837665,424.08251219941405,150.22794006155877,13.509280851596023,613.2600353946257,300.00320964398406,785.806068883387
E10000020,2019,906964,24.322244322817664,33.58181802144297,6920.0,7.6298507989291755,141.5,0.15601501272376853,7.53443753743211,1.286313534,Norfolk,105.0,2709039.0,21491512.0,920.0,167017.0,407733.0,101558.0,1227047.0,1438155.0,389212.0,138756.0,11087.0,540916.0,278539.0,725540.0,23696.102601646813,1.0143732276033006,184.14953625502227,449.55808609823544,111.97577853145219,1352.9169845771166,1585.680357765027,429.13720941514765,152.98953431448217,12.224299972214993,596.4029443285511,307.11141787325624,799.9655995166291
E10000020,2020,909883,24.44545067882354,33.593659844177765,5905.0,6.489845397704979,130.66666666666669,0.14360820750213674,7.53272567734541,1.284655333,Norfolk,118.0,2720374.0,21838680.0,726.0,152796.0,442544.0,102930.0,1360146.0,1499810.0,402677.0,139825.0,10821.0,475897.0,297771.0,737238.0,24001.635375097678,0.7979047855603413,167.9292832155343,486.3746217920326,113.12443468006326,1494.858130111234,1648.3547884728036,442.55909825768805,153.6736041886704,11.892737857504757,523.0309831044211,327.26295578662314,810.2558241004613
E10000020,2021,918462,24.526436586380274,33.70133984857294,4924.0,5.361136334437353,138.75,0.15106776328253102,7.72189165225928,1.285490394,Norfolk,120.0,2735309.0,22006840.0,674.0,147603.0,431377.0,101965.0,1423937.0,1526666.0,404578.0,138665.0,9966.0,485136.0,315327.0,732642.0,23960.534023182234,0.7338354771346011,160.7067031624607,469.6732145695739,111.01711339173531,1550.3493884341433,1662.1983272035206,440.4950885284312,150.97521726538497,10.850748316206877,528.2047596961007,343.3206817484011,797.6835187520006
E10000020,2022,925745,24.680554580365005,33.76620991741786,6999.0,7.560397301632738,327.0,0.35322902095069375,8.04498454993423,1.272763252,Norfolk,112.0,2753844.0,22578004.0,643.0,153850.0,437814.0,103544.0,1460834.0,1594727.0,416687.0,142476.0,9693.0,557553.0,329572.0,728927.0,24389.00993254082,0.6945757200957067,166.19047361854504,472.93153082112246,111.84937536794689,1578.0090629709046,1722.6417642007248,450.10991147670256,153.90415287147107,10.4704859329513,602.2749245202513,356.0073238310766,787.3950169863191
E10000020,2023,934300,24.779835170716044,33.97506154340148,10095.0,10.804880659317137,654.3333333333334,0.7003460701416391,8.3628442857767,1.325098157,Norfolk,122.0,2777631.0,23210027.0,633.0,154646.0,441752.0,103428.0,1507042.0,1706784.0,434754.0,146672.0,9550.0,580642.0,344982.0,721497.0,24842.15669485176,0.6775125762603018,165.52071069249703,472.81601198758426,110.70105961682543,1613.0172321524137,1826.8050947233223,465.3259124478219,156.98597880766349,10.22155624531735,621.4727603553463,369.2411431017875,772.2326875735846
E10000020,2024,940468,25.047210537732276,33.98765295576245,9326.0,9.916339524577126,386.0,0.41043395415899314,8.88201289,1.382096529,Norfolk,119.0,2799528.0,24097505.0,590.0,157977.0,455763.0,104859.0,1556749.0,1853330.0,456253.0,153879.0,8509.0,584614.0,375178.0,722173.0,25622.886690456242,0.6273472356316218,167.9770071921639,484.6129799206352,111.49661657812919,1655.2918334276126,1970.6465291748364,485.13399711632934,163.61960215552256,9.047623098287236,621.6202996805845,398.92691723695015,767.8868393182968
E10000020,2025,945427,25.353623283447586,33.95121992496512,,,440.5,0.4659270361434569,,,Norfolk,,,,,,,,,,,,,,,,,,,,,,,,,,,,
E10000024,2011,786796,18.26750517287836,36.99904422493251,,,,,,0.618692815,Nottinghamshire,94.0,2350546.0,,,,,,,,,,,,,,,,,,,,,,,,,,
E10000024,2012,789611,18.92260872758865,36.51810828369919,3024.0,3.8297338816201902,,,6.09902753054042,0.674136162,Nottinghamshire,96.0,2360052.0,,,,,,,,,,,,,,,,,,,,,,,,,,
E10000024,2013,795119,19.379614875257666,36.19395335792504,3617.0,4.54900461440363,,,6.3641409822007,0.640501916,Nottinghamshire,94.0,2371526.0,,,,,,,,,,,,,,,,,,,,,,,,,,
E10000024,2014,799367,19.81242658253343,35.80495567117482,3618.0,4.526081261798398,12.0,0.015011878148585069,6.59753352344294,0.730393529,Nottinghamshire,107.0,2384097.0,15602458.0,340.0,112052.0,306566.0,40315.0,835081.0,995635.0,265682.0,101616.0,7365.0,522019.0,251290.0,417314.0,19518.516526201358,0.4253365475432436,140.1759141921045,383.5109530415942,50.433655630017256,1044.6778513498807,1245.5292750388744,332.36548418936485,127.12058416221836,9.213540213694086,653.0404682705191,314.3612383298285,522.0555764748858
E10000024,2015,802650,20.090574970410515,35.501152432567125,4020.0,5.008409643057372,8.0,0.00996698436429328,6.81712417116675,0.752445459,Nottinghamshire,87.0,2397136.0,16076530.0,293.0,113573.0,318035.0,41009.0,884536.0,1024061.0,282860.0,105202.0,7357.0,504669.0,297490.0,433080.0,20029.31539276148,0.36504080234224134,141.49753940073506,396.23123403725157,51.09200772441289,1102.019560206815,1275.8499968853175,352.4076496604996,131.06833613654769,9.165887996013208,628.7535040179406,370.63477231670095,539.5626985610166
E10000024,2016,807422,20.350944115964143,35.12970912360575,4673.0,5.7875559496768725,15.166666666666668,0.01878406417792266,6.92469591278474,0.818903208,Nottinghamshire,79.0,2409439.0,16440681.0,234.0,114636.0,328384.0,40830.0,921546.0,1050397.0,292498.0,109011.0,8180.0,498378.0,343031.0,446755.0,20361.943320840895,0.2898112758879495,141.97780095167087,406.7067778683266,50.56835211326915,1141.3436839719502,1300.926900678951,362.26161784048486,135.01118374282592,10.131009558818064,617.2460002328398,424.8472298252958,553.3104126466704
E10000024,2017,812333,20.561641592795073,34.790166101832625,3645.0,4.487076112874892,26.0,0.032006578582921046,7.08539276190937,0.878090322,Nottinghamshire,73.0,2422405.0,16591813.0,168.0,113646.0,337701.0,39982.0,955378.0,1094308.0,302180.0,111604.0,7907.0,483728.0,374173.0,459133.0,20424.891023755037,0.2068117385357975,139.90075498594786,415.71744592426995,49.21873172701343,1176.0915782074592,1347.1174998430447,371.9903044687339,137.3870075449354,9.733692955967564,595.4799324907397,460.6152895425891,565.2029401735496
E10000024,2018,816749,20.789251042854048,34.59802215858238,3594.0,4.400372697119923,36.333333333333336,0.044485311072720427,7.29516712363009,0.957688749,Nottinghamshire,75.0,2436504.0,16752804.0,197.0,111214.0,337232.0,40030.0,983873.0,1139433.0,312738.0,115287.0,8276.0,460136.0,387694.0,477954.0,20511.569649916924,0.24120017288053,136.1666803387577,412.89551624795376,49.01138538277978,1204.621003515156,1395.0834344455884,382.90588663102125,141.15352452222163,10.13285599370186,563.3750393327693,474.67949149616345,585.1907991316793
E10000024,2019,819900,21.075984876204416,34.51469691425783,3451.0,4.209049884132211,38.416666666666664,0.04685530755783225,7.47768967919583,0.944401324,Nottinghamshire,64.0,2448982.0,16977665.0,193.0,115177.0,343459.0,40051.0,1034464.0,1177431.0,321242.0,119828.0,7071.0,456862.0,379258.0,496358.0,20706.994755457985,0.23539456031223321,140.47688742529576,418.9035248201,48.8486400780583,1261.6953286986218,1436.0665934870108,391.8063178436395,146.1495304305403,8.624222466154409,557.2167337480181,462.56616660568363,605.3884620075619
E10000024,2020,822118,21.188077623893406,34.617415018282045,3093.0,3.7622336452917953,61.0,0.07419859436236648,7.49604483817609,0.857173026,Nottinghamshire,47.0,2458767.0,17329963.0,160.0,106895.0,371598.0,41870.0,1136601.0,1224552.0,332686.0,122744.0,6198.0,406034.0,385430.0,512836.0,21079.6540156036,0.1946192639012891,130.02391384205185,452.00080766994523,50.929428622168594,1382.527812309182,1489.5088053053212,404.6694026891517,149.30216830187393,7.539063735376186,493.88773874310016,468.8256430342116,623.7985301380094
E10000024,2021,826132,21.33194211094595,34.738274270939755,3021.0,3.6568006081352618,96.25,0.11650680520788446,7.71127493610481,0.940243483,Nottinghamshire,41.0,2468150.0,17515737.0,140.0,104373.0,363556.0,41430.0,1184362.0,1247750.0,340133.0,121967.0,5996.0,415635.0,388172.0,516950.0,21202.104506301654,0.16946444393874102,126.33937433727299,440.07010986137806,50.14937080272886,1433.623198229823,1510.3518566040295,411.71749793011287,147.63621309911736,7.257920041833509,503.10967254627593,469.8668009470641,625.7474592438012
E10000024,2022,835059,21.44459253777278,34.90328228304826,5838.0,6.991122782941086,136.5,0.16346150391768727,7.81751366593791,1.066496253,Nottinghamshire,55.0,2483626.0,18106858.0,129.0,111502.0,365469.0,41795.0,1224997.0,1308054.0,354419.0,127567.0,5912.0,477332.0,397271.0,522891.0,21683.32776486452,0.15448010260352862,133.52589457750892,437.6565009178992,50.05035572336805,1466.9586220853857,1566.4210552787288,424.42390298170545,152.76405619243673,7.079739275907452,571.6147002786629,475.7400375302823,626.1725219415633
E10000024,2023,846144,21.47802265335451,35.19578227819378,7531.0,8.9003762952878,206.25,0.24375283639664172,7.92156919118228,1.185809731,Nottinghamshire,67.0,2508236.0,18753672.0,111.0,111494.0,367300.0,41350.0,1273391.0,1413253.0,368554.0,130807.0,5685.0,494755.0,406796.0,530412.0,22163.688450192876,0.1311833446789199,131.7671696543378,434.08686937448,48.86875047273277,1504.934148324635,1670.227526283942,435.56888661977155,154.5918897965358,6.718714545041978,584.7172585280991,480.7645034414946,626.8578398003177
E10000024,2024,855350,21.640381130531363,35.392646285146434,6680.0,7.809668556731163,247.66666666666666,0.2895500867091444,8.059099877,1.189815879,Nottinghamshire,82.0,2539117.0,19567564.0,166.0,110837.0,373350.0,40727.0,1322312.0,1531142.0,381766.0,136739.0,5117.0,480274.0,429878.0,539573.0,22876.67504530309,0.19407260185888817,129.58087332670837,436.48798737358976,47.61442684281288,1545.93090547729,1790.07657683989,446.3272344654235,159.86321388905125,5.982346407903198,561.4941252119015,502.57555386683816,630.8213012217221
E10000024,2025,862326,21.90030220589429,35.53887972762041,,,680.25,0.7888547950543067,,,Nottinghamshire,,,,,,,,,,,,,,,,,,,,,,,,,,,,
E10000025,2011,654791,15.98051897475683,41.461779407475056,,,,,,1.129534125,Oxfordshire,187.0,1946574.0,,,,,,,,,,,,,,,,,,,,,,,,,,
E10000025,2012,662243,16.42312565025225,41.09186507067648,10117.0,15.27686966868657,,,4.68811241889428,1.282318354,Oxfordshire,202.0,1965722.0,,,,,,,,,,,,,,,,,,,,,,,,,,
E10000025,2013,669390,16.725675615112266,40.78310103228312,10985.0,16.41046325759273,,,4.77088752301677,1.295593262,Oxfordshire,206.0,1986424.0,,,,,,,,,,,,,,,,,,,,,,,,,,
E10000025,2014,676621,16.963410831174322,40.56170293266097,12278.0,18.14605222125828,19.333333333333332,0.028573356921132113,4.86710657802185,1.231609941,Oxfordshire,209.0,2008254.0,10818414.0,747.0,79811.0,194713.0,53792.0,541692.0,646904.0,191651.0,73242.0,9922.0,394472.0,215621.0,300401.0,15988.882993581341,1.1040153941423634,117.955251167197,287.77262307850333,79.50093183628648,800.5840788269948,956.0802871917957,283.2471945150978,108.24671418711509,14.66404382955894,583.0028923134222,318.67323065645314,443.9723271964659
E10000025,2015,682571,17.179311749253923,40.296467327208454,12444.0,18.231070467394602,21.25,0.031132292464813183,4.92550797763535,1.041894555,Oxfordshire,188.0,2028582.0,10987267.0,660.0,81464.0,196142.0,57047.0,569646.0,665473.0,200291.0,76503.0,10179.0,371345.0,233612.0,311940.0,16096.885159199555,0.9669323777306683,119.34875639310782,287.357652170983,83.5766535642446,834.5593352193398,974.950591220547,293.43614070917164,112.08064802049897,14.912734352909808,544.0386421339318,342.2530403430559,457.00740289288586
E10000025,2016,690541,17.2925286116248,40.11000070958857,13849.0,20.055289982781616,16.0,0.023170238986533746,4.97086035856208,1.119231701,Oxfordshire,162.0,2049733.0,11199634.0,643.0,81140.0,202072.0,59101.0,587249.0,682466.0,206165.0,77657.0,9912.0,369187.0,253570.0,324906.0,16218.637271356805,0.9311539792713249,117.50207446045927,292.6285332804279,85.58651839644568,850.4187296626848,988.3062700114838,298.5557700411706,112.45820306107821,14.353963052157656,534.6344387950896,367.2048437384601,470.5093542599208
E10000025,2017,696188,17.442414979861763,39.88534706142594,12148.0,17.449309669227276,15.5,0.022264101076146098,4.97476143586657,1.199755549,Oxfordshire,128.0,2069300.0,11303841.0,496.0,79773.0,206790.0,60153.0,594873.0,700370.0,211686.0,78473.0,10132.0,359561.0,281532.0,337119.0,16236.765069205443,0.7124512344366751,114.58542807402598,297.03183622814527,86.40338529247848,854.4717806109844,1006.0069981097059,304.0644193809718,112.71811637086535,14.553540135710469,516.4711256154947,404.3907680109396,484.23558004447074
E10000025,2018,702259,17.575851644478746,39.74701641417198,12167.0,17.325516654111944,13.25,0.018867682721047364,5.0319799399286,1.225219727,Oxfordshire,118.0,2088988.0,11514221.0,505.0,79399.0,211517.0,61995.0,605935.0,730202.0,219429.0,80388.0,10990.0,353114.0,310117.0,351612.0,16395.97498928458,0.7191079074814277,113.06227474478789,301.1951431024736,88.27939549368539,862.8369305341761,1039.790162888621,312.4616416450341,114.47058706260796,15.649496838061172,502.8258804799939,441.59918206815433,500.687068446257
E10000025,2019,708513,17.789652412870335,39.64853150189199,12862.0,18.153513061863368,12.75,0.017995435510710457,5.0529896555555,1.233991623,Oxfordshire,128.0,2106960.0,11793845.0,632.0,82129.0,216558.0,60285.0,638833.0,760063.0,226445.0,82417.0,10191.0,344296.0,330179.0,363270.0,16645.911931044313,0.8920090386485499,115.91742141640309,305.6514135943871,85.08665331475922,901.6531806755839,1072.758015731539,319.6059917037514,116.32390654793913,14.383645748207867,485.9416834976916,466.01685501889165,512.7217143510424
E10000025,2020,714766,17.895087343270387,39.609886312443514,10416.0,14.572601382830186,21.75,0.030429539177856808,5.16610720809221,1.015786767,Oxfordshire,129.0,2125538.0,11997263.0,693.0,73616.0,240345.0,58544.0,706837.0,793261.0,232990.0,83876.0,9015.0,309826.0,346622.0,372724.0,16784.88204531273,0.9695480758737824,102.99314740768307,336.25690085986184,81.90652605188271,988.9068590279895,1109.8191575984308,325.9668199102923,117.34749554399622,12.612519341994442,433.46493817557075,484.94472316814176,521.462968300115
E10000025,2021,726727,18.006486617395527,39.83132593119562,11197.0,15.407436355054925,51.5,0.07086567583150206,5.30853869430354,0.963966548,Oxfordshire,142.0,2150006.0,12005362.0,509.0,72435.0,234232.0,56477.0,730368.0,799478.0,236681.0,84259.0,8082.0,313277.0,362047.0,369493.0,16519.76877149191,0.7004005630725156,99.67291706514276,322.31085400707553,77.71418978516003,1005.0101344796602,1100.1077433479147,325.680757698558,115.94312582303947,11.121094991654363,431.0793461643781,498.18845316054035,508.43439145648915
E10000025,2022,740061,18.1295866151574,39.979407102928,14516.0,19.61459933708167,227.75,0.30774490210942074,5.48849780857307,0.9587093,Oxfordshire,148.0,2180404.0,12406360.0,296.0,74627.0,239595.0,55843.0,746868.0,836766.0,243902.0,87773.0,7016.0,351333.0,368787.0,372585.0,16763.96945657182,0.3999670297448454,100.83898489448842,323.75033949904133,75.457293385275,1009.1978904441661,1130.6716608495785,329.5701300298219,118.60238547903484,9.480299596925118,474.7351907477897,498.31973310308206,503.45174249149727
E10000025,2023,754028,18.235662336146667,40.21283029277427,17269.0,22.902332539375195,719.75,0.9545401497026637,5.60718939061944,1.044010401,Oxfordshire,163.0,2217521.0,12865784.0,252.0,75976.0,244294.0,56737.0,771606.0,904657.0,252611.0,91716.0,6320.0,372483.0,383402.0,379386.0,17062.74037568897,0.334205095831985,100.760183971948,323.9853161951546,75.24521635801324,1023.3121316449786,1199.765791190778,335.0154105683078,121.6347403544696,8.381651609754543,493.99093932851304,508.4718339372013,503.1457717750535
E10000025,2024,765123,18.384102948153433,40.23954318455987,16388.0,21.41877841863334,657.0,0.8586854662583663,5.707605556,1.153651237,Oxfordshire,163.0,2254012.0,13400034.0,316.0,73478.0,249567.0,57217.0,793044.0,977733.0,259824.0,95490.0,5106.0,366308.0,417036.0,384769.0,17513.568406648345,0.4130054906204623,96.03423240446307,326.1789280939143,74.78144036971833,1036.4921718468795,1277.8768903823307,339.58461580687026,124.80346297262008,6.673436819962281,478.7570103107605,545.0574613493516,502.88515702704007
E10000025,2025,769831,18.757103831879984,40.14881188208841,,,691.0,0.8975996030297559,,,Oxfordshire,,,,,,,,,,,,,,,,,,,,,,,,,,,,
E10000028,2011,849546,18.631363104528774,37.02036146365235,,,,,,0.590997338,Staffordshire,116.0,2536088.0,,,,,,,,,,,,,,,,,,,,,,,,,,
E10000028,2012,850682,19.445809362370426,36.4862545581075,2398.0,2.818914706082884,,,6.39706752767031,0.632823825,Staffordshire,110.0,2545500.0,,,,,,,,,,,,,,,,,,,,,,,,,,
E10000028,2013,854573,19.979217691174423,36.116633687233275,2554.0,2.9886270687232104,,,6.68254562587561,0.667750478,Staffordshire,103.0,2554801.0,,,,,,,,,,,,,,,,,,,,,,,,,,
E10000028,2014,856391,20.487954684250536,35.63979537384209,3223.0,3.7634678552203376,11.75,0.013720368383133404,6.86047498922115,0.715471864,Staffordshire,99.0,2561646.0,16960102.0,681.0,116558.0,320285.0,59534.0,875781.0,1048351.0,323871.0,122040.0,11381.0,586979.0,242290.0,466210.0,19804.157213235543,0.7951975207586255,136.10371897883093,373.9938883056921,69.51731160182673,1022.6415270594857,1224.149950197982,378.1812279671318,142.50500063639154,13.289490431356706,685.4100521841075,282.9198345148419,544.3891867149468
E10000028,2015,857167,20.87609532331506,35.15977633296662,3639.0,4.245380421784787,9.75,0.011374679613190896,7.05480917060594,0.726661325,Staffordshire,107.0,2568131.0,17135502.0,572.0,116221.0,328698.0,57250.0,915878.0,1065825.0,333701.0,123726.0,9731.0,547053.0,273397.0,470479.0,19990.8559242248,0.6673145373071991,135.58734762304195,383.47019892273033,66.78978542104397,1068.494237412313,1243.4274767927368,389.30686785655536,144.34293434068275,11.352513570867753,638.2105237369148,318.9541827905181,548.8767066394297
E10000028,2016,861230,21.155208248667602,34.82228905170512,4134.0,4.800111468481125,8.25,0.009579322596751157,7.07795454705514,0.793545842,Staffordshire,104.0,2574788.0,17415679.0,428.0,116697.0,336910.0,55767.0,944800.0,1078527.0,341486.0,123861.0,9355.0,549339.0,313406.0,475446.0,20221.867561510862,0.49696364501933277,135.50038897855393,391.19631225108276,64.75273736400266,1097.0356350800598,1252.3100681583317,396.5096431847474,143.81872438256912,10.862371259709949,637.8539995123253,363.90511245544167,552.0546195557516
E10000028,2017,863528,21.417834743054076,34.39564206372,3277.0,3.7948972123660147,10.25,0.011869910414022475,7.27997251608434,0.824692726,Staffordshire,109.0,2581925.0,17359911.0,272.0,116351.0,341193.0,51825.0,952933.0,1094027.0,337929.0,123677.0,9679.0,531225.0,349266.0,475008.0,20103.472035649105,0.31498689098674276,134.7391167397004,395.11515550161664,60.01542509333803,1103.5345698112858,1266.927071270416,391.33531280977576,143.22291807561538,11.208669550958394,615.1798204574721,404.46401274770477,550.0782835067305
E10000028,2018,866810,21.677414889076037,34.14081517287526,2985.0,3.443661240640971,17.0,0.019612141068977053,7.4892931348853,0.863568425,Staffordshire,94.0,2591568.0,17529175.0,224.0,114401.0,349660.0,49795.0,968368.0,1123937.0,342832.0,127391.0,10286.0,512526.0,378836.0,483570.0,20222.626642516814,0.2584187999676977,131.97932649600259,403.38713212814804,57.44626850174779,1117.162930746069,1296.635940978992,395.50997335056127,146.96530958341506,11.866499002088117,591.2783655010902,437.04618082394063,557.8731209838372
E10000028,2019,870117,21.9773892476529,34.01956288637045,2681.0,3.0811948278220056,8.666666666666668,0.009960346328903661,7.6367323836049,0.902885795,Staffordshire,100.0,2600455.0,17672752.0,196.0,117071.0,359377.0,47648.0,1002776.0,1148435.0,350847.0,130205.0,9308.0,499434.0,396426.0,492377.0,20310.77659671056,0.2252570631305905,134.54627366204775,413.0214672279705,54.76045175533865,1152.461105805311,1319.862731103978,403.2181878988688,149.64079543325784,10.697411957242533,573.9848778957313,455.60079851330335,565.8744743522998
E10000028,2020,872087,22.130704849401493,34.01747761404539,2403.0,2.755459031037041,12.5,0.014333432329572623,7.58912529750707,0.867691338,Staffordshire,98.0,2609014.0,17793924.0,178.0,106348.0,389226.0,48183.0,1098830.0,1178950.0,355749.0,130679.0,8846.0,443373.0,406385.0,496943.0,20403.84044252466,0.20410807637311415,121.94654891083115,446.3155625528187,55.25022159486382,1260.0004357363428,1351.8720035959716,407.9283374250505,149.84628827169766,10.143483390991953,508.4045513807682,465.9913517802696,569.8319089723847
E10000028,2021,877808,22.260448754169477,34.12887556276544,2359.0,2.6873758270601313,128.08333333333334,0.14591269768939602,7.73709866829017,0.919314682,Staffordshire,98.0,2620012.0,17845001.0,125.0,103365.0,378654.0,47339.0,1137382.0,1190143.0,356582.0,129622.0,8214.0,452199.0,420736.0,494154.0,20329.048037839708,0.14240016039954068,117.75354063758817,431.36312268742137,53.92864954523085,1295.707033884403,1355.8124327871244,406.21867196471214,147.6655487304741,9.357399340174616,515.1456810600952,479.30299108688916,562.940870896597
E10000028,2022,886397,22.389741842537823,34.29772438309245,3599.0,4.060257424156444,402.25,0.45380343119392325,7.99312484789487,0.931643248,Staffordshire,93.0,2636403.0,18395751.0,144.0,111754.0,385626.0,45989.0,1166836.0,1242175.0,366218.0,134492.0,7846.0,525613.0,436690.0,496361.0,20753.3994361443,0.162455423472778,126.07669024150577,435.04885508412144,51.88307270895547,1316.3808090505722,1401.3754559187362,413.15347412051256,151.72885287292263,8.85156425394039,592.9769617902588,492.65735330782934,559.9759475720248
E10000028,2023,897673,22.45561579773481,34.664404521468285,5915.0,6.589259117741093,996.6666666666666,1.1102780930992318,8.2157629250878,1.012871623,Staffordshire,100.0,2662182.0,19180375.0,151.0,112316.0,394404.0,44945.0,1215167.0,1342251.0,384589.0,138189.0,7128.0,532631.0,456487.0,502032.0,21366.77275578078,0.16821270106152242,125.11905783063543,439.36266324151444,50.06834337225248,1353.6855848399139,1495.256067632646,428.4288376725155,153.9413572648392,7.940530683222064,593.3463521794686,508.5225911885508,559.2593293994584
E10000028,2024,906397,22.651663674968034,34.875446410347784,4787.0,5.281350225122105,282.91666666666663,0.31213327787566225,8.414216501,1.064799547,Staffordshire,112.0,2691527.0,20138741.0,94.0,112470.0,412832.0,44021.0,1263103.0,1465296.0,401167.0,146492.0,5399.0,547465.0,473626.0,517298.0,22218.455047843276,0.10370731588917438,124.0847001920792,455.46487907616637,48.56701864635475,1393.5427853357855,1616.6161185440817,442.59524248204707,161.6201289280525,5.9565510477197074,604.0013371624133,522.5370339928309,570.7190116472142
E10000028,2025,913073,22.85490864366814,34.996325594996236,,,624.5,0.6839540759610677,,,Staffordshire,,,,,,,,,,,,,,,,,,,,,,,,,,,,
E10000029,2011,730133,20.042649763810154,36.06630572786054,,,,,,0.725118756,Suffolk,104.0,2172292.0,,,,,,,,,,,,,,,,,,,,,,,,,,
E10000029,2012,732697,20.861283723012377,35.67245396118723,3476.0,4.744116599358262,,,5.79896273474707,0.799601674,Suffolk,93.0,2186806.0,,,,,,,,,,,,,,,,,,,,,,,,,,
E10000029,2013,734875,21.457390712706243,35.30001700969552,3560.0,4.844361285932981,,,6.0774239289841,0.910628319,Suffolk,87.0,2197705.0,,,,,,,,,,,,,,,,,,,,,,,,,,
E10000029,2014,740175,21.91049413989935,34.900935589556525,4009.0,5.416286688958692,74.25,0.10031411490525889,6.17495319460819,0.903019607,Suffolk,90.0,2207747.0,15705112.0,544.0,131715.0,302733.0,63605.0,797766.0,1001473.0,253994.0,91309.0,11375.0,538319.0,249524.0,532124.0,21218.10652886142,0.7349613267132772,177.95116019860168,409.0019252203871,85.93238085587868,1077.8072753065153,1353.0219204917755,343.1539838551694,123.36136724423278,15.367987300300605,727.2861147701557,337.1148714830952,718.9164724558382
E10000029,2015,744501,22.214745178314065,34.6089528422393,4604.0,6.184007811943839,71.75,0.09637327552279984,6.34434860323944,0.980573893,Suffolk,85.0,2219551.0,16045065.0,522.0,135541.0,314205.0,63779.0,851476.0,1028081.0,264478.0,93871.0,11728.0,527538.0,266621.0,558968.0,21551.435122316827,0.7011407640822511,182.05616916565592,422.03435589744004,85.66677546437144,1143.6868452829478,1380.8994212230743,355.2419674385931,126.0857943777107,15.752833105664061,708.5793034529167,358.1204054796434,750.7954992672945
E10000029,2016,747783,22.525652495443197,34.124605667687014,5225.0,6.9873211880986865,77.25,0.10330537067571742,6.53850891870019,1.020378232,Suffolk,90.0,2232459.0,16371973.0,515.0,137563.0,327995.0,63779.0,886869.0,1053210.0,279170.0,96136.0,11060.0,526527.0,278557.0,586195.0,21894.01604476165,0.6887024711714494,183.96112241118078,438.623236955106,85.29078623076481,1185.9978095249558,1408.443358567927,373.3302308289972,128.56136071560866,14.790387050788798,704.1173709485239,372.5104742953504,783.9105729870831
E10000029,2017,753590,22.703592138961504,33.91233960110936,4499.0,5.970089836648576,76.5,0.10151408590878329,6.62315706703362,1.043948531,Suffolk,77.0,2245874.0,16537784.0,572.0,140259.0,336374.0,63537.0,909598.0,1083810.0,284102.0,99377.0,10980.0,521519.0,287467.0,597683.0,21945.333669501983,0.7590334266643666,186.12110033307235,446.3620801762231,84.31242452792632,1207.0197322151303,1438.1958359320056,376.9981024164333,131.87144203081252,14.570257036319484,692.046072798206,381.4633952149046,793.1142929178997
E10000029,2018,755345,22.97519676439243,33.66130708484203,4687.0,6.205111571533537,94.75,0.1254393687652662,6.84358807047173,1.087135673,Suffolk,69.0,2256718.0,16713863.0,496.0,138444.0,342575.0,63617.0,935626.0,1113915.0,292247.0,104136.0,11025.0,494558.0,300746.0,617944.0,22127.455665953967,0.6566535821379634,183.28578331755688,453.53447762280814,84.22244140094924,1238.6737186318835,1474.7102317484064,386.9053214094222,137.8654786885463,14.595979320707755,654.7445207156994,398.1571334952902,818.0950426626243
E10000029,2019,757321,23.295141690247597,33.494647580088234,3954.0,5.221035729895249,81.75,0.10794630018182515,7.10396054655907,1.11981535,Suffolk,60.0,2266256.0,17045517.0,973.0,141265.0,350633.0,65791.0,985377.0,1151155.0,303293.0,108521.0,8972.0,476522.0,308264.0,637467.0,22507.65131298353,1.2847920498705305,186.53252715823277,462.9912546991302,86.87333376467839,1301.1351857402606,1520.035757624574,400.4814338965907,143.29590754779016,11.847023917202877,629.2206343149073,407.0453612140691,841.7395001591135
E10000029,2020,756668,23.50740351118324,33.45826703389069,3088.0,4.0810500774447975,81.75,0.10803945719919436,7.25163850513451,1.120273232,Suffolk,67.0,2269334.0,17548433.0,536.0,128686.0,380516.0,69099.0,1088583.0,1213004.0,320966.0,111505.0,8493.0,424120.0,324624.0,660146.0,23191.720807540427,0.7083687958259104,170.0693038426364,502.88369535912716,91.32010340069886,1438.6534120644721,1603.08616196271,424.18339350943876,147.3631764525525,11.224209296547496,560.5100255329946,429.01774622423574,872.4381102412154
E10000029,2021,763349,23.643313870850687,33.65472411701594,3039.0,3.981140998416189,77.75,0.1018538047472388,7.47561973353399,1.148852944,Suffolk,66.0,2277338.0,17838087.0,322.0,126989.0,372616.0,70421.0,1146030.0,1247593.0,330383.0,113092.0,8140.0,430620.0,339878.0,665465.0,23368.193316556386,0.4218254035834199,166.35772104240655,488.1332129864583,92.2526917569814,1501.3185318903934,1634.3677662510856,432.80727426118324,148.15241783247242,10.663536599903845,564.1194263698518,445.2458835997689,871.7703173777655
E10000029,2022,769034,23.919618638447716,33.514252945903564,4900.0,6.371629862918934,181.25,0.23568528829674631,7.67434293236308,1.186259747,Suffolk,75.0,2288829.0,18436833.0,386.0,136608.0,379529.0,70879.0,1182451.0,1320261.0,341925.0,119506.0,8453.0,506214.0,346664.0,679043.0,23974.015453152915,0.5019283932830018,177.63583924767957,493.51394086607354,92.16627613343493,1537.5796128649708,1716.778451928003,444.6162328323585,155.3975506934674,10.991711679847706,658.2465794750298,450.77850914263865,882.981766735931
E10000029,2023,778217,24.073491069971485,33.6425444316945,6605.0,8.487349929389874,411.5833333333333,0.5288799053905702,8.02696796419114,1.21251142,Suffolk,82.0,2310173.0,19115679.0,407.0,138100.0,383617.0,71789.0,1226838.0,1432645.0,357415.0,124648.0,8741.0,533519.0,355519.0,693520.0,24563.430251459427,0.5229903741501406,177.45693039345068,492.94348491487597,92.248049066006,1576.4728860973225,1840.9325419516665,459.2742127195885,160.17126328517625,11.232085652202406,685.5658511700465,456.8378742690021,891.1653176427654
E10000029,2024,785501,24.3322414611821,33.67239507015268,5478.0,6.973893094980146,82.75,0.10534677868010353,8.327298848,1.289362192,Suffolk,94.0,2333055.0,19878439.0,270.0,140921.0,391707.0,73010.0,1266786.0,1557857.0,377626.0,132238.0,8087.0,537670.0,368785.0,707567.0,25306.70107358234,0.3437296706178604,179.4026996782945,498.6715484767047,92.94704908077775,1612.7108686048778,1983.2654573323268,480.74540961755616,168.34860808579495,10.29534017143199,684.4930814855742,469.4901725141025,900.7843401854358
E10000029,2025,789850,24.651136291700954,33.62448566183453,,,155.58333333333331,0.19697832921862798,,,Suffolk,,,,,,,,,,,,,,,,,,,,,,,,,,,,
E10000030,2011,1135367,17.275559356578093,38.06716242413246,,,,,,1.31403482,Surrey,274.0,3374836.0,,,,,,,,,,,,,,,,,,,,,,,,,,
E10000030,2012,1145011,17.722973840425986,37.64470385000668,11399.0,9.95536287424313,,,4.88591385650351,1.315470099,Surrey,284.0,3406182.0,,,,,,,,,,,,,,,,,,,,,,,,,,
E10000030,2013,1156631,17.99320613056368,37.36680064774332,11444.0,9.894253223370288,,,4.93959937642321,1.390975952,Surrey,255.0,3437009.0,,,,,,,,,,,,,,,,,,,,,,,,,,
E10000030,2014,1166995,18.23298300335477,37.14651733726365,13220.0,11.328240480893236,11.75,0.01006859498112674,5.04627728786844,1.424817562,Surrey,232.0,3468637.0,16367638.0,773.0,137573.0,312145.0,66450.0,744177.0,918224.0,258677.0,106129.0,17850.0,748986.0,333937.0,515786.0,14025.456835719091,0.6623850145030613,117.88653764583395,267.4775813092601,56.94111799964867,637.6865367889322,786.8277070595847,221.66076118578056,90.94212057463828,15.29569535430743,641.8073770667397,286.15118316702296,441.97790050514357
E10000030,2015,1174418,18.339722313520397,36.936167531492195,13570.0,11.554659414280096,17.5,0.014900997770810732,5.20803082224933,1.47112751,Surrey,202.0,3498044.0,16410747.0,752.0,138774.0,313018.0,67660.0,776871.0,925188.0,269089.0,109663.0,16395.0,702189.0,358622.0,523663.0,13973.514540819368,0.6403171613514098,118.16406083694221,266.5303154413505,57.61151480988881,661.494459383286,787.784247176048,229.12540509426796,93.37646391659528,13.960106197282398,597.903812782161,305.3614641464964,445.8914968946321
E10000030,2016,1182180,18.43754758158656,36.615997563822766,15034.0,12.717183508433571,28.0,0.023685056421187973,5.31612329777616,1.523542285,Surrey,207.0,3523593.0,16699727.0,594.0,140521.0,323309.0,67830.0,804485.0,935889.0,278766.0,112851.0,15058.0,703094.0,380437.0,541854.0,14126.21343619415,0.5024615540780593,118.86599333434842,273.4854252313523,57.37704918032787,680.5097362499789,791.663706034614,235.80672993960312,95.46008222098158,12.737484985366018,594.7436092642406,321.80970748955315,458.35152007308534
E10000030,2017,1185103,18.539654359156966,36.291697852422956,13366.0,11.278344582707158,34.08333333333333,0.028759806812853676,5.42041128338723,1.437013865,Surrey,191.0,3541701.0,16824034.0,548.0,141002.0,328849.0,68722.0,822216.0,962575.0,286230.0,116287.0,14107.0,673006.0,402649.0,555827.0,14196.263109620008,0.46240706503991635,118.97868792839103,277.4855856410793,57.98820861984148,693.7928601986494,812.22897925328,241.52331063207163,98.12396053338823,11.903606690726459,567.8881919968137,339.7586538891556,469.01155426996644
E10000030,2018,1186752,18.674836865663593,36.031790972334576,13585.0,11.447210537669202,36.58333333333333,0.03082643495299214,5.57073072678622,1.381418705,Surrey,166.0,3554035.0,16791161.0,515.0,137996.0,326213.0,68344.0,827401.0,973705.0,289333.0,118790.0,13436.0,649816.0,413309.0,568593.0,14148.837330798684,0.433957558108181,116.28040230814862,274.8788289381437,57.58911718707868,697.197898128674,820.4789206169444,243.80241196138704,100.09673461683654,11.321657768430136,547.558377824516,348.26905705657117,479.11695114059216
E10000030,2019,1192224,18.83010239686502,35.921018197922535,13887.0,11.64797890329334,38.916666666666664,0.03264207620939242,5.77746429829178,1.577618718,Surrey,151.0,3564079.0,17042174.0,315.0,141970.0,329996.0,68573.0,865974.0,990908.0,297314.0,123757.0,11939.0,641539.0,425157.0,585018.0,14294.439635504737,0.26421209437152754,119.07997154897066,276.79026760071935,57.516876023297634,726.3517594009179,831.1424698714336,249.3776337332582,103.80347988297501,10.014057760957671,538.1027390825885,356.608321926081,490.6947016668008
E10000030,2020,1195847,18.91596500221182,35.80692178848967,11745.0,9.821490541850252,34.0,0.02843173081506246,5.74926985781081,1.542544961,Surrey,135.0,3574823.0,17145691.0,264.0,131344.0,357920.0,70412.0,960680.0,1014984.0,303615.0,125445.0,11061.0,557110.0,443433.0,588878.0,14337.69621030115,0.2207640275051909,109.83344859334011,299.30250274491635,58.88044206324053,803.346916453359,848.7574079292752,253.89117504162323,104.90054329692678,9.24951101604135,465.8706339523367,370.8108144269292,492.435905262128
E10000030,2021,1205994,18.953908560075757,36.01203654412874,11792.0,9.777826423680382,151.0,0.12520791977406187,5.84509641870609,1.506150365,Surrey,157.0,3594065.0,17196034.0,272.0,127281.0,339081.0,69169.0,995849.0,1024859.0,301767.0,123315.0,9953.0,554530.0,461615.0,576243.0,14258.805599364507,0.22554009389764793,105.540326071274,281.1630903636336,57.35434836325885,825.7495476760249,849.8043937200351,250.22263792357174,102.25175249628107,8.252943215306212,459.8115745186129,382.76724428148066,477.8158100289056
E10000030,2022,1218503,19.061011749663315,35.940822468225356,19188.0,15.747191430796642,485.75,0.39864489459607405,6.00023202456776,1.587975144,Surrey,167.0,3619756.0,17731519.0,250.0,133290.0,339227.0,70050.0,1014230.0,1069530.0,309374.0,126499.0,9068.0,642831.0,467521.0,577599.0,14551.887849270786,0.205169786204876,109.38832321299168,278.39652425968586,57.48857409460625,832.3574090502855,877.740965758804,253.89678974938923,103.81509114052243,7.441918485223261,527.5579953434665,383.6847344651593,474.02345336860066
E10000030,2023,1236445,19.07792097505348,36.28353869359333,21822.0,17.648985599844714,1188.75,0.961425700293988,6.1526295128228,1.627214074,Surrey,179.0,3659043.0,18321760.0,219.0,133173.0,340320.0,70756.0,1043128.0,1162889.0,324348.0,130668.0,8836.0,661027.0,464793.0,574223.0,14818.09542680831,0.17712069683649495,107.7063678529979,275.240710262082,57.22535171398647,843.6509509116863,940.510091431483,262.3230309475957,105.68039823849827,7.146294416654198,534.6190085284828,375.91077645993147,464.41451095681566
E10000030,2024,1247792,19.2479996666111,36.31286304127611,19226.0,15.408016720735509,598.25,0.47944689499531973,6.326488826,1.676805496,Surrey,176.0,3701698.0,18904140.0,71.0,135705.0,346383.0,71295.0,1066557.0,1281939.0,337782.0,135836.0,7370.0,651337.0,475121.0,575931.0,15150.073089104595,0.05690050905920217,108.75610678702861,277.59674689371303,57.13692666726506,854.7554400092323,1027.365939194994,270.7037711413441,108.86109223332093,5.906433123469297,521.9916460435714,380.7693910523549,461.5600997602165
E10000030,2025,1255255,19.519699184627825,36.19041549326631,,,610.1666666666666,0.48608981176467464,,,Surrey,,,,,,,,,,,,,,,,,,,,,,,,,,,,
E10000031,2011,546554,18.351343142672086,37.74192486012361,,,,,,0.882063985,Warwickshire,142.0,1632851.0,,,,,,,,,,,,,,,,,,,,,,,,,,
E10000031,2012,550276,18.962666007603456,37.37578960376248,3300.0,5.996990601080185,,,5.69597197395412,0.906509876,Warwickshire,146.0,1640996.0,,,,,,,,,,,,,,,,,,,,,,,,,,
E10000031,2013,553178,19.418523513227207,36.9436239329836,3423.0,6.187881658345053,,,5.96549089579246,0.963729024,Warwickshire,142.0,1650008.0,,,,,,,,,,,,,,,,,,,,,,,,,,
E10000031,2014,557454,19.82495416662182,36.53270045600175,4441.0,7.966576614393294,4.5,0.008072414943654543,6.13081035198233,1.052312255,Warwickshire,151.0,1660908.0,11073760.0,404.0,94047.0,226282.0,35859.0,573658.0,727465.0,199158.0,73267.0,9575.0,385237.0,163885.0,349023.0,19864.8857125431,0.7247234749414302,168.70809071241752,405.920488506675,64.32638388100185,1029.0678692771062,1304.9776304412562,357.26355896630037,131.43147237260834,17.17630513010939,691.0650923663657,293.98838289796106,626.1018846398089
E10000031,2015,561471,20.04716183026372,36.278454274575175,4691.0,8.354839341657895,2.25,0.004007330743707155,6.30467059589472,1.094661355,Warwickshire,123.0,1672103.0,11271075.0,393.0,94624.0,229215.0,33789.0,603940.0,738630.0,206149.0,75674.0,9208.0,364922.0,182194.0,364032.0,20074.189049835164,0.6999471032341831,168.5287396855759,408.24014063059354,60.179421555164915,1075.638813046444,1315.5265365441849,367.15876688199387,134.77810964413123,16.39977843913577,649.93917762449,324.49405223065844,648.354055685868
E10000031,2016,566625,20.23331127288771,36.048532980366204,5561.0,9.814251047871167,1.0,0.0017648356496801235,6.37615048393456,1.208147407,Warwickshire,107.0,1685550.0,11548954.0,232.0,96574.0,232931.0,34495.0,628117.0,751023.0,214469.0,77082.0,8477.0,358947.0,201398.0,384923.0,20382.005735715862,0.40944187072578864,170.43723803220826,411.08493271564083,60.87800573571586,1108.5232737701301,1325.4321641297154,378.50253695124644,136.0370615486433,14.960511802338408,633.4824619457313,355.43437017427755,679.3258327818222
E10000031,2017,572303,20.37854073803562,35.81581784474308,4548.0,7.946839349086061,3.5,0.006115641539534127,6.45137729549249,1.239091516,Warwickshire,94.0,1700399.0,11689494.0,285.0,98187.0,236229.0,35524.0,644016.0,768290.0,218681.0,78558.0,8847.0,351947.0,216395.0,396728.0,20425.358595009984,0.49798795393349327,171.56471309778212,412.7691100693164,62.072014300117246,1125.306000492746,1342.453210973907,382.10703071624647,137.26644801792057,15.458594485788122,614.966197975548,378.1126431278536,693.2132104846559
E10000031,2018,578389,20.45854952289895,35.75724987854195,4448.0,7.69032606083449,4.25,0.007347995898953818,6.56729813236284,1.256429553,Warwickshire,91.0,1717317.0,11770266.0,332.0,95990.0,233588.0,32637.0,648486.0,777828.0,221183.0,79040.0,9091.0,341627.0,213739.0,406798.0,20350.08618766954,0.5740081502241571,165.96097090366519,403.859686128194,56.42742168333076,1121.1935220068153,1344.8181068450472,382.41218280430644,136.65543431842585,15.717795462915099,590.6526576404461,369.5419518697624,703.3294201653213
E10000031,2019,584155,20.61884260170674,35.65817291643485,3802.0,6.508546533026337,5.0,0.008559372084463885,6.72586101173193,1.21811676,Warwickshire,84.0,1734847.0,11948224.0,177.0,97971.0,234667.0,23171.0,675236.0,795277.0,227420.0,81212.0,8046.0,336774.0,215303.0,424142.0,20453.85899290428,0.30300177179002147,167.71404849740225,401.7204337889773,39.66584211382253,1155.919233765011,1361.4143506432367,389.31447988975526,139.02474514469617,13.773741558319282,576.5147948746479,368.57169758026555,726.0778389297361
E10000031,2020,589253,20.61508384344246,35.71963146560136,3235.0,5.4900017479758265,7.0,0.011879447368108436,6.75685720657103,1.234549046,Warwickshire,83.0,1751797.0,12048839.0,118.0,91698.0,254461.0,21217.0,730890.0,813781.0,233838.0,83689.0,7786.0,301461.0,222422.0,433029.0,20447.64982104461,0.20025354134811363,155.61736639440105,431.83657953374865,36.00660497273667,1240.3670409823965,1381.0383655238072,396.8380305233915,142.02558154137526,13.21333960115604,511.5985832910481,377.46434892991635,734.8778877663755
E10000031,2021,599115,20.607562821828864,36.01278552531651,3366.0,5.6182869732855965,50.25,0.08387371372774842,6.91940526054904,1.295985341,Warwickshire,85.0,1772523.0,12133970.0,89.0,88823.0,245248.0,19637.0,760887.0,825864.0,238695.0,83751.0,7642.0,304885.0,229477.0,431890.0,20253.156739524133,0.1485524481944201,148.25701242666267,409.3504585930915,32.7766789347621,1270.0182769585138,1378.4732480408604,398.4126586715405,139.7911920082121,12.755481001143353,508.89228278377277,383.02663094731395,720.879964614473
E10000031,2022,609185,20.625097466286924,36.23086582893538,5209.0,8.550768649917513,346.0,0.5679719625401152,7.16932132290909,1.269494772,Warwickshire,82.0,1797080.0,12574644.0,128.0,93496.0,249972.0,18703.0,785336.0,865664.0,246394.0,87460.0,7166.0,353103.0,237095.0,436981.0,20641.749222321625,0.2101167953905628,153.47718673309421,410.3384029482013,30.701675188982,1289.1584658190861,1421.019887226376,404.46498190204943,143.56886660045797,11.76325746694354,579.6318031468272,389.20032502441785,717.3206825512775
E10000031,2023,621265,20.5784970986616,36.50068811215826,6386.0,10.279027468149662,653.75,1.0522884759321707,7.41790327012916,1.365687251,Warwickshire,74.0,1828198.0,13165771.0,99.0,94482.0,252738.0,17452.0,814965.0,931090.0,259120.0,89972.0,7016.0,372067.0,244275.0,442911.0,21191.87625248485,0.15935228928074172,152.08003026083878,406.8119079619808,28.09107224775257,1311.7832165018149,1498.7002325899577,417.0844969537959,144.820648193605,11.293087490845291,598.8861435941184,393.18970165710283,712.9179979557838
E10000031,2024,633002,20.604990189604457,36.70699302687827,6057.0,9.568690146318653,687.75,1.0864894581691686,7.58900289,1.283418179,Warwickshire,75.0,1861290.0,13685451.0,75.0,93120.0,257693.0,19310.0,835363.0,1016090.0,270070.0,95531.0,5732.0,368736.0,256443.0,449014.0,21619.91747261462,0.11848303796828447,147.10853994142198,407.09666004214836,30.505432842234306,1319.6846139506667,1605.1924006559223,426.64952085459447,150.91737466864245,9.055263648456087,582.5194865103111,405.12194274267694,709.3405708038837
E10000031,2025,644021,20.66982287844651,36.93854703495693,,,1278.0,1.9844073407544165,,,Warwickshire,,,,,,,,,,,,,,,,,,,,,,,,,,,,
E10000032,2011,808919,20.7752568551363,35.5463278770804,,,,,,1.451555729,West Sussex,177.0,2408112.0,,,,,,,,,,,,,,,,,,,,,,,,,,
E10000032,2012,817521,21.34611832601242,35.15151292749666,5611.0,6.863432254339644,,,5.75900320447751,1.560334444,West Sussex,174.0,2429594.0,,,,,,,,,,,,,,,,,,,,,,,,,,
E10000032,2013,825301,21.735827292103124,34.8461955092748,5584.0,6.766016277697471,,,6.09052790597099,1.651179552,West Sussex,189.0,2451741.0,,,,,,,,,,,,,,,,,,,,,,,,,,
E10000032,2014,833969,22.071443902591103,34.455117636267055,6222.0,7.460708971196771,17.666666666666668,0.02118384096611105,6.22894313221285,1.701427817,West Sussex,153.0,2476791.0,15007289.0,723.0,134418.0,263526.0,54740.0,778993.0,869616.0,242287.0,99618.0,12311.0,525113.0,255053.0,478303.0,17995.020198592512,0.8669386991602805,161.17865292354992,315.99016270388944,65.6379313859388,934.079084474363,1042.7437950331487,290.5227892163857,119.45048317143683,14.761939592478857,629.6552989379701,305.8303126375201,573.5261142800272
E10000032,2015,842534,22.183674486726947,34.30769559448046,6516.0,7.733812522699381,21.75,0.025814981947316074,6.48271555851734,1.772017717,West Sussex,145.0,2501804.0,15172028.0,514.0,136472.0,267310.0,53976.0,815229.0,876863.0,246504.0,102074.0,11306.0,501459.0,276611.0,481575.0,18007.61512295053,0.6100644009618603,161.9780329339825,317.2690953718188,64.06388347532562,967.5918123185533,1040.7449432307776,292.5745429858024,121.15119389840648,13.419043029717495,595.1795417158239,328.3084124794964,571.5793071852294
E10000032,2016,851868,22.293242615053035,34.073354087722514,7731.0,9.075349702066518,19.0,0.022303925021247423,6.65317942447307,1.733019829,West Sussex,121.0,2528371.0,15565806.0,705.0,141607.0,276341.0,55139.0,847571.0,890797.0,255460.0,105919.0,10045.0,500029.0,302553.0,491885.0,18272.556311541226,0.8275930073673385,166.23115318335704,324.39415496297545,64.7271643024506,994.9557912728263,1045.6983945869547,299.88214136462454,124.33733864871083,11.791732991496335,586.979438128912,355.1641803659722,577.419271530331
E10000032,2017,859537,22.377396202839435,33.82181337161751,6814.0,7.927523771518853,11.583333333333332,0.013476247483625874,6.87825871058512,1.817007303,West Sussex,113.0,2553939.0,15540073.0,654.0,141872.0,280715.0,55067.0,859257.0,910221.0,257960.0,109067.0,10214.0,483308.0,327682.0,493563.0,18079.585870067254,0.7608747500107617,165.05630356808373,326.5886168949097,64.06588663431592,999.6742432262951,1058.966629708785,300.11506194614077,126.89040727740633,11.883141737935658,562.2887670920506,381.23082543276206,574.2196089289931
E10000032,2018,866248,22.47901293855801,33.68665786241353,6561.0,7.574043460995004,20.0,0.02308807639382717,7.05855154620842,1.845145702,West Sussex,105.0,2577653.0,15553977.0,430.0,138616.0,283110.0,55783.0,865359.0,931518.0,265822.0,111617.0,10419.0,469539.0,345807.0,496113.0,17955.57046019154,0.4963936424672842,160.01883987033736,326.82326539282053,64.39610827384305,998.9737350042944,1075.3479373112548,306.8659321579963,128.8510911424904,12.027733397364265,542.0376150940608,399.2009216760096,572.714742198539
E10000032,2019,871740,22.678895083396426,33.53258999242894,6003.0,6.886227544910179,25.416666666666668,0.029156246893186806,7.36891565808253,1.884352922,West Sussex,96.0,2597525.0,15698383.0,388.0,138556.0,285006.0,55959.0,899346.0,962620.0,271786.0,114042.0,9281.0,451401.0,356034.0,502834.0,18008.102186431734,0.44508683781861563,158.94188634225802,326.9392249982793,64.19230504508225,1031.6676990845895,1104.251267579783,311.77415284373785,130.82111638791383,10.646523045862297,517.816091954023,408.4176474636933,576.8164819785716
E10000032,2020,875354,22.78883743034247,33.54894134258826,4711.0,5.381822668314761,24.25,0.027703077840507954,7.37590367921739,1.946580291,West Sussex,94.0,2613342.0,15920737.0,350.0,132162.0,310821.0,57686.0,983973.0,1002706.0,281910.0,116514.0,8663.0,407697.0,376014.0,508553.0,18187.76974801052,0.3998382368733107,150.9812030332871,355.08034463771224,65.90019580649657,1124.0857984312634,1145.4862832636854,322.05256387701434,133.10500666016264,9.896567560095686,465.75099902439473,429.5564994276601,580.9683853618079
E10000032,2021,885048,22.903503538791117,33.72958302826513,4648.0,5.251692563567174,98.75,0.11157586933138089,7.47660082687462,1.894171715,West Sussex,103.0,2632142.0,16064763.0,373.0,128075.0,298014.0,58950.0,1026774.0,1022873.0,284427.0,115650.0,7948.0,417759.0,400359.0,500830.0,18151.290099520025,0.42144606846182353,144.70966546447198,336.720720232123,66.60655693250536,1160.133687664398,1155.7260171199755,321.36901049434607,130.67087886758685,8.98030389312218,472.0184667950213,452.3585161482767,565.8789127821316
E10000032,2022,893408,23.073892331387228,33.63569612092124,8116.0,9.084315340807336,337.75,0.3780467602707833,7.61616684558873,1.883743167,West Sussex,107.0,2653600.0,16640882.0,362.0,135713.0,302243.0,58663.0,1055193.0,1082312.0,293363.0,120036.0,7621.0,496992.0,410706.0,505581.0,18626.29616032093,0.40519001396898174,151.90484078942657,338.3034403094667,65.66204914216125,1181.08747627064,1211.4420287259572,328.3639725634872,134.35742684193562,8.530257172534833,556.2878326587628,459.70709910813423,565.9015813603639
E10000032,2023,904579,23.17884894519992,33.831318215435026,10998.0,12.158142074932096,1192.25,1.3180164474302412,7.76714043074108,1.98407793,West Sussex,111.0,2682279.0,17296005.0,399.0,137230.0,308906.0,59586.0,1090959.0,1184484.0,304812.0,123866.0,7506.0,525711.0,424239.0,510942.0,19120.50246578795,0.44108916965792927,151.70593170966825,341.491456246497,65.87152697553226,1206.040600102368,1309.4312381782022,336.96559393928004,136.9322082427295,8.297782725444653,581.1664873935831,468.990546983735,564.8395551963953
E10000032,2024,914100,23.4012690077672,33.873755606607595,10129.0,11.080844546548517,1145.25,1.2528716770594026,7.936006127,2.00325799,West Sussex,121.0,2712268.0,18033252.0,877.0,138366.0,313353.0,60680.0,1126735.0,1305193.0,318340.0,129731.0,6958.0,521078.0,440270.0,519152.0,19727.876599934363,0.9594136308937753,151.36855923859534,342.79947489333773,66.38223389125916,1232.616781533749,1427.8448747401815,348.25511432009625,141.92210917842687,7.611858658790067,570.0448528607374,481.64314626408486,567.9378623782956
E10000032,2025,921240,23.66202075463506,33.89963527419565,,,1216.0833333333335,1.3200505116292534,,,West Sussex,,,,,,,,,,,,,,,,,,,,,,,,,,,,
E10000034,2011,566557,19.445527987475224,36.05780177457873,,,,,,0.567882061,Worcestershire,61.0,1692933.0,,,,,,,,,,,,,,,,,,,,,,,,,,
E10000034,2012,570119,20.111590738073982,35.606250624869546,2477.0,4.344706982226517,,,6.27309675316965,0.61784935,Worcestershire,79.0,1700756.0,,,,,,,,,,,,,,,,,,,,,,,,,,
E10000034,2013,573870,20.612682314809973,35.265826755188456,2600.0,4.53064282851517,,,6.73899803306047,0.692230582,Worcestershire,95.0,1710546.0,,,,,,,,,,,,,,,,,,,,,,,,,,
E10000034,2014,578732,21.109252641982817,34.925837866231696,2970.0,5.131909070174105,9.25,0.01598321848454898,6.93054918671204,0.717186391,Worcestershire,97.0,1722721.0,10834806.0,517.0,102369.0,194742.0,41145.0,519061.0,612102.0,182645.0,80207.0,9488.0,409091.0,158170.0,334815.0,18721.629355211047,0.8933323196228997,176.88498303186967,336.4977226073554,71.0950837347857,896.8935534928085,1057.6605406302053,315.595128660589,138.59091945840217,16.394462376367645,706.8746846554192,273.30439650822836,578.5320320977585
E10000034,2015,582465,21.49159176946254,34.55795627205068,3270.0,5.61407123174783,10.0,0.01716841355274566,7.03034888191594,0.732803166,Worcestershire,78.0,1735067.0,11035866.0,607.0,102999.0,193490.0,42394.0,541543.0,621352.0,188693.0,82093.0,9281.0,393458.0,170461.0,348064.0,18946.8311400685,1.0421227026516613,176.832942751925,332.19163383207575,72.78377241550994,929.7434180594543,1066.762809782562,323.95594585082364,140.94065737855493,15.934004618303247,675.5049659636201,292.6544942614578,597.5706694822866
E10000034,2016,587962,21.76807344692344,34.179759916457186,3852.0,6.551443800789848,10.0,0.017007901871209364,7.02562922409825,0.763204813,Worcestershire,62.0,1749159.0,11300800.0,765.0,107608.0,198418.0,42851.0,557129.0,638238.0,192720.0,83208.0,9190.0,401426.0,185011.0,361860.0,19220.289746616276,1.3011044931475162,183.01863045570974,337.46738734816194,72.88056030831925,947.5595361605001,1085.508927447692,327.77628486194686,141.51934988995887,15.630261819641406,682.7414016552091,314.66489330943153,615.4479371115821
E10000034,2017,592040,22.03263293020742,33.87220458077157,3140.0,5.3036956962367405,9.0,0.015201675562461995,7.23192221506033,0.773567498,Worcestershire,55.0,1762467.0,11357829.0,603.0,108894.0,204379.0,41858.0,565001.0,661498.0,197116.0,84041.0,9177.0,391814.0,196956.0,369914.0,19184.22572799135,1.0185122626849537,183.93013985541518,345.2114721978245,70.70130396594824,954.3290993851766,1117.3197756908316,332.94372001891765,141.95155732720764,15.500641848523749,661.8032565367205,332.67346800891835,624.8125126680629
E10000034,2018,594992,22.313913464382715,33.60549385537957,2547.0,4.280729824938822,9.666666666666666,0.01624671704269413,7.34726111279257,0.829318285,Worcestershire,62.0,1774994.0,11328584.0,680.0,108376.0,206657.0,42170.0,567334.0,685316.0,201671.0,85551.0,8984.0,380437.0,206630.0,374854.0,19039.892973350903,1.1428725092102079,182.14698685024337,347.32735902331456,70.87490251969774,953.5153413827413,1151.8070831204452,338.9474144190174,143.78512652270956,15.099362680506628,639.3985129211821,347.2819802619195,630.0151934815931
E10000034,2019,598250,22.64254074383619,33.45691600501463,2649.0,4.427914751358128,7.0,0.011700793982448809,7.54494189612189,0.881880581,Worcestershire,55.0,1785282.0,11548818.0,503.0,111293.0,209503.0,43959.0,594952.0,704939.0,205576.0,87323.0,7585.0,377708.0,221117.0,386903.0,19304.3343083995,0.8407856247388216,186.03092352695361,350.1930631007104,73.47931466778103,994.4872544922691,1178.3351441704972,343.6289176765566,145.9640618470539,12.678646050982032,631.3547847889678,369.60635185959046,646.7246134559131
E10000034,2020,599819,22.82938686503762,33.4282508556748,2237.0,3.729458386613295,28.5,0.047514333490602995,7.52887731641783,0.897221684,Worcestershire,54.0,1793061.0,11627401.0,452.0,101279.0,226631.0,44755.0,651301.0,725844.0,208811.0,88570.0,7485.0,331496.0,229447.0,388302.0,19384.849429577924,0.7535606574650019,168.84926952964145,377.8323127476789,74.61417527620833,1085.8292251495866,1210.1050483562542,348.1233505440808,147.66121113202482,12.478764427268892,552.6600524491555,382.5270623304697,647.3652885287062
E10000034,2021,604902,22.970497700453958,33.59568988034425,2106.0,3.481555690012597,23.0,0.03802268797259722,7.67051628173779,0.848598003,Worcestershire,42.0,1802971.0,11672016.0,429.0,97118.0,219576.0,44490.0,682159.0,734667.0,208438.0,89188.0,7488.0,342558.0,232585.0,382817.0,19295.714016485315,0.7092057887062697,160.55162654446505,362.99433627265245,73.5491038217761,1127.718208899954,1214.5223523810469,344.58143633183556,147.44206499565217,12.378864675600344,566.3033020224764,384.5002992220227,632.8578844176412
E10000034,2022,609487,23.17719656038603,33.589887889323315,3548.0,5.821289051284113,162.25,0.2662074826862591,7.8065992973867,0.91694808,Worcestershire,45.0,1814275.0,12086839.0,340.0,102257.0,224089.0,44723.0,704630.0,776339.0,214882.0,92214.0,7162.0,390123.0,233901.0,379574.0,19831.167850996004,0.5578461886799883,167.77552269367519,367.66821933855846,73.37810322451504,1156.1034115575885,1273.7580949224512,352.56207269392127,151.29773071451893,11.750865892135517,640.0842019600091,383.7670040542292,622.7762035941702
E10000034,2023,615797,23.286894869575526,33.928875912029454,5639.0,9.15723850554647,526.25,0.8545835721836904,7.95853984828099,1.003904104,Worcestershire,49.0,1830117.0,12408140.0,284.0,101281.0,227410.0,45708.0,722155.0,830578.0,218453.0,94780.0,6920.0,404486.0,233457.0,372272.0,20149.72466575836,0.4611909444183716,164.4714085973137,369.2937770076827,74.22575946293989,1172.7160086846802,1348.7853951870504,354.74839922896666,153.91435814075095,11.237469490757507,656.8495786760898,379.11357151788656,604.5368847201269
E10000034,2024,620714,23.517755359150915,34.01824350667135,4863.0,7.834526045811758,203.25,0.3274454901935513,8.15546177,1.023504853,Worcestershire,63.0,1846575.0,12713651.0,208.0,100081.0,230930.0,45484.0,743594.0,899485.0,223379.0,98314.0,5708.0,403552.0,238393.0,370937.0,20482.301027526366,0.3350979678241509,161.23528710485022,372.03929668091905,73.2769036947773,1197.965568683806,1449.113440328396,359.874273820149,158.38856542626718,9.19586154009737,650.1416111123641,384.0625473245327,597.5972831287839
E10000034,2025,624209,23.825193164468953,34.0198555291577,,,280.5,0.4493687210533651,,,Worcestershire,,,,,,,,,,,,,,,,,,,,,,,,,,,,
