utla,year,population,pct_age_65plus,pct_age_15_44,intl_in_per_1000,hiv_prev,diabetes_prev,tb_count,ddd_antiproliferative,ddd_antituberculosis_active,ddd_antituberculosis_mdr,ddd_antituberculosis_rifamycin_isoniazid,ddd_il6_abatacept,ddd_jak_inhibitor_rheum,ddd_low_tb_risk_biologic,ddd_negative_control_levetiracetam,ddd_rituximab,ddd_ruxolitinib,ddd_systemic_glucocorticoid,ddd_tnf_inhibitor,ddd_transplant_cni_mtor,pred_mg_antiproliferative,pred_mg_antituberculosis_active,pred_mg_antituberculosis_mdr,pred_mg_antituberculosis_rifamycin_isoniazid,pred_mg_il6_abatacept,pred_mg_jak_inhibitor_rheum,pred_mg_low_tb_risk_biologic,pred_mg_negative_control_levetiracetam,pred_mg_rituximab,pred_mg_ruxolitinib,pred_mg_systemic_glucocorticoid,pred_mg_tnf_inhibitor,pred_mg_transplant_cni_mtor,pct_non_uk_born,principal_trust,rate_antituberculosis_active,rate_antituberculosis_rifamycin_isoniazid,rate_tnf_inhibitor,rate_il6_abatacept,rate_jak_inhibitor_rheum,rate_rituximab,rate_transplant_cni_mtor,rate_antiproliferative,rate_systemic_glucocorticoid,rate_low_tb_risk_biologic,rate_negative_control_levetiracetam,rate_glucocorticoid_pred_mg
E06000001,2011,92088,17.035878724698115,37.66071583702546,,0.499805629,,6,,,,,,,,,,,,,,,,,,,,,,,,,,,3.964996263524412,RVW,,,,,,,,,,,,
E06000001,2012,92344,17.51386121458893,37.25959455947327,1.55938664125444,0.557040989,6.01892787519252,5,,,,,,,,,,,,,,,,,,,,,,,,,,,3.964996263524412,RVW,,,,,,,,,,,,
E06000001,2013,92465,17.931109068296113,36.75877359000703,1.535716216946953,0.557465374,6.16733426308307,6,,,,,,,,,,,,,,,,,,,,,,,,,,,3.964996263524412,RVW,,,,,,,,,,,,
E06000001,2014,92358,18.429372658567747,36.31629095476299,1.7648714783776176,0.522836745,6.30165342483499,3,,,,,,,,,,,,,,,,,,,,,,,,,,,3.964996263524412,RVW,,,,,,,,,,,,
E06000001,2015,92125,18.629036635006784,35.96417910447761,1.3242876526458616,0.562239945,6.49360763190343,2,,,,,,,,,,,,,,,,,,,,,,,,,,,3.964996263524412,RVW,,,,,,,,,,,,
E06000001,2016,92260,18.753522653370908,35.59505744634728,1.7342293518317795,0.59975636,6.69988710242535,5,,,,,,,,,,,,,,,,,,,,,,,,,,,3.964996263524412,RVW,,,,,,,,,,,,
E06000001,2017,92306,18.96301432192924,35.19381188655125,1.700864515849457,0.603716612,6.86987347012705,2,,,,,,,,,,,,,,,,,,,,,,,,,,,3.964996263524412,RVW,,,,,,,,,,,,
E06000001,2018,92288,19.23868758668516,34.79000520110957,1.7553744798890432,0.814471066,7.07818718044483,4,,,,,,,,,,,,,,,,,,,,,,,,,,,3.964996263524412,RVW,,,,,,,,,,,,
E06000001,2019,92401,19.43485460114068,34.70741658640058,1.7965173537082932,0.875073731,7.27660887905756,1,47084.133423226296,742.0288713394053,,3106.197446305072,4955.486314043415,7671.35272258896,8477.046230723101,3662.211067742486,31367.054307335613,1019.7892791558266,169063.90568284836,73323.20338214518,13156.178216852151,0.0,0.0,,0.0,0.0,0.0,0.0,0.0,0.0,0.0,1750110.234678765,0.0,0.0,3.964996263524412,RVW,0.02200144816494174,0.09209997716341717,2.1740618469302926,0.14693212013934545,0.2274586283635654,0.9300455091242597,0.39008586359224157,1.3960630925753872,5.012811362352521,0.2513477580736347,0.10858599993632538,18940.381972909006
E06000001,2020,92202,19.611288258389187,34.83655452159389,1.854623543957832,0.799527884,7.57260878489327,5,47102.57940043513,675.3326365800143,8.170854501952062,3275.0230740492284,5826.608380073403,9787.848934304802,12809.74703546036,3961.9071142262596,24342.815392508495,1145.5391512353633,141711.18265925735,81569.86936252046,12570.590389264085,0.0,0.0,0.0,0.0,0.0,0.0,0.0,0.0,0.0,0.0,1466082.0750793915,0.0,0.0,3.964996263524412,RVW,0.020067096175669513,0.09731530722000885,2.423798769483218,0.1731341037107448,0.2908399435754908,0.7233318681913861,0.37352740362700015,1.3996243328877698,4.210861103932828,0.380633797069756,0.11772564628723949,15900.762186063117
E06000001,2021,92575,19.806643262219826,35.01701323251418,1.8471509586821493,0.972497761,7.92330556583194,3,51628.71367734513,532.4703348021611,9.454034644774719,3231.417103402244,8875.777724914336,13487.688783333424,18485.394892485838,5095.046835858644,24758.889930142457,1225.015079893542,161160.89362658956,89440.98416225042,13442.13448506699,0.0,0.0,0.0,0.0,0.0,0.0,0.0,0.0,0.0,0.0,1683288.3938699628,0.0,0.0,3.964996263524412,RVW,0.01575828069213518,0.09563270368423214,2.646975881451187,0.2626756602359238,0.3991636187862022,0.7327310305274125,0.39781545463151285,1.5279344382701956,4.76950251004449,0.547069052267457,0.15078619958962985,18182.969417985012
E06000001,2022,94058,19.940887537476875,35.46109847115609,12.38597461140998,1.020801187,8.38418880251196,1,57404.70397756711,743.0255784028733,6.377909874549614,3292.577511641267,5933.965660651768,14722.742079599582,23609.993411710268,5421.060724719308,25646.390771045226,1527.5522868126964,171446.41011985813,94118.6504966967,13516.492908114578,0.0,0.0,0.0,0.0,0.0,0.0,0.0,0.0,0.0,0.0,1773815.8801277608,0.0,0.0,3.964996263524412,RVW,0.02164288541296068,0.09590635890478731,2.7414926580334056,0.17284484218428234,0.4288447518566825,0.7470293255675593,0.39370906695328406,1.672087026966081,4.993899424920798,0.6877130436192611,0.15790492210779036,18858.745456290384
E06000001,2023,95717,19.95361325574349,36.08449909629429,10.562387036785523,1.045866013,8.6773652454748,5,59846.91663675263,1292.0267960481322,3.343734565175055,3612.818444819227,5508.235543914462,15852.376333034814,30394.859886967326,6115.90959558725,26879.850630167522,1866.893003532327,178312.12328135123,109828.77395637802,14927.515199807118,0.0,0.0,0.0,0.0,0.0,0.0,0.0,0.0,0.0,0.0,1847577.6088341821,0.0,0.0,3.964996263524412,RVW,0.036981930495395374,0.10341039444959756,3.143650036727219,0.157663281179907,0.4537456046022318,0.7693871139298204,0.4272731272112558,1.7130097596997953,5.103862063733579,0.8699978972535426,0.1750568519723669,19302.502260143778
E06000001,2024,97868,20.123022847100177,36.51142355008788,11.208975354559202,1.030567408,9.049566295,3,65336.63054896391,1272.2564433400855,10.719843326681467,4826.442180036965,5995.877074346979,17846.66092074309,37394.34129762625,6319.508028043857,36049.54878772464,2285.561534740988,191859.76812696047,116520.54979669699,14376.856216850587,0.0,0.0,0.0,0.0,0.0,0.0,0.0,0.0,0.0,0.0,2011302.4078620924,0.0,0.0,3.964996263524412,RVW,0.03561566693242633,0.13511187783928602,3.26188726656976,0.1678491486253214,0.49960110993065554,1.0091744706099701,0.4024670696188096,1.8290398011345421,5.3709404539567265,1.0468207190346472,0.1769089040828227,20551.175132444645
E06000002,2011,138368,15.057672294172065,40.96684204440333,,1.456925154,,18,,,,,,,,,,,,,,,,,,,,,,,,,,,12.288612519974984,RTR,,,,,,,,,,,,
E06000002,2012,138472,15.38939280143278,40.65731700271535,5.950661505575134,1.489407301,5.90844118971628,24,,,,,,,,,,,,,,,,,,,,,,,,,,,12.288612519974984,RTR,,,,,,,,,,,,
E06000002,2013,138588,15.626894103385574,40.30652004502554,6.75383150056282,1.387178183,6.05655427982874,14,,,,,,,,,,,,,,,,,,,,,,,,,,,12.288612519974984,RTR,,,,,,,,,,,,
E06000002,2014,139030,15.826799971229232,40.01798173056175,7.868805293821477,1.41990757,6.17588497685717,14,,,,,,,,,,,,,,,,,,,,,,,,,,,12.288612519974984,RTR,,,,,,,,,,,,
E06000002,2015,139602,15.90378361341528,39.64771278348448,8.524233177175113,1.448138595,6.33445405059238,13,,,,,,,,,,,,,,,,,,,,,,,,,,,12.288612519974984,RTR,,,,,,,,,,,,
E06000002,2016,140649,16.026420379810734,39.41798377521347,10.956352338089856,1.213694334,6.61411543187222,14,,,,,,,,,,,,,,,,,,,,,,,,,,,12.288612519974984,RTR,,,,,,,,,,,,
E06000002,2017,141213,16.230800280427438,39.05731058755214,7.251457018829711,1.342119575,6.85966415896899,19,,,,,,,,,,,,,,,,,,,,,,,,,,,12.288612519974984,RTR,,,,,,,,,,,,
E06000002,2018,141057,16.447251820186167,38.80417136334957,12.05895489057615,1.560880423,7.29953481037609,13,,,,,,,,,,,,,,,,,,,,,,,,,,,12.288612519974984,RTR,,,,,,,,,,,,
E06000002,2019,142134,16.64485626240027,38.87950806984958,17.005079713509787,1.555000544,7.46560660976655,13,78620.75925905589,1731.4463487701935,0.006109086086492175,8182.983614583923,12128.32721664046,9010.145922175603,38205.08801439868,7586.399912907056,73755.68049912661,1395.5748721522802,280734.8015444588,130498.2851135922,39234.04442978569,0.0,0.0,0.0,0.0,0.0,0.0,0.0,0.0,0.0,0.0,3000703.7984680496,0.0,0.0,12.288612519974984,RTR,0.033374763439906384,0.1577323736096985,2.5154399950498614,0.23378145794968438,0.17367646934323802,1.4216890929112929,0.7562619266631794,1.5154666753610646,5.411347338339583,0.736428117213694,0.14623283166333018,21111.794492999914
E06000002,2020,142459,16.762015737861418,38.99507928597,22.813581451505343,1.299592972,7.58310356578581,14,75749.7606181918,1311.8836347773986,64.32382571358907,8307.861965837668,12851.68695972165,12697.07806725111,53642.48926750414,7765.264131819844,58718.78935320502,1449.8508997879712,221160.9449639626,156855.58996936222,43474.834853808046,0.0,0.0,0.0,0.0,0.0,0.0,0.0,0.0,0.0,0.0,2365437.867842996,0.0,0.0,12.288612519974984,RTR,0.025229727424144213,0.15977415017534327,3.0165966515405436,0.24715954246141958,0.24418615357922466,1.1292610188772414,0.836094150497866,1.4567952234311068,4.25329671808409,1.03163523554538,0.14933908178185454,16604.341374311178
E06000002,2021,143943,16.9310074126564,39.430885836754825,25.16968522262285,1.356884956,7.80267636780811,10,80257.48456297233,889.6277842215856,45.044875259222955,6649.143594385279,15904.50980410628,13831.861228574922,66188.62340102899,8900.881748848824,62457.990297221026,1315.8927635274094,262762.72399714554,176999.9720842304,42614.88831581024,0.0,0.0,0.0,0.0,0.0,0.0,0.0,0.0,0.0,0.0,2830291.2521727122,0.0,0.0,12.288612519974984,RTR,0.016932649695557488,0.12655587118122535,3.3689129055789757,0.30271704399175275,0.26326747542620177,1.1887884901399999,0.8111066093762997,1.5275735489090063,5.001270460979571,1.2597951567592347,0.16941412499466016,19662.58346826669
E06000002,2022,149095,16.704785539421174,41.031557060934304,53.62352862269023,1.567507267,8.05889534238467,14,85292.68154968169,1166.340989597656,15.366747463548348,5471.3563033715445,13387.114607476342,14612.494949893931,77351.01671073871,10735.904774338956,61150.636844149536,1454.8698463650298,276191.78553734976,190259.77031950248,39575.368308412624,0.0,0.0,0.0,0.0,0.0,0.0,0.0,0.0,0.0,0.0,2948345.389210477,0.0,0.0,12.288612519974984,RTR,0.02143234022617107,0.10054004003830497,3.4961577833660806,0.24599769490494644,0.26851492497693036,1.1236861823255933,0.7272253703906284,1.5673133209575707,5.075219312451788,1.4213796151987073,0.19727983995382106,19774.944761464012
E06000002,2023,153186,16.666666666666668,42.21991565808886,54.8222422414581,1.580203772,8.35244886442752,13,91463.70705589159,1306.2675557906732,4.58098996114711,5686.587882785408,13243.37444776658,19470.713947370106,92338.98707152768,12479.664420973984,67578.62244989535,1458.74469946636,297803.30821951275,212491.76141820604,39693.43010476688,0.0,0.0,0.0,0.0,0.0,0.0,0.0,0.0,0.0,0.0,3223319.714433345,0.0,0.0,12.288612519974984,RTR,0.02336254763062101,0.10170441704561163,3.800407409064458,0.23685726936609033,0.3482330093717228,1.2086411997286377,0.7099155508643334,1.6358250674556725,5.326201314571876,1.651479418637235,0.22319834336901534,21041.86880284977
E06000002,2024,154700,16.8409825468649,42.41887524240465,49.67679379444085,1.709757686,9.07947945,18,91884.29420900675,1433.4825833831683,74.4764536592335,7563.374989857264,13075.737067432578,26467.232117007796,100895.74562941314,12905.340758562506,83598.05302386898,2532.696342408194,320167.1629427814,217808.8995867665,40218.08444946677,0.0,0.0,0.0,0.0,0.0,0.0,0.0,0.0,0.0,0.0,3463429.8771868306,0.0,0.0,12.288612519974984,RTR,0.025386874877282025,0.13394683461329954,3.857380162874082,0.23157037602487499,0.46873280351733,1.4805155895877833,0.7122594230010674,1.627264333247855,5.670137746814983,1.7868564987366293,0.2285526694807007,22388.040576514744
E06000003,2011,135164,19.550324050782752,35.854221538279425,,0.338228971,,4,,,,,,,,,,,,,,,,,,,,,,,,,,,2.915003478961442,RTR,,,,,,,,,,,,
E06000003,2012,134951,20.276989425791584,35.199442760705736,1.207845810701662,0.340782493,6.51420335334148,3,,,,,,,,,,,,,,,,,,,,,,,,,,,2.915003478961442,RTR,,,,,,,,,,,,
E06000003,2013,134838,20.727094735905307,34.72759904477966,1.023450362657411,0.369320065,6.69683245004312,4,,,,,,,,,,,,,,,,,,,,,,,,,,,2.915003478961442,RTR,,,,,,,,,,,,
E06000003,2014,135106,21.28328867703877,34.22793954376564,1.3396888369132385,0.371569604,6.88518459665801,6,,,,,,,,,,,,,,,,,,,,,,,,,,,2.915003478961442,RTR,,,,,,,,,,,,
E06000003,2015,135370,21.53505207948585,33.78887493536234,1.3223018394031174,0.372846156,7.06125183320961,2,,,,,,,,,,,,,,,,,,,,,,,,,,,2.915003478961442,RTR,,,,,,,,,,,,
E06000003,2016,135344,21.82364936753753,33.2825984158884,1.4851046222957798,0.347928494,7.40263277349069,4,,,,,,,,,,,,,,,,,,,,,,,,,,,2.915003478961442,RTR,,,,,,,,,,,,
E06000003,2017,135584,22.105853198017464,32.70887420344584,1.3497167807410904,0.403323382,7.66101389139455,3,,,,,,,,,,,,,,,,,,,,,,,,,,,2.915003478961442,RTR,,,,,,,,,,,,
E06000003,2018,136276,22.40746719891984,32.40335789133817,1.577680589392116,0.512792826,8.1873179475689,2,,,,,,,,,,,,,,,,,,,,,,,,,,,2.915003478961442,RTR,,,,,,,,,,,,
E06000003,2019,136699,22.78729178706501,32.29065318692895,1.6240060278421935,0.623297811,8.48525469168901,2,72493.81585134075,1601.830854228065,,7575.147464458417,11209.20942989923,8281.575389559663,35465.706767579366,7015.632688730142,68239.62229206262,1285.949278507161,258947.06996146406,120471.51921103436,36306.99470370949,0.0,0.0,,0.0,0.0,0.0,0.0,0.0,0.0,0.0,2768612.702176415,0.0,0.0,2.915003478961442,RTR,0.03210394869616175,0.1518213642363813,2.414494303122626,0.22465535828090716,0.16597961684159512,1.36766084092292,0.7276660280347871,1.4529235335537376,5.189826021343846,0.7108049064819519,0.1406075499891952,20253.350077004332
E06000003,2020,136571,23.04003046034663,32.1957077271163,1.274062575510174,0.531806111,8.64706985717731,3,69818.23394375817,1212.1628102876848,59.77341170883171,7690.174402742623,11869.869936330402,11687.091839635821,49785.292828567675,7178.162828030405,54332.94784644887,1334.0843165082124,203829.3597347429,144930.39586266587,40264.1999940773,0.0,0.0,0.0,0.0,0.0,0.0,0.0,0.0,0.0,0.0,2180812.221427625,0.0,0.0,2.915003478961442,RTR,0.024316977987919673,0.1542711920277229,2.907422349590571,0.23811930502364823,0.23445262682145104,1.0899633989656217,0.8077328034216795,1.4006109109739633,4.088983766780607,0.9987337175829498,0.14399982081738014,15968.340434115773
E06000003,2021,136605,23.37908568500421,32.250649683393725,1.1566194502397424,0.537960708,8.91302220917719,0,73951.5259445018,820.978514311344,41.68880099814673,6143.314645127445,14668.692988703504,12694.62560652104,61380.771987464,8218.396346523592,57823.64303300657,1207.5808564674155,242287.43824717466,163590.67290603265,39443.236539718775,0.0,0.0,0.0,0.0,0.0,0.0,0.0,0.0,0.0,0.0,2610485.7865307527,0.0,0.0,2.915003478961442,RTR,0.01646540173194776,0.12320924583833993,3.280945971231576,0.2941927452805585,0.2546011945554659,1.1597008880821078,0.7910666648560023,1.4831588916649856,4.859274555669199,1.2310420452823234,0.16482672211146912,19109.738197948485
E06000003,2022,137087,23.613471736926183,32.374331628819654,6.142084953350792,0.664249539,9.34780491691529,1,78535.50296285604,1075.9155806555914,14.221058498532361,5045.484116964524,12365.118546320165,13400.13474593008,71668.51060249508,9922.760254097193,56592.74048268485,1332.5734037816237,254616.54651286107,175830.22764864026,36609.50927162563,0.0,0.0,0.0,0.0,0.0,0.0,0.0,0.0,0.0,0.0,2718837.9096339173,0.0,0.0,2.915003478961442,RTR,0.021502505121596942,0.10083555812051609,3.5140213958447193,0.24712071249065143,0.26780583085234205,1.1310233943565053,0.731652347791651,1.569556278436842,5.0885903075221615,1.4323173155912106,0.19830942782155225,19832.937547936108
E06000003,2023,137810,23.80741600754662,32.665989405703506,5.993759523982295,0.690903544,9.76277211692449,3,84253.91949071997,1196.8976314658078,4.127006202998493,5239.4973546872525,12239.346069569572,17922.460505577495,85543.4598261601,11535.142506286582,62558.91866180768,1331.3963874592112,274659.1030178198,196348.49301271635,36690.99875193198,0.0,0.0,0.0,0.0,0.0,0.0,0.0,0.0,0.0,0.0,2974056.923737378,0.0,0.0,2.915003478961442,RTR,0.023794874051643624,0.10416361129900414,3.903498126022553,0.24332381529005237,0.35630673769777316,1.2437000051054543,0.7294338890636995,1.6750065752772572,5.460348981928063,1.7006432287884967,0.2293239253625268,21580.84989287699
E06000003,2024,138788,24.183647001181654,32.76075741418566,5.692134766694527,0.755546391,10.45154079,3,84538.815927631,1317.4853308107527,69.13056881286226,6972.244860934744,12077.068297802849,24401.784316318284,93394.08481814321,11930.618355478611,77327.02777451075,2324.8256860789356,295282.59100744507,201160.62193269623,37187.79399788996,0.0,0.0,0.0,0.0,0.0,0.0,0.0,0.0,0.0,0.0,3195189.726228544,0.0,0.0,2.915003478961442,RTR,0.02600764368343307,0.1376346709722001,3.97098446260792,0.23840575806369996,0.4817001729713769,1.5264638917997084,0.734100693990163,1.6688272352240592,5.82898665605382,1.843633491232774,0.23551478248442412,23022.08927449451
E06000004,2011,191824,15.744640920844107,39.29331053465677,,0.955002069,,11,,,,,,,,,,,,,,,,,,,,,,,,,,,6.232004964849269,RVW,,,,,,,,,,,,
E06000004,2012,192837,16.274366433827534,38.91680538485871,3.37590815040682,1.000017405,5.72392991437696,11,,,,,,,,,,,,,,,,,,,,,,,,,,,6.232004964849269,RVW,,,,,,,,,,,,
E06000004,2013,193923,16.649907437488075,38.43845237542736,4.073781861873012,1.045423627,5.9550209678811,10,,,,,,,,,,,,,,,,,,,,,,,,,,,6.232004964849269,RVW,,,,,,,,,,,,
E06000004,2014,195113,16.971191053389575,38.14097471721515,4.130939506849876,1.151209593,6.14292450181872,8,,,,,,,,,,,,,,,,,,,,,,,,,,,6.232004964849269,RVW,,,,,,,,,,,,
E06000004,2015,195790,17.222534348025945,37.70212983298432,4.101333060932632,1.145355225,6.34945693356908,9,,,,,,,,,,,,,,,,,,,,,,,,,,,6.232004964849269,RVW,,,,,,,,,,,,
E06000004,2016,196412,17.47856546443191,37.29812842392522,4.256359081929821,0.955327511,6.53785439161457,15,,,,,,,,,,,,,,,,,,,,,,,,,,,6.232004964849269,RVW,,,,,,,,,,,,
E06000004,2017,197046,17.72327273834536,36.88529581925033,4.110715264456015,1.041703463,6.7686760816408,7,,,,,,,,,,,,,,,,,,,,,,,,,,,6.232004964849269,RVW,,,,,,,,,,,,
E06000004,2018,197509,18.007280680880363,36.56187819289248,4.004880790242471,1.294693589,6.92178666832329,7,,,,,,,,,,,,,,,,,,,,,,,,,,,6.232004964849269,RVW,,,,,,,,,,,,
E06000004,2019,196860,18.436960276338517,36.0515086863761,2.677029360967185,1.269739032,7.03968553187018,7,98439.90749069279,1641.091646918017,,6963.14378151305,11019.848484583166,16010.581061821062,20950.427443465334,7848.395546366063,68294.34068699332,2165.265012494065,358967.70907139714,158059.4633953854,29899.048737870206,0.0,0.0,,0.0,0.0,0.0,0.0,0.0,0.0,0.0,3724595.896878542,0.0,0.0,6.232004964849269,RVW,0.022839284254828437,0.09690697069349125,2.199733951746327,0.1533646536177322,0.22282132301546698,0.9504611536324866,0.41610892015423245,1.3700008975252949,4.995799936696506,0.291569802661586,0.10922713375844682,18920.023858978675
E06000004,2020,196388,18.736379004827175,35.788337372955574,2.8871417805568567,0.962758362,7.09858668999593,4,98491.0555610442,1473.1720167751869,23.494694731937805,7352.849220573536,12735.559000596262,20463.35978160316,31094.619315186246,8485.879913237548,53883.54949492555,2410.6883616082796,298876.5332815041,176728.12558431295,28802.115038045653,0.0,0.0,0.0,0.0,0.0,0.0,0.0,0.0,0.0,0.0,3100753.3967758575,0.0,0.0,6.232004964849269,RVW,0.020551600490825776,0.10257649339640393,2.4654594243867947,0.17766840370789977,0.2854756879323202,0.7517066368606842,0.4018061399567372,1.374007110344942,4.169500260757278,0.4337878986996421,0.1183829259611815,15788.914784894481
E06000004,2021,197032,19.04157700272037,35.889094157294245,2.9690608632100366,1.057541132,7.3613154056017,6,107222.4538767157,1153.4025799063597,23.59930630277028,7092.499693078115,19021.58469512566,27814.80874007969,43741.3341810191,10823.068414157493,54852.677460503844,2551.192601771786,340675.34170094924,193966.61166644422,29939.457192858812,0.0,0.0,0.0,0.0,0.0,0.0,0.0,0.0,0.0,0.0,3569084.9794662874,0.0,0.0,6.232004964849269,RVW,0.016038039852595526,0.09862106667157208,2.6971018638018913,0.2644947555299502,0.3867643603692452,0.762725385272288,0.4163075546988378,1.490926081080435,4.737083826741574,0.6082223787446681,0.15049455027898248,18114.24022222932
E06000004,2022,200573,19.20248488081646,36.45555483539659,16.163691025212767,1.256919742,7.68970578464475,7,118691.67084417879,1579.1248668792193,14.103119022762147,7079.339420228345,12890.325229591383,30323.60405827018,54823.54217308758,11607.830078074352,56203.05259495335,3192.199333913806,362301.17360714916,204418.0637735042,29811.020838891443,0.0,0.0,0.0,0.0,0.0,0.0,0.0,0.0,0.0,0.0,3757894.5560518377,0.0,0.0,6.232004964849269,RVW,0.021570049300250936,0.09670020624101464,2.792247659407909,0.1760753418113459,0.4142051386923065,0.7677053542279909,0.4072035104206099,1.6212683653685451,4.9488513164188594,0.7488619375774377,0.15855710482719546,18735.79472836243
E06000004,2023,203361,19.386706398965387,36.934318773019406,15.361844208083165,1.189605474,7.96704599336178,15,124046.49890696781,2696.3222500518286,6.961069424242073,7710.277433418945,12002.17748865867,33193.86778213913,69709.45238999961,13101.484122810136,59280.1146345298,3854.5689063251025,378575.65168571274,237677.95794746012,32577.517176283673,0.0,0.0,0.0,0.0,0.0,0.0,0.0,0.0,0.0,0.0,3937619.5470892796,0.0,0.0,6.232004964849269,RVW,0.036325471681971165,0.10387462572858921,3.202051954540389,0.16169608750507541,0.44719539888528254,0.7986352986625483,0.4388917821796986,1.6711828800159594,5.100257995693505,0.9391417285934475,0.17650619857688982,19362.707436968147
E06000004,2024,206018,19.63129435292062,37.15743284567368,14.479317341203195,1.395853758,8.169772017,12,134882.93129048758,2623.3981643484203,29.611793727273643,10239.200060019366,12751.303884065936,38334.74329722924,84501.36216865016,13466.425024819828,79069.93541144615,4817.685458511144,407611.9589294104,251240.71852042995,31274.359562310663,0.0,0.0,0.0,0.0,0.0,0.0,0.0,0.0,0.0,0.0,4287577.949303538,0.0,0.0,6.232004964849269,RVW,0.034887205152421455,0.13616578601948687,3.341119395744114,0.16957294573497084,0.5097937751313555,1.0515098682219965,0.4159014109594449,1.79373781663828,5.420619037934981,1.1237395823858742,0.1790829691410104,20811.66669564571
E06000005,2011,105584,17.587892104864373,37.70741779057433,,0.87887764,,0,,,,,,,,,,,,,,,,,,,,,,,,,,,7.8214570617590855,RXP,,,,,,,,,,,,
E06000005,2012,105557,18.16269882622659,37.30875261706945,2.823119262578512,0.900193155,6.68420412098971,9,,,,,,,,,,,,,,,,,,,,,,,,,,,7.8214570617590855,RXP,,,,,,,,,,,,
E06000005,2013,105591,18.524306048810978,36.91602504001288,3.011620308549024,0.836929917,6.78637725079454,5,,,,,,,,,,,,,,,,,,,,,,,,,,,7.8214570617590855,RXP,,,,,,,,,,,,
E06000005,2014,105825,18.943538861327664,36.62650602409639,3.21285140562249,0.872686565,6.83158176430404,6,,,,,,,,,,,,,,,,,,,,,,,,,,,7.8214570617590855,RXP,,,,,,,,,,,,
E06000005,2015,105988,19.201230327961657,36.0465335698381,3.755142091557535,0.975383937,7.13599925967912,5,,,,,,,,,,,,,,,,,,,,,,,,,,,7.8214570617590855,RXP,,,,,,,,,,,,
E06000005,2016,106258,19.445124131830077,35.572850985337574,3.990287790095804,0.977695286,7.43655231126757,7,,,,,,,,,,,,,,,,,,,,,,,,,,,7.8214570617590855,RXP,,,,,,,,,,,,
E06000005,2017,106541,19.792380398156578,35.07851437474775,3.576088078767798,1.069179296,7.52498395525809,2,,,,,,,,,,,,,,,,,,,,,,,,,,,7.8214570617590855,RXP,,,,,,,,,,,,
E06000005,2018,106411,20.05901645506573,34.87797314187443,3.4582890866545752,1.20744586,7.69731433269389,5,,,,,,,,,,,,,,,,,,,,,,,,,,,7.8214570617590855,RXP,,,,,,,,,,,,
E06000005,2019,106532,20.348815379416514,34.733225697443025,3.182142454849247,1.279956937,7.80436336407883,2,18164.493267066973,294.2795029673362,0.029826714422285325,1598.6476861170358,10355.429302373283,6444.661540753903,41163.22668601288,3166.4863268170193,41765.18696240634,842.3665832125503,156981.75089245016,112329.7842512917,7470.502506295674,0.0,0.0,0.0,0.0,0.0,0.0,0.0,0.0,0.0,0.0,1622624.215597684,0.0,0.0,7.8214570617590855,RXP,0.007568103608391285,0.041113061561720884,2.888829962501246,0.26631471468276513,0.1657399369294634,1.0740920076598333,0.19212189909355615,0.46714353413308374,4.03716243707467,1.0586111546138526,0.08143379458733653,15231.331577344685
E06000005,2020,106827,20.4695442163498,34.70938994823406,3.641401518342741,1.123953581,7.98696922039991,8,16577.584515540755,272.5454467072044,8.191735175346311,1367.2546007468297,10454.339209425576,7730.583462052044,47733.986544624284,3108.07253820862,32173.315594510434,877.8736490380777,130833.10280978262,114553.65109732718,7876.258254373797,0.0,0.0,0.0,0.0,0.0,0.0,0.0,0.0,0.0,0.0,1349100.4735994693,0.0,0.0,7.8214570617590855,RXP,0.006989804581167129,0.03506513349382402,2.937886671391427,0.2681159747189657,0.19826149492123532,0.8251291351619571,0.2019975262621847,0.4251550616286595,3.3553957053282697,1.224204043245039,0.07971081494349576,12628.834223552747
E06000005,2021,108210,20.581277146289622,35.08363367526107,3.631827003049626,1.206970692,8.17777974720004,2,17674.628287972984,196.69697134670577,11.083114474437245,1376.5658699384417,11925.122731501899,9019.912807557212,52177.30693748881,3586.8473292845974,34036.886485550844,1006.9811493943428,151991.51535541465,113876.24078328305,8100.683059648327,0.0,0.0,0.0,0.0,0.0,0.0,0.0,0.0,0.0,0.0,1569159.6219845028,0.0,0.0,7.8214570617590855,RXP,0.004980092522953358,0.03485272472319657,2.883187328122336,0.3019274478089129,0.2283715911996894,0.8617664152668858,0.20509797817405595,0.44749689626773365,3.848212832111449,1.3210565184006442,0.09081396344461107,14501.059255008804
E06000005,2022,109364,20.7856332979774,35.23188617826707,8.05566731282689,1.214329123,8.52158304876981,1,18826.044672476808,249.50909390107785,8.223638388415228,1095.6066081691074,13356.90381411304,12032.283918761717,64634.69990767454,4613.420656719236,34371.45782880794,910.637558817935,157804.9045781649,133511.81330096818,7694.958213338038,0.0,0.0,0.0,0.0,0.0,0.0,0.0,0.0,0.0,0.0,1628331.620835438,0.0,0.0,7.8214570617590855,RXP,0.006250562878397736,0.027446526646696674,3.344663599225213,0.3346097164054646,0.30142607641696517,0.8610546213852132,0.19276980813445505,0.47161958763512896,3.9532405940139292,1.6191925095101427,0.1155728452557135,14889.1008086339
E06000005,2023,110776,21.02621506463494,35.51942659059724,10.33617390048386,1.238309383,8.73776992371019,1,19810.77879440697,307.3084741815976,4.563617756828777,1336.2227758581062,14364.160550303339,14719.031104085792,69440.7871461788,5399.1912651239745,39933.99928586712,742.5277806762563,159672.94979398,148046.5163081673,7983.954115723826,0.0,0.0,0.0,0.0,0.0,0.0,0.0,0.0,0.0,0.0,1652775.2270424203,0.0,0.0,7.8214570617590855,RXP,0.007600392008693778,0.03304763051039457,3.6615051454735585,0.35525623349262486,0.3640329368629819,0.9876527155841855,0.1974601618797758,0.48996268402945126,3.949051567323816,1.7174183208216507,0.13353348050079528,14919.975690063013
E06000005,2024,112150,21.29736959429336,35.79402585822559,10.726705305394562,1.375691891,9.529192215,4,27581.792795675792,286.8754931313315,11.394690144054263,1649.7834465106362,14780.359358852987,21696.689713193155,73633.81555311021,5855.12623388381,46674.47958371187,987.0103873535998,171950.67773030166,164563.36744996635,8145.647980302014,0.0,0.0,0.0,0.0,0.0,0.0,0.0,0.0,0.0,0.0,1788292.9888746892,0.0,0.0,7.8214570617590855,RXP,0.007008116407974435,0.040302761016267015,4.0201385729720185,0.3610712013351245,0.5300310790512499,1.140216553996589,0.19899102792375706,0.6737989799785218,4.200604076739241,1.7988094602534572,0.14303559283698591,15945.54604435746
E06000006,2011,125722,14.832726173621165,38.98840298436232,,0.532141328,,0,,,,,,,,,,,,,,,,,,,,,,,,,,,4.784621969726444,RBN,,,,,,,,,,,,
E06000006,2012,125596,15.596038090385044,38.36746393197235,1.9586611038568107,0.617192864,7.19779048056016,0,,,,,,,,,,,,,,,,,,,,,,,,,,,4.784621969726444,RBN,,,,,,,,,,,,
E06000006,2013,125889,16.08242181604429,38.03509440856627,1.827006330974112,0.633722126,7.33855523066338,2,,,,,,,,,,,,,,,,,,,,,,,,,,,4.784621969726444,RBN,,,,,,,,,,,,
E06000006,2014,126335,16.55993984248229,37.77575493726996,1.978865714172636,0.703615487,7.55536323396208,5,,,,,,,,,,,,,,,,,,,,,,,,,,,4.784621969726444,RBN,,,,,,,,,,,,
E06000006,2015,126464,16.932882085020243,37.411437246963565,2.522456983805668,0.760394335,7.97922067908671,2,,,,,,,,,,,,,,,,,,,,,,,,,,,4.784621969726444,RBN,,,,,,,,,,,,
E06000006,2016,126851,17.40151831676534,36.93545971257617,4.304262481178706,0.87274313,8.16499044215825,0,,,,,,,,,,,,,,,,,,,,,,,,,,,4.784621969726444,RBN,,,,,,,,,,,,
E06000006,2017,127038,17.730127993198884,36.452872368897495,3.14079251877391,0.973683119,8.167688224399,2,,,,,,,,,,,,,,,,,,,,,,,,,,,4.784621969726444,RBN,,,,,,,,,,,,
E06000006,2018,127873,17.95218693547504,36.24846527413919,3.2688683302964656,0.932989419,8.30829128158606,2,,,,,,,,,,,,,,,,,,,,,,,,,,,4.784621969726444,RBN,,,,,,,,,,,,
E06000006,2019,128456,18.23503767827116,36.32761412468083,4.0870025534035,0.958444595,8.37116806123598,1,63611.09240157444,446.1050686500393,5.51436434001637,3216.82846184158,7710.823044975608,4687.474858687767,19631.039822979146,6033.138582540632,42656.312278698664,707.5124809739675,205284.47999751088,89545.29129290528,8423.49523057674,0.0,0.0,0.0,0.0,0.0,0.0,0.0,0.0,0.0,0.0,2133070.492744705,0.0,0.0,4.784621969726444,RBN,0.009514586064756447,0.06860892961465148,1.909833446363283,0.16445742191080423,0.0999750644042876,0.9097792939429538,0.17965738560182304,1.3567055293934547,4.378333693014673,0.4186933327200604,0.12867555272997125,16605.456286547185
E06000006,2020,128508,18.4058580010583,36.45920876521306,2.6690945310797773,0.889448404,8.41262452285634,1,58981.171606681084,442.865014930434,13.941955628173302,2560.9174128598506,7620.850481263884,7399.368318080664,26784.18749615235,6517.395054161071,34850.02378182125,974.3736807371491,172689.99895480927,98557.63914090034,7885.505217131379,0.0,0.0,0.0,0.0,0.0,0.0,0.0,0.0,0.0,0.0,1802332.9902969098,0.0,0.0,4.784621969726444,RBN,0.00944165972568701,0.054597473231448534,2.10119937399346,0.16247270531345598,0.15775081681564015,0.7429850064623927,0.16811501138101695,1.2574489601986525,3.6816640583286384,0.5710254272566443,0.13894758972760657,14025.064511912953
E06000006,2021,128570,18.80376448627207,36.4634051489461,2.5822509138990437,0.967856288,8.44639997054438,0,64557.54977125031,382.0186355635189,15.772315497798678,2812.5922326377545,11642.761306496013,10628.068207375582,39767.3388998462,7119.736899098448,32426.315978653984,1196.732894798855,219643.44023167947,120298.43079101678,8357.351767641629,0.0,0.0,0.0,0.0,0.0,0.0,0.0,0.0,0.0,0.0,2301147.954168231,0.0,0.0,4.784621969726444,RBN,0.008140517996454549,0.059934138167636514,2.5634653643400225,0.24809812695170613,0.22647581153224097,0.690979403121459,0.17808862221297558,1.375670835912643,4.680429726606571,0.8474108534202083,0.1517160184388324,17898.016288156112
E06000006,2022,129362,18.94760439696356,36.64445509500472,12.128754966682642,1.051280618,8.59904973771662,4,66588.44740939983,497.4531521083832,10.766678400560698,2864.8228677990537,8890.734754134568,14421.801975502669,48002.38958546048,9051.406937609618,38485.83743050918,1130.026222168298,225356.0862076729,119563.43401955717,9296.385538820023,0.0,0.0,0.0,0.0,0.0,0.0,0.0,0.0,0.0,0.0,2386631.5440028,0.0,0.0,4.784621969726444,RBN,0.010535438136718247,0.060673379932220654,2.532204604971907,0.18829468784177622,0.3054358021231419,0.8150820990286615,0.1968858661850058,1.4102603739236128,4.772761203564743,1.0166308199049896,0.19169752455538103,18449.247414254573
E06000006,2023,130202,19.08112010568194,37.04397781908112,11.781693061550516,1.115206242,8.75316633830566,3,75018.45278268468,659.5840957636779,26.207793508767104,4417.8665944897475,10063.153286700048,16372.396214704188,60831.94762285154,10086.887518666934,47032.32151472033,1164.7553320029388,232910.67128293417,141530.08316712105,10024.208635791752,0.0,0.0,0.0,0.0,0.0,0.0,0.0,0.0,0.0,0.0,2477352.337026421,0.0,0.0,4.784621969726444,RBN,0.013879047283613425,0.09296127628218046,2.9780929057361667,0.21175007278890037,0.3445099156716905,0.9896597239888436,0.21093059479531073,1.5785472390884443,4.90093414980125,1.2800331039430521,0.21224949133131876,19026.99142122564
E06000006,2024,131247,19.374919045768664,37.20618376039072,11.65740931221285,1.123866081,8.900853531,4,77481.81871554503,1036.7467434075197,25.635071131994472,5095.303444076631,9963.080865702294,18048.973362114164,65461.93791800645,11231.186311326375,49188.878903177414,1302.9394295960542,241926.44012089507,142675.23789663851,10064.925017963278,0.0,0.0,0.0,0.0,0.0,0.0,0.0,0.0,0.0,0.0,2539671.058280817,0.0,0.0,4.784621969726444,RBN,0.021641653041463278,0.10636232038236033,2.9782856959055555,0.20797513056167533,0.3767647419596944,1.0267971975704373,0.21010108448586123,1.6174004387533039,5.050112876597416,1.3664904730609149,0.23444629938732844,19350.317022719126
E06000007,2011,202709,16.036781790645705,39.16747653039579,,0.649874151,,6,,,,,,,,,,,,,,,,,,,,,,,,,,,9.365298297003044,RWW,,,,,,,,,,,,
E06000007,2012,203914,16.657512480751688,38.6319723020489,5.178653746187118,0.689989388,6.09719055818635,9,,,,,,,,,,,,,,,,,,,,,,,,,,,9.365298297003044,RWW,,,,,,,,,,,,
E06000007,2013,205905,17.00298681430757,38.319127753090015,6.721546344187853,0.663961649,6.16099075689263,14,,,,,,,,,,,,,,,,,,,,,,,,,,,9.365298297003044,RWW,,,,,,,,,,,,
E06000007,2014,208056,17.326104510324143,37.98015918791095,7.195178221248126,0.718895495,6.23233766117159,9,,,,,,,,,,,,,,,,,,,,,,,,,,,9.365298297003044,RWW,,,,,,,,,,,,
E06000007,2015,209575,17.583204103542883,37.62089943934152,6.198258380054873,0.905257821,6.68014696816512,8,,,,,,,,,,,,,,,,,,,,,,,,,,,9.365298297003044,RWW,,,,,,,,,,,,
E06000007,2016,210873,17.818307701792072,37.17023990743244,7.222356584294812,0.986249566,6.81467287495347,9,,,,,,,,,,,,,,,,,,,,,,,,,,,9.365298297003044,RWW,,,,,,,,,,,,
E06000007,2017,212137,18.01430207837388,36.87334128417014,6.868203095169631,1.012253165,6.73903391432052,5,,,,,,,,,,,,,,,,,,,,,,,,,,,9.365298297003044,RWW,,,,,,,,,,,,
E06000007,2018,212008,18.285159050601862,36.43588921172786,6.16486170333195,0.987053156,6.86699885879575,7,,,,,,,,,,,,,,,,,,,,,,,,,,,9.365298297003044,RWW,,,,,,,,,,,,
E06000007,2019,212245,18.622346816179416,36.24396334424839,5.649131899455818,1.032324076,6.89442525900345,7,78838.96326727892,864.5373690076065,7.680215157164259,5179.769224606887,13786.480069517562,7669.325966564688,35231.06713590718,9822.094974859267,80285.8690826223,835.9208075454499,347973.5884177744,163013.61380384944,14100.439776392117,0.0,0.0,0.0,0.0,0.0,0.0,0.0,0.0,0.0,0.0,3610459.1962079126,0.0,0.0,9.365298297003044,RWW,0.011159723581369121,0.06686211011127147,2.1042316217507673,0.17796027361139655,0.09899810107748559,1.0363555568228666,0.1820129654556248,1.0176784359413913,4.491753855379389,0.4547738302679693,0.12678672876246683,17010.80918847517
E06000007,2020,211627,18.838333482967677,36.00202242624996,4.824526171046228,1.082836986,6.96070210744033,2,65648.57183397486,778.9226377298181,19.41787164097508,3452.992239472389,12070.291047280863,11008.082296130386,47392.53256134277,11296.328847832709,65308.347516893,1646.214049401597,288969.418230619,176324.08263042357,13306.482196002,0.0,0.0,0.0,0.0,0.0,0.0,0.0,0.0,0.0,0.0,3025285.392309996,0.0,0.0,9.365298297003044,RWW,0.010083943088156569,0.04470248461152527,2.2826939777982798,0.15626215246870917,0.14251078349378582,0.8454827573907724,0.17226589993471975,0.8498873060384525,3.7410020283246994,0.6135443727056705,0.14624242728217937,14295.36586687897
E06000007,2021,211182,19.11242435434838,35.9864950611321,5.024102432972507,1.146648049,7.01049230582618,4,79416.72059571264,747.7542577841901,26.718183203698697,3819.77754534742,19688.508177729855,14161.156776992857,64814.55595551075,12411.418078184262,61792.26274976171,2112.513611601324,388432.20887808525,223766.16834896625,14843.397713102035,0.0,0.0,0.0,0.0,0.0,0.0,0.0,0.0,0.0,0.0,4082917.0399506465,0.0,0.0,9.365298297003044,RWW,0.009700835308636465,0.049555094467596414,2.902984134427271,0.2554247913891822,0.18371684045032452,0.8016491488256213,0.19256775222128125,1.030296409857895,5.039244976099759,0.8408582450469685,0.16101696709809693,19333.641313893448
E06000007,2022,211546,19.43974360186437,35.67971032305031,10.929065073317387,1.207110405,7.0927742940731,6,82233.3858012543,979.4564724362912,26.705601146034248,4461.192503826772,15452.707347841126,18660.79354443665,76467.88563389677,15771.920332775979,73513.75408077397,1876.618220505267,401366.17827423505,222920.91964887435,15955.947629895658,0.0,0.0,0.0,0.0,0.0,0.0,0.0,0.0,0.0,0.0,4255413.077774464,0.0,0.0,9.365298297003044,RWW,0.012684911982436039,0.05777677297591899,2.887042277392881,0.20012755861435919,0.24167538864161864,0.9520744680909967,0.20664500871400432,1.0650021621807868,5.198081576276037,0.9903333389958875,0.20426167659867075,20115.781332544524
E06000007,2023,213242,19.639658228679156,35.72842123033924,13.121242531958996,1.323268771,7.1355321582166,9,99365.56059507652,1499.6631180314846,49.87900725952029,8246.298288815637,16846.586552784906,23446.60046070803,99649.14268685631,16555.40098816565,90791.91402831963,2199.3017876885597,409427.51898222597,271671.6887486276,17483.214994664715,0.0,0.0,0.0,0.0,0.0,0.0,0.0,0.0,0.0,0.0,4367124.133868761,0.0,0.0,9.365298297003044,RWW,0.019267621185313347,0.10594816242367681,3.4904286987159305,0.21644437611476863,0.30124113231064414,1.1664914507489226,0.224623756874654,1.2766453728123481,5.260310961669326,1.2802888259676968,0.2127032337966993,20479.66223290328
E06000007,2024,214640,19.922661200149086,35.84979500559076,11.130264629146478,1.332160115,7.289088147,11,101231.481181399,2314.5238355375204,46.732778791233414,9851.45091095867,16227.819361422016,28446.98901828539,110461.2383677308,19629.148182822402,94664.7182826164,2206.4783895454934,418327.8275958257,264445.7385618364,17480.0938056452,0.0,0.0,0.0,0.0,0.0,0.0,0.0,0.0,0.0,0.0,4389753.150001321,0.0,0.0,9.365298297003044,RWW,0.029543240743819792,0.12574672227161723,3.375460644670866,0.20713650331899497,0.36310546130488497,1.2083273972936706,0.22312089061065868,1.292147427248671,5.339655410216352,1.4099586739405745,0.25055203211012006,20451.701220654682
E06000008,2011,147657,12.969923539012711,41.75961857548237,,1.072779655,,42,,,,,,,,,,,,,,,,,,,,,,,,,,,18.091754502743328,RXR,,,,,,,,,,,,
E06000008,2012,148532,13.38634099049363,41.44830743543479,4.652196159750087,1.086046576,7.10030607098914,56,,,,,,,,,,,,,,,,,,,,,,,,,,,18.091754502743328,RXR,,,,,,,,,,,,
E06000008,2013,149148,13.603937028991336,41.027033550567225,4.860943492369995,1.057226658,7.57290249775591,59,,,,,,,,,,,,,,,,,,,,,,,,,,,18.091754502743328,RXR,,,,,,,,,,,,
E06000008,2014,149579,13.815442007233637,40.61131575956518,4.900420513574767,0.993411541,8.12160453491657,34,,,,,,,,,,,,,,,,,,,,,,,,,,,18.091754502743328,RXR,,,,,,,,,,,,
E06000008,2015,150490,13.965712007442354,40.33822845371785,5.694730546880192,0.981836021,8.1545552405355,35,,,,,,,,,,,,,,,,,,,,,,,,,,,18.091754502743328,RXR,,,,,,,,,,,,
E06000008,2016,151497,14.06694522003736,39.96316758747698,6.607391565509547,1.073549509,8.35109896709104,37,,,,,,,,,,,,,,,,,,,,,,,,,,,18.091754502743328,RXR,,,,,,,,,,,,
E06000008,2017,152312,14.153185566468828,39.64296969378644,5.961447555018646,1.018213391,8.25011323684835,32,,,,,,,,,,,,,,,,,,,,,,,,,,,18.091754502743328,RXR,,,,,,,,,,,,
E06000008,2018,152787,14.321244608507268,39.57208401238325,6.754501364644898,1.016329765,8.50391021050616,18,,,,,,,,,,,,,,,,,,,,,,,,,,,18.091754502743328,RXR,,,,,,,,,,,,
E06000008,2019,154066,14.396427505095218,39.64145236457103,7.840795503225891,1.048779607,8.84662121355444,37,39776.76359885288,3044.2968478430594,62.100495991531574,14001.211374325858,6538.9641381796355,4659.788545938218,29547.259378858704,8104.621417449856,41135.978806681785,505.96184496426395,244401.9436360923,139393.9081122433,12815.886273477825,0.0,0.0,0.0,0.0,0.0,0.0,0.0,0.0,0.0,0.0,2493952.8200404802,0.0,0.0,18.091754502743328,RXR,0.05413614495838839,0.24898084728188646,2.4788150410586054,0.11628114082009038,0.08286412291793498,0.7315131943396218,0.2279024391339457,0.7073425318850697,4.34615272757312,0.5254332270489075,0.14412292290050138,16187.561305158053
E06000008,2020,154564,14.4988483734893,39.78416707642142,6.773893015191118,0.967272043,8.82728933892833,30,88765.62304388083,3806.737904464787,126.99773496006462,10959.482847078689,7440.866568531063,9263.85900870214,35535.41134297688,8145.401942241483,32646.067071096106,763.622968733247,210463.08124989044,153299.35462104008,11997.274040902863,0.0,0.0,0.0,0.0,0.0,0.0,0.0,0.0,0.0,0.0,2153180.3415525714,0.0,0.0,18.091754502743328,RXR,0.06747637817565462,0.19426244405524773,2.7173095406334333,0.13189316919977936,0.16420664346341862,0.5786682516422883,0.21265782425195437,1.5734161110701994,3.730565859492179,0.6298833580304701,0.14438141937819407,13930.67170591193
E06000008,2021,154954,14.55270596435071,40.01574660867096,7.066613317500678,1.016893506,9.02841724307771,31,129026.62702248353,3086.6593148653496,65.91465758532402,12475.616530959203,10674.847953649945,14696.095461097591,42875.449765076955,10129.363356632699,34989.54744666817,529.7427200654661,241990.16428379543,174038.67206450415,12421.655498558988,0.0,0.0,0.0,0.0,0.0,0.0,0.0,0.0,0.0,0.0,2480597.731179962,0.0,0.0,18.091754502743328,RXR,0.05457491166826795,0.22058011614864056,3.077160187079898,0.18874090876726732,0.2598401798978007,0.618646655307305,0.21962603658353028,2.28130676381879,4.278603659553501,0.7580764979138653,0.1790962506881441,16008.607271706196
E06000008,2022,155987,14.6114740330925,40.17321956316873,14.21272285510972,1.03456533,9.33545310015898,18,130518.77215551666,2454.2809653255567,218.457401736141,11622.944997411716,7570.671941721877,15247.067292065176,55990.99633485651,10189.349979876773,33611.32531439413,551.7994771460526,242894.64404553652,176259.74180953432,13420.83447173715,0.0,0.0,0.0,0.0,0.0,0.0,0.0,0.0,0.0,0.0,2476126.1662120335,0.0,0.0,18.091754502743328,RXR,0.04310652451324854,0.20414319734603306,3.095792612319631,0.1329698434076018,0.26779659267469996,0.5903429310081096,0.2357209864386688,2.292406913001736,4.266155373248728,0.9834152202331669,0.1789638068693426,15873.926456769048
E06000008,2023,158543,14.449076906580547,40.57195839614489,16.22272821884284,1.173835278,9.57584930812545,24,138234.63858261972,2531.4858504305544,67.23666881853595,10585.633625010347,8412.939838950002,20818.737336639697,81163.61947710748,10632.120844835654,36028.93175098058,673.7666489792718,258141.8204808498,199828.40752349474,12253.606545038068,0.0,0.0,0.0,0.0,0.0,0.0,0.0,0.0,0.0,0.0,2648716.0294333436,0.0,0.0,18.091754502743328,RXR,0.043745719914549855,0.1829266253251954,3.453164687847871,0.14538106534945497,0.359761304748484,0.6226033445657079,0.21175028087601608,2.388784350066902,4.460858343358555,1.4025600673583734,0.18372995468124853,16706.60974898509
E06000008,2024,161618,14.335655681916618,40.97996510289696,18.84691061639174,1.151022434,9.778993781,39,136894.34371346288,3001.8068208797977,123.85500836425457,9439.054987107413,8911.686293413215,24397.85058320887,83918.74996331657,11008.994212423395,41345.39562789163,799.1538881003278,273281.7595410191,203915.46837287175,12393.461719564224,0.0,0.0,0.0,0.0,0.0,0.0,0.0,0.0,0.0,0.0,2789232.235819633,0.0,0.0,18.091754502743328,RXR,0.05088621487942561,0.1600095572412237,3.4567468728115656,0.15106967593995474,0.4135889953802594,0.7008814396587731,0.21009225236447493,2.3206140187060895,4.63263466586302,1.422579065828938,0.18662295028550147,17258.178147357554
E06000009,2011,142080,19.25323761261261,36.92074887387388,,3.611964703,,31,,,,,,,,,,,,,,,,,,,,,,,,,,,7.898636528003289,RXL,,,,,,,,,,,,
E06000009,2012,142565,19.628239750289342,36.55034545645846,3.401957002069232,3.593857288,6.9043058146972,20,,,,,,,,,,,,,,,,,,,,,,,,,,,7.898636528003289,RXL,,,,,,,,,,,,
E06000009,2013,142733,19.818121947972788,36.39522745265636,3.909397266224349,3.457355261,7.21296434780892,12,,,,,,,,,,,,,,,,,,,,,,,,,,,7.898636528003289,RXL,,,,,,,,,,,,
E06000009,2014,142253,20.11416279445776,36.05758753769692,4.365461536839294,3.863537788,7.42425129129145,19,,,,,,,,,,,,,,,,,,,,,,,,,,,7.898636528003289,RXL,,,,,,,,,,,,
E06000009,2015,141788,20.19352836629334,35.710356306598584,4.189353118740655,3.898684263,7.62126184619965,9,,,,,,,,,,,,,,,,,,,,,,,,,,,7.898636528003289,RXL,,,,,,,,,,,,
E06000009,2016,141996,20.24352798670385,35.358742499788725,5.126904983238965,4.063915253,7.78638545639102,14,,,,,,,,,,,,,,,,,,,,,,,,,,,7.898636528003289,RXL,,,,,,,,,,,,
E06000009,2017,142121,20.265829821067964,34.92094764320544,4.496168757607954,4.131079197,7.77270518340052,11,,,,,,,,,,,,,,,,,,,,,,,,,,,7.898636528003289,RXL,,,,,,,,,,,,
E06000009,2018,141880,20.28545249506625,34.66591485762616,4.41217930645616,4.515483379,8.10710405495391,6,,,,,,,,,,,,,,,,,,,,,,,,,,,7.898636528003289,RXL,,,,,,,,,,,,
E06000009,2019,142407,20.33678119755349,34.60293384454416,4.9576214652369615,4.905567646,8.21548162492048,5,20454.496675219685,1213.3846686592285,0.6803673491906811,4804.147261231768,5951.279833656328,5327.935422148583,39183.721442608374,7449.057291398666,50224.790256592016,1114.3061387645378,222183.4363009689,100757.47880016819,9713.033718781435,0.0,0.0,0.0,0.0,0.0,0.0,0.0,0.0,0.0,0.0,2253804.2665243,0.0,0.0,7.898636528003289,RXL,0.0233439476849487,0.09242556398945234,1.9384432445297526,0.11449490724889001,0.10250256903349049,0.9662598403628576,0.18686617430556574,0.3935179936267887,4.274521219394592,0.7538439928275876,0.14331020343675707,15826.499164537558
E06000009,2020,141560,20.464114156541395,34.71743430347556,5.022605255721955,4.702194214,8.24702723436901,1,19195.2687146927,594.394729201117,1.516724937484081,3595.58950497971,6597.3714399616065,10776.796247566544,44832.42786463717,8595.152568464233,41362.44717407515,1145.1167674277492,198234.0406795208,107505.32797923163,10633.44569693671,0.0,0.0,0.0,0.0,0.0,0.0,0.0,0.0,0.0,0.0,2019833.4009747051,0.0,0.0,7.898636528003289,RXL,0.011503805525148675,0.06958837348565515,2.0806382109959016,0.12768430521665836,0.20857211904079676,0.8005211435409575,0.20579773902806514,0.3715016763247241,3.8365849164015993,0.8676785072913012,0.16634899124944807,14268.390795243748
E06000009,2021,140976,20.827658608557485,34.77755078878674,5.454829190784247,4.399883747,8.60524477217545,3,22655.237757528288,1541.748577176684,2.4303325433039515,5200.249685460451,10944.079190015984,13049.625318894192,58635.352064840714,8662.646536106677,40842.664275133066,1204.0826527725533,223395.74280735283,117875.34539737862,11223.951214270763,0.0,0.0,0.0,0.0,0.0,0.0,0.0,0.0,0.0,0.0,2270547.8193008984,0.0,0.0,7.898636528003289,RXL,0.029962324825457205,0.1010615949680826,2.2907881609184546,0.21268711413845987,0.25360627435844885,0.7937358865539548,0.21812614396758806,0.44028164042938794,4.341470399068274,1.1395187845991217,0.1683497771330878,16105.917456169123
E06000009,2022,141442,20.82903239490392,34.86376041062768,9.806139619066473,4.212663174,9.03607414285223,24,23937.090905489164,2207.837141885017,4.603358638449906,5886.493918091188,8254.272275833357,11786.050370382536,61841.607510565496,8167.363454011959,42276.89018557588,726.5035445437132,233945.61734438565,117478.6651097287,10797.860421524128,0.0,0.0,0.0,0.0,0.0,0.0,0.0,0.0,0.0,0.0,2388397.3760577496,0.0,0.0,7.898636528003289,RXL,0.0427657193894088,0.11402115777145476,2.275557164526874,0.15988493227841988,0.2282953363212635,0.8189017151824637,0.20915413552588627,0.463660517907997,4.531517490094409,1.197869527246378,0.15820151178694977,16886.054892166045
E06000009,2023,142525,20.793544992106646,35.32152253990528,14.99386072618839,4.314368725,9.33708661631997,10,25311.18709065,1649.198491772316,6.809383183355439,6133.990533954591,8805.178173162729,20314.868440295293,79149.30656555232,7979.5293853001385,42844.332344274684,737.1160208101991,229106.89072999757,144817.3040324869,10525.636095849492,0.0,0.0,0.0,0.0,0.0,0.0,0.0,0.0,0.0,0.0,2345741.653084785,0.0,0.0,7.898636528003289,RXL,0.03170217177514766,0.11791232076957595,2.7837904723754185,0.16925996012548106,0.39050814810754747,0.8235869668483959,0.20233193591798587,0.4865512580710426,4.404070244441568,1.5214693229123912,0.1533886991284901,16458.457485246694
E06000009,2024,143353,20.952473962874866,35.74114249440193,15.472295661758038,4.122858524,9.55059997,1,26984.268116962674,1411.4049539264893,6.244868576569512,4604.131284158366,10518.126724970687,25765.20062324412,76818.61213975222,10153.99308716068,55503.293568859386,1684.5602232687002,243646.24305368305,138752.97122939,11695.086059927251,0.0,0.0,0.0,0.0,0.0,0.0,0.0,0.0,0.0,0.0,2487562.0687901396,0.0,0.0,7.898636528003289,RXL,0.026974412028139164,0.08799298454000018,2.6518114490513836,0.20101975925069512,0.4924179525270767,1.0607648113180403,0.22351350631680933,0.5157164599995027,4.656504946333418,1.4681377513397997,0.19406052990105524,17352.703248555244
E06000010,2011,256123,14.019435974121809,44.24592871393823,,0.98689723,,24,,,,,,,,,,,,,,,,,,,,,,,,,,,13.101149683556157,RWA,,,,,,,,,,,,
E06000010,2012,258085,14.292190557374507,43.94133715636321,9.33025941065928,1.022830844,6.11197666548778,25,,,,,,,,,,,,,,,,,,,,,,,,,,,13.101149683556157,RWA,,,,,,,,,,,,
E06000010,2013,259094,14.566142017954874,43.4000787359028,10.926536315005364,1.152619243,6.23130485783931,16,,,,,,,,,,,,,,,,,,,,,,,,,,,13.101149683556157,RWA,,,,,,,,,,,,
E06000010,2014,260896,14.631117380105485,43.04550472218815,11.046547283208636,1.06978631,6.34432612744453,18,,,,,,,,,,,,,,,,,,,,,,,,,,,13.101149683556157,RWA,,,,,,,,,,,,
E06000010,2015,262711,14.598931906163044,42.79417306469847,10.642873728165169,1.173298717,6.68925034044677,17,,,,,,,,,,,,,,,,,,,,,,,,,,,13.101149683556157,RWA,,,,,,,,,,,,
E06000010,2016,265338,14.649239837490295,42.49410186253006,12.316366295065162,1.245904088,6.78397363839639,13,,,,,,,,,,,,,,,,,,,,,,,,,,,13.101149683556157,RWA,,,,,,,,,,,,
E06000010,2017,267566,14.652833319629549,42.35553097179761,10.875821292690402,1.273336649,7.1974407610721,17,,,,,,,,,,,,,,,,,,,,,,,,,,,13.101149683556157,RWA,,,,,,,,,,,,
E06000010,2018,268223,14.79589744354511,41.99788981556392,10.800714330985784,1.238705516,7.41780205869616,19,,,,,,,,,,,,,,,,,,,,,,,,,,,13.101149683556157,RWA,,,,,,,,,,,,
E06000010,2019,268749,14.96414870380913,41.7489925543909,12.107952029588947,1.358454108,7.57699916399725,18,170016.04738513453,2557.7062815208824,204.79041062439126,10831.853083760216,16427.069163267155,5316.169388478078,105960.65244471197,19042.447600420415,89446.98766544997,1257.4162956349426,469365.70932138286,202437.0300578114,39276.628707196454,0.0,0.0,0.0,0.0,0.0,0.0,0.0,0.0,0.0,0.0,4922843.960757772,0.0,0.0,13.101149683556157,RWA,0.026074197373460836,0.11042388927408527,2.063717446979849,0.16746357731734057,0.05419498357078898,0.9118554494316815,0.40040038079220586,1.7332060401946017,4.784886456119166,1.0802018142682301,0.19412570583042288,18317.62708236225
E06000010,2020,267591,15.166803068862556,41.4445926806208,10.859857020602336,1.350944757,7.68448804515814,22,173738.56689025648,2624.0369477557033,458.80973214501034,7589.310679667991,16440.773319058455,8715.413968207115,142427.02134342658,18583.358425695347,85230.25448486066,1057.7032042103588,414020.26989274845,235195.51028764644,44961.996916850396,0.0,0.0,0.0,0.0,0.0,0.0,0.0,0.0,0.0,0.0,4355443.709828189,0.0,0.0,13.101149683556157,RWA,0.026866158886578267,0.07770303186239591,2.4080453418165972,0.1683285856877208,0.08923262175573421,0.8726285507878249,0.4603426617369433,1.7788194433741626,4.238939685173273,1.4582367022031792,0.1902654078624831,16276.495509296608
E06000010,2021,266516,15.427966801242702,41.26543997358508,9.309009590418588,1.339021564,7.89774972803612,20,181932.90628950796,3075.2146747483735,306.278817698835,9552.723803419492,23265.767642862284,14150.569519014804,171401.80300478934,20398.68429739981,89567.60394136564,2606.6452523374687,473594.94006571604,267286.06946111313,43721.165571174446,0.0,0.0,0.0,0.0,0.0,0.0,0.0,0.0,0.0,0.0,4932672.692505498,0.0,0.0,13.101149683556157,RWA,0.03161253239671209,0.09819990558452676,2.747642172564963,0.2391669886930871,0.14546475113591373,0.9207353244449447,0.44944399309419186,1.870230374917047,4.868452114476008,1.7619729428441042,0.20969400071382602,18507.979605372653
E06000010,2022,269026,15.512998743615858,41.62125593808777,24.09804256837629,1.362887383,8.12373739406183,14,184670.69511822044,3258.5067494039636,198.72653236971613,11867.936255803488,20911.270560230772,24435.074075847646,169448.9770129745,24108.26288120231,91890.71633137859,3360.0326695429803,512375.55195112043,280085.60629198945,45061.59509387992,0.0,0.0,0.0,0.0,0.0,0.0,0.0,0.0,0.0,0.0,5361110.6294086035,0.0,0.0,13.101149683556157,RWA,0.03318421175571016,0.12086152956040087,2.8523556290377337,0.21295767777021676,0.24884363751823188,0.9358031833698468,0.4589014627386926,1.880662500698567,5.217966425113267,1.7256464900726558,0.24551543453407937,19927.853179278598
E06000010,2023,273245,15.478782777360976,42.3026953832641,29.00327544877308,1.458118916,8.44122793065055,18,174116.14787638476,3974.1019734090205,319.03692443666546,15043.872578586266,20201.740805783822,40495.55127056344,182078.5695956007,26649.301747286103,83735.52458983449,3318.7370489740183,525173.6377872993,303131.4290586008,47426.4996162787,0.0,0.0,0.0,0.0,0.0,0.0,0.0,0.0,0.0,0.0,5521608.916535763,0.0,0.0,13.101149683556157,RWA,0.03984684298735387,0.15083931730278954,3.0393861403281845,0.20255534441376508,0.4060338370684289,0.839584973692228,0.47552787932831314,1.7457978814876083,5.265720815929899,1.8256341237802363,0.26720264088639506,20207.538716301355
E06000010,2024,274727,15.568546229529678,42.46615731253208,27.80942535680876,1.600038767,9.081334901,27,247547.9857903406,4553.548669000725,295.3339191959891,14475.170046711592,22946.180054970693,67087.87121780057,179013.34891575322,28483.36538825654,99683.20872422114,4914.081672133403,552551.7838268002,373383.64711202437,49147.11355979947,0.0,0.0,0.0,0.0,0.0,0.0,0.0,0.0,0.0,0.0,5854817.8967560185,0.0,0.0,13.101149683556157,RWA,0.045410446754346814,0.1443542139213727,3.7235833980545308,0.22883170101936506,0.6690364867598879,0.9940947975125207,0.49012156137267693,2.4686822179820815,5.510344828266129,1.7852178026769712,0.2840515038641004,21311.40330857913
E06000011,2011,334673,21.599591242795206,33.23632321699091,,0.380647868,,15,,,,,,,,,,,,,,,,,,,,,,,,,,,4.965519256618545,RWA,,,,,,,,,,,,
E06000011,2012,334972,22.594724335168312,32.68183609376306,3.254003319680451,0.392578095,6.49342383697908,6,,,,,,,,,,,,,,,,,,,,,,,,,,,4.965519256618545,RWA,,,,,,,,,,,,
E06000011,2013,334572,23.35580981074328,32.20831390552706,3.5268940616668463,0.43837297,6.75555828228936,4,,,,,,,,,,,,,,,,,,,,,,,,,,,4.965519256618545,RWA,,,,,,,,,,,,
E06000011,2014,335625,23.97765363128492,31.77564245810056,3.423463687150838,0.417899281,6.93712472771709,10,,,,,,,,,,,,,,,,,,,,,,,,,,,4.965519256618545,RWA,,,,,,,,,,,,
E06000011,2015,334735,24.607824099660927,31.170328767532524,3.650649020867253,0.450245142,7.28990245369119,3,,,,,,,,,,,,,,,,,,,,,,,,,,,4.965519256618545,RWA,,,,,,,,,,,,
E06000011,2016,336323,24.996506334684216,30.78826009520609,3.502585312333679,0.486560851,7.41822758070497,6,,,,,,,,,,,,,,,,,,,,,,,,,,,4.965519256618545,RWA,,,,,,,,,,,,
E06000011,2017,336697,25.386623581439693,30.32192149024197,3.044280168816473,0.558990419,7.63053114813269,7,,,,,,,,,,,,,,,,,,,,,,,,,,,4.965519256618545,RWA,,,,,,,,,,,,
E06000011,2018,337192,25.756542266720444,29.86636693634487,2.918218700325037,0.5624457,7.81439234435497,10,,,,,,,,,,,,,,,,,,,,,,,,,,,4.965519256618545,RWA,,,,,,,,,,,,
E06000011,2019,338944,26.13263547960725,29.796367541540786,2.7054616691842903,0.616487622,7.92552540978443,8,194240.61354668566,3055.3636123010992,183.50181421577065,12293.812999302605,19148.78067461587,12527.039503329699,120372.51210431365,21852.637001975556,115496.22850576538,2217.1910909632597,577734.0723294512,283195.1076792506,40779.94648741888,0.0,0.0,0.0,0.0,0.0,0.0,0.0,0.0,0.0,0.0,6038314.070804086,0.0,0.0,4.965519256618545,RWA,0.024696879755310125,0.09937240207864463,2.289100876075141,0.15478194866162778,0.10125760058743044,0.933570216034114,0.32962932162082526,1.5700707624606647,4.669895542848402,0.972985815932366,0.17663755181262059,17815.0788059505
E06000011,2020,341050,26.278551532033426,29.939598299369592,2.5656062160973465,0.616206229,7.92859279944151,5,197353.64715567484,2954.061859943654,410.5992541547248,9086.691813889616,19503.16692114459,18482.746498777393,159188.35867701404,21802.064940942382,102493.67143433113,1953.3853358313486,499985.62663631537,324550.33414083003,44640.54049905092,0.0,0.0,0.0,0.0,0.0,0.0,0.0,0.0,0.0,0.0,5265411.314835745,0.0,0.0,4.965519256618545,RWA,0.02373059716824275,0.072995297069201,2.6071807583817908,0.15667302164061903,0.1484757708268172,0.8233531132448031,0.35860680452230254,1.5853831511924283,4.016489179357989,1.2787934013372404,0.17514055056356884,15438.825142459302
E06000011,2021,343145,26.53834384881027,29.86142884203471,2.398403007474974,0.628706396,8.15339875072151,6,210905.6538053794,3369.009202967782,278.88155483963396,10877.221329962651,28501.03281398998,27095.700598448075,189114.79400522303,23752.20410519842,110397.67450249204,3425.8148725875994,570455.7095769587,364222.6643996275,43770.83521518261,0.0,0.0,0.0,0.0,0.0,0.0,0.0,0.0,0.0,0.0,5951836.114995013,0.0,0.0,4.965519256618545,RWA,0.026898722697144738,0.0868455212328879,2.9080135610999345,0.22755692610468378,0.2163365229280092,0.8814331614874421,0.34947353591033636,1.683905372527165,4.554612059057734,1.5099235696337725,0.18964149789466309,17344.959463186155
E06000011,2022,346506,26.7346019982338,29.969466618182658,3.7113354458508656,0.660968423,8.44207519813367,5,212953.61294375145,3752.3667937535142,214.08967424235203,13262.394545551244,24587.712013431574,37197.56365971592,186902.70093141642,27842.91015206291,113183.58259278222,4077.585524472874,605010.3794050948,373584.22055601433,46793.51883792553,0.0,0.0,0.0,0.0,0.0,0.0,0.0,0.0,0.0,0.0,6313048.973619214,0.0,0.0,4.965519256618545,RWA,0.029668914735062914,0.10486204429954518,2.95382594379962,0.19440816192893273,0.2941107320343376,0.8949109311339858,0.3699832657263325,1.6837646563415292,4.783647854010116,1.4777873812651083,0.22014610316153302,18219.16207401665
E06000011,2023,351030,26.89428253995385,30.22590661766801,4.395635700652366,0.651129365,8.7592551365559,12,208513.8504644659,4497.486662192398,289.7153795657931,16275.4809127612,24521.189377066392,56505.88838827062,209125.929437383,30227.62645692753,109360.71234977964,4277.9919553500185,622371.1940646569,422185.9107820676,48502.39977246391,0.0,0.0,0.0,0.0,0.0,0.0,0.0,0.0,0.0,0.0,6525370.079684444,0.0,0.0,4.965519256618545,RWA,0.03510207465538713,0.12702720184912739,3.2950851157167427,0.1913834736606159,0.4410182979191227,0.8535406945258135,0.3785525084689238,1.6274131076840086,4.857495254198364,1.6321902740029086,0.2359211889311067,18589.20912652606
E06000011,2024,355378,27.21946772169352,30.30350781421472,3.559590070291352,0.727434278,9.177914979,8,274679.4345554489,5443.153085367104,275.67781407478304,16545.797283762935,28039.653434534088,80733.4208199378,207868.7589222629,32616.059324095797,124897.92401209309,5529.307827896671,652913.488634643,486500.3425654515,50111.74544781695,0.0,0.0,0.0,0.0,0.0,0.0,0.0,0.0,0.0,0.0,6889352.515382154,0.0,0.0,4.965519256618545,RWA,0.04196305955655093,0.1275569997646568,3.7505913446084187,0.21616692173908353,0.622400526485037,0.9628792248924151,0.3863279473734736,2.1175942124788976,5.033525087234091,1.6025287133758706,0.2514479417447292,19385.984825684634
E06000012,2011,159735,17.850189376154255,37.84643315491282,,0.48481974,,7,,,,,,,,,,,,,,,,,,,,,,,,,,,6.563706563706562,RJL,,,,,,,,,,,,
E06000012,2012,159408,18.472096758004614,37.316822242296496,2.710027100271003,0.411478072,6.59174155955577,1,,,,,,,,,,,,,,,,,,,,,,,,,,,6.563706563706562,RJL,,,,,,,,,,,,
E06000012,2013,159456,18.858493879189243,36.91237708207907,3.129389925747542,0.412994087,6.86108254653973,2,,,,,,,,,,,,,,,,,,,,,,,,,,,6.563706563706562,RJL,,,,,,,,,,,,
E06000012,2014,159420,19.225944047170994,36.53493915443482,3.8514615481119057,0.415318698,7.04971975569688,5,,,,,,,,,,,,,,,,,,,,,,,,,,,6.563706563706562,RJL,,,,,,,,,,,,
E06000012,2015,159140,19.499183109212016,36.05944451426417,4.16614301872565,0.505616724,7.17524437639854,7,,,,,,,,,,,,,,,,,,,,,,,,,,,6.563706563706562,RJL,,,,,,,,,,,,
E06000012,2016,158877,19.729728028600743,35.46454175242483,5.324873959100437,0.543719471,7.24211806259228,8,,,,,,,,,,,,,,,,,,,,,,,,,,,6.563706563706562,RJL,,,,,,,,,,,,
E06000012,2017,158699,19.949716129276176,34.947920276750324,4.202925034184211,0.649045467,7.56914226171694,3,,,,,,,,,,,,,,,,,,,,,,,,,,,6.563706563706562,RJL,,,,,,,,,,,,
E06000012,2018,158460,20.18048718919601,34.59421936135302,4.73305566073457,0.666267633,7.68341407016055,2,,,,,,,,,,,,,,,,,,,,,,,,,,,6.563706563706562,RJL,,,,,,,,,,,,
E06000012,2019,157957,20.558759662439776,34.382775059035055,4.298638236988547,0.707633317,7.75372578785269,7,100910.68558037761,1404.5850342466088,14.013840020357012,4989.661558506789,10763.60079333539,7968.5996988669995,34691.048557959235,7359.86539862273,47457.01742112503,703.1579905033562,251395.1129438721,151444.95521350284,5231.5438484875895,0.0,0.0,0.0,0.0,0.0,0.0,0.0,0.0,0.0,0.0,2600650.919132358,0.0,0.0,6.563706563706562,RJL,0.024362188291864914,0.08654447501373555,2.6267761828627165,0.18669205696496366,0.1382134378146957,0.8231305090075239,0.0907398649326809,1.7502714772188757,4.3603875364358675,0.601707861328989,0.127655088351559,16464.296733493025
E06000012,2020,157313,20.8425241397723,34.33409826269921,3.566138844215037,0.781241,7.77013001201792,0,115347.89896056845,802.214690339916,30.443594163192447,3663.1180486898515,10956.02926699343,12240.204013623124,44291.66524411475,8294.8659757088,39766.185718255256,669.7281909977785,231173.9613878968,156976.6238211409,5018.272252690873,0.0,0.0,0.0,0.0,0.0,0.0,0.0,0.0,0.0,0.0,2506701.9629008104,0.0,0.0,6.563706563706562,RJL,0.01397118144517428,0.06379599816559503,2.7338677793680652,0.19080761627906168,0.21317250015431455,0.6925584918132458,0.08739704349457873,2.008871746059504,4.026071074043151,0.7713731736478728,0.14446142535849782,15934.487060197253
E06000012,2021,157188,21.01941624042548,34.481639819833575,4.4023716823167165,0.822292209,8.08484542404675,1,129817.99998438868,941.4874211424966,20.877125353173962,5669.1384098855615,15564.734202763466,12959.672217507135,54055.990054872695,7530.812266029728,36186.92351953308,1165.3900337114048,249374.1260445701,162882.9716125888,4730.078084396706,0.0,0.0,0.0,0.0,0.0,0.0,0.0,0.0,0.0,0.0,2706135.4336641952,0.0,0.0,6.563706563706562,RJL,0.01640976150960139,0.0988108892185217,2.8389871793445978,0.27128729549858394,0.22588207293712922,0.6307240770154138,0.08244343104717301,2.2626775159801435,4.34649453955616,0.9421749935749687,0.131259144290176,17215.916187394683
E06000012,2022,157860,21.21436716077537,34.53629798555682,6.036994805523881,0.953765631,8.32044008939316,1,139671.08919373376,945.1874913840824,14.183573451897065,5709.1267081983315,12531.893632652886,14213.01616854947,60826.833514572296,10225.965344121269,34519.37238510219,943.1185519549339,251094.8490409303,173723.33596212827,5402.908676664114,0.0,0.0,0.0,0.0,0.0,0.0,0.0,0.0,0.0,0.0,2638488.3353063418,0.0,0.0,6.563706563706562,RJL,0.01640412245607053,0.0990842711019879,3.015040827959719,0.21749623183804076,0.24667281340930614,0.5990980804059465,0.09376972966620525,2.4240499071265464,4.35785565224137,1.055675021817013,0.1774758862824745,16714.10322631662
E06000012,2023,158691,21.420874529746488,34.74047047406595,7.001027153398743,1.027377248,8.51784041556672,0,150257.8532939859,1629.0474761621192,24.057807730383804,7588.206710195358,11267.349805742117,14850.52910319447,65623.08498860933,10871.205819262932,36816.05826783043,1320.4451228464097,262092.13425892315,185759.0934148325,5934.278555925223,0.0,0.0,0.0,0.0,0.0,0.0,0.0,0.0,0.0,0.0,2745473.8333474305,0.0,0.0,6.563706563706562,RJL,0.028124744127311415,0.13100684616766395,3.207044023002789,0.19452553404150924,0.2563874517435922,0.6356120577887159,0.10245254874878704,2.5941316866764486,4.524898335792634,1.132951925070706,0.18768629306152973,17300.753245914577
E06000012,2024,159738,21.70742090172658,34.904656374813754,7.293192602887228,1.020810604,8.783307983,9,158228.2508568867,1673.888730008442,34.09059759261601,6405.902498874307,12426.755874447275,12741.839365929054,67445.30253878873,10572.250691262194,36854.56613777437,913.9375076691177,261523.6061077214,196912.98578871397,5539.289165301096,0.0,0.0,0.0,0.0,0.0,0.0,0.0,0.0,0.0,0.0,2730230.004573082,0.0,0.0,6.563706563706562,RJL,0.02870949004351547,0.10987002344548628,3.3773280765869518,0.21313592573673762,0.21854004023933463,0.6321064122256079,0.09500641487595347,2.713831756639969,4.485488928320835,1.1567795439482278,0.1813286155267983,17091.925556680828
E06000013,2011,167516,18.097375773060485,36.46935218128417,,0.569647133,,13,,,,,,,,,,,,,,,,,,,,,,,,,,,9.403623760742196,RJL,,,,,,,,,,,,
E06000013,2012,167974,18.789812709109743,35.92401204948385,4.304237560574851,0.59102267,6.92519226585399,19,,,,,,,,,,,,,,,,,,,,,,,,,,,9.403623760742196,RJL,,,,,,,,,,,,
E06000013,2013,168309,19.33229952052475,35.523947026005736,5.228478572150034,0.614557743,7.20327056672713,15,,,,,,,,,,,,,,,,,,,,,,,,,,,9.403623760742196,RJL,,,,,,,,,,,,
E06000013,2014,168816,19.76767604966354,35.07250497583168,6.036157710169652,0.626880646,7.44000658464546,6,,,,,,,,,,,,,,,,,,,,,,,,,,,9.403623760742196,RJL,,,,,,,,,,,,
E06000013,2015,169212,20.11973146112569,34.75817317920715,6.26433113490769,0.679731429,7.64721181490359,10,,,,,,,,,,,,,,,,,,,,,,,,,,,9.403623760742196,RJL,,,,,,,,,,,,
E06000013,2016,170174,20.434966563634863,34.463549073301444,6.922326559874011,0.742879868,7.81265278185196,6,,,,,,,,,,,,,,,,,,,,,,,,,,,9.403623760742196,RJL,,,,,,,,,,,,
E06000013,2017,170616,20.695011018896235,34.12634219533924,6.7285600412622495,0.799251199,7.91643611924587,8,,,,,,,,,,,,,,,,,,,,,,,,,,,9.403623760742196,RJL,,,,,,,,,,,,
E06000013,2018,170384,21.04364259554888,33.830054465208,6.596863555263405,0.769936621,7.98158507534595,4,,,,,,,,,,,,,,,,,,,,,,,,,,,9.403623760742196,RJL,,,,,,,,,,,,
E06000013,2019,170283,21.373830623139128,33.65338877045859,6.383491012021165,0.805443108,8.08641975308642,11,109523.90007782601,1525.6043100557822,20.6146666411069,5486.753866954907,11484.058155761495,8394.145131086103,38586.6396659814,8141.678166900269,51396.71241834571,788.6023494079375,272118.6336011167,161702.8397962694,7373.730486272829,0.0,0.0,0.0,0.0,0.0,0.0,0.0,0.0,0.0,0.0,2817952.935358425,0.0,0.0,9.403623760742196,RJL,0.02454583156139642,0.08827776334231205,2.6016776712524954,0.18476990086787026,0.1350555128426595,0.8269346366648093,0.11863780490274617,1.762157582760914,4.378185156573223,0.6208301533487709,0.130993508339345,16548.645110542013
E06000013,2020,170034,21.69918957384993,33.62856840396626,4.928426079489984,0.860877872,8.08261259360827,4,123503.99682490568,932.6335047764932,44.699718865272416,4046.2311108887566,11680.96126806454,12803.473149056686,49693.03901289154,9020.913185630425,43106.00859802942,755.0074866493576,249083.59748691635,168562.87551026893,7346.918182868299,0.0,0.0,0.0,0.0,0.0,0.0,0.0,0.0,0.0,0.0,2693441.7666929252,0.0,0.0,9.403623760742196,RJL,0.015027349159926165,0.06519616481037002,2.7160220737523555,0.1882131433191934,0.20629996722745195,0.6945590510911422,0.11837951801852843,1.9899967923402537,4.013437400947149,0.8006946396843361,0.14535228628134847,15840.606976798317
E06000013,2021,169929,22.077455878631664,33.59873829658269,4.896162514932708,0.937489927,8.34139770884553,11,138335.1143644219,1088.0291939060849,30.447178346153944,6126.947427602972,16543.74705062042,13783.26232012561,60723.48061093126,8366.601921922329,39985.83077245436,1314.6572497305006,269739.86711913225,176209.33763792558,7097.068734342167,0.0,0.0,0.0,0.0,0.0,0.0,0.0,0.0,0.0,0.0,2918023.5917061805,0.0,0.0,9.403623760742196,RJL,0.017542043448219913,0.09878335855503508,2.8409824608928225,0.2667310134542157,0.22222435558905237,0.6446823161108198,0.11442440036547362,2.230345104880175,4.348953589869681,0.9790306557675339,0.1348927907912278,17172.016499280173
E06000013,2022,170245,22.34838027548533,33.42183324033011,6.613997474228318,0.881959021,8.60967387895892,0,148310.60222317,1119.8255526156834,20.815435276982342,6334.052035839412,13396.086388843647,15436.162762025024,67778.94762481151,11160.123398370826,38417.72271592848,1101.9925225089223,272942.0368285539,187728.2063513855,7911.50600822976,0.0,0.0,0.0,0.0,0.0,0.0,0.0,0.0,0.0,0.0,2867739.9419315937,0.0,0.0,9.403623760742196,RJL,0.018021176613972262,0.10193290388250957,3.021080519354428,0.21558111277733333,0.24841174120978787,0.6182503735097079,0.12731862272992966,2.386739211429298,4.392413300067612,1.0907559512308251,0.17959811180053287,16844.78217822311
E06000013,2023,170649,22.6335929305182,33.4862788530844,7.260517201975985,0.943965733,8.81428636225207,7,158744.55150965968,1839.0456027558375,35.41453755916841,8348.832448555777,12143.787426379822,16754.120539328436,73565.23202220867,11914.368987669515,40709.90361026154,1456.134550307375,284455.3924924975,200752.70187259995,8572.357062154033,0.0,0.0,0.0,0.0,0.0,0.0,0.0,0.0,0.0,0.0,2981542.842246619,0.0,0.0,9.403623760742196,RJL,0.029525406556385626,0.13403836856756887,3.2230332576849836,0.1949653996403869,0.2689831180244194,0.6535870851506147,0.13762699904087405,2.5486031531302245,4.566858536793059,1.1810709754101312,0.19128214531308663,17471.78619415654
E06000013,2024,171424,22.97869609856263,33.595645883890235,6.416837782340862,0.943831086,9.029945658,4,169402.17686019998,1902.782370974462,47.80002084538131,7146.078434451939,13483.065272613765,15727.8915910679,75995.28873995904,11668.900627279972,41375.184064491325,1120.4766929906452,285214.9717972388,215578.32747725394,8261.595676421959,0.0,0.0,0.0,0.0,0.0,0.0,0.0,0.0,0.0,0.0,2981466.0613270174,0.0,0.0,9.403623760742196,RJL,0.03041057486834634,0.11420977856478814,3.4454076134742073,0.21548852469010213,0.2513657011161286,0.6612648676371994,0.1320381551155376,2.707412923754222,4.55835169892355,1.2145689665416495,0.18649425261148472,17392.349153718365
E06000014,2011,197783,17.035336707401544,43.63266812617869,,0.651768327,,6,,,,,,,,,,,,,,,,,,,,,,,,,,,10.777324182542502,RCB,,,,,,,,,,,,
E06000014,2012,199157,17.45557524967739,43.47323970535808,14.511164558614562,0.685970664,4.93490682471283,5,,,,,,,,,,,,,,,,,,,,,,,,,,,10.777324182542502,RCB,,,,,,,,,,,,
E06000014,2013,201168,17.703610912272328,43.43633182215859,15.55913465362284,0.724038064,4.74035381177557,11,,,,,,,,,,,,,,,,,,,,,,,,,,,10.777324182542502,RCB,,,,,,,,,,,,
E06000014,2014,202206,17.953967735873317,43.10307310366656,16.39911773142241,0.695921719,4.81542352024127,2,,,,,,,,,,,,,,,,,,,,,,,,,,,10.777324182542502,RCB,,,,,,,,,,,,
E06000014,2015,203212,18.127866464578865,42.84933960592878,16.741137334409384,0.656788766,4.90220628586347,2,,,,,,,,,,,,,,,,,,,,,,,,,,,10.777324182542502,RCB,,,,,,,,,,,,
E06000014,2016,202892,18.36839303668947,42.31364469767167,15.96415827139562,0.809981465,4.70877228525122,4,,,,,,,,,,,,,,,,,,,,,,,,,,,10.777324182542502,RCB,,,,,,,,,,,,
E06000014,2017,203546,18.530946321715977,42.164916038635,14.370216069094946,0.883625031,4.9580357608299,2,,,,,,,,,,,,,,,,,,,,,,,,,,,10.777324182542502,RCB,,,,,,,,,,,,
E06000014,2018,203906,18.66889645228684,42.18316282993144,14.49197179092327,0.799889266,5.01562073775175,4,,,,,,,,,,,,,,,,,,,,,,,,,,,10.777324182542502,RCB,,,,,,,,,,,,
E06000014,2019,203877,18.86529623253236,42.07340700520412,17.250597173786154,0.837257147,4.95791944726348,8,67001.80747266827,1398.1046858919156,7.7861462055475865,4696.958466901542,7106.106668498248,15609.483012413488,53914.432186315,9610.565844877716,70932.00935814722,2378.029160029065,300046.492185679,192353.26580989035,12760.878793546412,0.0,0.0,0.0,0.0,0.0,0.0,0.0,0.0,0.0,0.0,3112637.6397018535,0.0,0.0,10.777324182542502,RCB,0.01878791524774326,0.06311834763790956,2.5848685668036127,0.09549279905602832,0.20976229237885893,0.953193701173266,0.17148237301481215,0.9003791296493939,4.032064352871355,0.724509253683308,0.1291480519294801,15267.232888956838
E06000014,2020,202169,19.046935979304443,41.85706018232271,16.980842760264927,0.766830027,5.00302685176635,12,61383.74579528925,1258.2588171571072,17.027786805049896,4353.613599031028,7899.643100799161,21142.4745946827,66623.51485609393,10100.386355373596,52185.81668177671,2170.984240597596,236732.91015458546,221328.82891785615,10072.091585993365,0.0,0.0,0.0,0.0,0.0,0.0,0.0,0.0,0.0,0.0,2476151.619150591,0.0,0.0,10.777324182542502,RCB,0.017051498649978073,0.05899870153433992,2.999373559742621,0.1070532960563126,0.28651567713466225,0.707204567584772,0.13649358441934706,0.8318517973304071,3.208124467608857,0.902859378480027,0.13687702558050538,12247.929302467694
E06000014,2021,201851,19.322668701170667,41.96758995496678,16.32887625030344,0.807346046,5.14644968158693,4,71267.44798773476,1227.7004904635921,24.66817960046272,3625.9222084527064,13403.757871192873,30365.07199074408,73461.60182807507,11275.541776792363,63311.43881102246,2220.9508870903906,274180.8439020033,247081.16490583427,10703.485704306308,0.0,0.0,0.0,0.0,0.0,0.0,0.0,0.0,0.0,0.0,2835958.129135262,0.0,0.0,10.777324182542502,RCB,0.016663593381115206,0.049214685326382505,3.3536355944342544,0.18192936524782147,0.4121454838313067,0.8593269131316034,0.14527853896172171,0.9673139204570571,3.7214598602536717,0.9970951966681929,0.1530430628477599,14049.76011580454
E06000014,2022,204513,19.26723484570663,42.9092527125415,25.61206378078655,0.794325769,5.31521528761039,4,66329.47241884145,1735.5995325445122,96.3925927373912,4326.0932814580365,10159.264214745239,32619.713251623918,68521.61334524216,12248.77835313327,65854.80184353322,2348.0871935948476,275193.8299200527,237314.29228406478,15406.326765949625,0.0,0.0,0.0,0.0,0.0,0.0,0.0,0.0,0.0,0.0,2832099.598311557,0.0,0.0,10.777324182542502,RCB,0.023250684369456796,0.057953823767481795,3.1791433466039476,0.13609697470744217,0.4369848244449466,0.8822134272140013,0.20638841749551004,0.8885722764295112,3.686590575714519,0.9179389453052442,0.1640888200647361,13848.017477185103
E06000014,2023,206239,19.35085022716363,43.32643195515882,23.07032132622831,0.882383049,5.55085025129706,7,73298.36159552053,1693.3250192179353,20.141880134810812,4031.6034221457626,12031.768695540924,45284.11167611029,93158.61416666208,12350.013286110465,72494.71162719699,2810.818204532444,285859.6299205808,302484.7570803078,14241.418732692804,0.0,0.0,0.0,0.0,0.0,0.0,0.0,0.0,0.0,0.0,2965767.146261331,0.0,0.0,10.777324182542502,RCB,0.022494516691771892,0.05355674158523175,4.018276668641028,0.159832766115027,0.6015644925867732,0.9630363233611993,0.18918626238985536,0.9737121932749061,3.7974246785310433,1.2375403289807614,0.16406040001483138,14380.2440191299
E06000014,2024,208237,19.36831590927645,43.97681487920014,26.32577303745252,0.93177104,5.688985868,8,74625.62911333742,2782.917927551151,31.08332651598753,6551.104197254476,14181.617967872566,48489.89865991579,94491.725310706,14455.906764775327,76470.11790011366,2637.719915359487,302063.78360637184,302239.2758170966,14690.881438959042,0.0,0.0,0.0,0.0,0.0,0.0,0.0,0.0,0.0,0.0,3149659.2489972883,0.0,0.0,10.777324182542502,RCB,0.03661420726490648,0.08619136213741806,3.976492220200055,0.18658426627921604,0.6379703771396382,1.0060996476566533,0.19328452793558976,0.9818321354644239,3.974183309788706,1.2432057665420349,0.19019302051548517,15125.358360893062
E06000015,2011,248943,15.223163535427789,42.53905512506879,,1.930335402,,53,,,,,,,,,,,,,,,,,,,,,,,,,,,19.602570477756952,RTG,,,,,,,,,,,,
E06000015,2012,251804,15.433432352146909,42.40679258470874,8.824323680322792,1.856378436,6.94968081520708,34,,,,,,,,,,,,,,,,,,,,,,,,,,,19.602570477756952,RTG,,,,,,,,,,,,
E06000015,2013,253812,15.6052511307582,42.07838872866531,10.38169984082707,1.693368077,7.05307419859824,34,,,,,,,,,,,,,,,,,,,,,,,,,,,19.602570477756952,RTG,,,,,,,,,,,,
E06000015,2014,255320,15.778239072536424,41.68024439918533,9.783800720664264,2.151676655,7.13630838577837,37,,,,,,,,,,,,,,,,,,,,,,,,,,,19.602570477756952,RTG,,,,,,,,,,,,
E06000015,2015,257406,15.834518231898246,41.51729174922107,9.8676798520625,2.294560909,7.3191395314572,35,,,,,,,,,,,,,,,,,,,,,,,,,,,19.602570477756952,RTG,,,,,,,,,,,,
E06000015,2016,259883,15.869064155793184,41.20854384473013,10.758687563249616,2.443642378,7.32740326802009,28,,,,,,,,,,,,,,,,,,,,,,,,,,,19.602570477756952,RTG,,,,,,,,,,,,
E06000015,2017,261104,15.991329125559163,40.90515656596605,10.45560389729763,2.485751152,7.27950473034834,30,,,,,,,,,,,,,,,,,,,,,,,,,,,19.602570477756952,RTG,,,,,,,,,,,,
E06000015,2018,262395,16.009070294784582,40.87196783475295,11.947636197336076,2.718035221,7.27718218165092,29,,,,,,,,,,,,,,,,,,,,,,,,,,,19.602570477756952,RTG,,,,,,,,,,,,
E06000015,2019,263014,16.213205380702167,40.82254176583756,12.155246488780064,2.731933832,7.23052975400633,29,252356.785131502,2670.0145411674157,3.9228136564428215,12636.312108396662,11965.120504253231,10607.871510190631,52154.57865420815,13258.003649700688,100367.64099760422,1859.8581058540924,428176.6658804883,207255.72978793306,52157.97449553532,0.0,0.0,0.0,0.0,0.0,0.0,0.0,0.0,0.0,0.0,4428213.114055809,0.0,0.0,19.602570477756952,RTG,0.027812619601867285,0.13162810030526698,2.1589113782050156,0.12463652910661488,0.11049853495158111,1.0454950624286183,0.5433116117839377,2.6287134997189274,4.460168492312022,0.5432762384773115,0.13810404644016228,16836.41598567304
E06000015,2020,261999,16.273726235596317,40.72649132248596,12.198519841678785,2.715231895,7.26165506821913,27,251695.19779026834,2810.903159271581,9.671962321622358,12434.845174346754,14304.981883807719,12040.517254698814,65765.77610948929,13672.263628599663,78408.91222356664,1988.608528961865,367535.4023405403,223087.48000232148,51494.14862724034,0.0,0.0,0.0,0.0,0.0,0.0,0.0,0.0,0.0,0.0,3820430.2009745543,0.0,0.0,19.602570477756952,RTG,0.029393640990803542,0.13003129390117146,2.332827893804274,0.14958733120551718,0.1259078031062109,0.8199227386318754,0.5384748004866938,2.6319790699846166,3.8433211874178994,0.6877133443988288,0.14297099041107567,14581.85031612546
E06000015,2021,261260,16.48051749215341,40.55959580494527,11.6780218938988,2.563262463,7.45630037480513,42,284623.40027299145,3764.387539274008,7.867037823395363,14337.05716039873,18712.819669881166,13181.134647075072,91206.75584831247,14620.403807331479,71734.6728930164,2093.592951135632,418992.51997178426,231799.1385857933,50121.35522586311,0.0,0.0,0.0,0.0,0.0,0.0,0.0,0.0,0.0,0.0,4381671.248703345,0.0,0.0,19.602570477756952,RTG,0.03947558186694835,0.1503468141262599,2.4307821063758803,0.1962336335281514,0.13822513076329856,0.7522519727161668,0.5256020111793648,2.984728384499055,4.393802006627359,0.9564476876371774,0.15331815372427487,16771.305399614732
E06000015,2022,264414,16.45903772114941,40.88663989047478,24.82848865793793,2.610183001,7.53990744327333,31,337923.8385584738,3782.6430546834063,6.941981263394646,17516.27968094247,16004.94493986437,18899.955367151015,115640.81038406797,16687.90530546528,85570.6135215528,2070.7400649693022,439463.2454943888,245938.85229432603,51963.61130564923,0.0,0.0,0.0,0.0,0.0,0.0,0.0,0.0,0.0,0.0,4580809.022493331,0.0,0.0,19.602570477756952,RTG,0.03919386125269315,0.18149495618631334,2.5482957588439925,0.16583525917238304,0.19583191372631623,0.8866400305783739,0.5384210305492211,3.501398321483131,4.553499027152302,1.198212417037458,0.17291175394693192,17324.381547472265
E06000015,2023,269643,16.290057594671474,41.66212362271596,33.44051208449691,3.050513506,7.62706124676794,33,370164.11352693493,4037.536539297844,15.66753804356376,16107.783342602106,19414.688494501315,28595.35378970558,136215.24923733048,17500.426840003052,84623.53495778711,2264.3417725940562,424993.20452434814,274217.5274244425,54995.05303441375,0.0,0.0,0.0,0.0,0.0,0.0,0.0,0.0,0.0,0.0,4426170.711356177,0.0,0.0,19.602570477756952,RTG,0.04102366441287838,0.1636642273947517,2.7862058241944614,0.19726426193965868,0.29054503562224593,0.8598231782549937,0.558780974015554,3.7610776331600593,4.3181723386192985,1.3840242975486814,0.17781427629909902,16414.929040828712
E06000015,2024,273656,16.286871108252697,42.01735024994884,30.31177829099307,3.136789799,7.833858682,32,398795.64859303855,3481.371813682089,10.960210695412721,17994.505323449408,22481.57012489966,44966.15193111593,152086.53614512927,18513.01514754601,93731.97705619734,3313.990342414233,461032.83660434233,284171.19791425456,69063.01659842864,0.0,0.0,0.0,0.0,0.0,0.0,0.0,0.0,0.0,0.0,4845599.422384372,0.0,0.0,19.602570477756952,RTG,0.034853995413921215,0.18015323831669286,2.8449996607505086,0.22507579884213857,0.4501817493406974,0.9384041904444511,0.6914291815464816,3.9925703001692607,4.6156622253109925,1.5226249067935835,0.18534433538943615,17706.899985326
E06000016,2011,329627,11.344944437197196,47.60319998058412,,3.333866358,,188,,,,,,,,,,,,,,,,,,,,,,,,,,,41.094600535116335,RWE,,,,,,,,,,,,
E06000016,2012,334099,11.390935022253885,47.42366783498304,22.20299970966689,3.550051928,8.41953241558344,184,,,,,,,,,,,,,,,,,,,,,,,,,,,41.094600535116335,RWE,,,,,,,,,,,,
E06000016,2013,338852,11.411176560858427,47.17546303400895,22.859537497196417,3.462293148,8.65461439057079,158,,,,,,,,,,,,,,,,,,,,,,,,,,,41.094600535116335,RWE,,,,,,,,,,,,
E06000016,2014,342917,11.472747049577595,46.71830209642567,25.554288647107025,3.553139448,8.85399758657416,142,,,,,,,,,,,,,,,,,,,,,,,,,,,41.094600535116335,RWE,,,,,,,,,,,,
E06000016,2015,349853,11.39392830703181,46.68475045233284,28.326182711024344,3.890944004,8.96388468557401,125,,,,,,,,,,,,,,,,,,,,,,,,,,,41.094600535116335,RWE,,,,,,,,,,,,
E06000016,2016,356789,11.352367926141222,46.547679440789935,27.918461611764936,3.83288455,8.98707373344711,130,,,,,,,,,,,,,,,,,,,,,,,,,,,41.094600535116335,RWE,,,,,,,,,,,,
E06000016,2017,361895,11.383135992484007,46.51763633097998,24.4822393235607,3.904406548,9.22530068594469,135,,,,,,,,,,,,,,,,,,,,,,,,,,,41.094600535116335,RWE,,,,,,,,,,,,
E06000016,2018,367094,11.438759554773435,46.65072161353768,29.22412243185669,3.882632494,9.36398458070389,142,,,,,,,,,,,,,,,,,,,,,,,,,,,41.094600535116335,RWE,,,,,,,,,,,,
E06000016,2019,369776,11.573493141793952,46.65959932499676,32.61433949201679,3.94986105,9.35711397636911,146,242086.00850487026,9378.924171140894,548.4521441503135,28957.53572203566,10972.067340483114,11353.152324787137,71744.53129930438,16161.218797658423,113484.99746998072,4013.7379876657446,601733.9332680055,282154.04959528096,119204.50827853232,0.0,0.0,0.0,0.0,0.0,0.0,0.0,0.0,0.0,0.0,6448273.311396872,0.0,0.0,41.094600535116335,RWE,0.0694898605119315,0.2145507396557565,2.0905218116149467,0.08129369798763854,0.08411721398150512,0.8408274233255226,0.8832041395704079,1.7936516657909316,4.458337259699063,0.5315660284175326,0.11974090199041215,17438.322961460104
E06000016,2020,368922,11.734187714476231,46.45074026487984,33.86352670754252,3.936600924,9.62299351977865,132,255964.09234354534,9471.992534317524,453.2203754119561,28935.90727599145,14291.733278657279,18463.695831368845,88959.89299792312,16003.82205014005,82625.14333911342,4060.4645187800734,532505.8384990402,294940.4961737964,125272.174992164,0.0,0.0,0.0,0.0,0.0,0.0,0.0,0.0,0.0,0.0,5713510.544705216,0.0,0.0,41.094600535116335,RWE,0.07034187301809666,0.21488677360088998,2.190317069464039,0.1061347212694199,0.13711697331996334,0.6135992316088452,0.9303089496823066,1.900866540549837,3.954548943887387,0.6606429929385758,0.11884920879915775,15487.042097530686
E06000016,2021,366940,11.940916771134246,46.176214094947404,32.49850111734889,3.764422655,9.9294575385234,151,268355.67366438336,9094.732592599588,231.22234137570393,31800.31461353147,24305.323194488432,23898.240488854382,123691.86549177727,17061.10827179966,92075.11043509925,4106.769211995177,586014.912452594,326045.5363616275,113016.46687826763,0.0,0.0,0.0,0.0,0.0,0.0,0.0,0.0,0.0,0.0,6299065.247944564,0.0,0.0,41.094600535116335,RWE,0.06790504059563758,0.23743432066853878,2.4343910232916848,0.18147361029117098,0.17843416219630834,0.6874709122322955,0.8438277533952968,2.003654613119411,4.3754300651041005,0.923534701218573,0.12738530110778934,17166.472033423892
E06000016,2022,373297,11.98938110941154,46.62239450089339,49.64679598282333,3.747023344,10.0020201300013,140,264117.45801678405,8624.579245670258,453.4097082899844,32717.42026949707,16628.519091606013,39779.842449563075,147060.71247591634,19193.704956808753,109894.64295084655,3946.7440877535405,606999.4317670572,306589.9419960936,111841.36704414926,0.0,0.0,0.0,0.0,0.0,0.0,0.0,0.0,0.0,0.0,6493681.63434564,0.0,0.0,41.094600535116335,RWE,0.06329808231706399,0.24012185434556346,2.2501451761597706,0.12204112691059729,0.29195485022604073,0.8065460305439452,0.8208335567404664,1.9384283131624054,4.454930368654326,1.0793177056816772,0.14086770864044648,17395.483045257904
E06000016,2023,382934,11.898133882078897,47.63457932698585,56.47448385361447,3.796494722,10.3055192096842,164,283548.85819136916,9444.024156938995,1122.0233190562599,31565.84914687627,17613.136305597247,55176.627433114685,174635.62000861723,21476.80323303703,114011.58054986288,3890.5732174131526,637003.6277218924,406557.2696708825,121301.92032052521,0.0,0.0,0.0,0.0,0.0,0.0,0.0,0.0,0.0,0.0,6791098.75092042,0.0,0.0,41.094600535116335,RWE,0.06756788059073948,0.2258399057921013,2.9087402355102534,0.12601432090266315,0.39476474348714397,0.8157032142801593,0.8678624208751679,2.028668613457329,4.557483583113914,1.249441818820649,0.15365717539534535,17734.384387180085
E06000016,2024,386755,12.04483458520252,47.84320823260204,51.327067523367504,3.733725071,10.70692386,178,313751.49399281014,11469.604179307564,1076.6642374831297,41806.65011346602,21309.516500840906,57283.919901177054,209170.83811460523,23481.56702822961,127810.59054799634,5365.406393298449,664056.2999406214,431662.8827722555,135294.8642810594,0.0,0.0,0.0,0.0,0.0,0.0,0.0,0.0,0.0,0.0,7123641.843140839,0.0,0.0,41.094600535116335,RWE,0.08124930018743992,0.2961532945512107,3.0578480820997296,0.1509540587415941,0.4057924171752005,0.9053948921186794,0.9584125894791233,2.2225779478659025,4.70409517292457,1.4817411264368472,0.1663406041326266,18419.003873617246
E06000017,2011,37581,21.186237726510736,35.70953407306884,,0.42934835,,3,,,,,,,,,,,,,,,,,,,,,,,,,,,8.263899040101352,RGN,,,,,,,,,,,,
E06000017,2012,37114,22.166837312065528,34.32666918144096,3.152449210540497,0.688129783,6.65611133101394,3,,,,,,,,,,,,,,,,,,,,,,,,,,,8.263899040101352,RGN,,,,,,,,,,,,
E06000017,2013,37833,22.5385245684984,34.652287685354054,3.4890175243834745,0.72039187,6.83828572003307,2,,,,,,,,,,,,,,,,,,,,,,,,,,,8.263899040101352,RGN,,,,,,,,,,,,
E06000017,2014,38294,22.953987569854284,34.48320885778451,3.9170627252311063,0.475873232,6.74710618035096,1,,,,,,,,,,,,,,,,,,,,,,,,,,,8.263899040101352,RGN,,,,,,,,,,,,
E06000017,2015,38438,23.599042614079817,33.73484572558406,3.173942452781102,0.669440091,6.69143725722006,2,,,,,,,,,,,,,,,,,,,,,,,,,,,8.263899040101352,RGN,,,,,,,,,,,,
E06000017,2016,39044,23.955025099887308,33.4289519516443,3.534473926851757,0.710260928,6.58463584968407,1,,,,,,,,,,,,,,,,,,,,,,,,,,,8.263899040101352,RGN,,,,,,,,,,,,
E06000017,2017,39831,24.10685144736512,33.16763325048329,3.4395320227963144,0.611218214,6.53218995647372,1,,,,,,,,,,,,,,,,,,,,,,,,,,,8.263899040101352,RGN,,,,,,,,,,,,
E06000017,2018,40053,24.482560607195467,33.14108805832272,3.4454347988914686,0.612196863,6.56329923273657,0,,,,,,,,,,,,,,,,,,,,,,,,,,,8.263899040101352,RGN,,,,,,,,,,,,
E06000017,2019,40175,25.072806471686373,32.5749844430616,2.962041070317362,0.855960786,6.48194741476915,2,17459.819237069434,728.0422171283157,23.297850513408033,2343.3210337071064,2445.3724747926444,994.8712820279648,9910.350441535893,1514.7332729857974,12653.049577019236,303.850896318934,62459.526738811226,30666.80781349275,7955.861548061834,0.0,0.0,0.0,0.0,0.0,0.0,0.0,0.0,0.0,0.0,654962.6089671121,0.0,0.0,8.263899040101352,RGN,0.04964869225414944,0.1598023055779667,2.091316777692987,0.16676168303348496,0.06784504655338133,0.8628721655782824,0.5425483747005367,1.1906688537013193,4.259414836720255,0.675834350847637,0.10329693024427698,16302.740733468876
E06000017,2020,40633,25.122437427706544,32.98550439298108,2.5102748997120568,0.747698486,6.33396146130934,0,17770.66423093238,751.5759895506833,20.967483105524316,2405.4823078669015,3135.8431296351937,1772.338011908333,11834.505480794456,1518.507733812783,9455.880360720987,255.581084031495,53649.15352092386,33027.52229979052,8104.082815749839,0.0,0.0,0.0,0.0,0.0,0.0,0.0,0.0,0.0,0.0,564899.8428750401,0.0,0.0,8.263899040101352,RGN,0.05067586198751897,0.1621923679597022,2.226918082966542,0.2114377732408737,0.11950189699433404,0.6375734387375257,0.5464269588386954,1.1982071547171746,3.617354914702494,0.7979549304040582,0.10238710312137703,13902.489180593117
E06000017,2021,41342,25.1221518068792,33.46233854191863,1.9592666053891927,0.856087208,6.46849058809774,3,19120.652353940433,785.3840445626364,10.956257368536273,2695.062101471575,4536.98359869335,2471.2758845729586,14573.982276200319,1649.8236115701716,9086.075016780107,270.57348974766,61381.71760003636,37069.885113687895,7923.0760477291915,0.0,0.0,0.0,0.0,0.0,0.0,0.0,0.0,0.0,0.0,650141.8589710016,0.0,0.0,8.263899040101352,RGN,0.052047242716626786,0.1786012235705488,2.4566138328720664,0.3006649908377596,0.16377095597319247,0.6021323644322107,0.5250606565964754,1.2671217869214189,4.067754083381746,0.9658148750648827,0.1093334790100466,15725.94114873498
E06000017,2022,41135,25.666707183663547,32.79931931445241,7.633402212228029,1.007787466,6.70876542494641,0,20220.49764201458,749.5261492561335,18.460609097580207,2791.120454887611,3819.2017368219945,3457.123249213704,14941.466127737343,1947.870862164406,9464.291519383365,256.9238933316992,64278.34329118926,34777.28325344397,8193.337274076603,0.0,0.0,0.0,0.0,0.0,0.0,0.0,0.0,0.0,0.0,673318.6008190425,0.0,0.0,8.263899040101352,RGN,0.049920901892108245,0.18589778426781253,2.3162812225994243,0.2543713723654319,0.23025575655259437,0.630352882132728,0.5457031574336159,1.3467515176067162,4.281148659604893,0.9951506901090691,0.12973459338958465,16368.508589255927
E06000017,2023,40765,26.262725377161782,32.125597939408806,8.02158714583589,1.080471635,6.78315079070033,1,22237.759519235136,778.5376636671199,52.55465383148914,2673.912334791111,4380.334710191813,5613.96588349387,21941.977088891454,2181.3977413829875,11538.310438719696,264.7658456128825,68360.74645813268,51686.99624989364,9013.853292606105,0.0,0.0,0.0,0.0,0.0,0.0,0.0,0.0,0.0,0.0,718382.4489385522,0.0,0.0,8.263899040101352,RGN,0.052323804745685334,0.1797077693758318,3.473769383142848,0.2943926656255157,0.37730230462230857,0.7754644773985,0.6058012626737014,1.4945509271642263,4.594375477091897,1.4746720403039442,0.14660694635526966,17622.530330885616
E06000017,2024,41382,26.55744043303852,32.685708762263786,7.539509931854429,1.145213008,6.98982476,2,24215.886725322376,838.1600401662656,59.396102423808735,3232.87160844031,4575.631708117115,6896.976672942045,24266.948137316747,2505.284427779109,13500.433298448575,364.47946723078593,72151.1123297298,52265.649479811516,9805.195292756418,0.0,0.0,0.0,0.0,0.0,0.0,0.0,0.0,0.0,0.0,757362.3800155162,0.0,0.0,8.263899040101352,RGN,0.055491007616061364,0.21403466456134462,3.4602861200198562,0.30293309367629995,0.45661946018102273,0.8938062077449181,0.649160232644093,1.6032307558327177,4.776817948756081,1.6066113145161218,0.16586421518581695,18301.734570961195
E06000018,2011,303899,11.719354127522632,51.11073086782122,,2.617762327,,67,,,,,,,,,,,,,,,,,,,,,,,,,,,24.56105112881396,RX1,,,,,,,,,,,,
E06000018,2012,307436,11.764399744987577,51.16934906777345,23.74803211074825,2.749044657,5.19704771883162,60,,,,,,,,,,,,,,,,,,,,,,,,,,,24.56105112881396,RX1,,,,,,,,,,,,
E06000018,2013,308681,11.85139350980462,50.72194271756279,26.72986027646664,2.410044193,5.18157380910229,58,,,,,,,,,,,,,,,,,,,,,,,,,,,24.56105112881396,RX1,,,,,,,,,,,,
E06000018,2014,310339,11.844144628938032,50.36782357357599,26.7127238278141,2.824186087,5.3595680690334,50,,,,,,,,,,,,,,,,,,,,,,,,,,,24.56105112881396,RX1,,,,,,,,,,,,
E06000018,2015,313265,11.76448055160966,50.28554099564267,26.495139897530844,3.045832872,5.53300548134531,54,,,,,,,,,,,,,,,,,,,,,,,,,,,24.56105112881396,RX1,,,,,,,,,,,,
E06000018,2016,317625,11.687996851633216,50.18402203856749,28.243998425816606,2.97974062,5.69635618105693,48,,,,,,,,,,,,,,,,,,,,,,,,,,,24.56105112881396,RX1,,,,,,,,,,,,
E06000018,2017,320378,11.626266472729087,50.10487611508905,23.90925718994438,3.263606787,5.78514270169791,43,,,,,,,,,,,,,,,,,,,,,,,,,,,24.56105112881396,RX1,,,,,,,,,,,,
E06000018,2018,322323,11.646081725474136,50.00015512389746,27.22114152573661,3.308242083,5.79646003193118,33,,,,,,,,,,,,,,,,,,,,,,,,,,,24.56105112881396,RX1,,,,,,,,,,,,
E06000018,2019,323160,11.72948384701077,49.95915336056443,32.643272682262655,3.124393225,5.91644702734083,48,161911.4541768439,4195.555071432168,3.2258077400540515,12433.075867037456,1589.1817377848079,252.73853561091846,16829.229160522245,22709.028220933098,81666.90797617592,2158.49097653579,582213.2189279358,78082.30260179062,139039.1533932731,0.0,0.0,0.0,0.0,0.0,0.0,0.0,0.0,0.0,0.0,6135967.915943198,0.0,0.0,24.56105112881396,RX1,0.03556959842982202,0.10540667642507513,0.6619758531910961,0.01347296252405448,0.0021426981808995624,0.6923658663181894,1.1787634217688774,1.3726730571297132,4.935959615644278,0.14267693140275944,0.19252542292916608,18987.399170513672
E06000018,2020,322822,11.78110537695696,49.985750661355176,32.11367255019794,2.292059898,6.07920617642062,36,264197.61039082735,4199.007507071373,155.50360082666077,14923.48561821114,13331.578037301675,4561.512973990202,66277.01261037451,20887.2821295632,99806.84657938611,2721.791995007871,547659.7973346921,240966.5242629727,113502.86624464582,0.0,0.0,0.0,0.0,0.0,0.0,0.0,0.0,0.0,0.0,5773528.296861582,0.0,0.0,24.56105112881396,RX1,0.03563614052437543,0.12665265058670647,2.0450349054733556,0.1131424479591635,0.03871265223296813,0.8470408314364861,0.9632762229174161,2.242192507214225,4.647879639296469,0.562479807654929,0.17726620395126097,17884.55649510127
E06000018,2021,319978,11.911443911768934,49.88342948577715,25.15172918138122,2.512764454,6.33824484633004,45,344393.5887153803,4928.377976695698,141.98600758674252,14770.770880521886,23249.147967790235,8096.839605226136,103722.86159705119,23085.170283937678,94964.61554778814,3715.0627513741847,634554.5155321831,352498.27369676484,135732.80782022083,0.0,0.0,0.0,0.0,0.0,0.0,0.0,0.0,0.0,0.0,6651347.369427046,0.0,0.0,24.56105112881396,RX1,0.04219791803062914,0.12647077432225765,3.018172171398126,0.1990646100737083,0.06932702312689935,0.8131091165581686,1.16217585695507,2.9487779743365943,5.43320328899481,0.888099255428701,0.19766059502153852,20786.88962812145
E06000018,2022,326632,11.780229738666144,50.91111709814103,38.89698498616179,3.314506769,6.35083530765998,51,354683.9823894141,6147.646488735115,80.06971937983054,19719.81241129818,19943.25987461644,10238.253404914456,113836.39211961266,25953.228689411477,108708.51710945852,4044.740710786585,667824.7506807452,361978.9858371863,154830.40323265424,0.0,0.0,0.0,0.0,0.0,0.0,0.0,0.0,0.0,0.0,6955916.876871926,0.0,0.0,24.56105112881396,RX1,0.05156526945438589,0.1654059716091049,3.0362097065474405,0.16728020570438318,0.08587648891882227,0.9118260113049055,1.2986874695954949,2.975020628882624,5.60158481465418,0.9548376348768743,0.21769066146419797,21295.883063728987
E06000018,2023,327193,11.85783314435211,51.02951469010645,50.40144501868927,3.515940189,6.45270496953135,38,350210.5292517414,5838.380027544569,183.03250714874162,19786.271831874274,21715.54233481626,22146.97822615307,121084.98141814672,30265.688388122668,114499.60235484125,3344.369352892289,672791.4323905304,396656.3768199481,139972.5566120662,0.0,0.0,0.0,0.0,0.0,0.0,0.0,0.0,0.0,0.0,7045784.409032294,0.0,0.0,24.56105112881396,RX1,0.04888723694975195,0.16567886208734053,3.321372399491147,0.18183346383860038,0.18544605989245486,0.9587538263293994,1.1720496968804779,2.93246158096159,5.633568561461339,1.0138960036376394,0.253427470068231,21534.031623635878
E06000018,2024,330561,11.884947105072891,51.445875345246414,50.72588720387462,3.545050383,6.555264869,36,318345.4003990003,5905.13123861806,34.63787529381956,20161.97674163605,27931.08634363395,38937.22315312994,148495.11407249153,31093.50562441053,123547.23809959307,4095.006914719821,677002.8172597982,431437.0808338655,137188.7074756162,0.0,0.0,0.0,0.0,0.0,0.0,0.0,0.0,0.0,0.0,7098278.512557279,0.0,0.0,24.56105112881396,RX1,0.048942379015184855,0.1671046870103808,3.57579811152809,0.23149592428971993,0.32271600009440105,1.023973136076251,1.1370351388576836,2.6384817905782696,5.61107401982672,1.2307438837785771,0.25770640408947404,21473.430055442957
E06000019,2011,183619,21.444403901557028,34.030792020433616,,0.551425338,,6,,,,,,,,,,,,,,,,,,,,,,,,,,,8.609933551798054,RLQ,,,,,,,,,,,,
E06000019,2012,184208,22.15810388256753,33.47737340397811,7.241813602015114,0.607855082,6.05585668079941,7,,,,,,,,,,,,,,,,,,,,,,,,,,,8.609933551798054,RLQ,,,,,,,,,,,,
E06000019,2013,184748,22.72122025678221,33.207937298374,7.399268192348496,0.635933161,6.27664760183699,5,,,,,,,,,,,,,,,,,,,,,,,,,,,8.609933551798054,RLQ,,,,,,,,,,,,
E06000019,2014,185523,23.27312516507387,32.92745373888952,8.149932892417652,0.692973614,6.40138090104433,3,,,,,,,,,,,,,,,,,,,,,,,,,,,8.609933551798054,RLQ,,,,,,,,,,,,
E06000019,2015,185778,23.628201401672964,32.63464995855268,8.854654480078374,0.829689205,6.55922727630646,3,,,,,,,,,,,,,,,,,,,,,,,,,,,8.609933551798054,RLQ,,,,,,,,,,,,
E06000019,2016,186225,24.04027386226339,32.172909115317495,9.569069673781716,0.802379727,6.82510148849797,3,,,,,,,,,,,,,,,,,,,,,,,,,,,8.609933551798054,RLQ,,,,,,,,,,,,
E06000019,2017,186687,24.430195996507525,31.75207700589757,7.965203790301413,0.811109245,6.89472322814278,6,,,,,,,,,,,,,,,,,,,,,,,,,,,8.609933551798054,RLQ,,,,,,,,,,,,
E06000019,2018,186511,24.855370460723496,31.28984349448558,7.860126212394978,0.79435128,7.04320518925597,8,,,,,,,,,,,,,,,,,,,,,,,,,,,8.609933551798054,RLQ,,,,,,,,,,,,
E06000019,2019,186373,25.368481486052165,31.053317808910087,7.645957300681966,0.826690257,7.06432509438904,1,105828.77564328209,983.7423153775934,7.284274146706028,6354.116710669155,13299.767577550367,12954.516838357556,48953.1652523951,9899.609885605469,115709.86036239943,2037.3019284464165,307875.0325672626,201530.6058066276,19698.809558178556,0.0,0.0,0.0,0.0,0.0,0.0,0.0,0.0,0.0,0.0,3237913.4344854923,0.0,0.0,8.609933551798054,RLQ,0.01446123862196797,0.09340697919409008,2.962546324014504,0.1955096467328902,0.1904343813449602,1.700961598844083,0.2895770377430406,1.555707377557292,4.5258338917670935,0.7196228046201221,0.1455265455010786,17373.296746231976
E06000019,2020,185886,25.766329901122194,30.79521857482543,6.2242449673455775,0.758172512,7.03440432186523,3,101963.50362231433,1674.3415995878154,7.9973191593603365,5039.336575599853,18587.280579141236,19344.32040712915,59059.45109188488,8335.42896724313,102264.71345215164,1811.3959526768067,266656.5140150988,209083.15117635354,20347.30892113457,0.0,0.0,0.0,0.0,0.0,0.0,0.0,0.0,0.0,0.0,2802860.240148547,0.0,0.0,8.609933551798054,RLQ,0.02467769094576622,0.0742734879280091,3.081622882670518,0.27395315613445265,0.28511097178767475,1.5072533549012974,0.29989376197629114,1.5028139005555523,3.930181895474584,0.8704620860109559,0.12285374741011733,15078.38266544305
E06000019,2021,187522,26.06627489041286,30.769723019165752,5.551348641759367,0.824971914,7.19873341187177,1,109429.80840365551,1397.3521643958354,15.445965523420293,4763.906826005596,23698.583360511704,19002.328602601716,74154.60604345794,10851.114624418244,112999.50483279726,1979.570058183413,300689.9799206429,240434.56617341682,19792.50041489262,0.0,0.0,0.0,0.0,0.0,0.0,0.0,0.0,0.0,0.0,3151118.804358087,0.0,0.0,8.609933551798054,RLQ,0.020415535746393307,0.06960143088972494,3.5127869734286055,0.346240044609366,0.2776270211159401,1.6509406068270238,0.2891715560518359,1.5987867783864849,4.393128081857835,1.0834105023871967,0.1585364979191226,16803.99528779603
E06000019,2022,188873,26.447930620046275,30.62692920639795,7.719472873306402,0.880482316,7.34093908991194,1,114863.81277380076,1628.0226745783625,15.263209977601816,5600.592497420818,23880.02915417065,21684.60720107558,96038.46629445373,11332.050437800479,110223.88706080068,1499.1763057783699,310272.7323314144,264146.43429785303,21827.89936249611,0.0,0.0,0.0,0.0,0.0,0.0,0.0,0.0,0.0,0.0,3223479.4584565638,0.0,0.0,8.609933551798054,RLQ,0.023615530513812138,0.08124024627146093,3.8316162770221704,0.3463953948350834,0.31454936779038206,1.5988693578297148,0.3166279140313262,1.6661745059509185,4.500708308546163,1.3931005794276017,0.164378781129227,17066.915114688512
E06000019,2023,190940,26.61569079291924,31.00398030795014,11.155336755001573,0.941785276,7.52451569559241,4,122738.40612964022,2910.9058055157448,8.059689003833443,7855.914633946368,22333.746761019276,23294.778396063615,118256.47151656082,12386.462553040861,110687.83807748243,1853.2946228177236,317482.2008215181,277048.53781910887,23339.2770812062,0.0,0.0,0.0,0.0,0.0,0.0,0.0,0.0,0.0,0.0,3369750.980715462,0.0,0.0,8.609933551798054,RLQ,0.04176748925669463,0.11272155541863352,3.9752649518978047,0.32045850681085036,0.33424798719046245,1.588218031304138,0.3348864820363307,1.7611270861769703,4.555432328616722,1.6968174972351757,0.17772867834894504,17648.219234919146
E06000019,2024,192067,26.960383616133957,31.050102308048757,9.33528404150635,0.985640764,7.740743696,6,147138.1830160027,5650.717380019988,376.8694630185724,11467.48368362767,32632.90780019003,36355.67063231265,159295.26821893052,13804.199865424522,119553.24082411936,2045.145572251829,344878.1706046209,335752.8458153563,24686.778637992767,0.0,0.0,0.0,0.0,0.0,0.0,0.0,0.0,0.0,0.0,3629006.7168209944,0.0,0.0,8.609933551798054,RLQ,0.08060425517921775,0.1635771033899011,4.789322530434853,0.4654897866360994,0.5185928716272403,1.705358679760357,0.352142793749595,2.0988421208895027,4.919490075268695,2.2722559959838575,0.19690902476061645,18894.483262720794
E06000020,2011,166831,14.591412866913224,40.3648003068974,,0.786233962,,7,,,,,,,,,,,,,,,,,,,,,,,,,,,11.37693891410031,RXW,,,,,,,,,,,,
E06000020,2012,167964,15.18718296777881,39.9353432878474,4.435474268295587,0.905815125,6.32575562731878,14,,,,,,,,,,,,,,,,,,,,,,,,,,,11.37693891410031,RXW,,,,,,,,,,,,
E06000020,2013,169014,15.67799117232892,39.405019702509854,4.7570023785011895,0.925400734,6.50862242858533,12,,,,,,,,,,,,,,,,,,,,,,,,,,,11.37693891410031,RXW,,,,,,,,,,,,
E06000020,2014,170610,16.075259363460525,38.945548326592814,5.591700369263232,0.975347579,6.61604190515666,9,,,,,,,,,,,,,,,,,,,,,,,,,,,11.37693891410031,RXW,,,,,,,,,,,,
E06000020,2015,172898,16.366296891809043,38.70894978542262,6.790130597230737,1.075640202,6.94506507289281,5,,,,,,,,,,,,,,,,,,,,,,,,,,,11.37693891410031,RXW,,,,,,,,,,,,
E06000020,2016,175352,16.637962498289156,38.34173548063324,8.21775628450203,1.076879382,7.19944577437255,5,,,,,,,,,,,,,,,,,,,,,,,,,,,11.37693891410031,RXW,,,,,,,,,,,,
E06000020,2017,177528,16.940426298950026,37.8543103059799,7.159434004776712,1.118851185,7.3969745805176,9,,,,,,,,,,,,,,,,,,,,,,,,,,,11.37693891410031,RXW,,,,,,,,,,,,
E06000020,2018,179548,17.124111658163834,37.49192416512576,7.257112304230624,1.228560686,7.82867056172606,7,,,,,,,,,,,,,,,,,,,,,,,,,,,11.37693891410031,RXW,,,,,,,,,,,,
E06000020,2019,182081,17.376332511354835,37.487711513007945,6.810155919618191,1.259373188,7.91305257924827,9,44408.14114894811,1597.556962518657,1.4579335883827034,5587.907162897075,4346.546892784083,3466.8631925371246,29877.501153383862,6926.70579966687,67643.38275709367,557.2681748741091,296803.5001585394,144658.3594138185,28250.791317193958,0.0,0.0,0.0,0.0,0.0,0.0,0.0,0.0,0.0,0.0,3089901.7402862343,0.0,0.0,11.37693891410031,RXW,0.02403802917636697,0.0840798034548838,2.17663716898867,0.06540137439635789,0.05216499976394857,1.017812601648742,0.42508239885701865,0.6681978906865869,4.465926013186204,0.4495590838336643,0.10422436258297611,16969.92953842649
E06000020,2020,183483,17.600540649542463,37.36858455551741,5.733501196296115,1.312927008,7.87598603388077,7,45466.86646650697,1545.341693321682,1.867045209557461,5732.617873613941,4323.871537712178,5298.691794932773,43374.68724833634,6649.816104657329,57403.596161311645,1002.7280075942994,255099.52379061215,155237.28092376972,28835.39130364684,0.0,0.0,0.0,0.0,0.0,0.0,0.0,0.0,0.0,0.0,2681065.0751814735,0.0,0.0,11.37693891410031,RXW,0.02307468734659651,0.08559813385143503,2.3179674355075517,0.06456305701886424,0.07911884927613798,0.857137317731599,0.4305634421978377,0.6789008106608506,3.809087517131215,0.6476608709498053,0.0992935272441324,14612.062562643261
E06000020,2021,185857,17.74105898620983,37.45137390574474,5.923909242051685,1.373524427,8.0406795155024,7,47729.71247203438,2373.125555756901,10.239856597394164,5508.67865603031,8175.7846748722695,7174.972873120065,73451.75926385022,7484.540366148678,57659.79695600804,1427.1840998769849,276217.0444618483,172533.6964439003,32301.172593835745,0.0,0.0,0.0,0.0,0.0,0.0,0.0,0.0,0.0,0.0,2885376.6307668835,0.0,0.0,11.37693891410031,RXW,0.03498234584324922,0.08120366889863713,2.543326636878954,0.12051959338708364,0.10576658359037508,0.8499655458487791,0.47615297390350036,0.7035857435545618,4.071727327584497,1.0827555411595382,0.1103299313140907,15524.713251407715
E06000020,2022,188960,17.75560965283658,37.67834462320068,8.869602032176122,1.400470495,8.28791439571979,8,47224.45524966336,2161.802735647228,8.892465256592711,6862.602548576374,7085.539169338223,10454.844860802286,98031.1087903868,8096.11937583378,60128.044950918826,1721.5976010676195,281146.3914619878,180730.99468152577,32414.881300301644,0.0,0.0,0.0,0.0,0.0,0.0,0.0,0.0,0.0,0.0,2929897.542742874,0.0,0.0,11.37693891410031,RXW,0.031343920517312183,0.09950069230534221,2.6204138975781754,0.10273304445585675,0.15158451829773767,0.8717949287073704,0.469982504093084,0.6847061239265448,4.076334071746544,1.4213504458490427,0.11738542006184943,15505.384963711229
E06000020,2023,192358,17.719564561910605,37.97866478129321,11.265452957506316,1.545469284,8.39283316856456,10,53619.69093686074,2116.7426704022223,6.877429058657054,6655.416859859459,7720.6043706318005,16935.502453654117,121093.09520826286,8008.982429633401,48816.9013708734,1916.6568459519542,302051.24609833414,200968.13641801773,40616.83245259517,0.0,0.0,0.0,0.0,0.0,0.0,0.0,0.0,0.0,0.0,3161039.631401237,0.0,0.0,11.37693891410031,RXW,0.030148447100735862,0.09479210011611425,2.8623589038249846,0.10996340542871619,0.2412098111818918,0.6952917750375178,0.5784994282577729,0.7636971835884878,4.302070413205488,1.7247107200125402,0.11407073069710631,16433.107182447504
E06000020,2024,196090,17.881584986485798,38.23652404508134,11.892498342597786,1.660804987,8.665905815,16,55072.3140942569,2840.1513430344326,7.386984695187994,9111.944824625523,7346.566035201177,30245.146826197648,120311.44805832229,9675.047795274993,51866.43092931837,1373.9320081115104,313033.7454667199,220013.4801314989,43092.61518173205,0.0,0.0,0.0,0.0,0.0,0.0,0.0,0.0,0.0,0.0,3286723.534164056,0.0,0.0,11.37693891410031,RXW,0.039681965200972606,0.12731007392643334,3.0739795904662017,0.10264459268006203,0.42257848927627795,0.7246662795923087,0.6020804702024867,0.7694581687645092,4.373638124885622,1.6809648918315014,0.1351776238514324,16761.301107471347
E06000021,2011,248719,15.681552273851214,41.21357837559656,,1.705925226,,46,,,,,,,,,,,,,,,,,,,,,,,,,,,13.095929219980029,RJE,,,,,,,,,,,,
E06000021,2012,250322,16.056918688728917,41.03474724554773,5.964317958469492,1.814894199,7.16094934372785,40,,,,,,,,,,,,,,,,,,,,,,,,,,,13.095929219980029,RJE,,,,,,,,,,,,
E06000021,2013,251568,16.269159829549068,40.73173058576607,7.576480315461426,1.75439775,7.32793420455504,35,,,,,,,,,,,,,,,,,,,,,,,,,,,13.095929219980029,RJE,,,,,,,,,,,,
E06000021,2014,253316,16.505471426992372,40.31881128708807,8.400574776168895,1.910656571,7.63836847017214,28,,,,,,,,,,,,,,,,,,,,,,,,,,,13.095929219980029,RJE,,,,,,,,,,,,
E06000021,2015,254095,16.654794466636496,39.89570829807749,8.55979062948897,1.994326949,7.82388668484446,28,,,,,,,,,,,,,,,,,,,,,,,,,,,13.095929219980029,RJE,,,,,,,,,,,,
E06000021,2016,256168,16.68475375534805,39.500640204865554,10.301833171980888,2.144681931,7.88748911672204,33,,,,,,,,,,,,,,,,,,,,,,,,,,,13.095929219980029,RJE,,,,,,,,,,,,
E06000021,2017,258235,16.726237729200147,39.37963482874126,8.674269560671481,2.146340132,8.11946219969142,21,,,,,,,,,,,,,,,,,,,,,,,,,,,13.095929219980029,RJE,,,,,,,,,,,,
E06000021,2018,258843,16.739490733765255,39.27013672380555,8.696391248749242,2.211348534,8.40211557160111,26,,,,,,,,,,,,,,,,,,,,,,,,,,,13.095929219980029,RJE,,,,,,,,,,,,
E06000021,2019,259181,16.93334002106636,39.184585289816766,9.07859758238451,2.261514425,8.58113996106773,25,77964.84008106175,945.962924189876,0.3376847929286101,2827.2356646115627,430.35769985806957,775.7649396706961,32408.30482390062,15471.81223111545,75442.98728298263,2230.038100921698,438763.94415146124,71886.72945253298,66744.15354464596,0.0,0.0,0.0,0.0,0.0,0.0,0.0,0.0,0.0,0.0,4677163.063710935,0.0,0.0,13.095929219980029,RJE,0.009999495504515473,0.029885875646448196,0.7598934478436684,0.00454918451349432,0.00820038273005379,0.7974856021227946,0.705532792306788,0.8241433654162534,4.638044446449533,0.3425786466981172,0.1635479709569385,18045.93339678038
E06000021,2020,258866,17.083742167762473,39.18050265388271,8.502468458584751,2.156770229,8.5594826576684,24,72969.99764721212,394.7560663747257,0.6296538874731982,2808.0482403061324,1135.125134729965,2680.8012388563147,43980.32512810421,15508.705198935082,52187.72154980498,2836.4687166518693,379485.0197580477,78779.97176698805,61985.46255593265,0.0,0.0,0.0,0.0,0.0,0.0,0.0,0.0,0.0,0.0,4004765.8725379673,0.0,0.0,13.095929219980029,RJE,0.00417792784498465,0.02971917072985169,0.8337732227779565,0.012013674549660855,0.028372443381415348,0.5523323226710405,0.6560273851519589,0.7722829640554723,4.01630567798972,0.4654687809401808,0.16413744286524168,15470.420497624127
E06000021,2021,258102,17.268366769726697,39.13724031584413,9.515617856506342,2.224211216,8.78396984665164,23,79030.57713479275,603.0807545592961,176.2339191569078,3131.3278653177767,4066.869400547713,2857.6245070199757,53349.3497294623,16966.884036013806,61572.09800783162,2712.238283686302,419260.32539458154,85516.46300619157,61648.42813465208,0.0,0.0,0.0,0.0,0.0,0.0,0.0,0.0,0.0,0.0,4459947.306285384,0.0,0.0,13.095929219980029,RJE,0.0064016398163845405,0.03323872133081268,0.9077484074862573,0.04316939793843544,0.030333388499162707,0.6535814502542069,0.6543916866534775,0.8389013999752754,4.450404978413881,0.5662978279847767,0.18010171868989042,17279.785922950556
E06000021,2022,260709,17.307035813876773,39.640748880936215,18.23105454740726,2.302068472,9.0775267790858,29,83819.51897068096,640.6505912867692,133.12903022726948,3916.4212057724108,1011.1646569168755,2763.6186147776752,69369.46884513772,18453.403689577764,67540.82685611438,2920.683772616092,427177.5735109327,94209.79911894079,64683.86975636161,0.0,0.0,0.0,0.0,0.0,0.0,0.0,0.0,0.0,0.0,4527493.051062279,0.0,0.0,13.095929219980029,RJE,0.006732437696496116,0.04115669620805279,0.9900273434443366,0.010626077843647073,0.029042180548833986,0.7097697480701795,0.6797466966014919,0.8808384740376936,4.489102855936345,0.7289864918424265,0.19392222893112565,17366.07885060462
E06000021,2023,265750,17.15032925682032,40.389087488240826,26.287864534336784,2.550351381,9.25013517897697,30,89598.06979631943,645.8562203179259,149.9267863314219,3291.677636111733,1614.0210287420728,6608.899501981272,77487.93820792538,20722.900734590316,69026.51751523113,2099.9457643320566,440279.9967221275,108159.34341800133,67911.02889601691,0.0,0.0,0.0,0.0,0.0,0.0,0.0,0.0,0.0,0.0,4645796.961494319,0.0,0.0,13.095929219980029,RJE,0.00665839735375895,0.03393525830087226,1.1150591468240707,0.016639606476805863,0.06813386257020088,0.7116227530275505,0.7001227221589651,0.9237033445927852,4.539027530995271,0.7988550183164771,0.21364090500743893,17481.832404494147
E06000021,2024,270010,17.086774563905042,40.707381208103406,26.02125847190845,2.59409976,9.397535898,37,95882.14184122467,1170.8781852859543,76.53488278222227,5342.821862807754,1479.321520511367,16919.010026179752,86274.52969919264,22301.669075508275,69054.37559650523,2429.4536297303193,463241.5630906042,114623.16450302726,75842.04764041578,0.0,0.0,0.0,0.0,0.0,0.0,0.0,0.0,0.0,0.0,4881554.548688628,0.0,0.0,13.095929219980029,RJE,0.011880617159140775,0.054212318496653894,1.1630534688773806,0.015010316923943123,0.1716730940577011,0.7006780123973615,0.7695508754918339,0.9728928542091001,4.700399864343981,0.8754067424107848,0.22628963083060116,18079.1620632148
E06000022,2011,175538,18.263282024404973,40.49949298727341,,0.674789488,,4,,,,,,,,,,,,,,,,,,,,,,,,,,,12.051313870877667,RD1,,,,,,,,,,,,
E06000022,2012,176598,18.76918198394093,40.12955979116411,15.317274261316664,0.6505813,4.59451260906925,11,,,,,,,,,,,,,,,,,,,,,,,,,,,12.051313870877667,RD1,,,,,,,,,,,,
E06000022,2013,178743,18.97472908029965,40.12912393772064,16.235600834718003,0.669350266,4.60599268849312,9,,,,,,,,,,,,,,,,,,,,,,,,,,,12.051313870877667,RD1,,,,,,,,,,,,
E06000022,2014,180065,19.228056535140087,39.88559686779774,17.654735789853664,0.699828744,4.59692590411016,19,,,,,,,,,,,,,,,,,,,,,,,,,,,12.051313870877667,RD1,,,,,,,,,,,,
E06000022,2015,182561,19.17550846018591,39.97622712408455,19.3305251395424,0.811534584,4.75304986379249,12,,,,,,,,,,,,,,,,,,,,,,,,,,,12.051313870877667,RD1,,,,,,,,,,,,
E06000022,2016,185507,19.106017562679572,40.17961586355232,20.66768369926741,0.852742076,4.97419301498813,5,,,,,,,,,,,,,,,,,,,,,,,,,,,12.051313870877667,RD1,,,,,,,,,,,,
E06000022,2017,186894,19.10815756525089,40.165548385715965,17.673119522296062,0.863436103,5.0043928806242,3,,,,,,,,,,,,,,,,,,,,,,,,,,,12.051313870877667,RD1,,,,,,,,,,,,
E06000022,2018,189489,19.161534442632554,40.35590456438105,17.89022054050631,0.854782045,5.13022548615258,5,,,,,,,,,,,,,,,,,,,,,,,,,,,12.051313870877667,RD1,,,,,,,,,,,,
E06000022,2019,190176,19.323679118290425,40.148073363621066,19.2032643446071,0.800978422,5.26790516314091,9,25123.359698401182,916.4637425174097,10.958127249622803,5275.137488580765,9804.548485753132,9050.219079978458,46475.108561647045,13719.173301106293,77169.57674353752,2584.742454660565,236082.2273996709,205528.36938403198,13864.908453752827,0.0,0.0,0.0,0.0,0.0,0.0,0.0,0.0,0.0,0.0,2493124.776093201,0.0,0.0,12.051313870877667,RD1,0.013202820379757953,0.07599503341937858,2.9608963432291695,0.14124693270074168,0.1303798626906879,1.1117254434182025,0.19974155812629837,0.3619338005919417,3.4010633466515072,0.6695327725499414,0.1976420587635375,13109.56575011148
E06000022,2020,191974,19.323970954400075,40.42474501755446,16.653296800608416,0.845787585,5.40616136809895,0,22255.94612656702,1000.5789314809563,12.755390936088629,4744.761075349409,12558.584668009213,11000.464542058562,54558.35826929873,11030.51355981188,62962.22963874591,2462.416160222572,205089.78021066613,226522.87053162217,15387.178659874644,0.0,0.0,0.0,0.0,0.0,0.0,0.0,0.0,0.0,0.0,2157782.0695587164,0.0,0.0,12.051313870877667,RD1,0.014279601097251274,0.06771409363724352,3.232784669779372,0.17922781877867328,0.15699135830549205,0.8985553214718419,0.2195956424446553,0.3176221512668742,2.9269057726376775,0.7786208244994752,0.15742019802356055,11239.970358270997
E06000022,2021,192419,19.60929014286531,40.06828847463088,10.981244055940422,0.911289454,5.52852451040019,5,24649.90313104378,1078.86968196438,2.3991892103570027,6055.868383549861,18310.26516031209,14477.986263496701,63960.86377832215,12683.360421465886,65633.78177658166,2352.754022964261,252107.90732758303,254050.36248156874,14197.635692425509,0.0,0.0,0.0,0.0,0.0,0.0,0.0,0.0,0.0,0.0,2690877.311714156,0.0,0.0,12.051313870877667,RD1,0.015361307084267233,0.08622547788370032,3.617253963280457,0.26070767454488536,0.20614240688498495,0.9345157193926419,0.20215068176241685,0.3509735586451539,3.5895966376399198,0.9106961538532051,0.18058992439182392,13984.467810944636
E06000022,2022,195748,19.517440791221365,40.88062202423525,19.182826899891698,1.035994411,5.59410801963993,7,29875.499073452334,1131.0335053788458,2.81714807911379,4931.784294611302,17128.773286235082,15858.918630339655,79752.38055616817,12786.514846677861,72955.18567297074,2083.940370654961,269740.7264769918,264527.46000768075,14478.871108983752,0.0,0.0,0.0,0.0,0.0,0.0,0.0,0.0,0.0,0.0,2877777.1067120936,0.0,0.0,12.051313870877667,RD1,0.01583015883965498,0.06902618567472273,3.702376357073027,0.23973755026710442,0.2219644243512928,1.0210945757904941,0.20264901825108317,0.41814313501553063,3.7753422204980875,1.1162294008450921,0.17896247994944942,14701.438107730824
E06000022,2023,198945,19.408379200281484,41.56676468370655,21.518510140993744,0.981860518,5.67523768366465,4,36745.44160721879,1688.1665571576855,17.35905381231391,7630.852490842159,17865.06968705457,24618.50498841743,99868.19393759816,13581.40302313639,79500.01025973527,2377.586066757878,292161.1307645078,293775.99374471843,16184.69166158604,0.0,0.0,0.0,0.0,0.0,0.0,0.0,0.0,0.0,0.0,3103850.2351649283,0.0,0.0,12.051313870877667,RD1,0.023248203549858182,0.10508655749272147,4.045669588513911,0.24602476263735823,0.33902816794780727,1.0948163929073158,0.22288381708837457,0.5060315301188949,4.0234308685784335,1.3753122231772348,0.18703321697483527,15601.549348638711
E06000022,2024,200539,19.563775624691456,41.77691122425065,21.26269703150011,1.039788723,5.700269911,11,38694.15804288827,1924.5780679738316,10.458475820386438,8651.71323144303,18904.765446197503,35828.775799910065,102025.60243482875,12808.424790567979,78175.45135524348,3164.6473857850374,317379.90858711285,319920.1931602206,17289.546748147503,0.0,0.0,0.0,0.0,0.0,0.0,0.0,0.0,0.0,0.0,3349661.3237276245,0.0,0.0,12.051313870877667,RD1,0.026293222887248065,0.11819807579454232,4.370689391544863,0.2582733430145143,0.4894859832191978,1.0680182846303659,0.2362065295418915,0.5286322954553679,4.335984502411383,1.3938545542342666,0.17498628580315745,16703.291248722813
E06000023,2011,428074,13.099137065086875,48.23067974228755,,1.733002305,,82,,,,,,,,,,,,,,,,,,,,,,,,,,,18.832211952599355,RA7,,,,,,,,,,,,
E06000023,2012,433264,13.194726540861922,48.03076184497212,15.824070312788503,1.830123186,4.7359957763022,88,,,,,,,,,,,,,,,,,,,,,,,,,,,18.832211952599355,RA7,,,,,,,,,,,,
E06000023,2013,438984,13.202531299546225,48.062571756601606,17.19652652488473,1.643787384,4.7730272210883,97,,,,,,,,,,,,,,,,,,,,,,,,,,,18.832211952599355,RA7,,,,,,,,,,,,
E06000023,2014,443834,13.221384571709242,48.01660080120045,18.22753552003677,2.328903675,4.96123939533154,98,,,,,,,,,,,,,,,,,,,,,,,,,,,18.832211952599355,RA7,,,,,,,,,,,,
E06000023,2015,451790,13.108523871710307,48.37535138006596,19.85878394829456,2.397320986,5.21984068691095,79,,,,,,,,,,,,,,,,,,,,,,,,,,,18.832211952599355,RA7,,,,,,,,,,,,
E06000023,2016,459588,12.952905645926352,48.537385658459314,21.456173790438395,2.441463709,5.48648332015347,66,,,,,,,,,,,,,,,,,,,,,,,,,,,18.832211952599355,RA7,,,,,,,,,,,,
E06000023,2017,463113,12.906353309019613,48.62960011919337,18.05822768957037,2.528896809,5.4577931923281,61,,,,,,,,,,,,,,,,,,,,,,,,,,,18.832211952599355,RA7,,,,,,,,,,,,
E06000023,2018,467026,12.833546740438434,48.924042772779245,19.63273993310865,2.507861853,5.53801457713134,48,,,,,,,,,,,,,,,,,,,,,,,,,,,18.832211952599355,RA7,,,,,,,,,,,,
E06000023,2019,469920,12.876234252638747,49.142832822608106,21.09082397003745,2.550228357,5.51175798292157,49,182718.4341929626,4935.250939164323,158.50355704452284,16892.59306300543,16707.381704194846,11994.06641477429,76853.90291454096,35791.093074626384,135396.31685302808,2401.802515750323,710042.6322977627,331314.2809611816,137878.95902755647,0.0,0.0,0.0,0.0,0.0,0.0,0.0,0.0,0.0,0.0,7537820.3959429795,0.0,0.0,18.832211952599355,RA7,0.02877348367757335,0.09848714011948073,1.931627423386444,0.09740732146885302,0.06992776628125737,0.7893871580183166,0.8038614502005382,1.0652844097798202,4.139688202817166,0.4480733701949907,0.20866911228624388,16040.6460587823
E06000023,2020,471851,12.842401520819072,49.33697290034354,19.08441435961776,2.442434072,5.52821231991362,43,180790.05347838637,4402.494040311868,182.17242855463414,14046.070871768648,21275.640571800905,19470.778921886984,86732.01019660202,32054.45053263554,102962.21282902398,2522.1070959860303,642804.5556129438,386405.8587703647,157110.46071515197,0.0,0.0,0.0,0.0,0.0,0.0,0.0,0.0,0.0,0.0,6768759.772704124,0.0,0.0,18.832211952599355,RA7,0.025562365042574347,0.08155622421071713,2.2436027229187987,0.12353354390286779,0.1130539085134751,0.5978333294325817,0.9122363169680189,1.0497280179744828,3.7323400216218934,0.5035952996689954,0.18611894945264407,14345.121177456705
E06000023,2021,471285,12.944821074296868,49.47515834367739,15.379229128871064,2.417366505,5.56739012763877,36,177765.77258588516,4308.862035952048,26.579876595553696,15823.776762571017,30505.09710192957,24903.472056262297,108970.16321424121,33401.729503011884,123180.31377478567,4105.9403562283605,736957.7309325244,421514.97984064155,146695.91691033356,0.0,0.0,0.0,0.0,0.0,0.0,0.0,0.0,0.0,0.0,7805390.077758784,0.0,0.0,18.832211952599355,RA7,0.025048752810638526,0.0919885272141905,2.4503974478441646,0.17733560053563593,0.14477161497841473,0.7160854084295947,0.8527889104727432,1.0334076279404862,4.284164097154512,0.6334773913190195,0.1941746240162208,16561.931904810855
E06000023,2022,479802,12.784648667575375,50.57794673636208,26.71310248810968,2.424010515,5.73867545469643,35,167797.91255354416,5276.106352879352,32.421385958677675,19324.321824453975,27548.11403274924,30804.48390795714,146464.03037898685,36969.47824133168,119796.57120176284,3918.9095730778195,708352.5365085133,493975.1944427269,150284.49254196233,0.0,0.0,0.0,0.0,0.0,0.0,0.0,0.0,0.0,0.0,7498910.19637753,0.0,0.0,18.832211952599355,RA7,0.030127189753897637,0.11034415751551152,2.8206566398292656,0.15730298127400635,0.1758972374503863,0.6840525552507466,0.8581421830909493,0.9581458776034164,4.044776555423366,0.8363268933993883,0.21110008244457734,15629.176611138615
E06000023,2023,486729,12.713440127874032,51.34890257206782,29.61812425394829,2.348360777,5.86752244228607,55,175926.18466877908,6522.326961923996,249.43799611922782,21193.438219708452,28536.01473827673,41942.09090121546,237604.31516260994,41582.85421991512,135246.2169911859,4271.632595516359,747696.9109811472,558276.3481973456,163813.75678633407,0.0,0.0,0.0,0.0,0.0,0.0,0.0,0.0,0.0,0.0,7925609.30454487,0.0,0.0,18.832211952599355,RA7,0.03671322016312584,0.11929474985170618,3.1424555381671593,0.16062503425242503,0.23608586725985467,0.7612810841305317,0.9220835682962059,0.9902626452045202,4.208676055093454,1.3374397795752953,0.2340637767623615,16283.412955761563
E06000023,2024,494225,12.637766199605442,52.03824169153726,31.228691385502557,2.363739967,6.017249751,41,179627.06016875035,5837.240237782937,140.4644726893096,21273.632148554578,31516.305740968673,74658.38820939945,278114.3829930877,40050.97986302493,150426.9056338629,5170.89957268262,789683.7125966283,624921.3838309321,163602.49716531596,0.0,0.0,0.0,0.0,0.0,0.0,0.0,0.0,0.0,0.0,8437962.507150311,0.0,0.0,18.832211952599355,RA7,0.03235862007713994,0.11792993817526445,3.4642387179092884,0.17470998659707943,0.41386722513191443,0.8338884285212721,0.9069270466508221,0.9957588789907008,4.377595266958735,1.541721308472239,0.2220217754130061,17073.1195450459
E06000024,2011,203091,21.19591710120094,34.189599736078904,,0.774091363,,6,,,,,,,,,,,,,,,,,,,,,,,,,,,8.392702238792193,RA7,,,,,,,,,,,,
E06000024,2012,204465,21.881495610495683,33.66395226566894,4.680507666348764,0.826973736,5.54226594181088,9,,,,,,,,,,,,,,,,,,,,,,,,,,,8.392702238792193,RA7,,,,,,,,,,,,
E06000024,2013,206403,22.36159358148864,33.34883698395856,3.8080841848228952,0.772055209,5.6962969274623,7,,,,,,,,,,,,,,,,,,,,,,,,,,,8.392702238792193,RA7,,,,,,,,,,,,
E06000024,2014,208617,22.84952808256278,33.058187971258334,4.654462483881947,0.758793056,5.81732732254475,8,,,,,,,,,,,,,,,,,,,,,,,,,,,8.392702238792193,RA7,,,,,,,,,,,,
E06000024,2015,210553,23.10059699933033,32.842087265439105,4.754147411815552,0.834154189,6.05700104166074,10,,,,,,,,,,,,,,,,,,,,,,,,,,,8.392702238792193,RA7,,,,,,,,,,,,
E06000024,2016,212660,23.2892880654566,32.63848396501458,5.374776638766106,0.892580986,6.38674664381605,6,,,,,,,,,,,,,,,,,,,,,,,,,,,8.392702238792193,RA7,,,,,,,,,,,,
E06000024,2017,213701,23.4397592898489,32.37748068563086,4.744947379750212,0.936834395,6.46626273446479,6,,,,,,,,,,,,,,,,,,,,,,,,,,,8.392702238792193,RA7,,,,,,,,,,,,
E06000024,2018,214360,23.579958947564844,32.34045530882627,4.669714498973689,0.943512678,6.68211045441226,7,,,,,,,,,,,,,,,,,,,,,,,,,,,8.392702238792193,RA7,,,,,,,,,,,,
E06000024,2019,215540,23.73573350654171,32.28542265936717,4.6209520274659,0.959017396,6.9007722410358,5,88982.90796482377,2353.6008268235396,51.09956926251422,7991.4068348846895,7825.781828035273,6395.851955065561,38134.503573197115,15309.444535205246,63238.31834700688,1167.7783610953782,336412.5392386005,154702.03744078783,51273.79663516261,0.0,0.0,0.0,0.0,0.0,0.0,0.0,0.0,0.0,0.0,3575058.490716792,0.0,0.0,8.392702238792193,RA7,0.02991658830542898,0.10157866428994129,1.9664155074135283,0.09947340706597729,0.0812975877733728,0.8038214099662636,0.6517405361641879,1.1310605407104142,4.2761352403024775,0.48472715960546514,0.19459814260970848,16586.519860428656
E06000024,2020,215850,23.861014593467686,32.24507760018531,3.465369469539032,1.013599873,7.08469188799502,6,84531.08068564464,1962.508145815565,58.720191140576375,6408.482448969362,9999.301142750657,9933.170408786158,42327.49709189943,14152.042402639996,47335.54293665134,1138.3743572707972,300497.59951587627,177314.16818845092,56829.05003129342,0.0,0.0,0.0,0.0,0.0,0.0,0.0,0.0,0.0,0.0,3168618.1341880965,0.0,0.0,8.392702238792193,RA7,0.02490958835334742,0.08134114506166272,2.250601073023833,0.12691844149445053,0.12607906186483078,0.6008173222354609,0.7213158558396835,1.0729302843570927,3.8141352539450755,0.5372515425399986,0.17962807000853578,14679.722650859841
E06000024,2021,217385,24.011776341513904,32.47648181797272,3.316696184189341,0.948946655,7.26026730418697,7,84421.17451609115,1996.3988579282643,8.451154598413263,7394.835741216572,14091.687079999758,12602.490762549907,52851.41918224735,14618.701017892628,56280.865654675705,1948.1040777944797,349317.77554464183,197567.65456613744,53149.977722451535,0.0,0.0,0.0,0.0,0.0,0.0,0.0,0.0,0.0,0.0,3709036.9116689274,0.0,0.0,8.392702238792193,RA7,0.025160824859729192,0.09319789290217151,2.4899659377909145,0.17759901494129327,0.15883051706507592,0.709313671497866,0.6698547614682937,1.0639689448912355,4.402488679035671,0.6660919967729415,0.18424102705089707,17062.06459355028
E06000024,2022,219054,24.095885032914257,32.4915317684224,6.48241985994321,0.963241994,7.47715003474264,4,80214.64395800885,2427.258196808065,10.344394807900196,8900.931614636402,13276.362595411701,15296.70268014912,72303.77751114617,16256.029114168337,55006.81068675671,1885.0251561688751,336400.3843904476,232848.91782911913,55409.196649935635,0.0,0.0,0.0,0.0,0.0,0.0,0.0,0.0,0.0,0.0,3566572.8966864534,0.0,0.0,8.392702238792193,RA7,0.030357913834070126,0.11132466886111402,2.9122601761562157,0.16604853667046884,0.19131709289107696,0.6879746132123638,0.6930072868744772,1.0032510149559526,4.207386711682746,0.9043091709187133,0.20331546589523414,16281.706322123555
E06000024,2023,222108,24.0810776739244,32.951987321483244,8.986619122228825,1.033013701,7.74392110903466,12,83582.63289833185,3050.1300960196468,80.44375071022696,9577.312133995787,13933.55377385505,21218.553635182576,107300.83473618637,18307.442837776656,63130.61898887472,2037.323406646665,352762.7092519449,267544.4024498446,59774.48365050528,0.0,0.0,0.0,0.0,0.0,0.0,0.0,0.0,0.0,0.0,3746112.0745803905,0.0,0.0,8.392702238792193,RA7,0.037623682222219505,0.1181371734742371,3.300188930053337,0.171871881824923,0.261733137293724,0.7787229634660604,0.7373246737241401,1.0310007509407597,4.351365894216894,1.3235673171978581,0.22582427304619493,16866.17354881585
E06000024,2024,224667,24.11257550062982,33.13392710099836,7.562303320024747,1.048780918,8.081419308,5,85804.93408925249,2511.244630009808,45.16559339093393,9272.649999111945,15137.600257802098,37200.09347220144,122935.16294184278,17820.75787017823,70802.11485027641,2487.536701179615,374954.13926820917,296609.4286251335,60507.947034189725,0.0,0.0,0.0,0.0,0.0,0.0,0.0,0.0,0.0,0.0,4013971.6735447766,0.0,0.0,8.392702238792193,RA7,0.030623644211208036,0.11307633317537591,3.6170357532512933,0.1845971033513417,0.4536405627324049,0.863404046210936,0.7378707035476704,1.0463575478527396,4.572418799527521,1.4991461389260097,0.21731715901699789,17866.316252697445
E06000025,2011,263417,16.99055110338361,38.91434493597604,,0.677675724,,18,,,,,,,,,,,,,,,,,,,,,,,,,,,10.55638196768729,RVJ,,,,,,,,,,,,
E06000025,2012,265741,17.524205899729434,38.453607083588906,7.258947621932633,0.790513813,5.18426840026614,13,,,,,,,,,,,,,,,,,,,,,,,,,,,10.55638196768729,RVJ,,,,,,,,,,,,
E06000025,2013,268167,17.938448802425356,38.30225195493853,8.095701559103096,0.759039462,5.36271343104475,17,,,,,,,,,,,,,,,,,,,,,,,,,,,10.55638196768729,RVJ,,,,,,,,,,,,
E06000025,2014,269840,18.27786836643937,37.81203676252594,9.45745627038245,0.813476145,5.54137746157829,21,,,,,,,,,,,,,,,,,,,,,,,,,,,10.55638196768729,RVJ,,,,,,,,,,,,
E06000025,2015,272189,18.45225192788834,37.52833509069066,8.497771768881183,0.968180358,5.86285477522271,16,,,,,,,,,,,,,,,,,,,,,,,,,,,10.55638196768729,RVJ,,,,,,,,,,,,
E06000025,2016,275808,18.52484336930038,37.592818192365705,9.65889314305604,1.102053881,6.06549428416911,18,,,,,,,,,,,,,,,,,,,,,,,,,,,10.55638196768729,RVJ,,,,,,,,,,,,
E06000025,2017,278379,18.550609061746755,37.54701324453353,8.14716627331803,1.213956833,6.24676978735972,9,,,,,,,,,,,,,,,,,,,,,,,,,,,10.55638196768729,RVJ,,,,,,,,,,,,
E06000025,2018,281719,18.56424309329509,37.76209627323681,8.86344194037321,1.218351603,6.38323145381614,11,,,,,,,,,,,,,,,,,,,,,,,,,,,10.55638196768729,RVJ,,,,,,,,,,,,
E06000025,2019,284563,18.685141778797664,37.94625443223469,8.96462294816965,1.235751152,6.49947466995569,18,93363.11270621713,2726.2150591545897,166.549736836461,9740.301774552172,10301.633691525745,5224.617134987613,41401.208047152686,26121.505850654903,84345.38969399236,1437.7840609566729,411890.9368644917,206616.85678169952,121981.5937040426,0.0,0.0,0.0,0.0,0.0,0.0,0.0,0.0,0.0,0.0,4357380.122141824,0.0,0.0,10.55638196768729,RVJ,0.026247552752283996,0.09377803258485574,1.9892733075762987,0.09918244448289343,0.05030175935701855,0.8120636183748255,1.174418835668598,0.8988847808044157,3.965618580689302,0.3986040604452199,0.2514935864952543,15312.532276303751
E06000025,2020,287182,18.729586116121485,38.14305910537568,8.945546726466143,1.233200669,6.5324449594438,7,103652.42047087447,2912.4706912684082,190.53428435384146,8892.634588442448,12964.595293327888,9577.937458261586,49237.8138332882,21850.176036173565,67460.69145716283,1797.3347932022248,385432.6465133425,249393.51562638878,144113.44131668957,0.0,0.0,0.0,0.0,0.0,0.0,0.0,0.0,0.0,0.0,4042877.0956957904,0.0,0.0,10.55638196768729,RVJ,0.027785069248419985,0.08483603580338912,2.379222603873929,0.12368267913658387,0.09137384844169351,0.6435772862206022,1.374847121592308,0.988847609414167,3.6770405299120847,0.46973041517644054,0.20845142101356148,14077.752420749874
E06000025,2021,290886,18.758207682734817,38.54052790440241,8.257530441478792,1.211294413,6.68618621291138,10,97849.75582072964,2593.13107109268,27.188057390314516,9458.938325918089,19486.222876168853,12649.232836979018,63061.39565178144,23288.84380462788,80766.60213904681,2463.0166451969844,427122.09940065455,259779.86762109297,134227.2431781679,0.0,0.0,0.0,0.0,0.0,0.0,0.0,0.0,0.0,0.0,4492342.941712589,0.0,0.0,10.55638196768729,RVJ,0.02442354973400284,0.08908953859265573,2.4467511833341007,0.18353207782259617,0.11913750551789876,0.7607047503997642,1.2642267820417894,0.9216033868818697,4.022873333898961,0.5939472748471293,0.219347275288355,15443.654702229014
E06000025,2022,295327,18.7473546272437,38.976456605728565,14.766682355490694,1.211376548,6.98693988830746,9,91131.18700840193,3202.389502576239,33.3135728852337,11774.850944532462,15736.676247025294,16281.984516076427,79686.38300270142,25496.111144701645,78336.6256808299,2267.8396579133673,411217.40443589125,296900.5451842675,134454.31401051264,0.0,0.0,0.0,0.0,0.0,0.0,0.0,0.0,0.0,0.0,4335210.584843946,0.0,0.0,10.55638196768729,RVJ,0.029708322876241887,0.10923439306754479,2.7543236859134925,0.14598794386798172,0.1510467270394301,0.7267228945414618,1.247322403946966,0.8454170629658847,3.814832459787818,0.7392444901470158,0.23652547616896677,14679.357406684609
E06000025,2023,300441,18.72081373713974,39.53654794119311,17.850426539653377,1.310833573,7.04236087447766,16,97629.32809083711,3803.1509110025354,259.3162051766724,13624.530316633172,15764.346020857014,20990.374716427243,158180.64987130172,28473.934363453227,84888.20387136543,2536.7146567823165,441360.840963408,320569.28059456893,148690.38680929886,0.0,0.0,0.0,0.0,0.0,0.0,0.0,0.0,0.0,0.0,4655439.76067127,0.0,0.0,10.55638196768729,RVJ,0.03468099073359909,0.12424229822009293,2.9232761228625783,0.14375531002172937,0.19141154481384734,0.7740968162314223,1.3559098883481362,0.890283320877553,4.024776190537882,1.442451740884295,0.2596542385292089,15495.354364654859
E06000025,2024,305766,18.725757605489164,39.930535115088006,14.7563823315869,1.403653979,7.120027232,17,98335.2869228504,4170.972155708832,145.4888718236485,14917.039120707823,18182.552390648318,38413.931019953125,193117.59213957767,26864.570747316793,91579.72926416565,2998.183941397365,459166.96105285425,367998.0721476275,145915.94241149112,0.0,0.0,0.0,0.0,0.0,0.0,0.0,0.0,0.0,0.0,4875262.437583192,0.0,0.0,10.55638196768729,RVJ,0.03737276536483699,0.1336597278006919,3.297338148436614,0.16291939597330465,0.34419669495630173,0.8205731436687833,1.3074367497922004,0.8811043248566246,4.114230078286692,1.730373205435168,0.2407120598473306,15944.422982225598
E06000026,2011,256589,16.366640814688083,42.690060758645146,,1.104130983,,16,,,,,,,,,,,,,,,,,,,,,,,,,,,9.194399105307705,RK9,,,,,,,,,,,,
E06000026,2012,257886,16.831468168105285,42.48621483911496,7.623523572431229,1.153249025,5.51465594903977,20,,,,,,,,,,,,,,,,,,,,,,,,,,,9.194399105307705,RK9,,,,,,,,,,,,
E06000026,2013,259549,17.07962658303442,42.34422016651962,8.01775387306443,1.216645241,5.62663660447429,12,,,,,,,,,,,,,,,,,,,,,,,,,,,9.194399105307705,RK9,,,,,,,,,,,,
E06000026,2014,261980,17.314298801435225,42.14291167264677,9.038857928086117,1.256733656,6.02901806526309,11,,,,,,,,,,,,,,,,,,,,,,,,,,,9.194399105307705,RK9,,,,,,,,,,,,
E06000026,2015,263088,17.496807151979567,41.82478866386912,9.255458249711122,1.339381576,6.31922078259852,18,,,,,,,,,,,,,,,,,,,,,,,,,,,9.194399105307705,RK9,,,,,,,,,,,,
E06000026,2016,264440,17.651263046437755,41.38216608682499,8.746785660263198,1.350194931,6.46499931337545,17,,,,,,,,,,,,,,,,,,,,,,,,,,,9.194399105307705,RK9,,,,,,,,,,,,
E06000026,2017,265294,17.808921423025023,41.06199160177011,6.698229134469683,1.433248878,6.55303240454252,20,,,,,,,,,,,,,,,,,,,,,,,,,,,9.194399105307705,RK9,,,,,,,,,,,,
E06000026,2018,265689,17.923210972226926,40.8304446175792,7.33564430593664,1.505377769,6.73540387156962,11,,,,,,,,,,,,,,,,,,,,,,,,,,,9.194399105307705,RK9,,,,,,,,,,,,
E06000026,2019,265041,18.1515312725201,40.4122381065571,7.504499303881286,1.571908355,7.10775425477373,12,96596.40221311794,2685.9633780305267,2.046902314459069,10731.695132359926,12238.53686929116,12030.449985938883,52682.84613941609,18505.994132648066,107015.08405606358,1836.9375465742437,484487.99209993746,196140.31129182852,92631.41586164128,0.0,0.0,0.0,0.0,0.0,0.0,0.0,0.0,0.0,0.0,5142611.552719693,0.0,0.0,9.194399105307705,RK9,0.027764775168468654,0.11093341963024203,2.0275003334126547,0.12650962680512814,0.12435863488206642,1.1062137975351096,0.9575299707999819,0.9985159929830234,5.008147275016458,0.5445820260470023,0.19129626657036794,19403.07934515676
E06000026,2020,264830,18.33251519842918,40.18389155307178,7.408526224370351,1.46594131,7.27548518472343,7,83903.2426497949,1614.4283754255407,1.8244263467254045,8996.336478478981,18016.562755408402,12958.057158991185,71690.69924986143,20875.24366586999,94588.3376235214,1432.9191671592514,424901.73856515967,212172.42358292852,85894.3565998579,0.0,0.0,0.0,0.0,0.0,0.0,0.0,0.0,0.0,0.0,4493977.819058936,0.0,0.0,9.194399105307705,RK9,0.016701625342755846,0.09306912812488116,2.1949715333840785,0.18638540159811387,0.13405402130796942,0.9785376674674362,0.88859647465609,0.8679979521605217,4.395704233785122,0.7416564386857779,0.21595909979852668,16969.292825808767
E06000026,2021,264768,18.616298042059466,40.10303359922649,6.141225525743292,1.467417002,7.38226141716788,12,84597.26805966432,1415.2698079307577,0.5735595219742989,9508.95418948127,17344.7085828068,15703.183261714385,84158.44760522059,22269.589663211726,99036.69881856685,2058.800269681844,473889.42923152406,212896.00147503903,83695.15231607681,0.0,0.0,0.0,0.0,0.0,0.0,0.0,0.0,0.0,0.0,5059876.091384551,0.0,0.0,9.194399105307705,RK9,0.014644713592947103,0.09839530942655476,2.20297285310147,0.17947693657064465,0.16249101060214188,1.0247968841428388,0.866047963376744,0.8753827394162635,4.903640936117804,0.870841979881902,0.23043787172074479,19110.602834876387
E06000026,2022,267574,18.723044839932133,40.62240725930023,14.392280266393596,1.65531528,7.47175839949396,14,87867.16335817138,2265.40612420659,1.310195501058953,9494.628439181879,21115.879742368495,33111.099100498715,131148.7771852497,23612.24406034019,106185.82966881688,1845.2014578684757,475923.23840406415,291751.87028614763,86796.63357731671,0.0,0.0,0.0,0.0,0.0,0.0,0.0,0.0,0.0,0.0,5071285.299690637,0.0,0.0,9.194399105307705,RK9,0.02319579675571597,0.09721677238929351,2.987286479870197,0.21620832114315114,0.33902897890440153,1.0872509335153258,0.888722357561787,0.8996836553848617,4.873041787687914,1.3428498969098366,0.24176892978155717,18952.832860033624
E06000026,2023,270641,18.75030021319756,41.2199186376048,17.768926363706903,1.645769954,7.62493704180424,7,91683.81401842264,2467.5697431885737,1.1951790688005024,13447.993505744975,19470.687629075892,39927.07596891778,142981.40963300265,23454.79293457739,115939.85473017055,2381.454309206588,512179.41951396083,277332.92381517106,95601.71269495007,0.0,0.0,0.0,0.0,0.0,0.0,0.0,0.0,0.0,0.0,5478978.804791162,0.0,0.0,9.194399105307705,RK9,0.02497945636408271,0.1361353890355077,2.807469044345113,0.19710372659242714,0.4041858004881438,1.1736707949531138,0.9677857402762692,0.9281244584424468,5.1848437093404875,1.4474151714096781,0.23743522478144494,20244.452262558745
E06000026,2024,271904,18.92910733199953,41.507296692950455,18.74926444627516,1.658764839,7.851190286,23,88920.03340896922,5015.877435433754,1.1681390957065865,20959.36074199288,19127.535101433306,48175.98252701712,146341.32950478527,25158.008571051065,117855.04290207365,4478.34289121895,526859.5127409137,285581.42937379464,87598.87649975352,0.0,0.0,0.0,0.0,0.0,0.0,0.0,0.0,0.0,0.0,5650376.845238499,0.0,0.0,9.194399105307705,RK9,0.050540374397186054,0.2111881625222367,2.877540878386113,0.19273054371157292,0.4854249780242455,1.1875166547709188,0.8826531493362838,0.8959652299619972,5.308677768028861,1.4745467125462621,0.2534940673163762,20780.77867643911
E06000027,2011,131193,23.74288262331069,32.7471740108085,,1.446639061,,11,,,,,,,,,,,,,,,,,,,,,,,,,,,7.107739347003816,RA9,,,,,,,,,,,,
E06000027,2012,131806,24.489021744078418,32.372577879610944,3.550672958742394,1.450774193,6.38282639245017,5,,,,,,,,,,,,,,,,,,,,,,,,,,,7.107739347003816,RA9,,,,,,,,,,,,
E06000027,2013,132920,24.85404754739693,32.15543183869997,3.8970809509479385,1.492751598,6.47511091400116,10,,,,,,,,,,,,,,,,,,,,,,,,,,,7.107739347003816,RA9,,,,,,,,,,,,
E06000027,2014,134217,25.145845906256287,31.995201800070035,3.9488291349083946,1.628292322,6.87091983929637,6,,,,,,,,,,,,,,,,,,,,,,,,,,,7.107739347003816,RA9,,,,,,,,,,,,
E06000027,2015,135052,25.368746853064003,31.57598554630809,4.153955513431863,1.733151913,7.14779149223048,8,,,,,,,,,,,,,,,,,,,,,,,,,,,7.107739347003816,RA9,,,,,,,,,,,,
E06000027,2016,136172,25.543430367476425,31.04970184766325,4.3547865934259615,1.844061494,7.32763608112799,6,,,,,,,,,,,,,,,,,,,,,,,,,,,7.107739347003816,RA9,,,,,,,,,,,,
E06000027,2017,137329,25.65517844009641,30.852187083573025,3.611764448878241,2.119254827,7.43345382845876,3,,,,,,,,,,,,,,,,,,,,,,,,,,,7.107739347003816,RA9,,,,,,,,,,,,
E06000027,2018,138100,25.88414192614048,30.616944243301955,3.692976104272266,2.055736542,7.53495049020407,5,,,,,,,,,,,,,,,,,,,,,,,,,,,7.107739347003816,RA9,,,,,,,,,,,,
E06000027,2019,138754,26.273837150640706,30.298946336682185,3.300805742537152,2.068041563,7.55984982691089,2,186914.32841947433,1037.826996430066,287.8766507922167,4538.8480751425295,9870.651942159244,17005.19784283038,34890.76258530098,8707.29266462991,83725.6870010592,1548.161051733867,247814.17339744803,120156.44659236872,9528.734931972433,0.0,0.0,0.0,0.0,0.0,0.0,0.0,0.0,0.0,0.0,2580259.0856958902,0.0,0.0,7.107739347003816,RA9,0.02049210569824996,0.08962048089330718,2.372513542591071,0.19489803561203997,0.33577109943527494,1.653180764796102,0.18814681451557674,3.6906615338247057,4.893141392788144,0.6889252228453783,0.17192726942251615,18595.92578012807
E06000027,2020,138695,26.61595587440066,30.220267493420817,3.0570676664623817,2.131161928,7.57434906674643,3,181402.9340844291,1195.1620487156456,234.59942913911155,6233.896420196511,13204.623564828787,23599.545970565876,45131.16256506437,8470.97269217662,73322.22932883097,2202.2031453259087,191091.78785143123,135323.27185031958,8901.50231294107,0.0,0.0,0.0,0.0,0.0,0.0,0.0,0.0,0.0,0.0,2016063.7193031705,0.0,0.0,7.107739347003816,RA9,0.023608757142100915,0.12314191769357934,2.673122246662645,0.2608388973109674,0.4661760721750422,1.4483782405925878,0.17583674660010498,3.5833616205150864,3.774751395496894,0.8915030875388712,0.16733223520766952,14535.950966532106
E06000027,2021,139440,26.76706827309237,30.339931153184164,3.033562822719449,1.889935732,7.80142987256885,2,189504.90635667316,1335.0864882710896,56.902765792843994,5393.990264280244,14112.688642842098,25996.782642148555,65666.3471892096,11024.410208337982,74333.70109871456,1881.1556421859596,231089.64041923915,147842.93795314405,7792.219321873607,0.0,0.0,0.0,0.0,0.0,0.0,0.0,0.0,0.0,0.0,2443485.6688952693,0.0,0.0,7.107739347003816,RA9,0.02623186460658858,0.10598146527951816,2.904827489078507,0.2772870079700818,0.5107864460218281,1.4605133076084096,0.15310202300146983,3.7234045056286433,4.540464016913823,1.2902165843257491,0.2166083160103817,17523.56331680486
E06000027,2022,139406,27.016053828386152,30.33944019626128,5.20063698836492,1.91293335,8.05179772842364,5,205031.7870605363,1391.0378010320183,179.8187982034801,5501.645159803302,15186.972306076896,34287.30933376772,85261.21181671084,9718.355813153117,84577.43994506997,1925.8772099540847,239833.48449521282,161105.76061779557,8098.779929131055,0.0,0.0,0.0,0.0,0.0,0.0,0.0,0.0,0.0,0.0,2522766.67424606,0.0,0.0,7.107739347003816,RA9,0.027337865433201384,0.10812303945179737,3.1661882955411325,0.2984673780491533,0.6738435489946233,1.6621882382977555,0.15916415478532409,4.029460162787284,4.713412906997632,1.6756263083488052,0.1909934462275875,18096.543005652988
E06000027,2023,139734,27.20597707072008,30.594558232069502,8.695092103568207,1.920280099,8.24387117449127,7,215832.33642045592,1510.548544667032,4.538558421008436,6440.767373265186,17566.01830579388,46773.63038878033,110649.76769927004,10607.085587525404,97122.20819886625,1509.904635094225,251999.45822969754,203045.98558235273,9653.21024601884,0.0,0.0,0.0,0.0,0.0,0.0,0.0,0.0,0.0,0.0,2658969.49745046,0.0,0.0,7.107739347003816,RA9,0.02961690900905521,0.12628235081616296,3.981066679966942,0.34441207973807536,0.9170776802496237,1.9042483693355192,0.1892678328750034,4.231765136939361,4.94088392661708,2.1694795002730247,0.2079702038084769,19028.793976057797
E06000027,2024,139862,27.451344897112868,30.764610830675952,7.90779482632881,2.012525558,8.389194717,7,222292.4210217169,1962.6266635533373,85.27003400923249,5977.028763645483,16235.8594484017,43729.810925105485,119831.32145799324,11898.244006558069,96646.34035695776,1551.9459285714604,270836.059727988,207187.59948130947,8486.101967057595,0.0,0.0,0.0,0.0,0.0,0.0,0.0,0.0,0.0,0.0,2868604.275130024,0.0,0.0,7.107739347003816,RA9,0.03844546304357813,0.11708270488239549,4.058552422051041,0.31804068802069085,0.856613670365593,1.893183953673274,0.16623238928583017,4.354437456681212,5.305348143130282,2.3473494608676546,0.2330720909545881,20510.247780884187
E06000030,2011,209709,13.861589154495038,42.27572493312161,,1.215828657,,23,,,,,,,,,,,,,,,,,,,,,,,,,,,20.411066313042802,RN3,,,,,,,,,,,,
E06000030,2012,212801,14.248993190821473,41.69529278527826,8.547892162160892,1.3551476,6.37647242744157,18,,,,,,,,,,,,,,,,,,,,,,,,,,,20.411066313042802,RN3,,,,,,,,,,,,
E06000030,2013,215994,14.499939813142957,41.202070427882255,9.699343500282415,1.472563982,6.56552962923944,30,,,,,,,,,,,,,,,,,,,,,,,,,,,20.411066313042802,RN3,,,,,,,,,,,,
E06000030,2014,218998,14.70013424780135,40.75790646489922,9.84940501739742,1.501114488,6.89199266076953,18,,,,,,,,,,,,,,,,,,,,,,,,,,,20.411066313042802,RN3,,,,,,,,,,,,
E06000030,2015,221805,14.858546921845765,40.40576181781295,11.415432474470816,1.561599851,7.17680015424223,22,,,,,,,,,,,,,,,,,,,,,,,,,,,20.411066313042802,RN3,,,,,,,,,,,,
E06000030,2016,224498,14.972071020677244,40.01104686901442,12.62817486124598,1.612375736,7.46181327182199,30,,,,,,,,,,,,,,,,,,,,,,,,,,,20.411066313042802,RN3,,,,,,,,,,,,
E06000030,2017,227680,15.01317638791286,39.77556219255095,11.520555165144062,1.685393214,7.64483585453983,25,,,,,,,,,,,,,,,,,,,,,,,,,,,20.411066313042802,RN3,,,,,,,,,,,,
E06000030,2018,230174,15.1919851938099,39.52748790045791,11.969205905097882,1.811992526,7.69072299084877,17,,,,,,,,,,,,,,,,,,,,,,,,,,,20.411066313042802,RN3,,,,,,,,,,,,
E06000030,2019,231934,15.498374537583969,39.2840204540947,10.903964058740849,2.011995554,7.95697316698,24,157082.0629411128,3271.420825179008,9.890388833134404,8900.503743225012,8848.22178368157,9022.135809061656,44751.41213507949,12391.724458690454,65785.63944654391,1553.4714545821628,354182.7538840065,187139.0558935978,15675.076388626812,0.0,0.0,0.0,0.0,0.0,0.0,0.0,0.0,0.0,0.0,3661272.5931237494,0.0,0.0,20.411066313042802,RN3,0.03864373822428945,0.10513741737847969,2.2105846584555975,0.10451983545722408,0.10657419912043538,0.7770944692053267,0.18516222185346318,1.8555356966939789,4.183792411941547,0.528627146469508,0.146377547163458,15785.838182947517
E06000030,2020,232574,15.711558471712229,38.945883890718655,8.58651439971794,1.946663022,8.01562268464616,17,146185.57552362158,2893.9909954802897,13.126973153848759,6801.23633413967,10989.304673894243,11387.406804295877,55360.83463399303,12236.904277160744,60166.22886762619,1837.9121708092782,275459.6964889914,221318.1412670295,16182.86045099563,0.0,0.0,0.0,0.0,0.0,0.0,0.0,0.0,0.0,0.0,2862800.7849424887,0.0,0.0,20.411066313042802,RN3,0.03409126752504861,0.0801186899787697,2.6071318030582282,0.12945421258638723,0.1341438630555869,0.7087592903719928,0.19063439582812564,1.7220687871048093,3.2449203263040554,0.6521516573012734,0.14415095901909133,12309.20388754757
E06000030,2021,233760,15.992898699520875,38.70679329226557,9.753593429158112,1.820788503,8.19416287739346,14,129540.94818983588,3272.8344894418597,11.827762597729475,8719.187083073244,17983.39918955622,14370.559819290913,73233.04195595598,14121.276282223942,57399.19393216586,1995.8526405025373,327571.92528141313,233168.66559714518,15466.80752243199,0.0,0.0,0.0,0.0,0.0,0.0,0.0,0.0,0.0,0.0,3439784.201626871,0.0,0.0,20.411066313042802,RN3,0.03835844384876491,0.10219106686020606,2.7327954393822163,0.21076996415426924,0.1684265775375624,0.6727329978079127,0.18127487649705107,1.5182525127028292,3.839225400145954,0.858309681349282,0.16550491174912968,14715.024818732334
E06000030,2022,236108,16.18115438697545,38.74963999525641,15.463262574753928,1.722548246,8.42401128361279,23,128115.50240833801,2742.7275259034686,11.667869861281213,9512.69408291838,14290.969357143063,18268.5874857223,77313.07644054214,14913.118187183956,61907.38493407192,2313.3055787365383,324655.8866026543,257007.66796158263,16371.8027088208,0.0,0.0,0.0,0.0,0.0,0.0,0.0,0.0,0.0,0.0,3376515.745040177,0.0,0.0,20.411066313042802,RN3,0.031825783068666146,0.1103824333340649,2.9822394715766554,0.16582809860107048,0.21198317980931292,0.718354624968141,0.18997346128368933,1.4866136533332206,3.767208999580808,0.8971176232161012,0.17304732599945505,14300.725706202997
E06000030,2023,240013,16.26661889147671,39.035385583280906,21.01969476653348,1.907530904,8.60392360038658,25,134437.82149668725,3385.5168684520627,26.45718058337165,9010.490660902453,13291.396907502707,24647.84454998701,83608.20184488612,14669.572013880437,66909.04017799097,2419.9601649269307,333960.0777168009,288089.91609405144,14028.073032009044,0.0,0.0,0.0,0.0,0.0,0.0,0.0,0.0,0.0,0.0,3459968.587593146,0.0,0.0,20.411066313042802,RN3,0.03864535954590202,0.10285391117687122,3.288519544164547,0.1517200570300468,0.2813528485242096,0.7637604581577285,0.16012914633800995,1.5345952036808879,3.8121231642966475,0.9543798323354074,0.1674517974326669,14415.754928246162
E06000030,2024,243324,16.40610872745804,39.28465749371209,18.14864131774917,1.891878724,8.985073895,20,136417.91276751587,3220.9440245888054,30.63266701739295,10794.299751569231,17916.1159493233,40520.2798293556,103059.88188804839,17558.079392559313,68882.4584550265,2832.6399589440125,344648.4476881563,311407.8802825164,14622.191015525197,0.0,0.0,0.0,0.0,0.0,0.0,0.0,0.0,0.0,0.0,3578100.3490730175,0.0,0.0,20.411066313042802,RN3,0.036266476701663754,0.12153928086379479,3.50632191952549,0.2017279396041008,0.45624132960951547,0.7755875468936339,0.1646397285216779,1.5360083929755068,3.8805967452175074,1.1604109779108254,0.19769659837460435,14705.08601318825
E06000031,2011,184457,13.594496278265396,43.17157928406078,,1.732122064,,52,,,,,,,,,,,,,,,,,,,,,,,,,,,28.223783357677767,RGN,,,,,,,,,,,,
E06000031,2012,188675,13.760169603816086,42.89439512389029,18.529216907380416,1.724714398,6.1819299936717,59,,,,,,,,,,,,,,,,,,,,,,,,,,,28.223783357677767,RGN,,,,,,,,,,,,
E06000031,2013,192488,13.83566767798512,42.72889738581107,19.242757990108476,1.719796062,6.29314551086455,57,,,,,,,,,,,,,,,,,,,,,,,,,,,28.223783357677767,RGN,,,,,,,,,,,,
E06000031,2014,195766,13.920701245364365,42.40879417263468,18.08281315448035,1.783138871,6.46118156783524,45,,,,,,,,,,,,,,,,,,,,,,,,,,,28.223783357677767,RGN,,,,,,,,,,,,
E06000031,2015,200246,13.895908033119264,42.33492803851263,19.74571277328885,1.960344076,6.53991517103752,31,,,,,,,,,,,,,,,,,,,,,,,,,,,28.223783357677767,RGN,,,,,,,,,,,,
E06000031,2016,205091,13.831421174015436,42.2583146018109,21.99511436386775,2.139952898,6.67549735079476,39,,,,,,,,,,,,,,,,,,,,,,,,,,,28.223783357677767,RGN,,,,,,,,,,,,
E06000031,2017,208237,13.85152494513463,42.01654845200421,18.12838256409764,2.317062855,6.93805482749562,44,,,,,,,,,,,,,,,,,,,,,,,,,,,28.223783357677767,RGN,,,,,,,,,,,,
E06000031,2018,211037,13.91509545719471,41.65715016798002,15.423835630718782,2.314578533,7.34025770643575,36,,,,,,,,,,,,,,,,,,,,,,,,,,,28.223783357677767,RGN,,,,,,,,,,,,
E06000031,2019,213026,14.05180588284998,41.58928957028719,16.453390665928104,2.280152559,7.44159150050741,38,71398.15110874332,3352.474610532961,32.694925013447914,11201.239463373036,19092.4788013018,3528.0892871451993,63489.64603082951,6724.672417555399,70909.58700787798,1404.4013213733213,336290.2252710546,169650.8171204089,40213.51408736397,0.0,0.0,0.0,0.0,0.0,0.0,0.0,0.0,0.0,0.0,3507110.469648311,0.0,0.0,28.223783357677767,RGN,0.043116154585194515,0.14405906930098877,2.1818780770140593,0.24554824809862172,0.045374733821097656,0.911967746272633,0.5171857482103472,0.9182511660579771,4.32502644247367,0.8165399326885111,0.08648596907465278,16463.2977648189
E06000031,2020,213718,14.201424306796808,41.34607286237004,14.804555535799512,2.355339289,7.50267532482085,30,67828.51353024022,3581.4276841938813,48.76978286127984,11781.32336337096,24383.29231967095,8159.506466568209,74040.2502736806,6934.1347530344765,52470.00016219501,869.8508551774584,286089.98590699234,181970.9350850511,41854.15793785439,0.0,0.0,0.0,0.0,0.0,0.0,0.0,0.0,0.0,0.0,3011764.316712013,0.0,0.0,28.223783357677767,RGN,0.045911578068422276,0.15102891780669317,2.3327492634328033,0.31257797940200743,0.10459957625082202,0.6726313417770339,0.536543135613918,0.869517513351549,3.6674879072754862,0.9491479461243783,0.08889110631939486,14092.235173041172
E06000031,2021,216470,14.229685406753823,41.416824502240495,14.667159421628863,2.238466024,7.65574221977417,46,72531.97462149787,3806.1752389899457,26.35132875966755,13559.918636511225,33033.93434798184,12594.35233437803,85698.6325944628,7261.374203779695,43237.2826290308,975.5474649388126,328621.4301661901,205353.03624163003,43845.433498800594,0.0,0.0,0.0,0.0,0.0,0.0,0.0,0.0,0.0,0.0,3476644.3025559653,0.0,0.0,28.223783357677767,RGN,0.0481723904794925,0.17161944850482272,2.5990255379324925,0.4180899418880131,0.1593988769284748,0.5472273690242857,0.5549243559808736,0.917992048270131,4.159156859550156,1.0846342413794288,0.09190269275542239,16060.628736342058
E06000031,2022,218712,14.28819634953729,41.35118329126888,18.25231354475292,2.436466932,7.80373278192412,36,80740.26166830797,3546.217401223149,16.601808306337364,13733.418090931424,29453.261358236334,14566.66084032464,77752.9742025691,9023.733662808263,40552.78559883906,868.4690051687566,346774.00908800715,185141.3315571799,46166.77240617772,0.0,0.0,0.0,0.0,0.0,0.0,0.0,0.0,0.0,0.0,3624433.3849808713,0.0,0.0,28.223783357677767,RGN,0.04442218128378934,0.17203355549239738,2.319198419904676,0.3689503398756998,0.18247128569308435,0.5079900608498855,0.5783144407354455,1.0114040215055813,4.3439124434110035,0.97398335313255,0.11303704405929538,16571.717075335928
E06000031,2023,221822,14.317786333186069,41.50940844460874,24.21761592628324,2.773722649,8.02681044196161,45,94190.10199901184,3261.3881327905306,141.62276921834217,12775.403739149015,34805.09612982763,28184.13556735843,133225.4121518292,9827.94495666882,59019.24739863661,998.3699341255762,372775.6083531413,312433.0993645501,51834.13999178415,0.0,0.0,0.0,0.0,0.0,0.0,0.0,0.0,0.0,0.0,3924784.147012055,0.0,0.0,28.223783357677767,RGN,0.0402814416642658,0.15778915587567885,3.8588647390675956,0.42987813541015957,0.34810257672180733,0.7289473912210817,0.6402040484859222,1.1633430136320808,4.604155749131956,1.6454685702188858,0.12138505916281164,17693.394464985686
E06000031,2024,224152,14.410756986330703,41.483457653734966,22.056461686712588,2.921548605,8.330142303,38,100589.00929323878,3420.3955167326276,234.04643326969517,14410.107656798707,34893.640642306826,39003.680764977005,136314.87746235076,11789.900549002403,72082.78018583066,1430.603338587882,392614.9679465248,301402.60876386723,53939.02125269453,0.0,0.0,0.0,0.0,0.0,0.0,0.0,0.0,0.0,0.0,4103459.249994525,0.0,0.0,28.223783357677767,RGN,0.04180621462750848,0.17612935421021436,3.6839313142679995,0.4264919137833919,0.4767273963921865,0.8810408517536128,0.6592764749738623,1.229461824256715,4.798785852585902,1.6661257437144017,0.14410354310703063,18306.592178497292
E06000032,2011,203641,11.782499594875295,45.62980932130563,,4.232354641,,108,,,,,,,,,,,,,,,,,,,,,,,,,,,38.44176713958485,RC9,,,,,,,,,,,,
E06000032,2012,205873,11.85925303463786,45.28082847192201,21.94556838439232,4.270028591,7.20147040662721,85,,,,,,,,,,,,,,,,,,,,,,,,,,,38.44176713958485,RC9,,,,,,,,,,,,
E06000032,2013,209624,11.836430943021792,45.02347059497004,23.5993970156089,4.100880146,7.46390775160206,60,,,,,,,,,,,,,,,,,,,,,,,,,,,38.44176713958485,RC9,,,,,,,,,,,,
E06000032,2014,213749,11.806371023958008,44.826876383047406,25.78257676059303,4.094252586,7.59606414590292,73,,,,,,,,,,,,,,,,,,,,,,,,,,,38.44176713958485,RC9,,,,,,,,,,,,
E06000032,2015,217612,11.692829439552966,44.532930169292136,25.467345550796832,4.358759403,7.61209307926846,57,,,,,,,,,,,,,,,,,,,,,,,,,,,38.44176713958485,RC9,,,,,,,,,,,,
E06000032,2016,220952,11.620170896846371,44.33858937687824,29.16470545638872,4.212951183,7.73868203533783,55,,,,,,,,,,,,,,,,,,,,,,,,,,,38.44176713958485,RC9,,,,,,,,,,,,
E06000032,2017,220752,11.704990215264187,43.87819815902008,24.167391461912008,4.102422237,7.96845341531881,61,,,,,,,,,,,,,,,,,,,,,,,,,,,38.44176713958485,RC9,,,,,,,,,,,,
E06000032,2018,221532,11.741418846938592,43.7778740768828,25.242402903418014,4.098995686,8.19058465010097,46,,,,,,,,,,,,,,,,,,,,,,,,,,,38.44176713958485,RC9,,,,,,,,,,,,
E06000032,2019,223106,11.747779082588544,43.87959086712146,31.854813407080044,4.090959072,8.3450857581351,44,56329.99317924874,3770.174210406834,15.520307381555265,10605.841655610675,7380.275881262463,5208.785286180726,31838.300256314014,9821.742788793448,57065.47699204995,741.654491133034,277556.6286058969,132738.56900208737,12967.96215654374,0.0,0.0,0.0,0.0,0.0,0.0,0.0,0.0,0.0,0.0,2868818.699353274,0.0,0.0,38.44176713958485,RC9,0.046297474797062914,0.13023899144949314,1.6300203147135708,0.09062927003875747,0.06396351787792898,0.7007600538800336,0.15924566548002111,0.6917283642586839,3.408375926547071,0.3909720934457718,0.12061031237554688,12858.54571079789
E06000032,2020,224132,11.69043242375029,43.89154605321864,30.923741366694628,3.752005816,8.42642605777887,57,52009.220708504814,4196.169504242343,27.113935177068655,10067.351526686138,8619.186438914143,7537.859536569035,45716.59323242367,10104.340951130142,44836.079466911375,732.2752658363657,251558.5863032067,145037.5037146152,15140.903711548093,0.0,0.0,0.0,0.0,0.0,0.0,0.0,0.0,0.0,0.0,2622776.404483586,0.0,0.0,38.44176713958485,RC9,0.051292786421142024,0.12306045100485229,1.7728973278053022,0.1053584915214364,0.09214065801939408,0.5480635245388833,0.18507811457910556,0.6357459695167991,3.0749808430306937,0.5588266751860715,0.1235125992428892,11701.927455622517
E06000032,2021,224958,11.755083171080823,44.00332506512327,30.69906382524738,3.813750982,8.93547427891763,47,61749.4631436908,3864.387486798378,16.417110424370176,11670.451795068953,17321.39845579926,11901.622572478927,62761.74472540746,10880.712848695066,44662.49076044851,740.1443552561045,299117.6525018435,171394.03109035557,16718.893048096907,0.0,0.0,0.0,0.0,0.0,0.0,0.0,0.0,0.0,0.0,3099898.052932038,0.0,0.0,38.44176713958485,RC9,0.047063731796734516,0.14213248932883243,2.0873793682322135,0.21095442784996282,0.1449478797379033,0.5439370388463199,0.20361661480428442,0.7520364305896102,3.6429040879331693,0.7643648394325231,0.13251439018930494,13779.896927124342
E06000032,2022,227839,11.706073148144084,44.403284775652985,40.919245607644,3.768138647,9.63673979984604,45,69089.62814873611,5114.783355189813,24.40111934737997,15175.018381069316,12690.80906629833,18314.193645468473,79357.87836798916,12339.87322744248,55013.48137606654,807.5015535729284,293601.1083081584,186905.8333781089,19824.63184955272,0.0,0.0,0.0,0.0,0.0,0.0,0.0,0.0,0.0,0.0,3097524.7073246264,0.0,0.0,38.44176713958485,RC9,0.061504417956152434,0.18247706856529144,2.247511516370685,0.15260486531132364,0.22022512827603477,0.6615279508062446,0.23838789610992092,0.830791271302502,3.530504426830102,0.9542652699660986,0.14838492029901287,13595.234825138043
E06000032,2023,233813,11.487385218101643,45.467104053239126,57.05414155756952,3.891431093,9.96591127973804,58,71609.23697634412,4906.503325680859,28.660582794943387,14375.98997329963,13556.362144136998,26604.76952273927,107960.17214223892,12325.1422426037,59897.87841405132,1110.7990038060675,283465.9124237529,217868.58658098374,20715.77845766129,0.0,0.0,0.0,0.0,0.0,0.0,0.0,0.0,0.0,0.0,2981593.6853600456,0.0,0.0,38.44176713958485,RC9,0.05749241857757724,0.16845202747260007,2.55289584928201,0.1588479605629929,0.3117439129319335,0.7018590774544313,0.24273910098347873,0.8390880333691809,3.3215387431292025,1.2650335675962439,0.14442102446585434,12752.04409233039
E06000032,2024,238047,11.445638886438392,45.69055690682932,56.77870336530181,3.848706961,10.66395371,55,84253.33973587475,5048.786468127954,40.96531434815482,14355.965399620209,13387.729373023145,36606.497221770434,123951.0629187169,13747.611272288535,68028.0421015023,1005.8005126703601,294004.371757266,239258.3166004956,21431.955418691803,0.0,0.0,0.0,0.0,0.0,0.0,0.0,0.0,0.0,0.0,3112316.612493732,0.0,0.0,38.44176713958485,RC9,0.05810739767147347,0.1652254052928791,2.7536672894917045,0.1540818015392856,0.4213108050524895,0.7829470547344116,0.24666425570835873,0.969686943206677,3.383749551441361,1.4265752275893588,0.1582237474836014,13074.37864158646
E06000033,2011,174274,17.783490365745894,39.23993252005463,,2.728861094,,19,,,,,,,,,,,,,,,,,,,,,,,,,,,12.498616430168463,RAJ,,,,,,,,,,,,
E06000033,2012,175196,18.198474851023995,38.87817073449165,5.108564122468549,2.773367882,5.92477068332143,17,,,,,,,,,,,,,,,,,,,,,,,,,,,12.498616430168463,RAJ,,,,,,,,,,,,
E06000033,2013,176350,18.52565920045364,38.54210377091013,5.103487383045081,2.959504604,6.20036794470488,14,,,,,,,,,,,,,,,,,,,,,,,,,,,12.498616430168463,RAJ,,,,,,,,,,,,
E06000033,2014,178610,18.693802138738032,38.3679525222552,5.777951962376127,2.727431059,6.31890934716327,9,,,,,,,,,,,,,,,,,,,,,,,,,,,12.498616430168463,RAJ,,,,,,,,,,,,
E06000033,2015,179203,18.84510861983337,37.88329436449167,6.026684821124647,2.794376373,6.46978445215481,15,,,,,,,,,,,,,,,,,,,,,,,,,,,12.498616430168463,RAJ,,,,,,,,,,,,
E06000033,2016,180465,18.90837558529355,37.61006289308176,6.256060731997895,2.917164087,6.48843180907724,7,,,,,,,,,,,,,,,,,,,,,,,,,,,12.498616430168463,RAJ,,,,,,,,,,,,
E06000033,2017,181405,18.90521209448472,37.33689810093437,5.523552272539345,2.838429928,6.71086376014594,14,,,,,,,,,,,,,,,,,,,,,,,,,,,12.498616430168463,RAJ,,,,,,,,,,,,
E06000033,2018,181877,18.939173177477088,36.90186224756291,5.536708874679041,2.952064991,6.84617456365655,10,,,,,,,,,,,,,,,,,,,,,,,,,,,12.498616430168463,RAJ,,,,,,,,,,,,
E06000033,2019,182115,19.103313840155945,36.672432254344784,6.023666364659693,3.096064806,6.91463902384652,14,49757.93612227953,2620.7808935276116,16.257862049463224,8017.202098896644,10016.596063643337,3632.8731890688164,27341.624112596724,7885.627129557571,44533.4048842718,1881.1245158512822,279391.44308760535,121625.62972350421,15697.92374345624,0.0,0.0,0.0,0.0,0.0,0.0,0.0,0.0,0.0,0.0,2910002.878182584,0.0,0.0,12.498616430168463,RAJ,0.03942685460342665,0.12061025866760608,1.8297279375782682,0.15068900937039012,0.05465270422713958,0.6699576006921985,0.23615852761191825,0.7485551034444144,4.203146410011216,0.41132558664906116,0.1186308535222185,15978.930226409599
E06000033,2020,181276,19.180145192965423,36.484697367550034,5.273726251682517,3.047389746,6.87869239858212,14,35867.92026415409,2746.1871028557835,29.620536982088893,7587.771215538289,10970.672401853275,5581.903598085579,30623.68643991288,7632.798554731314,38503.90845456413,2066.840395195511,242192.5022704269,124034.59085618789,17463.08563832523,0.0,0.0,0.0,0.0,0.0,0.0,0.0,0.0,0.0,0.0,2539152.619786171,0.0,0.0,12.498616430168463,RAJ,0.041504668471262975,0.11467824912920628,1.874604453244049,0.16580593524463377,0.08436244494636619,0.5819311996595841,0.2639294238729171,0.5420920292609753,3.6603913486107293,0.46283297730687933,0.11535877260242709,14007.108606689086
E06000033,2021,180655,19.190169106861145,36.59129279566024,6.138772798981484,3.077697277,7.1063371314767,18,45204.270846194115,2285.5004299947636,17.16634369046454,7705.245058149162,14487.07696759725,8317.035554153095,37548.990444527895,8761.229626987013,38377.09506560652,2309.1164476165877,280860.8731389978,138374.0814092302,18360.360242430812,0.0,0.0,0.0,0.0,0.0,0.0,0.0,0.0,0.0,0.0,2927371.871730394,0.0,0.0,12.498616430168463,RAJ,0.034660789979155206,0.11685400588572348,2.0985141421718487,0.21970397624772944,0.1261321235421197,0.5820083928324217,0.2784443100305974,0.6855460263310355,4.259399652467036,0.5694497601691849,0.13286855520777344,16204.211739118175
E06000033,2022,180685,19.364086670171847,36.49500511940671,10.50446910368874,3.059143543,7.22757117276101,8,49403.02548453084,2288.537786632152,28.55757370007696,7519.381544078462,10999.23609683118,9957.611908776851,41902.43811724161,9417.35106021443,37576.6745045985,2659.8846062151556,277403.3958008012,145917.80100473683,20434.47391922972,0.0,0.0,0.0,0.0,0.0,0.0,0.0,0.0,0.0,0.0,2875498.640853456,0.0,0.0,12.498616430168463,RAJ,0.03470109050955101,0.11401635623456491,2.212551109794679,0.16678137873080687,0.1509872347853826,0.5697749849920224,0.3098478570588824,0.7490979038223387,4.206266726976999,0.6353665236251482,0.1427952614152069,15914.429204712378
E06000033,2023,182327,19.38879046987007,36.70986743598041,14.452055921503671,3.378606558,7.37219192602904,15,51492.18241335231,2088.4919218189075,25.773791434312027,8413.165408560364,11605.274221891807,14828.94704998817,52071.13144188186,10038.826513818009,44973.485349078044,2466.092922001839,296626.9727743993,172930.6534771808,23493.33475714736,0.0,0.0,0.0,0.0,0.0,0.0,0.0,0.0,0.0,0.0,3084533.288717868,0.0,0.0,12.498616430168463,RAJ,0.031382602007471117,0.12641993913480248,2.598532374614011,0.17438597597064323,0.22282630763270614,0.6757914535622177,0.3530212239795165,0.7737442746567914,4.457247899313214,0.7824438184544668,0.1508478408816736,16917.589214531406
E06000033,2024,184503,19.4582201915416,36.85468528967009,14.460469477461071,3.517143726,7.598582609,16,56135.58970521493,2823.0059750017776,31.607455656737365,8859.703345925542,11803.009318217353,18160.518511833478,54222.079664364246,11079.739880250385,49763.65972211857,2854.3782762018445,304946.44328843144,226326.4822426951,25587.95252016607,0.0,0.0,0.0,0.0,0.0,0.0,0.0,0.0,0.0,0.0,3168685.1836032523,0.0,0.0,12.498616430168463,RAJ,0.04191944274732849,0.1315597028332916,3.3607722047314983,0.17526550696049642,0.2696695730578903,0.7389516363377775,0.37996119037253756,0.8335698399411992,4.528217468764943,0.805155704330371,0.16452551842904117,17174.16618484931
E06000034,2011,158268,12.787802967119063,42.64222710844896,,1.833747149,,14,,,,,,,,,,,,,,,,,,,,,,,,,,,20.985879478364634,RAJ,,,,,,,,,,,,
E06000034,2012,160026,13.195355754689864,42.149400722382616,6.667666504193068,1.964978337,6.09055858170531,9,,,,,,,,,,,,,,,,,,,,,,,,,,,20.985879478364634,RAJ,,,,,,,,,,,,
E06000034,2013,161702,13.51869488318017,41.73294084179541,6.883031749761908,2.069000721,6.17684745017775,11,,,,,,,,,,,,,,,,,,,,,,,,,,,20.985879478364634,RAJ,,,,,,,,,,,,
E06000034,2014,164451,13.61803819982852,41.52543918857289,8.60438671701601,2.060384274,6.31195600703424,4,,,,,,,,,,,,,,,,,,,,,,,,,,,20.985879478364634,RAJ,,,,,,,,,,,,
E06000034,2015,166622,13.734080733636617,41.18543769730288,9.992678037714107,1.992647171,6.37508535012518,11,,,,,,,,,,,,,,,,,,,,,,,,,,,20.985879478364634,RAJ,,,,,,,,,,,,
E06000034,2016,168977,13.76637057114282,40.891363913432,11.208626026027211,2.132701397,6.51046351262217,12,,,,,,,,,,,,,,,,,,,,,,,,,,,20.985879478364634,RAJ,,,,,,,,,,,,
E06000034,2017,170966,13.726705894739306,40.72447153235146,9.656890843793503,2.252406597,6.67673469992079,16,,,,,,,,,,,,,,,,,,,,,,,,,,,20.985879478364634,RAJ,,,,,,,,,,,,
E06000034,2018,173113,13.697989174700918,40.65263729471501,10.259194861160053,2.213140965,6.86810081754135,6,,,,,,,,,,,,,,,,,,,,,,,,,,,20.985879478364634,RAJ,,,,,,,,,,,,
E06000034,2019,174924,13.69451876243397,40.81200978710754,10.32448377581121,2.33226037,7.00721733311266,17,47644.00078139013,2998.0558997490034,23.433824456372815,8403.454247941261,9182.44776160533,3411.067962608156,26272.015962528476,7672.01631100982,42739.8797404877,1794.448050143993,268607.48960695317,115841.96508103938,16396.39931426939,0.0,0.0,0.0,0.0,0.0,0.0,0.0,0.0,0.0,0.0,2797605.345703365,0.0,0.0,20.985879478364634,RAJ,0.04695668850548956,0.13161808741583056,1.81436078981368,0.14381897925776815,0.05342544006756369,0.6694082054654765,0.2568066243448723,0.7462184090811436,4.207032370801083,0.41148227758761263,0.12016202905198782,15993.261906332835
E06000034,2020,175803,13.600450504257608,40.85993981900195,7.838319027547881,2.454528809,7.13559710252813,7,35405.39829264232,2914.176771462,38.84488966214978,7624.406587078352,10061.708385922191,5305.222092198869,29896.034219831927,7509.612567824855,36494.47619626443,1985.4730031900183,233733.5822374205,118693.52684118664,18130.451928864954,0.0,0.0,0.0,0.0,0.0,0.0,0.0,0.0,0.0,0.0,2458515.7464628997,0.0,0.0,20.985879478364634,RAJ,0.04541473097279887,0.11881927595136417,1.8497280750065377,0.15680235459572534,0.08267694548511793,0.5687324237421172,0.28254620818749493,0.5517601588864735,3.642520200068593,0.465901850753586,0.11703031807045004,13984.492565331078
E06000034,2021,175933,13.614842013721132,40.97468922828577,8.503237027732148,2.492967844,7.44090732431191,14,43625.799222017755,2587.202727170473,24.38025064395893,7839.155646095886,13614.767119940505,7920.357249539038,37152.22143237332,8649.447740424648,36830.78523034743,2162.236041010273,272873.96423366084,132665.86919161698,18794.491308040335,0.0,0.0,0.0,0.0,0.0,0.0,0.0,0.0,0.0,0.0,2855334.558574661,0.0,0.0,20.985879478364634,RAJ,0.04028935247953549,0.12207566946750799,2.065946324859767,0.21201668723578543,0.12334018576871128,0.5735493676857749,0.292678218460037,0.67936508554148,4.249344364104686,0.5785549500883831,0.13469398633032933,16229.670150424656
E06000034,2022,177098,13.622401156421867,40.97731199674757,12.450733492190764,2.443058014,7.6071138723309,11,47779.115013941584,2586.443449451369,44.82023033890655,7841.139949480592,10273.880163754333,9435.090207218595,41826.030362293626,9365.556808851466,36418.920303765255,2432.013968506293,269657.54605133185,140071.6934677749,20954.088578317056,0.0,0.0,0.0,0.0,0.0,0.0,0.0,0.0,0.0,0.0,2798885.1338132354,0.0,0.0,20.985879478364634,RAJ,0.040012571778637054,0.12130331908918461,2.1669248907117735,0.1589380844899331,0.14596190929066277,0.563404803249795,0.3241621128324594,0.7391482962523743,4.171632640689952,0.6470534054946071,0.14488621977819055,15804.160034631874
E06000034,2023,179372,13.53834489217938,41.3581829940013,15.509667060633769,2.539255857,7.75876870668874,9,49848.50424799435,2489.0104766444483,36.947306397214035,8551.282968751404,10759.410766793366,14034.727426155165,51533.299292647964,10039.109615930922,42942.13328197937,2289.7345464537275,284924.7566401636,164512.62341466863,23682.98607397556,0.0,0.0,0.0,0.0,0.0,0.0,0.0,0.0,0.0,0.0,2966411.8247900824,0.0,0.0,20.985879478364634,RAJ,0.03801711964703106,0.13061220545640978,2.51276406688096,0.16433912604666337,0.2143662779969196,0.6558976887396082,0.3617336783520153,0.7613855256954989,4.3519377138956274,0.7871190673556656,0.15333725390060912,16537.764114745238
E06000034,2024,181287,13.570746937176963,41.40671973169615,14.143319708528466,2.627541304,8.0269287,15,53972.141824823666,3132.7172422971475,42.2605581150589,9054.540776335045,11020.62138964446,17936.115103349748,54119.26823161579,10966.784470631586,47327.098176582695,2657.8299360881974,292350.66393864894,211374.21150921838,25793.171313326668,0.0,0.0,0.0,0.0,0.0,0.0,0.0,0.0,0.0,0.0,3042190.996295101,0.0,0.0,20.985879478364634,RAJ,0.047343642760913164,0.1368380580574168,3.1944233662225043,0.16655073590108443,0.2710621356139183,0.7152376214266276,0.3898030348355781,0.8156618053795676,4.4181917242802085,0.8178852744976279,0.1657371176700229,16781.076394309028
E06000035,2011,264885,14.093285765520886,41.60409234195972,,1.160171509,,28,,,,,,,,,,,,,,,,,,,,,,,,,,,13.822768342197056,RPA,,,,,,,,,,,,
E06000035,2012,268144,14.601109851423116,41.24835909063787,6.6494122561012,1.245900393,6.71273925502509,20,,,,,,,,,,,,,,,,,,,,,,,,,,,13.822768342197056,RPA,,,,,,,,,,,,
E06000035,2013,271084,15.013796461613374,40.92716648714052,6.724852813150168,1.407587647,6.66311817143104,16,,,,,,,,,,,,,,,,,,,,,,,,,,,13.822768342197056,RPA,,,,,,,,,,,,
E06000035,2014,273977,15.330483945732672,40.56763888939582,7.847374049646503,1.430770636,6.85986020578676,16,,,,,,,,,,,,,,,,,,,,,,,,,,,13.822768342197056,RPA,,,,,,,,,,,,
E06000035,2015,276037,15.47365027152157,40.218521430098136,8.317725522303169,1.347530484,6.97112277345467,14,,,,,,,,,,,,,,,,,,,,,,,,,,,13.822768342197056,RPA,,,,,,,,,,,,
E06000035,2016,277504,15.670044395756458,39.77564287361624,8.655731088560886,1.526607394,7.21511994268302,12,,,,,,,,,,,,,,,,,,,,,,,,,,,13.822768342197056,RPA,,,,,,,,,,,,
E06000035,2017,278652,15.846288560641948,39.538564230653286,7.658297805147639,1.600473523,7.43502642308395,12,,,,,,,,,,,,,,,,,,,,,,,,,,,13.822768342197056,RPA,,,,,,,,,,,,
E06000035,2018,278827,16.052247450928352,39.264490167738415,7.563829901695317,1.7440871,7.73601718445306,18,,,,,,,,,,,,,,,,,,,,,,,,,,,13.822768342197056,RPA,,,,,,,,,,,,
E06000035,2019,279852,16.275031087860725,39.112102111115874,8.443748838671869,1.813076138,7.64767514182073,24,101340.75483845643,4874.795709010052,8.399557075327941,12588.880518430058,38144.736638265626,4822.818357845152,47592.8530194125,15140.36890685416,70070.91416880973,3002.9705474130546,412695.22010162356,280847.3372199894,22031.46611365375,0.0,0.0,0.0,0.0,0.0,0.0,0.0,0.0,0.0,0.0,4293576.586013512,0.0,0.0,13.822768342197056,RPA,0.04772381359511214,0.12324401330752378,2.749470289677473,0.37343355693748914,0.047214959980266986,0.6859879769013889,0.21568608097600855,0.9921169177529691,4.040249259947611,0.46592977050504086,0.14822285621866038,15342.311600465646
E06000035,2020,280364,16.43185287697422,38.97469004579761,7.707836954815883,1.844306231,7.69765081689016,17,92230.56848290616,4024.5935547267154,7.525615823940675,11421.04080254635,44290.67074873148,9517.120072227579,53417.96964349198,15286.993881750588,68584.17713729068,3236.709211110077,364382.9815161934,300793.1001470037,21493.278539502822,0.0,0.0,0.0,0.0,0.0,0.0,0.0,0.0,0.0,0.0,3902949.1105350684,0.0,0.0,13.822768342197056,RPA,0.03932845768921846,0.11160677814092511,2.9393598512442995,0.43280985940128597,0.0930016035145268,0.6702067853599584,0.21003300933349095,0.9012800823010925,3.560762217690324,0.5220021178289358,0.14938499599982438,13921.006657541868
E06000035,2021,279903,16.553591780009505,38.83702568389764,8.256431692407727,1.877167463,7.91655260609676,17,96909.71037054493,3718.706242174239,6.985455074471455,14353.735500585073,48596.47948862712,13691.944197109022,46203.527980371815,14475.256268094845,67709.4042683955,3385.768517298398,458214.8189779215,305203.3294044144,22648.124331762683,0.0,0.0,0.0,0.0,0.0,0.0,0.0,0.0,0.0,0.0,4963761.472213509,0.0,0.0,13.822768342197056,RPA,0.036399167854326044,0.14049618168197187,2.9873688571311265,0.4756684983543185,0.13401848455532978,0.662748227684899,0.2216827104513328,0.9485645234588843,4.485064703461326,0.452245985807234,0.14168564235090292,17733.86306046562
E06000035,2022,282849,16.626539248857163,38.92041336543527,12.45187361454345,2.023788691,8.18729603775595,18,113298.53374249498,3493.0533351190816,14.92142501515598,14321.260131742942,46572.392581799824,17340.750411593723,66182.26967978862,16279.650807463539,57644.55600625728,3738.6349489044856,431814.2055399386,347465.9520839621,24942.98825597652,0.0,0.0,0.0,0.0,0.0,0.0,0.0,0.0,0.0,0.0,4569677.265556146,0.0,0.0,13.822768342197056,RPA,0.033834339655832456,0.13871828830246122,3.3656173879306635,0.4511085282766425,0.1679656114649268,0.558355484474409,0.24160224758073415,1.0974298716285376,4.182629664300174,0.6410533068667078,0.15768761082466856,16155.889770005007
E06000035,2023,287701,16.55677248254264,39.28627290138025,20.333610241187905,2.175502539,8.4768093870734,22,109310.72527885855,2958.0431555418872,20.332819269920876,13968.213591352907,47199.101042133916,26771.5125692011,91638.56578564376,18422.961638284916,48890.787511599876,3857.8383348605175,430876.7209093257,381309.85385864845,25923.402365980273,0.0,0.0,0.0,0.0,0.0,0.0,0.0,0.0,0.0,0.0,4534303.595913055,0.0,0.0,13.822768342197056,RPA,0.028168924763565056,0.13301684155589907,3.631146680475858,0.44946873870750337,0.25494040611132096,0.4655783714532765,0.2468640017961977,1.0409468132545956,4.103163238483234,0.8726579462576922,0.17543862378702355,15760.472142651764
E06000035,2024,291691,16.537020340017346,39.36700138159902,18.88985261801016,2.232247829,8.741532048,20,106158.74254874469,3557.4091861551397,25.308221596355587,13779.963895836136,51876.91114706227,38894.921561465075,113223.43044747358,18763.944633684387,73077.83437779,3387.4532000720624,434029.1246590974,407361.9952791573,27662.25577387149,0.0,0.0,0.0,0.0,0.0,0.0,0.0,0.0,0.0,0.0,4593123.080794309,0.0,0.0,13.822768342197056,RPA,0.03341318908506379,0.1294291758813841,3.8261731114048327,0.4872571443430944,0.36532299226071685,0.686388146602595,0.25981947375886083,0.9971026531382895,4.076645798043064,1.0634581776885361,0.17624152781383814,15746.536851648865
E06000036,2011,113696,12.548374613003096,42.34537714607374,,1.199274898,,10,,,,,,,,,,,,,,,,,,,,,,,,,,,17.364226611343405,RDU,,,,,,,,,,,,
E06000036,2012,115100,12.927888792354477,41.78105994787142,7.515204170286708,1.330616713,5.0676006395684,10,,,,,,,,,,,,,,,,,,,,,,,,,,,17.364226611343405,RDU,,,,,,,,,,,,
E06000036,2013,116552,13.301359050037751,41.41499073374974,7.292882147024504,1.486395359,5.20525197509918,6,,,,,,,,,,,,,,,,,,,,,,,,,,,17.364226611343405,RDU,,,,,,,,,,,,
E06000036,2014,117979,13.521050356419362,41.07171615287466,8.586273828393189,1.47494638,5.33585836003059,14,,,,,,,,,,,,,,,,,,,,,,,,,,,17.364226611343405,RDU,,,,,,,,,,,,
E06000036,2015,119078,13.606207695796034,40.847175800735656,8.574211861133039,1.50459516,5.39770652253305,7,,,,,,,,,,,,,,,,,,,,,,,,,,,17.364226611343405,RDU,,,,,,,,,,,,
E06000036,2016,119553,13.847414954037122,40.50337507214373,9.585706757672328,1.641412377,5.63375852924838,3,,,,,,,,,,,,,,,,,,,,,,,,,,,17.364226611343405,RDU,,,,,,,,,,,,
E06000036,2017,120164,14.119869511667387,40.125994474218565,8.579940747644885,1.682999015,5.72442109400048,5,,,,,,,,,,,,,,,,,,,,,,,,,,,17.364226611343405,RDU,,,,,,,,,,,,
E06000036,2018,121046,14.442443368636717,39.82039885663301,8.732217504089354,1.500567794,5.90608688546359,7,,,,,,,,,,,,,,,,,,,,,,,,,,,17.364226611343405,RDU,,,,,,,,,,,,
E06000036,2019,121660,14.69340785796482,39.68765411803386,8.170310701956272,1.725113869,5.97025410461242,7,18048.377439482072,2463.764284060737,11.858158248570959,8200.866327771855,6787.714239025647,7087.097812336052,24457.515916419474,5872.112397917095,39951.02111542828,976.8029358119046,162276.8601650034,91440.76754034901,13605.747749881995,0.0,0.0,0.0,0.0,0.0,0.0,0.0,0.0,0.0,0.0,1699298.522700841,0.0,0.0,17.364226611343405,RDU,0.05548281386168813,0.18467965580636478,2.059203113558086,0.1528561348610353,0.15959811224040166,0.8996782210343284,0.30639504547553353,0.40644097832680054,3.6543986309252463,0.550771764932576,0.13223721167495975,13967.602520966966
E06000036,2020,123188,14.963308114426727,39.58096567847517,6.1694320875409945,1.512798548,6.06618010641033,5,15838.114607658918,2368.935254594006,17.386372583941114,8934.314607596983,7723.440471628861,9848.46117383227,31020.594458442043,5886.040493781961,32493.43279782464,1025.9639318507252,144048.93991156796,99515.248191003,13501.300490981723,0.0,0.0,0.0,0.0,0.0,0.0,0.0,0.0,0.0,0.0,1520854.3531638382,0.0,0.0,17.364226611343405,RDU,0.052685599037488665,0.19870096330315448,2.2132392407684924,0.17177087769242913,0.21903176776763678,0.7226605152748965,0.30027165274908296,0.35224287118472486,3.203677548906604,0.6899042928136578,0.1309067306809808,12345.799535375509
E06000036,2021,125195,15.183513718598986,39.85941930588282,7.396461520028756,1.419707656,6.21113775022903,13,16757.72973968142,2737.9837671369214,15.956243671018026,8595.33978840367,9603.193016454305,12481.12679381281,39039.56447491942,6721.594040466949,32659.329279403344,1071.2262471369427,170906.4529497517,114299.07425221903,13980.846595541221,0.0,0.0,0.0,0.0,0.0,0.0,0.0,0.0,0.0,0.0,1794078.734472925,0.0,0.0,17.364226611343405,RDU,0.05991713238880325,0.18809757684103035,2.5012831873175165,0.21015310398418038,0.2731328561704084,0.7147059743928971,0.30595222894566604,0.3667206224521291,3.7400603650032345,0.8543289339845056,0.14709314380179409,14330.274647333561
E06000036,2022,127130,15.42672854558326,39.81200346102415,11.89333752851412,1.523338318,6.50859707632128,5,16341.442298966136,2338.0280733498985,17.488908115625765,7121.212546724977,7216.4789624688165,10246.209377241328,42637.61935241489,5763.815432283952,36478.326617480285,829.0339854035697,141822.77280377477,106437.52309780315,14626.485537159426,0.0,0.0,0.0,0.0,0.0,0.0,0.0,0.0,0.0,0.0,1494600.8359421773,0.0,0.0,17.364226611343405,RDU,0.05038587560247139,0.15346630504908634,2.293791019607869,0.15551935215638002,0.22081181871304917,0.7861293232896168,0.31520933780779736,0.352167661383529,3.0563638946601905,0.9188656924885409,0.12421360148621359,11756.476330859572
E06000036,2023,128972,15.747604131129238,39.81096672145892,13.847967000589277,1.553197026,6.77533905028144,11,15113.306484275312,2549.8673449096577,29.782984387141052,11768.695021994261,8556.74009604623,17082.2418222919,55934.248363111736,7702.816436244791,32978.90365620702,1256.8178299546712,160345.17957760862,131332.22316814185,15004.836305718987,0.0,0.0,0.0,0.0,0.0,0.0,0.0,0.0,0.0,0.0,1664352.6226994782,0.0,0.0,17.364226611343405,RDU,0.05416631463619496,0.2500000004672196,2.7898637692654504,0.18176909368554095,0.36287459701971847,0.7005641589022192,0.31874469313970216,0.3210489031340202,3.40618011550152,1.1881998888388163,0.1636293666427074,12904.759348536723
E06000036,2024,130502,16.074083155813703,39.70054098787758,11.99215337695974,1.694828868,7.164654001,6,16064.51837956349,2635.9412583243693,26.729997922810902,11733.642004006675,10636.790113727677,24813.380581077894,68428.67651128977,7261.225994433543,37437.44446008072,1402.9910438251504,163011.70981741522,166616.16020280553,15850.647940458588,0.0,0.0,0.0,0.0,0.0,0.0,0.0,0.0,0.0,0.0,1706746.1310295195,0.0,0.0,17.364226611343405,RDU,0.05533828502338324,0.2463331166919958,3.4978975854210503,0.2233060851369449,0.5209258448582617,0.7859522535020346,0.33276449949874465,0.33725444148052713,3.422226664398262,1.436574351797889,0.15244034457527955,13078.313980088576
E06000037,2011,154148,15.493551651659445,37.852583231699406,,0.820685685,,6,,,,,,,,,,,,,,,,,,,,,,,,,,,12.048558421851286,RHW,,,,,,,,,,,,
E06000037,2012,155172,16.19042095223365,37.3153661743098,5.967571469079473,0.834834576,4.36593951967842,9,,,,,,,,,,,,,,,,,,,,,,,,,,,12.048558421851286,RHW,,,,,,,,,,,,
E06000037,2013,156789,16.673363565046017,36.89608327114785,6.129256516719924,0.788928688,4.57941646905845,11,,,,,,,,,,,,,,,,,,,,,,,,,,,12.048558421851286,RHW,,,,,,,,,,,,
E06000037,2014,157663,17.147333236079486,36.42325720048458,6.951535870813063,0.723969996,4.72785033699596,7,,,,,,,,,,,,,,,,,,,,,,,,,,,12.048558421851286,RHW,,,,,,,,,,,,
E06000037,2015,158895,17.436672016111267,36.18049655432833,7.539570156392586,0.756462812,4.91347290927564,5,,,,,,,,,,,,,,,,,,,,,,,,,,,12.048558421851286,RHW,,,,,,,,,,,,
E06000037,2016,160551,17.75635156430044,35.78987362271179,8.414771630198505,0.832931459,5.0464730769548,6,,,,,,,,,,,,,,,,,,,,,,,,,,,12.048558421851286,RHW,,,,,,,,,,,,
E06000037,2017,160729,18.21202147714476,35.32903209750574,7.142457179476013,0.88523972,5.2002689935704,8,,,,,,,,,,,,,,,,,,,,,,,,,,,12.048558421851286,RHW,,,,,,,,,,,,
E06000037,2018,160953,18.555727448385557,34.99530918963921,7.051748025821203,0.869545817,5.39905145180118,6,,,,,,,,,,,,,,,,,,,,,,,,,,,12.048558421851286,RHW,,,,,,,,,,,,
E06000037,2019,160883,18.93052715327288,34.74574690924461,6.37730524666994,0.878724694,5.535530589598,5,40717.26584548854,1842.3318951726274,11.102802054771008,5981.1118406191745,12733.137040401005,3826.396176966707,29410.243248906903,7747.602561231595,47369.071619876115,1220.7829995038776,208042.21928143775,135351.3910718886,38504.07135251328,0.0,0.0,0.0,0.0,0.0,0.0,0.0,0.0,0.0,0.0,2297523.906556454,0.0,0.0,12.048558421851286,RHW,0.031373635774498046,0.10185419082512313,2.304940416104115,0.216836502054305,0.0651608758984421,0.8066624715514971,0.655697658828104,0.6933868277029795,3.5428148590145825,0.5008360665894769,0.13193630394097497,14280.712732584885
E06000037,2020,161026,19.256517581011764,34.43356973408021,4.670053283320706,0.861932099,5.6070700642074,9,36596.57947066257,2207.649622764387,16.773619582252817,5500.964294995743,14560.975455868307,6741.668994596803,41741.137275905116,7073.815421871282,35462.17745395592,1329.1975598427641,192038.78750520037,151145.64757606506,37429.13591009816,0.0,0.0,0.0,0.0,0.0,0.0,0.0,0.0,0.0,0.0,2322764.7093813196,0.0,0.0,12.048558421851286,RHW,0.037561357363788045,0.0935944198749448,2.5716198911477592,0.2477431187555742,0.11470399819031696,0.6033600198650115,0.636826213380978,0.6226609447510743,3.267383307029978,0.7101913989539529,0.12035519869030394,14424.780528494277
E06000037,2021,161864,19.639326842287357,34.451761973014385,5.047447239657984,0.786653101,5.86236466072015,5,37069.51754894783,2286.2463961629,15.149480408984342,6557.882586914737,16256.584523640759,10222.579413367408,52057.03396884017,8698.955963955212,37503.91751045833,1081.8892487220985,198706.6811675677,165754.35533600664,39459.3142555268,0.0,0.0,0.0,0.0,0.0,0.0,0.0,0.0,0.0,0.0,2205037.1243870417,0.0,0.0,12.048558421851286,RHW,0.03869723197629297,0.11099936741947301,2.805574565490234,0.2751605529086275,0.17302838732477946,0.6347950065039943,0.667892244656715,0.6274423099139516,3.36332888234885,0.8811224909401394,0.1472393865568052,13622.776679107408
E06000037,2022,162376,19.90072424496231,34.2094890870572,9.36098930876484,0.900030732,6.19026846968315,4,38783.30114114761,2212.579569218099,14.946267907978037,6836.321777383706,15597.179456950007,12858.811179601402,62182.44968509126,8633.07340261436,41005.5774508083,1449.8989429552955,199089.45368749512,175960.0235764441,42058.53181418388,0.0,0.0,0.0,0.0,0.0,0.0,0.0,0.0,0.0,0.0,2061249.9247075152,0.0,0.0,12.048558421851286,RHW,0.03733225250944871,0.11534739558284991,2.968925557802997,0.26316696132551487,0.21696321913423675,0.6918759410900237,0.7096421533073562,0.6543800781198452,3.3591821331227023,1.0491875391040864,0.14566349643773457,12694.301649920648
E06000037,2023,164121,20.079697296506847,34.47517380469288,11.095472243040197,1.029076934,6.48791167400363,6,39391.69753328819,2846.1032667038025,27.226180738472497,8030.119991642276,15946.30227568672,17296.816405253867,69882.0330277137,8846.9278145465,43619.24141841204,1813.3763490529175,201166.93101568593,187956.2153052559,40698.85347725137,0.0,0.0,0.0,0.0,0.0,0.0,0.0,0.0,0.0,0.0,2091545.0148655244,0.0,0.0,12.048558421851286,RHW,0.04751094129604849,0.13404944366793656,3.1376151442100215,0.26619688757345533,0.2887414657270303,0.7281503951922549,0.679399395305007,0.6575786096557424,3.358145982264938,1.1665638445626225,0.1476846862742599,12743.920734491774
E06000037,2024,164918,20.45258855916273,34.43468875441128,8.367794904134175,1.139372349,6.863936674,4,44177.69481779471,2513.8042893185857,31.93601906144295,8622.729397597557,17698.57821893171,25450.430701930214,77454.45259004962,9125.231806221234,46647.13452094044,2401.0379262306374,210874.95310279238,215001.69551672757,44032.94256604788,0.0,0.0,0.0,0.0,0.0,0.0,0.0,0.0,0.0,0.0,2192907.801322732,0.0,0.0,12.048558421851286,RHW,0.04176096629372781,0.14324643858039465,3.571749239875086,0.29402039434345223,0.4227992541902553,0.7749328063069025,0.7315041342430182,0.733908853628623,3.5031930871214603,1.2867241883770484,0.1515943383107825,13296.958496481477
E06000038,2011,155339,11.52575978987891,49.8007583414339,,2.878076792,,52,,,,,,,,,,,,,,,,,,,,,,,,,,,33.469957118501036,RHW,,,,,,,,,,,,
E06000038,2012,159065,11.633608902021184,49.580988903907205,27.34731084776664,3.198491096,4.45783671107054,43,,,,,,,,,,,,,,,,,,,,,,,,,,,33.469957118501036,RHW,,,,,,,,,,,,
E06000038,2013,163089,11.595509200497888,49.58458265119045,27.18147759812127,3.293317795,4.56571832400561,66,,,,,,,,,,,,,,,,,,,,,,,,,,,33.469957118501036,RHW,,,,,,,,,,,,
E06000038,2014,166300,11.625977149729405,49.23812387251954,31.214672279013836,3.048018217,4.73034963027584,64,,,,,,,,,,,,,,,,,,,,,,,,,,,33.469957118501036,RHW,,,,,,,,,,,,
E06000038,2015,169220,11.566008746011107,48.98889020210377,33.03982980735138,3.081103802,4.93153772468586,37,,,,,,,,,,,,,,,,,,,,,,,,,,,33.469957118501036,RHW,,,,,,,,,,,,
E06000038,2016,171750,11.54410480349345,48.96535662299854,33.985443959243085,3.402527571,5.01744484912119,27,,,,,,,,,,,,,,,,,,,,,,,,,,,33.469957118501036,RHW,,,,,,,,,,,,
E06000038,2017,173047,11.568533404219664,48.56946378729478,30.45993285061284,3.560933113,5.1741346927824,38,,,,,,,,,,,,,,,,,,,,,,,,,,,33.469957118501036,RHW,,,,,,,,,,,,
E06000038,2018,174484,11.63545081497444,48.52593934114303,31.555901973819957,3.388528824,5.41244110836062,22,,,,,,,,,,,,,,,,,,,,,,,,,,,33.469957118501036,RHW,,,,,,,,,,,,
E06000038,2019,174288,11.830418617460754,48.19322041678142,32.09056274671808,3.503635406,5.63803186759152,25,41172.25331293081,2123.430504661485,11.81628195714957,6763.264943502878,15057.246434424684,3392.4954786319477,26371.482182988566,9215.334821180973,56728.422951160006,1080.7325368611428,210396.043199776,128304.10614022716,55073.938280882554,0.0,0.0,0.0,0.0,0.0,0.0,0.0,0.0,0.0,0.0,2200186.0487445896,0.0,0.0,33.469957118501036,RHW,0.033379336620939885,0.10631536879130116,2.0168806745979126,0.23669288738942384,0.053328445794520986,0.8917443361131757,0.8657366091721992,0.6472086087856285,3.3073276164499257,0.41454739349683795,0.14486076299441034,12623.852753744319
E06000038,2020,173879,11.93876201266398,47.74814669971647,25.552251853300284,3.289669752,5.8395081191865,29,35972.637099894746,2651.7341247289996,17.548794745318745,6083.277869708808,16995.989455927836,6396.6365760325125,37872.3912209253,7960.863612107337,41049.39411920842,1055.080472465087,181764.28835791678,142903.877659096,53261.1064577228,0.0,0.0,0.0,0.0,0.0,0.0,0.0,0.0,0.0,0.0,1904457.4309437734,0.0,0.0,33.469957118501036,RHW,0.041782072586439616,0.09585122246810127,2.2516662336372946,0.26779746072714294,0.10078866174269215,0.6467951476445305,0.8392091029405475,0.5668031800084998,2.863970644330399,0.596736672903229,0.12543541910552877,10952.7742334829
E06000038,2021,173371,12.175623374151389,47.50679179332184,25.05609357966442,2.36441946,6.09060428529619,35,37214.769522303584,2837.9431504070094,17.673149355798387,7046.542636957186,18610.713054777367,10150.297061138775,47102.367926207415,9726.966152226925,44270.18873269314,782.2736839829682,196981.29439466572,156703.6041814561,56471.924250107775,0.0,0.0,0.0,0.0,0.0,0.0,0.0,0.0,0.0,0.0,2053298.2644481496,0.0,0.0,33.469957118501036,RHW,0.044847100803732234,0.11135424186072715,2.476336543960024,0.29409909929916495,0.16040187254048152,0.6995875221850733,0.8924076153752749,0.5880930066957302,3.1128318990111827,0.7443435370360231,0.15371211064634965,11843.37786854866
E06000038,2022,176479,12.181052703154483,47.71049246652576,38.86014766629457,2.841501474,6.39693051930746,30,40518.36099646389,2771.288733244465,18.475269322047755,7726.158130796315,17579.8199501045,12200.535153840085,53925.64376537966,9700.489044920505,47161.80321265099,1365.8892964294944,211964.83902653022,163378.15494271764,61058.78018500799,0.0,0.0,0.0,0.0,0.0,0.0,0.0,0.0,0.0,0.0,2187440.362300981,0.0,0.0,33.469957118501036,RHW,0.043022523200509095,0.11994376964244828,2.536343606914737,0.2729157025723111,0.1894056726814574,0.7321574791373912,0.9478993493503165,0.6290221964624125,3.2906214698295857,0.8371618706370926,0.15059402146913062,12394.904562588074
E06000038,2023,180350,12.13806487385639,48.37039090657056,46.65372886054893,2.765624046,6.740317775571,39,39892.64212328365,3645.594525138245,30.02795324943191,8837.680606469588,17821.90674990362,14959.964514459642,63221.70104305069,9669.390870439245,49233.40135270791,1853.0112656066617,211472.8382518876,175765.80218753105,60242.65077798942,0.0,0.0,0.0,0.0,0.0,0.0,0.0,0.0,0.0,0.0,2194258.305053693,0.0,0.0,33.469957118501036,RHW,0.055380816223222655,0.13425463587118788,2.670086736787009,0.2707354687028437,0.2272592411932603,0.7479125650308253,0.9151558541494951,0.6060155804092293,3.212518098399043,0.9604110886829748,0.14688928104696342,12166.66650986245
E06000038,2024,182809,12.200165199743996,48.71587285089903,43.36219770361415,3.061283827,7.029089594,37,45811.720927185495,2974.440271676879,36.29072874456868,9682.072697961632,19751.92925089208,22365.417930104548,74579.35785734342,9778.047993095774,53121.18275900457,2588.877114019586,224326.58630480498,208077.88633892467,65593.07064498587,0.0,0.0,0.0,0.0,0.0,0.0,0.0,0.0,0.0,0.0,2327541.52009299,0.0,0.0,33.469957118501036,RHW,0.044577408274492636,0.14510350458543014,3.1184263407630954,0.2960186569587838,0.3351865477997516,0.7961177349636585,0.9830317044728378,0.6865721281997597,3.3619427223848497,1.1177075955141056,0.14654186929431284,12732.094809845192
E06000039,2011,140713,9.149829795399146,47.958610789337165,,3.409918547,,85,,,,,,,,,,,,,,,,,,,,,,,,,,,43.970651323592506,RDU,,,,,,,,,,,,
E06000039,2012,143095,9.1561550019218,47.61801600335441,19.84695482022433,3.355519533,7.78160848850124,84,,,,,,,,,,,,,,,,,,,,,,,,,,,43.970651323592506,RDU,,,,,,,,,,,,
E06000039,2013,144880,9.165516289342904,47.01822197680839,18.201270016565434,3.696162224,8.15344894461479,78,,,,,,,,,,,,,,,,,,,,,,,,,,,43.970651323592506,RDU,,,,,,,,,,,,
E06000039,2014,147313,9.158051224263982,46.49148411884898,20.99611032291787,3.429831743,8.4140739244916,58,,,,,,,,,,,,,,,,,,,,,,,,,,,43.970651323592506,RDU,,,,,,,,,,,,
E06000039,2015,150104,9.16231412887065,46.26991952246443,23.370463145552417,3.492087841,8.66251469883716,71,,,,,,,,,,,,,,,,,,,,,,,,,,,43.970651323592506,RDU,,,,,,,,,,,,
E06000039,2016,152565,9.166584734375512,45.91944417133681,24.297840264805163,3.333333254,8.92425737520841,53,,,,,,,,,,,,,,,,,,,,,,,,,,,43.970651323592506,RDU,,,,,,,,,,,,
E06000039,2017,154573,9.25258615670266,45.42772670518137,19.595919080305094,3.391721964,9.15933496136219,43,,,,,,,,,,,,,,,,,,,,,,,,,,,43.970651323592506,RDU,,,,,,,,,,,,
E06000039,2018,155915,9.313407946637591,45.0790494820896,20.7484847513068,3.464812994,9.44850922974822,36,,,,,,,,,,,,,,,,,,,,,,,,,,,43.970651323592506,RDU,,,,,,,,,,,,
E06000039,2019,157632,9.411160170523752,45.02068107998376,22.78090742996346,3.412592411,9.60109206734415,51,25410.38185730741,3621.6915461775243,20.229013273406153,11879.696829406976,7787.019739894904,9785.47633264662,33045.425415787504,7595.376469864653,49168.333525891845,1313.2540831116012,202379.03913546423,118282.20482914298,15640.950962994368,0.0,0.0,0.0,0.0,0.0,0.0,0.0,0.0,0.0,0.0,2122100.319980564,0.0,0.0,43.970651323592506,RDU,0.06294688002605556,0.20647530070743883,2.055806150707578,0.13534244732824752,0.17007666082414635,0.8545711726339524,0.2718478509855861,0.44164563375817245,3.517452807292175,0.5743466561234264,0.1320115877637086,13462.370077018397
E06000039,2020,158281,9.560844321175631,44.6054801271157,18.151262627858053,3.443985224,9.73526157736684,46,24091.355817245112,3330.8037777359973,33.1937612421058,13008.49313961002,8981.220598097721,13277.039699233294,41553.241179676515,7804.751686776984,40970.492562049774,1381.8788500166797,178939.87595487206,129268.14332983889,17336.614466003088,0.0,0.0,0.0,0.0,0.0,0.0,0.0,0.0,0.0,0.0,1895134.2865577631,0.0,0.0,43.970651323592506,RDU,0.05765372850826334,0.22516731150174862,2.237535122940082,0.15545822828011396,0.22981565210465021,0.7091686609734182,0.3000838627470165,0.4170033962875824,3.0973157580050676,0.7192556047957455,0.13509442910795086,11973.226644750559
E06000039,2021,158448,9.73000605877007,44.476421286478846,20.80177723922044,3.05690074,10.1899425755004,44,25386.331299258207,3871.298888795016,38.4041673464792,12341.822700519415,11614.18349618663,16543.50247365063,52400.68879191094,8705.932825917922,40719.05538839685,1506.3970363199903,215487.45445707475,148456.72056035112,17842.24630449848,0.0,0.0,0.0,0.0,0.0,0.0,0.0,0.0,0.0,0.0,2269310.827491881,0.0,0.0,43.970651323592506,RDU,0.06693866962956804,0.21340258556835923,2.5669667099694284,0.2008209684658072,0.28605387452900377,0.704073613164076,0.3085104677097033,0.43895532036193213,3.7259958317784343,0.9060608586838729,0.15053437566860745,14322.117208749121
E06000039,2022,159765,9.850718242418552,44.23309235439552,28.591994491909997,3.032463312,10.4898019949382,50,24161.199604711255,3294.9295991859267,49.521145412067064,10178.003631468999,8309.86766246335,13144.748721879456,57180.82049348531,7419.622627162458,46323.100235187514,1055.1130566715021,169853.85711434472,136199.63328070458,17448.514129817122,0.0,0.0,0.0,0.0,0.0,0.0,0.0,0.0,0.0,0.0,1807209.3950769966,0.0,0.0,43.970651323592506,RDU,0.05650301618834729,0.1745372356653801,2.3356159372898224,0.14250155365116057,0.22541238817594603,0.7943705028264976,0.29921539949844345,0.41432771514516836,2.912734536287582,0.9805638417296177,0.12723520937065455,11311.672738565998
E06000039,2023,163608,9.800254266295047,44.65246198229915,41.54442325558652,3.267127514,10.7063479545161,55,22174.372464080123,3460.413596172791,75.94086234967516,16686.831193560338,10300.8455708229,22825.59048269389,75462.48958823716,10310.944804260287,41533.12164953194,1596.1915414171028,195623.12248321436,170791.47610947446,17104.18254178276,0.0,0.0,0.0,0.0,0.0,0.0,0.0,0.0,0.0,0.0,2038679.707859666,0.0,0.0,43.970651323592506,RDU,0.05794695366359804,0.27943221441360905,2.8600181675390233,0.1724945889845441,0.3822298685647868,0.6955000634582617,0.286421043513007,0.3713247847357185,3.2758407915748893,1.2636701555980645,0.17266370744271956,12460.758079431727
E06000039,2024,166739,9.815939882091172,44.81375083213885,39.32493297908707,3.035362005,10.98306026,56,22696.72286233977,3699.650496178877,59.023379677152455,16777.386396796694,13072.592054310137,33451.39545678284,91403.4523874799,9691.638762113378,47802.115778404295,1652.8107553563593,196576.43716787503,217993.45986963247,17551.8280419303,0.0,0.0,0.0,0.0,0.0,0.0,0.0,0.0,0.0,0.0,2069307.2134457722,0.0,0.0,43.970651323592506,RDU,0.06078978977116606,0.27567301101124897,3.5818995904210307,0.21479870154397052,0.5496474057401473,0.7854473204394383,0.2883980359416666,0.3729349604026336,3.2299916713057497,1.501870693118856,0.15924549724236192,12410.457142274887
E06000040,2011,145098,16.721801816703195,38.90198348702256,,1.148845911,,10,,,,,,,,,,,,,,,,,,,,,,,,,,,21.654992669815933,RDU,,,,,,,,,,,,
E06000040,2012,146642,17.147202029432222,38.5237517218805,10.53586284966108,1.21049726,4.83074872370569,12,,,,,,,,,,,,,,,,,,,,,,,,,,,21.654992669815933,RDU,,,,,,,,,,,,
E06000040,2013,147525,17.497373326554822,38.043721403152006,10.601592950347396,1.256355166,4.92372593930196,9,,,,,,,,,,,,,,,,,,,,,,,,,,,21.654992669815933,RDU,,,,,,,,,,,,
E06000040,2014,148936,17.72372025568029,37.73500026857174,10.863726701401944,1.435976505,4.97012329727215,21,,,,,,,,,,,,,,,,,,,,,,,,,,,21.654992669815933,RDU,,,,,,,,,,,,
E06000040,2015,150043,17.75091140539712,37.44193331245043,11.5833461074492,1.582462549,5.06926765733231,7,,,,,,,,,,,,,,,,,,,,,,,,,,,21.654992669815933,RDU,,,,,,,,,,,,
E06000040,2016,152085,17.713778479139954,37.143045007725945,13.012460137423153,1.560314894,5.1451235694753,10,,,,,,,,,,,,,,,,,,,,,,,,,,,21.654992669815933,RDU,,,,,,,,,,,,
E06000040,2017,152648,17.868560347990147,36.81476337718149,11.215345107698758,1.537732244,5.14846447392331,14,,,,,,,,,,,,,,,,,,,,,,,,,,,21.654992669815933,RDU,,,,,,,,,,,,
E06000040,2018,153470,17.987228774353294,36.42079885319606,11.539714602202384,1.642643929,5.18144004589788,12,,,,,,,,,,,,,,,,,,,,,,,,,,,21.654992669815933,RDU,,,,,,,,,,,,
E06000040,2019,153893,18.19445978699486,36.1043062387503,10.708739188916974,1.771735549,5.2570333841842,10,24796.89672633565,3179.796890223027,18.751586947222666,10566.532475276126,7616.42867036926,8597.657197522516,30881.626707846535,7162.60658445869,47746.081803009954,1247.6446994959942,195525.37966056788,112075.71473875227,17344.74290735793,0.0,0.0,0.0,0.0,0.0,0.0,0.0,0.0,0.0,0.0,2049874.4587096996,0.0,0.0,21.654992669815933,RDU,0.05660928243637394,0.18811384560605354,1.9952613355312476,0.13559374282147577,0.15306235630400228,0.8500138604221446,0.3087849582619258,0.4414541490504682,3.480898882163508,0.5497793691711353,0.1275144397954973,13320.128002636244
E06000040,2020,153991,18.264054392789188,35.98262236104708,8.500496782279484,1.766661286,5.41903277023644,7,22899.2347586265,2988.032847541233,28.217231858188452,11486.758446177933,8753.983691506864,11811.226706868787,39189.03675146074,7313.92384911125,39354.53725363122,1306.4645715288161,173471.3983627502,122381.00854492733,18289.994046562948,0.0,0.0,0.0,0.0,0.0,0.0,0.0,0.0,0.0,0.0,1835661.608601454,0.0,0.0,21.654992669815933,RDU,0.053161492315308465,0.20436630118266,2.1773378598078064,0.15574622518869616,0.2101390680253914,0.7001750102924752,0.32540585313628356,0.4074110141221827,3.086310921439728,0.6972305133196406,0.1301254458495084,11920.577232445103
E06000040,2021,153922,18.522368472343132,35.767466638947,9.823157183508531,1.472952724,5.65007636202738,11,24242.607364193467,3439.447004868944,31.5977174862495,11027.872820609111,11151.995760753118,14928.272489014116,49584.878651938314,8209.094928102515,39361.625456849484,1410.496554705141,207907.6710355335,139743.18567557805,18721.92134222873,0.0,0.0,0.0,0.0,0.0,0.0,0.0,0.0,0.0,0.0,2188607.6615175,0.0,0.0,21.654992669815933,RDU,0.06122024453354944,0.1962900052848171,2.4873510151036835,0.19849932461350053,0.2657149509636728,0.7006150501214453,0.33323979148002425,0.4315049334575521,3.7006409586127953,0.8825832733985406,0.14611732589166787,14218.939862511532
E06000040,2022,155140,18.713420136650768,35.69743457522238,14.960680675518883,1.718811393,5.88968284698511,6,23236.193071725073,2956.6643076167948,38.19326848136201,9219.450573287302,8222.01787606722,12106.276191937275,54527.173811079476,7101.8165873088055,44226.15262843708,1066.082508761846,169750.24606654583,130475.59257505185,18688.30780219409,0.0,0.0,0.0,0.0,0.0,0.0,0.0,0.0,0.0,0.0,1797907.7051583517,0.0,0.0,21.654992669815933,RDU,0.052213807901600046,0.16281274135579357,2.3041599646638535,0.1451983780636,0.21379321888558944,0.7810206358629163,0.33002992970015754,0.4103442241603266,2.997738605811558,0.9629335908897042,0.125415958141366,11588.937122330486
E06000040,2023,157220,18.80549548403511,35.85548912352118,19.08154178857652,1.838131666,6.12062081177737,9,21002.7905734565,3141.619392613049,58.57972431570276,14884.610762376707,9943.10120008776,20637.208194065977,71274.53552401652,9636.752963722578,39992.187918302174,1540.7657328134278,191144.56816774188,161456.60159112053,18457.272263644812,0.0,0.0,0.0,0.0,0.0,0.0,0.0,0.0,0.0,0.0,1990145.4154173944,0.0,0.0,21.654992669815933,RDU,0.05474606550132262,0.2593802029853762,2.8135533244771835,0.17326913338586294,0.35962534297225907,0.696906488565925,0.32163763653139066,0.36599600548322475,3.330897776394684,1.2420347288245688,0.16793068893466756,12658.347636543662
E06000040,2024,158760,19.012345679012345,35.80813807004283,16.57848324514991,1.970335484,6.442075887,13,22015.320439681742,3297.893078023311,51.08550254061037,14862.654105843078,12438.433867775564,30362.177452633132,86074.09796411551,9057.444368512693,45765.89821355145,1649.5380863823082,193833.32792202462,204040.86032189275,19030.02127461705,0.0,0.0,0.0,0.0,0.0,0.0,0.0,0.0,0.0,0.0,2036904.092245253,0.0,0.0,21.654992669815933,RDU,0.05691183863336941,0.2564852625975122,3.5211391765962357,0.21465042206855808,0.5239609965698743,0.7897834624772027,0.3284016413957667,0.3799190376044782,3.3449874873078795,1.4853832607522601,0.15630458602996328,12830.083725404718
E06000041,2011,154943,15.52441865718361,37.88683580413442,,0.837111235,,10,,,,,,,,,,,,,,,,,,,,,,,,,,,18.94837637648914,RHW,,,,,,,,,,,,
E06000041,2012,157038,16.09355697347139,37.51512372801488,8.01716781925394,0.833387434,4.29966348921653,14,,,,,,,,,,,,,,,,,,,,,,,,,,,18.94837637648914,RHW,,,,,,,,,,,,
E06000041,2013,158372,16.598893743843607,37.0242214532872,7.602353951456065,0.949872613,4.4752276886727,12,,,,,,,,,,,,,,,,,,,,,,,,,,,18.94837637648914,RHW,,,,,,,,,,,,
E06000041,2014,159576,16.92798415801875,36.57066225497569,9.694440266706774,1.053978801,4.55255617830287,19,,,,,,,,,,,,,,,,,,,,,,,,,,,18.94837637648914,RHW,,,,,,,,,,,,
E06000041,2015,161773,17.054143769355825,36.51660042157838,10.786719662737292,1.088534117,4.67992157132538,17,,,,,,,,,,,,,,,,,,,,,,,,,,,18.94837637648914,RHW,,,,,,,,,,,,
E06000041,2016,163797,17.149886750062578,36.18686544930616,12.22855119446632,1.115893483,4.80230796725274,16,,,,,,,,,,,,,,,,,,,,,,,,,,,18.94837637648914,RHW,,,,,,,,,,,,
E06000041,2017,165664,17.295248213250918,35.99152501448715,10.605804519992272,1.235911131,5.02231488691837,7,,,,,,,,,,,,,,,,,,,,,,,,,,,18.94837637648914,RHW,,,,,,,,,,,,
E06000041,2018,168734,17.32253132148826,36.03897258406723,11.47368046748136,1.219563007,5.22805401582315,7,,,,,,,,,,,,,,,,,,,,,,,,,,,18.94837637648914,RHW,,,,,,,,,,,,
E06000041,2019,171789,17.334055149049124,36.05003812816886,11.572335830582864,1.261253834,5.35670884845342,3,40825.72371930092,2328.948379518402,12.537611169042838,7458.137518592886,14912.95042580481,4204.1120310124925,27913.092010152715,9365.74606659687,58522.51086498604,1153.2037871427867,219830.23996374078,131875.8993488579,52781.54910068813,0.0,0.0,0.0,0.0,0.0,0.0,0.0,0.0,0.0,0.0,2299871.490231821,0.0,0.0,18.94837637648914,RHW,0.03714254400358136,0.11894389905987549,2.1031837535144127,0.23783477653902454,0.06704803656496564,0.9333289454239865,0.8417709157018304,0.6510969728044195,3.5058975256718763,0.44516368734523115,0.1493668294515304,13387.769241521988
E06000041,2020,174708,17.22588547748243,36.19124481992811,8.871946333310438,1.243052006,5.4837677914601,2,35562.807792469044,2800.1119078043675,18.11387835743351,6936.85758928748,16843.407433080465,7400.526557835862,39460.89089539336,8219.125698503238,42961.32014045115,1141.1833349587973,190605.93455204557,146458.2116181529,50931.65862299864,0.0,0.0,0.0,0.0,0.0,0.0,0.0,0.0,0.0,0.0,2000451.5742894097,0.0,0.0,18.94837637648914,RHW,0.043910636453033766,0.10878202077591824,2.2967200946511284,0.26413399348894745,0.11605315856713813,0.6737083989292999,0.7986972018908206,0.5576868266842592,2.9890333577662043,0.618815565688994,0.12889022024543242,11450.257425472271
E06000041,2021,178231,17.26916193030393,36.57051803558304,8.926617703990887,1.07769084,5.6401408286507,14,36850.57671830022,3030.1575627892994,17.75369155836305,7775.108848629775,18607.206097376114,11253.612402652083,49046.572001427514,9973.542555371932,45983.62937119428,896.1013580308168,208791.91742987247,161453.0990342175,53893.142430146014,0.0,0.0,0.0,0.0,0.0,0.0,0.0,0.0,0.0,0.0,2179261.603159605,0.0,0.0,18.94837637648914,RHW,0.04657888662403561,0.1195171888079949,2.4818199843348974,0.2860257017136544,0.17298794711237958,0.7068497972992919,0.8284330167821461,0.5664586079847311,3.2095014362978453,0.7539326484557944,0.15331100720024388,12227.17486385424
E06000041,2022,181466,17.275963541379653,36.32526203255706,16.509979830932515,1.217396259,5.92450005347022,11,39942.27782352219,2910.448111119556,19.06135643164605,8187.934491302189,17303.782790742167,12793.726836378728,55846.00934104271,9796.158914232607,49224.86884248026,1397.0513037686308,218199.11133796212,166449.96886687813,58344.753561404614,0.0,0.0,0.0,0.0,0.0,0.0,0.0,0.0,0.0,0.0,2256659.3039569827,0.0,0.0,18.94837637648914,RHW,0.04394118149638743,0.12361928535617885,2.513017931535658,0.2612479697807033,0.19315632901500895,0.7431841466884134,0.8808737719146242,0.6030380244598775,3.294312898766532,0.8431483876755163,0.14789983548346664,12435.714150072094
E06000041,2023,185044,17.340200168608547,36.34540974038607,19.63857244763408,1.232671499,6.25028218827602,12,39273.08483232426,3743.782385935297,30.595424016378875,9910.041929457437,17730.751126470368,16368.253029694839,66419.73174268854,10066.167213368439,50600.796983063396,1908.047761716374,220342.71065019406,181744.87709269844,57813.34820886617,0.0,0.0,0.0,0.0,0.0,0.0,0.0,0.0,0.0,0.0,2286505.775725938,0.0,0.0,18.94837637648914,RHW,0.0554297250581394,0.14672618299827447,2.690879845425856,0.2625181056748349,0.24234521977734488,0.7491857098935579,0.8559733621128565,0.5814697730880187,3.26235197745185,0.9833978285607088,0.14903774405329792,12356.551824030706
E06000041,2024,187433,17.42222554192698,36.31911136246018,15.472195397822157,1.332625031,6.527278959,10,44939.129688339104,3138.9047532876534,36.07455196796216,10670.871373751641,19839.709008255973,24354.542041403918,78820.05811756394,10100.94946715672,54865.456301499136,2612.0621874703475,232691.79046248615,216951.99824032094,62929.85996473722,0.0,0.0,0.0,0.0,0.0,0.0,0.0,0.0,0.0,0.0,2416770.1676253537,0.0,0.0,18.94837637648914,RHW,0.04588166998395779,0.1559771440337386,3.171208038471624,0.28999891772476977,0.35599266253101175,0.8019736046173523,0.919851761674067,0.6568795423203149,3.4012780817238313,1.1521203027516747,0.14764654119922188,12894.04836728513
E06000042,2011,249895,11.163088497168811,43.2469637247644,,2.463448286,,36,,,,,,,,,,,,,,,,,,,,,,,,,,,25.722457767357277,RD8,,,,,,,,,,,,
E06000042,2012,254003,11.621909977441211,42.72784179714413,10.141612500639756,2.719125748,5.13607860394994,44,,,,,,,,,,,,,,,,,,,,,,,,,,,25.722457767357277,RD8,,,,,,,,,,,,
E06000042,2013,259672,11.91195046058104,42.452016389907264,11.117871776702916,2.875095129,5.38034697411965,32,,,,,,,,,,,,,,,,,,,,,,,,,,,25.722457767357277,RD8,,,,,,,,,,,,
E06000042,2014,264948,12.192958618294911,42.2343252260821,13.659284085933844,2.926166296,5.51952552762755,23,,,,,,,,,,,,,,,,,,,,,,,,,,,25.722457767357277,RD8,,,,,,,,,,,,
E06000042,2015,269783,12.390699191572486,42.13015645908008,15.50505406196832,2.988234997,5.72405869530079,23,,,,,,,,,,,,,,,,,,,,,,,,,,,25.722457767357277,RD8,,,,,,,,,,,,
E06000042,2016,274231,12.60907774832167,41.86689323964103,17.051318049381727,3.025690317,5.92693629122541,25,,,,,,,,,,,,,,,,,,,,,,,,,,,25.722457767357277,RD8,,,,,,,,,,,,
E06000042,2017,276588,12.928615847397571,41.585679783649326,14.107625782752686,3.225685358,6.10375453154973,24,,,,,,,,,,,,,,,,,,,,,,,,,,,25.722457767357277,RD8,,,,,,,,,,,,
E06000042,2018,278892,13.209414396970873,41.17973982760352,13.374352796064429,3.443357468,6.32793458278223,33,,,,,,,,,,,,,,,,,,,,,,,,,,,25.722457767357277,RD8,,,,,,,,,,,,
E06000042,2019,281434,13.5065414981843,41.01849812034082,13.360148382924594,3.536603928,6.49252722124097,26,41860.64129922858,2980.680977519333,14.740721954510692,13368.744287891872,5963.142803308978,2845.4281052674683,35889.75522431946,10901.89827727814,61612.500641473285,3362.2669153691995,351413.24393270275,172482.65184464923,22488.98939809451,0.0,0.0,0.0,0.0,0.0,0.0,0.0,0.0,0.0,0.0,3607274.9295110963,0.0,0.0,25.722457767357277,RD8,0.02901656961659794,0.13014311234305667,1.6790978010236346,0.05805047557619999,0.02769989922713302,0.5997902585347711,0.21892759788732197,0.4075082914325817,3.42096552219891,0.3493824360417889,0.10612866412123723,12817.48093517875
E06000042,2020,283707,13.685598169942931,40.901704927971466,11.057182233783449,3.605304718,6.64126447660791,18,42405.262892974315,2429.1850262961443,23.716075215980894,10002.58956621383,7873.546264410186,3881.4051050232615,60243.464140873424,10105.030857267082,46935.87652600664,2469.8952771272166,306546.0600940763,193324.79061219815,24069.898331731172,0.0,0.0,0.0,0.0,0.0,0.0,0.0,0.0,0.0,0.0,3176438.364529917,0.0,0.0,25.722457767357277,RD8,0.02345836176727132,0.09659386259742729,1.8669153760089277,0.07603393511094565,0.037482284854109434,0.4532543875794552,0.23244025327626666,0.4095027702753368,2.960280216687729,0.581764238060127,0.09758312642024015,11196.193130694404
E06000042,2021,288312,13.85027331501984,41.07251866034019,12.05291489774966,3.197734118,6.85327996302722,29,48515.38558444465,2965.768320234502,25.360053009240826,14787.66298634677,11669.525840716738,7444.311792360015,108900.14726690634,11426.918386936693,58812.31496603303,2804.635261611319,351860.3308724887,229303.71659300997,23958.757650026917,0.0,0.0,0.0,0.0,0.0,0.0,0.0,0.0,0.0,0.0,3663493.5214467803,0.0,0.0,25.722457767357277,RD8,0.028182637761094642,0.14052188312686723,2.178991372293885,0.1108913388037839,0.07074063782842574,0.5588724369569289,0.22767152223244946,0.4610243923767199,3.343603133064073,1.034839229218825,0.10858592676556916,12706.69802660583
E06000042,2022,292805,14.084458940250338,40.94636362083981,18.483290927409023,3.257751942,7.08915798195404,22,51772.24280165246,3167.803075017635,25.590116586479347,11640.629356992,12470.371229597655,8891.220446542531,132403.21481489833,15494.738190727918,69598.17889526833,2546.6335095016166,365454.76147693436,260980.27618354192,21835.873293667988,0.0,0.0,0.0,0.0,0.0,0.0,0.0,0.0,0.0,0.0,3811211.6988835805,0.0,0.0,25.722457767357277,RD8,0.029640588563360905,0.10891936689822788,2.4419475599712266,0.11668311889836128,0.08319362057587562,0.6512181901908004,0.20431451100087406,0.48442397192813547,3.4194973509831277,1.2388741098664553,0.1449816004127102,13016.211126461572
E06000042,2023,300323,14.097155396023616,41.23959869873436,24.447012050359117,3.387725353,7.43416435826408,24,63106.46649909466,3887.347291587367,49.64314105294421,14123.788758624458,15312.854939785497,15332.746752449577,148278.69494753258,16261.150184681812,84472.76386735079,2363.3969507095553,370012.953563003,291660.12284750846,19867.445396668936,0.0,0.0,0.0,0.0,0.0,0.0,0.0,0.0,0.0,0.0,3845357.110731379,0.0,0.0,25.722457767357277,RD8,0.03546270699311793,0.1288456484100927,2.6606980807970126,0.1396930212880433,0.13987448630033972,0.7706110746548344,0.18124271950915438,0.5756949310064261,3.375479464945053,1.3526869399155366,0.1483439376817244,12804.07131898449
E06000042,2024,305806,14.290759501121626,41.21861572369411,21.33378677985389,3.418351173,7.656394202,29,88266.61475263933,4201.000905898098,63.182741384567905,11846.002393989904,18114.66472728754,26483.450714602284,179697.8582134499,18757.87682289483,119422.5827784902,3270.374773972675,399621.8906578907,338896.686322101,18949.780976924674,0.0,0.0,0.0,0.0,0.0,0.0,0.0,0.0,0.0,0.0,4109398.836503837,0.0,0.0,25.722457767357277,RD8,0.037636905498938826,0.10612872566079276,3.0361865761801443,0.1622898779975696,0.23726610732977263,1.0699108529500188,0.1697717119872011,0.7907835091137941,3.5802256821420286,1.6099190310684917,0.16805243634983222,13437.927432764029
E06000043,2011,272952,13.133811073009172,48.9917641196987,,7.639691353,,23,,,,,,,,,,,,,,,,,,,,,,,,,,,19.613652438760344,RYR,,,,,,,,,,,,
E06000043,2012,274051,13.332189993833264,48.52563938828904,21.700340447580924,7.71916914,4.16475305523611,31,,,,,,,,,,,,,,,,,,,,,,,,,,,19.613652438760344,RYR,,,,,,,,,,,,
E06000043,2013,275494,13.459458282213042,47.98180722629168,22.472358744655057,7.941568851,4.1407980630621,15,,,,,,,,,,,,,,,,,,,,,,,,,,,19.613652438760344,RYR,,,,,,,,,,,,
E06000043,2014,275999,13.608744959220866,47.36502668487929,24.27545027337056,8.015352249,4.14135911377155,22,,,,,,,,,,,,,,,,,,,,,,,,,,,19.613652438760344,RYR,,,,,,,,,,,,
E06000043,2015,277351,13.642640552945544,46.92213116231778,23.576623123767355,8.169917107,4.13261212565598,24,,,,,,,,,,,,,,,,,,,,,,,,,,,19.613652438760344,RYR,,,,,,,,,,,,
E06000043,2016,279796,13.634576620108936,46.73369168965961,26.287009106634837,8.206807137,4.13600519163832,19,,,,,,,,,,,,,,,,,,,,,,,,,,,19.613652438760344,RYR,,,,,,,,,,,,
E06000043,2017,279500,13.66153846153846,46.26404293381037,23.638640429338103,8.212352753,4.27836765022194,15,,,,,,,,,,,,,,,,,,,,,,,,,,,19.613652438760344,RYR,,,,,,,,,,,,
E06000043,2018,281250,13.643022222222225,46.25208888888889,23.93244444444444,7.984721184,4.09636897120851,19,,,,,,,,,,,,,,,,,,,,,,,,,,,19.613652438760344,RYR,,,,,,,,,,,,
E06000043,2019,279920,13.820734495570164,45.98992569305516,25.43226636181766,7.948039055,4.21858492887017,10,118461.83864366314,3076.0964867617286,4.292235055676257,10206.533259889457,20143.45138610558,9733.633460237383,60457.314234127,13522.355131589775,98407.00765767378,3742.9468087253695,389781.33149761264,220755.29577152833,53725.71326392409,0.0,0.0,0.0,0.0,0.0,0.0,0.0,0.0,0.0,0.0,4119793.42653256,0.0,0.0,19.613652438760344,RYR,0.030107393568042227,0.09989677344103653,2.160649576704189,0.19715468006617914,0.09526825140096175,0.9631617610674847,0.5258421512205452,1.1594490661095258,3.8149973524491596,0.5917279128099907,0.13235048694528942,14717.753024194626
E06000043,2020,278496,13.957830633115018,45.609272664598414,21.124181316787315,7.317430973,4.26544067753559,12,118222.05162050147,2259.2618989096372,4.913387306103078,6697.04194263496,22321.15000110481,15649.427646336042,74658.63290041042,12649.13132022338,69692.12332609245,4213.27789595835,317207.56934346864,237811.63600510982,51233.262341524714,0.0,0.0,0.0,0.0,0.0,0.0,0.0,0.0,0.0,0.0,3395697.967812517,0.0,0.0,19.613652438760344,RYR,0.022225664379918172,0.06588267018846988,2.339490437137779,0.21958604654812,0.15395245977154826,0.6856016753600598,0.5040111969491382,1.1630186136856198,3.120554097070415,0.7344600989858089,0.1244368116668888,12192.986498235225
E06000043,2021,276454,14.19295796045635,45.20064820910531,14.707690972096623,7.477081299,4.3765233325624,15,120892.79284986225,2864.249908867781,4.979617312889687,9841.063804828047,24652.954427978937,20101.956711148938,92663.57406869082,15201.001506604309,67197.24814966941,3942.135800834787,368828.3083950542,270675.8791536729,48582.269334908575,0.0,0.0,0.0,0.0,0.0,0.0,0.0,0.0,0.0,0.0,3934221.4447925407,0.0,0.0,19.613652438760344,RYR,0.02838540959543103,0.09752732332816494,2.6824634518073647,0.24431674310580578,0.19921525462879094,0.6659409873798957,0.48146204347512717,1.1980768268699784,3.655177773339628,0.918318438755258,0.15064560277713035,14231.016533645889
E06000043,2022,278709,14.20585628738218,45.53997179854257,23.834895895001598,7.275579929,4.54102355808286,10,109337.0796854784,2866.4429397560934,7.508557864974464,9426.220663286786,16291.511858042866,18312.3311192647,107613.81345671223,16009.235437087467,81065.24749145203,3840.9169786566963,380911.692672672,249691.32311668148,46928.84252080159,0.0,0.0,0.0,0.0,0.0,0.0,0.0,0.0,0.0,0.0,3998949.838596259,0.0,0.0,19.613652438760344,RYR,0.028177304385932588,0.09266030910805419,2.454480539767397,0.1601465294021045,0.18001130279167987,0.7968761987224365,0.4613133099034024,1.0747899887478103,3.7443845679732832,1.0578501793441475,0.1573717354147842,14348.118785529921
E06000043,2023,282366,14.15715773145492,46.23750734861846,26.61793558714576,6.929133892,4.71686228399857,13,119333.09425473386,2959.2154093980316,5.879826241868485,9314.101344299206,26992.619234069043,25816.625369101093,139825.67522954388,15408.961064700314,87525.75695956644,4592.623983700303,376228.6258955581,323075.7255966647,45819.29421591933,0.0,0.0,0.0,0.0,0.0,0.0,0.0,0.0,0.0,0.0,3963051.723916447,0.0,0.0,19.613652438760344,RYR,0.028712520196492588,0.09037237441757275,3.1347222195216053,0.2619025713549183,0.2504921997099178,0.8492403278361101,0.4445730467560788,1.1578588932787404,3.650451395061613,1.3566932340465132,0.14950925991128694,14035.159062764096
E06000043,2024,285063,14.304206438576736,46.49638851762593,25.106730792842285,6.495484352,4.974586729,13,119559.05494310548,3135.568760247869,101.14604031407487,9348.064490408411,21917.885725700828,31274.02589537675,154863.5632049494,15108.678717793046,94248.29572205766,6009.910039440659,387842.76933274226,313625.1661078442,52746.19765299135,0.0,0.0,0.0,0.0,0.0,0.0,0.0,0.0,0.0,0.0,4096668.483738063,0.0,0.0,19.613652438760344,RYR,0.030135792239416714,0.08984377344713285,3.0142355564645356,0.21065168748038662,0.3005730758711569,0.9058155875282138,0.5069410290221484,1.149076010000053,3.727537174865717,1.488385847367356,0.14520874446252466,14371.098612370117
E06000044,2011,205433,13.415079368942672,47.30642107159025,,1.659525633,,16,,,,,,,,,,,,,,,,,,,,,,,,,,,16.930718300581315,RHU,,,,,,,,,,,,
E06000044,2012,205729,13.846856787327017,46.93358738923536,14.154543112541257,1.831117034,5.37240912150831,23,,,,,,,,,,,,,,,,,,,,,,,,,,,16.930718300581315,RHU,,,,,,,,,,,,
E06000044,2013,205905,14.05696801923217,46.4165513222117,15.711128918676089,1.739287615,5.53285737231779,19,,,,,,,,,,,,,,,,,,,,,,,,,,,16.930718300581315,RHU,,,,,,,,,,,,
E06000044,2014,206200,14.263821532492726,45.85160038797285,16.57129000969932,1.876172662,5.67626203247276,10,,,,,,,,,,,,,,,,,,,,,,,,,,,16.930718300581315,RHU,,,,,,,,,,,,
E06000044,2015,207873,14.239944581547388,45.65287459169782,18.366983687155138,1.88113308,5.87056030712963,17,,,,,,,,,,,,,,,,,,,,,,,,,,,16.930718300581315,RHU,,,,,,,,,,,,
E06000044,2016,209951,14.205219313077814,45.49775900090974,18.99490833575453,1.965296745,5.65834847417405,11,,,,,,,,,,,,,,,,,,,,,,,,,,,16.930718300581315,RHU,,,,,,,,,,,,
E06000044,2017,210965,14.23601071267746,45.30798947692745,16.67101177920508,1.991814613,6.0955564380902,12,,,,,,,,,,,,,,,,,,,,,,,,,,,16.930718300581315,RHU,,,,,,,,,,,,
E06000044,2018,211215,14.342257888880996,45.16345903463296,17.645527069573657,2.058750868,6.24501088038141,12,,,,,,,,,,,,,,,,,,,,,,,,,,,16.930718300581315,RHU,,,,,,,,,,,,
E06000044,2019,210412,14.51057924452978,45.145238864703536,20.578674220101515,2.237201691,6.6175989175269,13,99809.67868738908,2435.5922276126794,19.477847794911415,8686.412885903106,19293.519308683426,9277.343449963368,50026.36755700007,7563.072522467692,60791.813404797496,1508.54528192456,357408.94504872523,184062.20051422613,127628.95238923926,0.0,0.0,0.0,0.0,0.0,0.0,0.0,0.0,0.0,0.0,3732171.351423046,0.0,0.0,16.930718300581315,RHU,0.03171328354902254,0.11310377482381084,2.3966313775299826,0.2512164563337242,0.12079814513890905,0.7915561538210814,1.661827094986239,1.2995987609356758,4.653739279007802,0.6513817712490495,0.09847701954687844,17737.44535208565
E06000044,2020,209142,14.667546451693108,44.94601753832325,21.7651165237016,2.327726364,7.00226576479256,12,99065.85927003594,1899.5753534360078,29.485876608880012,5805.446216512637,22794.017031735184,13427.206342990054,61830.6979316456,7833.544747816511,49038.84365674151,1848.75038477929,310444.0874699626,202177.47001661727,144265.04533855856,0.0,0.0,0.0,0.0,0.0,0.0,0.0,0.0,0.0,0.0,3231533.284222976,0.0,0.0,16.930718300581315,RHU,0.024884126750298746,0.07605039685971551,2.6484918225791834,0.29859789870414033,0.1758942091646988,0.6424008392376459,1.889848521854504,1.2977465696445076,4.0667668210739505,0.8099720401233009,0.10261815624013351,15451.383673403601
E06000044,2021,207119,14.940686272143068,44.57147823232055,19.240146968650876,2.402112007,7.04701901761755,10,95049.49081104866,1696.0282295153424,10.791969664594475,7538.023258437054,26137.139125735997,16849.467951486895,71221.07502447272,9683.050739700331,60094.45452784686,1492.5134062226562,366225.2453853268,215629.3670924177,131328.6916227197,0.0,0.0,0.0,0.0,0.0,0.0,0.0,0.0,0.0,0.0,3833792.105657913,0.0,0.0,16.930718300581315,RHU,0.022434700262185883,0.09971136649107953,2.852299351070134,0.3457365106266551,0.2228811740810097,0.7949166477830771,1.7371879672207458,1.2572944242965964,4.844349560745891,0.9420972143731908,0.12808533324400603,18510.09374155878
E06000044,2022,209614,14.959878634060702,45.10671997099431,31.82039367599492,2.470280647,7.13802346991769,18,104501.3245362386,2246.3972447236356,5.695629908633898,7039.549107315704,24797.324886219005,20469.931483148623,78488.56957551853,10315.57123033941,65889.904853024,1911.1688758831856,364267.30128759396,215433.05196743677,129222.20150891786,0.0,0.0,0.0,0.0,0.0,0.0,0.0,0.0,0.0,0.0,3759017.9777964945,0.0,0.0,16.930718300581315,RHU,0.02936117339129465,0.0920092928452011,2.815783008944121,0.32410944116614354,0.2675489426441978,0.8612033894136789,1.6889779728050405,1.3658677317804193,4.761097094027025,1.0258722075778757,0.13482801238100156,17933.048259164436
E06000044,2023,213939,14.775707094078218,45.95328574967631,41.23605326752018,2.551928282,7.31942764909513,18,119160.70168525282,3095.127863742694,11.871707013868127,9946.325787713095,29233.089275209233,30080.528736573684,88896.05969850911,12390.781824854705,84808.99450165016,1629.9376234700146,405455.92272593005,236275.17921624245,141181.44195249255,0.0,0.0,0.0,0.0,0.0,0.0,0.0,0.0,0.0,0.0,4208671.729688972,0.0,0.0,16.930718300581315,RHU,0.03963654296981074,0.12737372633119778,3.0257655599338675,0.37436211045446804,0.38521451206868385,1.0860731778383654,1.8079848513020969,1.5259848641435536,5.192312502417057,1.1384125778332426,0.15867769534940032,19672.297849802853
E06000044,2024,212936,15.087162339857986,45.55312394334448,36.93128451741368,2.665442467,7.573742152,16,155114.4419465331,4177.507865785417,6.447886598632967,11419.414056926815,38359.82539922261,49860.55610775639,143001.5839541007,12615.696743200106,87189.56031387362,1202.3368317265597,418934.9415233347,331861.1448705177,174725.84736982977,0.0,0.0,0.0,0.0,0.0,0.0,0.0,0.0,0.0,0.0,4357882.605201848,0.0,0.0,16.930718300581315,RHU,0.053749610350288766,0.1469270856472768,4.269868017073723,0.4935539883000746,0.6415273289106662,1.1218183290248844,2.248097793225024,1.9957690283752776,5.390196881117469,1.839919795234644,0.16231897246635693,20465.692063351653
E06000045,2011,235870,13.119091024717005,49.40772459405605,,1.793467402,,51,,,,,,,,,,,,,,,,,,,,,,,,,,,24.13782020377334,RHM,,,,,,,,,,,,
E06000045,2012,238097,13.31390147712907,49.29587521052344,22.53703322595413,1.976133466,5.3694825595111,41,,,,,,,,,,,,,,,,,,,,,,,,,,,24.13782020377334,RHM,,,,,,,,,,,,
E06000045,2013,239484,13.415927577625228,48.82831420888243,24.69058475722804,2.033349514,5.35462694830563,39,,,,,,,,,,,,,,,,,,,,,,,,,,,24.13782020377334,RHM,,,,,,,,,,,,
E06000045,2014,241230,13.487128466608633,48.71533391369233,28.400281888653986,2.181487083,5.46454990730839,29,,,,,,,,,,,,,,,,,,,,,,,,,,,24.13782020377334,RHM,,,,,,,,,,,,
E06000045,2015,244666,13.394178185771624,48.77996942770961,29.791634309630272,2.249019861,5.52118468281597,23,,,,,,,,,,,,,,,,,,,,,,,,,,,24.13782020377334,RHM,,,,,,,,,,,,
E06000045,2016,248662,13.298372891716468,48.85225728096774,31.88263586716104,2.248450756,5.59020426846713,34,,,,,,,,,,,,,,,,,,,,,,,,,,,24.13782020377334,RHM,,,,,,,,,,,,
E06000045,2017,250492,13.24832729188956,48.72770387876659,28.36417929514715,2.405390024,5.68912060693191,34,,,,,,,,,,,,,,,,,,,,,,,,,,,24.13782020377334,RHM,,,,,,,,,,,,
E06000045,2018,250803,13.360286758930316,48.41648624617728,28.52836688556357,2.453143835,5.80150382382554,29,,,,,,,,,,,,,,,,,,,,,,,,,,,24.13782020377334,RHM,,,,,,,,,,,,
E06000045,2019,249428,13.59430376701894,47.88195391054733,30.36948538255529,2.573340178,5.9045407768394,23,45424.69476895082,4901.121405311063,357.166789898114,15220.81773984853,14604.39635583386,13221.399424059511,87443.23457904476,12045.968733640872,82203.26128138175,1053.89093235836,363685.0511207821,227144.33304879296,14747.744723643602,0.0,0.0,0.0,0.0,0.0,0.0,0.0,0.0,0.0,0.0,3887248.173190069,0.0,0.0,24.13782020377334,RHM,0.05383409191255415,0.1671860036568988,2.4949614366854154,0.16041520924075775,0.14522432173096442,0.9029235469535861,0.16198975281354536,0.4989464636892039,3.9947295425169185,0.9604796001091018,0.13231334920205232,15584.650372813272
E06000045,2020,248679,13.68712275664612,47.61278596101802,33.27582948298811,2.491577148,6.0861531850897,21,39265.520840137484,4632.443611228498,540.1491997432886,13280.707835107201,14380.377803936168,19721.22731517337,117962.47111617461,11080.896143907457,69647.65062470884,1523.5264127336436,320430.04682679503,226520.4817140494,17973.019173987228,0.0,0.0,0.0,0.0,0.0,0.0,0.0,0.0,0.0,0.0,3477702.4862853694,0.0,0.0,24.13782020377334,RHM,0.05103618050632692,0.14631513283430414,2.4956030042365716,0.1584303272622528,0.21727109956047064,0.7673164246421526,0.19801088319433013,0.4325928985762135,3.5302158173850353,1.2996065303989526,0.12207954661370361,13984.70512703272
E06000045,2021,247672,13.891760069769695,47.2386866500856,29.89437643334733,2.538772821,6.18673393486627,18,51708.49823531638,3416.588142423646,183.42423298542198,13420.407308503412,22655.524759929503,30820.774716934808,177861.27935859916,13843.231012360595,71677.03381060952,1850.7782739989434,367446.5113060625,256484.2638223985,22253.803363378465,0.0,0.0,0.0,0.0,0.0,0.0,0.0,0.0,0.0,0.0,4002905.265219617,0.0,0.0,24.13782020377334,RHM,0.037793999558670015,0.14845537324113833,2.8372065199620895,0.25061343570981753,0.34093671741873816,0.7928850863139972,0.24616962871551354,0.5719948902295034,4.064661207974827,1.9674859343201059,0.1531326121153673,16162.122747906977
E06000045,2022,252949,13.713436305342183,48.07688506378757,36.746537839643565,2.664918661,6.281792089765,27,63170.85312521367,3938.301752276015,88.00988637530726,14454.048243275513,20315.471162659516,38791.28513056356,203588.9200693917,14309.492429578877,74049.97842365489,2224.1092404665187,392252.8068213861,269417.46739825147,26360.090834524763,0.0,0.0,0.0,0.0,0.0,0.0,0.0,0.0,0.0,0.0,4165747.8923520907,0.0,0.0,24.13782020377334,RHM,0.04265629757166399,0.1565538198346606,2.9180983030826066,0.22003971197030534,0.42015383934466366,0.8020456819971332,0.28550983377638756,0.6842123530041132,4.2485450591549325,2.2051000921285038,0.1549881155812488,16468.726471945294
E06000045,2023,258617,13.618207619762044,49.0358329112162,47.20107340198054,3.021021128,6.37233420975752,21,63842.12175463219,3926.4079359842863,207.53569540877163,15622.827766211452,21659.56471994684,49214.26201669359,233232.56962221477,16298.393118680155,75318.28078612119,2084.5966812661195,372471.2226132262,286512.47854935547,29573.662868363277,0.0,0.0,0.0,0.0,0.0,0.0,0.0,0.0,0.0,0.0,3940103.6452137893,0.0,0.0,24.13782020377334,RHM,0.041595417224680915,0.16550446356053206,3.035243988816545,0.22945619663569605,0.5213640037827513,0.7979036730321333,0.31329624071861784,0.6763280163926991,3.94587015954069,2.470809503747725,0.17266123971742162,15235.284784889584
E06000045,2024,260604,13.70815490168992,49.32387837485226,43.24569077988059,3.038076401,6.498953288,32,67105.12887267614,4548.924817977693,73.23543935563875,17257.483507342713,24353.392062778934,65008.5236501873,266367.98190642806,15707.221061807228,84136.34014064488,2300.094408699148,392229.54817746964,320305.14903990494,30767.849932890153,0.0,0.0,0.0,0.0,0.0,0.0,0.0,0.0,0.0,0.0,4253027.803937378,0.0,0.0,24.13782020377334,RHM,0.04782277985175527,0.18142767084329398,3.3673633310846576,0.2560268533476282,0.6834336550747052,0.8845241091206337,0.3234619547980545,0.7054752350091258,4.123503483661346,2.800322684587817,0.16512978450490282,16319.88689328398
E06000046,2011,138392,24.0223423319267,32.323400196543155,,0.422527522,,6,,,,,,,,,,,,,,,,,,,,,,,,,,,6.107756287919786,R1F,,,,,,,,,,,,
E06000046,2012,138632,24.912718564256448,31.924086790928506,3.318137226614346,0.50460279,6.23600044966645,7,,,,,,,,,,,,,,,,,,,,,,,,,,,6.107756287919786,R1F,,,,,,,,,,,,
E06000046,2013,138146,25.57511618143124,31.371881922024524,3.228468431948808,0.508381426,6.43242833043155,2,,,,,,,,,,,,,,,,,,,,,,,,,,,6.107756287919786,R1F,,,,,,,,,,,,
E06000046,2014,138899,26.160015550867897,30.90303025939712,3.693331125494064,0.591960371,6.60129694404939,3,,,,,,,,,,,,,,,,,,,,,,,,,,,6.107756287919786,R1F,,,,,,,,,,,,
E06000046,2015,139316,26.62867150937437,30.449481753710987,3.366447500646013,0.525210083,6.63846540459038,1,,,,,,,,,,,,,,,,,,,,,,,,,,,6.107756287919786,R1F,,,,,,,,,,,,
E06000046,2016,139650,27.13641245972073,29.98209810239885,3.967060508413893,0.389121294,7.00910467883953,3,,,,,,,,,,,,,,,,,,,,,,,,,,,6.107756287919786,R1F,,,,,,,,,,,,
E06000046,2017,141277,27.491382178273888,29.57664729573816,3.4542069834438727,0.418573499,7.20284051030098,1,,,,,,,,,,,,,,,,,,,,,,,,,,,6.107756287919786,R1F,,,,,,,,,,,,
E06000046,2018,141665,27.902445911128368,29.168107860092476,3.5859245402887097,0.631463706,7.34737223393045,2,,,,,,,,,,,,,,,,,,,,,,,,,,,6.107756287919786,R1F,,,,,,,,,,,,
E06000046,2019,141764,28.51429135746734,28.90860867357016,3.3294771592223698,0.552791595,7.58820051244991,2,10846.67394186191,1702.856142177754,20.588835726750087,4373.511980031001,14736.75210236403,6543.689234243665,45621.105296690905,5522.12774644853,47011.05563355461,1878.1514842829315,214811.0417596712,178174.382418287,8296.816411509239,0.0,0.0,0.0,0.0,0.0,0.0,0.0,0.0,0.0,0.0,2185226.0975567615,0.0,0.0,6.107756287919786,R1F,0.03290933730451795,0.08452233714359542,3.443391784422093,0.28480194756177896,0.12646310565627816,0.9085339909615289,0.16034397919886992,0.20962243523892324,4.15143056122352,0.8816718601335676,0.1067204446372677,15414.534702440404
E06000046,2020,140915,28.963559592662243,28.726537274243334,3.157932086718944,0.653771281,7.65774947613884,1,10386.598363084197,1521.1682525949946,31.119286743616,3892.3536454092505,12788.802305130688,17909.70338046396,51653.24831232167,4868.320980631133,31179.700295914263,1541.2437740133425,211206.10780167198,164865.4303071232,9354.382239847771,0.0,0.0,0.0,0.0,0.0,0.0,0.0,0.0,0.0,0.0,2186373.814623916,0.0,0.0,6.107756287919786,R1F,0.029575164132171285,0.07567670290715914,3.2053799129295997,0.24864503093783225,0.34820764641395036,0.6062082562336328,0.18187165662089644,0.20194041707031582,4.106353977145885,1.0042631998075526,0.09465185182811817,15515.550612950474
E06000046,2021,140885,29.314689285587537,28.64463924477411,3.4070341058309968,0.747491598,7.83962625037644,1,11926.534712582054,919.2988724090941,10.74472000785685,2950.0290313638516,19383.431043400094,28967.369285928344,66276.55729388613,8390.986522659372,34789.190159710684,1434.1088136961023,248384.30484515673,182574.83337843436,9058.387203612961,0.0,0.0,0.0,0.0,0.0,0.0,0.0,0.0,0.0,0.0,2573544.4467530297,0.0,0.0,6.107756287919786,R1F,0.017877183857019186,0.05736786257447615,3.5504491106548937,0.3769407000735584,0.5633151547566162,0.6765294371482558,0.17615430448934036,0.23192985462411156,4.830215741784088,1.2888498351445898,0.1631756693166023,18266.9868811657
E06000046,2022,140682,29.71666595584368,28.43931704127038,5.331172431441122,0.770001888,8.04382965243313,0,12502.622214061448,537.8508548487578,5.349350945676767,2413.902896888192,15723.370088716514,33446.49293107091,82627.82968854567,8341.15146780006,31115.295219349948,1338.289007583657,260220.82276210553,189702.3739480306,8324.360245331829,0.0,0.0,0.0,0.0,0.0,0.0,0.0,0.0,0.0,0.0,2664092.4501837255,0.0,0.0,6.107756287919786,R1F,0.010474431596700414,0.047009799364625356,3.6943783239111427,0.3062063822696308,0.6513571544932079,0.6059580057335168,0.1621136067554247,0.2434835976925215,5.0676970827260766,1.6091441377365734,0.1624406091383026,18936.981633639876
E06000046,2023,141169,29.8670387974697,28.66918374430647,7.303303133124127,0.861842275,8.38403287919485,0,13368.341847947922,966.8052002945171,12.053246074962809,3110.670349378529,14315.712221711356,36814.47255133347,104429.96170250518,9905.24867129238,38922.5455778856,1729.8138923709819,272158.6497656369,195232.95246949102,9162.703335580085,0.0,0.0,0.0,0.0,0.0,0.0,0.0,0.0,0.0,0.0,2765510.3848882616,0.0,0.0,6.107756287919786,R1F,0.018763194261274856,0.06037008492548142,3.788967841992766,0.2778310349620077,0.7144739187342145,0.755386176655564,0.1778244289455082,0.2594450205354356,5.281897132828104,2.0267160928847874,0.19223531789969373,19590.068534085116
E06000046,2024,141356,30.346076572625144,28.645405925464782,6.699397266476131,0.890277028,8.744571973,1,15060.882812993668,868.8440396562381,4.76751522791888,3747.2309863039445,14309.69462555764,39029.53129065423,122356.38495701997,9973.635751066813,35061.83343934478,3097.5786710543125,259983.3459422097,205916.73525518662,10696.914350879651,0.0,0.0,0.0,0.0,0.0,0.0,0.0,0.0,0.0,0.0,2656556.837299877,0.0,0.0,6.107756287919786,R1F,0.01683971412034277,0.07262787758458376,3.9910257722014335,0.2773468604781329,0.7564604453586773,0.6795595350889987,0.2073248723785637,0.2919061988054191,5.0389310646007095,2.371480322625047,0.19330647057767317,18793.378684313906
E06000047,2011,512994,18.13159608104578,37.81116348339357,,0.529242277,,5,,,,,,,,,,,,,,,,,,,,,,,,,,,4.386667228519658,RXP,,,,,,,,,,,,
E06000047,2012,513122,18.802935754070184,37.283531012117976,5.259957670885287,0.530648232,6.77039421579941,16,,,,,,,,,,,,,,,,,,,,,,,,,,,4.386667228519658,RXP,,,,,,,,,,,,
E06000047,2013,513179,19.26053092585628,36.843284701829184,5.5126963496168,0.600059032,6.8882542478941,9,,,,,,,,,,,,,,,,,,,,,,,,,,,4.386667228519658,RXP,,,,,,,,,,,,
E06000047,2014,513604,19.70934805803693,36.37607962554809,5.589909735905484,0.591360152,6.97967341243204,10,,,,,,,,,,,,,,,,,,,,,,,,,,,4.386667228519658,RXP,,,,,,,,,,,,
E06000047,2015,513924,20.05024089164935,35.96057004537636,5.923054770744312,0.665406823,7.28914961785606,10,,,,,,,,,,,,,,,,,,,,,,,,,,,4.386667228519658,RXP,,,,,,,,,,,,
E06000047,2016,514431,20.38407483219324,35.429241239349885,6.160204186761684,0.729571998,7.56230408394656,7,,,,,,,,,,,,,,,,,,,,,,,,,,,4.386667228519658,RXP,,,,,,,,,,,,
E06000047,2017,515911,20.582619870481537,35.06360593203091,5.785881673389402,0.722354889,7.637932516135,9,,,,,,,,,,,,,,,,,,,,,,,,,,,4.386667228519658,RXP,,,,,,,,,,,,
E06000047,2018,516648,20.869141078645423,34.78809556990446,5.634397113702173,0.7449947,7.91090949296003,15,,,,,,,,,,,,,,,,,,,,,,,,,,,4.386667228519658,RXP,,,,,,,,,,,,
E06000047,2019,518562,21.127271184544952,34.7759766431015,7.046409108264778,0.861726344,8.1140350877193,8,201073.48904928338,2170.4956258449056,0.5025604959926729,9864.858866219218,45880.290603504574,33352.11993444972,164333.55351481095,18643.680629654235,211786.9139955034,4127.352172579331,849325.4134579641,523483.1790905065,62298.4441665743,0.0,0.0,0.0,0.0,0.0,0.0,0.0,0.0,0.0,0.0,8848391.645745194,0.0,0.0,4.386667228519658,RXP,0.011467410567066605,0.05211914986516833,2.765726163233947,0.24239999520013314,0.17620973201524004,1.1189368301873752,0.32914226061593144,1.0623344390215628,4.487253097953039,0.8682258124182027,0.09850042438039396,17063.324435159528
E06000047,2020,519204,21.26659270729809,34.977195861357,7.725287170360783,0.840277553,8.25810091016587,7,192250.17029873942,1881.0233647258694,27.89147127892212,7905.099350823738,47692.71046492308,42731.04424815929,193831.53725753783,18210.159617875684,155022.785810853,4539.594280873031,717578.9853476338,545373.9165705532,66614.20056560637,0.0,0.0,0.0,0.0,0.0,0.0,0.0,0.0,0.0,0.0,7439157.395897354,0.0,0.0,4.386667228519658,RXP,0.009925749166959102,0.04171348148437412,2.877818957272915,0.25166400909444353,0.22548238092261616,0.8180213579356567,0.3515085767518221,1.0144621292189817,3.7865074669498493,1.0228066570267142,0.09609103217261916,14328.004784048955
E06000047,2021,521447,21.477734074603937,35.14048407604224,5.900887338502283,0.867311597,8.4721880569833,14,213571.27865883836,1403.1838307479732,96.9656983005655,8671.888754794763,57100.04561109746,52748.354293780816,216015.3311676061,21404.447650636153,167591.983292454,5226.30052343726,835646.3097407456,564565.6220581724,77072.32077470043,0.0,0.0,0.0,0.0,0.0,0.0,0.0,0.0,0.0,0.0,8661508.645541646,0.0,0.0,4.386667228519658,RXP,0.007372444874211979,0.04556282676514551,2.9662748638433043,0.3000084018630741,0.2771442527448491,0.8805422576205503,0.4049444012878727,1.1221213102120302,4.390555405429877,1.1349625659304379,0.11246075311682685,16610.525413976196
E06000047,2022,527377,21.572613140125565,35.73572605555419,9.25144630880755,0.906986475,8.74174371815128,2,230704.22452792732,2125.8314803870812,98.66268639684903,8185.984089282154,60363.17299983803,65873.63225150507,272626.1674156963,26072.83211800461,172655.96349485862,4756.465652320191,869419.8082494588,645889.7069793532,74961.09433131634,0.0,0.0,0.0,0.0,0.0,0.0,0.0,0.0,0.0,0.0,9001393.876374051,0.0,0.0,4.386667228519658,RXP,0.011043704667964161,0.0425262263414335,3.355400104743521,0.31358697130125096,0.3422138333652094,0.8969485528800372,0.38942324216203705,1.1985095454857981,4.516640045727776,1.4162942385017663,0.1354484870626828,17068.233685530562
E06000047,2023,533311,21.694845971675065,36.22951711102903,11.173592894202445,1.011295557,9.07613361138862,1,239775.02168720998,2658.674168148393,60.05650233622211,10088.227060935611,64779.406075463085,75981.82561021828,305391.1272634683,30164.9919372448,195616.93222138306,4881.589687367449,873844.9292736325,728446.4080109422,79320.14758276778,0.0,0.0,0.0,0.0,0.0,0.0,0.0,0.0,0.0,0.0,9059316.2070876,0.0,0.0,4.386667228519658,RXP,0.01365814471639421,0.05182525439966297,3.7421759228510614,0.33278485698641586,0.39033394254660925,1.0049235823122509,0.4074835749300142,1.2317725822947432,4.489117412991836,1.5688557331461626,0.1549636394649615,16986.92921595017
E06000047,2024,536793,21.992648935436936,36.26612120500826,11.248283789095607,1.063602805,9.658138626,8,278155.9239694647,3240.044140753001,58.85554303794939,12913.68965956781,69669.27963997304,98076.23747841657,329498.3665897353,33197.38642889252,229888.20360258155,5647.890260215056,935075.3507641981,806538.776732754,83918.57759129761,0.0,0.0,0.0,0.0,0.0,0.0,0.0,0.0,0.0,0.0,9713878.181112267,0.0,0.0,4.386667228519658,RXP,0.016536790275463707,0.06590989761425503,4.116475585039063,0.35558350935957095,0.5005691588541813,1.1733213637316307,0.42831018886057487,1.4196739237916218,4.772510588003748,1.6817194913696374,0.1694354129819156,18096.134228859668
E06000049,2011,370736,19.437551249406585,35.4724116352337,,0.673151672,,12,,,,,,,,,,,,,,,,,,,,,,,,,,,8.311223901257359,RBT,,,,,,,,,,,,
E06000049,2012,372501,20.19699275975098,34.9488994660417,4.346297056920653,0.721754253,5.90899479702176,9,,,,,,,,,,,,,,,,,,,,,,,,,,,8.311223901257359,RBT,,,,,,,,,,,,
E06000049,2013,373956,20.80886521408936,34.477853009444964,5.102204537432211,0.787619591,6.03264464594871,21,,,,,,,,,,,,,,,,,,,,,,,,,,,8.311223901257359,RBT,,,,,,,,,,,,
E06000049,2014,376574,21.31427023639444,34.02545050906329,5.573937658999293,0.894963801,6.09920648478362,12,,,,,,,,,,,,,,,,,,,,,,,,,,,8.311223901257359,RBT,,,,,,,,,,,,
E06000049,2015,378511,21.612053546660466,33.7480284588823,5.7646937605512125,0.896706164,6.26734382364784,18,,,,,,,,,,,,,,,,,,,,,,,,,,,8.311223901257359,RBT,,,,,,,,,,,,
E06000049,2016,381414,21.85840058309344,33.37816650673546,6.900638151719654,0.92871958,6.45259986092869,17,,,,,,,,,,,,,,,,,,,,,,,,,,,8.311223901257359,RBT,,,,,,,,,,,,
E06000049,2017,384221,22.040180000572587,33.07471481256881,5.538479156527103,0.951837957,6.50496952088486,7,,,,,,,,,,,,,,,,,,,,,,,,,,,8.311223901257359,RBT,,,,,,,,,,,,
E06000049,2018,386891,22.21478400893275,32.76685164555391,5.6475854956564,0.970106184,6.60353064853778,6,,,,,,,,,,,,,,,,,,,,,,,,,,,8.311223901257359,RBT,,,,,,,,,,,,
E06000049,2019,390556,22.399348620940405,32.74588023228423,5.228443552269073,1.058953285,6.66025767731038,8,245913.2506618851,1961.4539629726094,7.722779388878105,9232.99599103147,15768.932024311387,6929.865423817049,68646.57134817875,17457.407535822374,113325.88061283003,2987.465125512138,616251.7979136623,320588.3599959208,45503.396462488105,0.0,0.0,0.0,0.0,0.0,0.0,0.0,0.0,0.0,0.0,6388351.339442782,0.0,0.0,8.311223901257359,RBT,0.01375947744727404,0.06476889211146028,2.2489073883423294,0.11061807651467158,0.04861257455522873,0.7949739978202486,0.31920349354063204,1.7250661449836469,4.322967999914012,0.48155142467197626,0.12246262711819464,16357.068741596038
E06000049,2020,393203,22.442860303710805,32.77111314003199,4.885517150174337,1.119167209,6.60442661649598,8,213298.9704517261,2300.980871980516,19.425334307056996,7861.794966371508,17431.942460699578,9287.983607836572,90389.45146147443,18663.734797260804,63023.04525039447,3183.4656057384545,519529.87135604763,332816.46871718316,41074.35849924014,0.0,0.0,0.0,0.0,0.0,0.0,0.0,0.0,0.0,0.0,5414861.947892487,0.0,0.0,8.311223901257359,RBT,0.016032576515205284,0.05477873844153984,2.3189699511217174,0.1214607886197971,0.06471601293079902,0.4391265514208717,0.2861943806100515,1.4862062114572707,3.6199355309204506,0.6298078416776139,0.13004356526398667,13771.16132860758
E06000049,2021,400474,22.47087201666026,33.123248949994256,5.141407432192851,1.183787584,6.70760414063272,16,201634.99941565478,2728.532134583886,66.5018431434158,10473.863281420727,25748.313756611362,14035.665834927851,123380.21607788226,21069.86601386413,75976.53015981337,3457.9494614504924,600497.8344238831,334051.530623727,42665.950712435086,0.0,0.0,0.0,0.0,0.0,0.0,0.0,0.0,0.0,0.0,6240084.8623886015,0.0,0.0,8.311223901257359,RBT,0.018666456513304928,0.07165387975126684,2.2853160827961814,0.17614957615370555,0.09602091271793507,0.5197712639276797,0.291886653441939,1.379427018815955,4.108130731000772,0.8440697504818588,0.14414334092090006,15581.747784846462
E06000049,2022,406971,22.48145445252856,33.18835985856486,9.246359077182404,1.274052262,6.90945637172652,12,209410.61584778043,3435.2251716522396,88.80232820277148,10933.089974605504,19448.045341953057,14897.815022601593,148276.97562609045,26576.455124975266,95847.65277794907,3911.591321908971,618069.5658832501,362360.10933303914,44872.49935948407,0.0,0.0,0.0,0.0,0.0,0.0,0.0,0.0,0.0,0.0,6385187.580038135,0.0,0.0,8.311223901257359,RBT,0.023125912688486065,0.07360148797654563,2.439405812282065,0.13092411008487298,0.10029199026164391,0.6452457521068636,0.30208136306897887,1.4097508536270478,4.160840149279594,0.9981995999384456,0.17891251667035254,15689.539500451223
E06000049,2023,414906,22.44628903896304,33.6531648132348,12.508857427947534,1.279527545,7.07716980972253,12,214993.67972493736,3838.081937301492,156.4373270347807,13312.285784299402,20165.74556518926,18107.8475083675,185315.61141099516,29259.14456382982,105567.23145286315,3477.485708194559,639567.3121762979,423003.2727198411,45227.55712605277,0.0,0.0,0.0,0.0,0.0,0.0,0.0,0.0,0.0,0.0,6629929.048653774,0.0,0.0,8.311223901257359,RBT,0.02534379589330643,0.08790428638630346,2.7931943041189333,0.13315936136575485,0.1195705560267026,0.6970863078665526,0.29864864671478164,1.419655970432632,4.223219744814275,1.2236844101211846,0.19320530409515316,15979.352066862793
E06000049,2024,420472,22.663815902129038,33.771808824368804,10.63091002492437,1.445865512,7.242482084,14,230836.00313139448,4469.926584916764,131.15260441540076,16601.31491522687,22583.282083953054,29393.736951533978,226747.63122759305,31701.198572745423,126116.37996603674,3817.92579879544,681797.542046099,459445.00274611433,47811.967056979025,0.0,0.0,0.0,0.0,0.0,0.0,0.0,0.0,0.0,0.0,7097162.529809003,0.0,0.0,8.311223901257359,RBT,0.029125302529660495,0.10817142297766653,2.9936676691459483,0.1471489319371098,0.19152472975272136,0.8217534786479795,0.31153487168483474,1.5040892279139562,4.442480049466255,1.477450072596778,0.20655976814018415,16879.037200596
E06000050,2011,329526,18.69412428761312,36.99890145238919,,0.716797113,,8,,,,,,,,,,,,,,,,,,,,,,,,,,,7.3414248316604365,RJR,,,,,,,,,,,,
E06000050,2012,331231,19.289861154300173,36.59228755762594,4.519504514975953,0.829479039,5.95080668931376,8,,,,,,,,,,,,,,,,,,,,,,,,,,,7.3414248316604365,RJR,,,,,,,,,,,,
E06000050,2013,333476,19.7348534827094,36.30486151926975,5.148796315177104,0.894524992,6.1301212516372,11,,,,,,,,,,,,,,,,,,,,,,,,,,,7.3414248316604365,RJR,,,,,,,,,,,,
E06000050,2014,336437,20.05813867083585,36.098586065147416,6.072459331167499,0.853759468,6.3888518190517,12,,,,,,,,,,,,,,,,,,,,,,,,,,,7.3414248316604365,RJR,,,,,,,,,,,,
E06000050,2015,339181,20.28061713362482,35.83779751813928,6.232660437937266,0.921362996,6.57172248412677,11,,,,,,,,,,,,,,,,,,,,,,,,,,,7.3414248316604365,RJR,,,,,,,,,,,,
E06000050,2016,342424,20.499147256033456,35.52846763077354,5.747260706025279,0.938343465,6.66064322261025,7,,,,,,,,,,,,,,,,,,,,,,,,,,,7.3414248316604365,RJR,,,,,,,,,,,,
E06000050,2017,346040,20.610334065425963,35.30314414518553,5.687203791469194,1.024541497,6.74557719231259,8,,,,,,,,,,,,,,,,,,,,,,,,,,,7.3414248316604365,RJR,,,,,,,,,,,,
E06000050,2018,350076,20.81490876266868,35.19264388304254,5.618779922074064,1.115192533,6.76536967298287,6,,,,,,,,,,,,,,,,,,,,,,,,,,,7.3414248316604365,RJR,,,,,,,,,,,,
E06000050,2019,353362,20.978486651083024,35.11498123737131,5.357112536152727,1.128263474,6.86662726556344,12,102364.39058339279,2303.2304936981723,8.775581739125325,10773.168171534111,42829.294047931435,16908.868398082435,74119.82961325347,16871.966789043578,75420.4047284481,2537.0893619948683,584257.7385290827,333510.75121361134,21087.430606954356,0.0,0.0,0.0,0.0,0.0,0.0,0.0,0.0,0.0,0.0,6048408.49020608,0.0,0.0,7.3414248316604365,RJR,0.01785766587997556,0.08352773992981632,2.5858130911550856,0.33206890281968154,0.13109974146643233,0.5847579701025144,0.1634974402590161,0.7936631136341209,4.529932853437526,0.5746742047466359,0.13081363175815416,17116.74851909962
E06000050,2020,354738,21.10487176451353,35.080820210972604,5.31659985679572,1.249139905,6.87167557536234,8,93834.4660154569,2642.353288133529,22.185533020864664,9349.587781699904,48112.92253458357,25725.350324942705,104215.91456356028,18246.47183680864,53037.09079845366,3039.2088642598305,485500.0186908588,379113.40327954007,19640.385689480554,0.0,0.0,0.0,0.0,0.0,0.0,0.0,0.0,0.0,0.0,5066714.227716784,0.0,0.0,7.3414248316604365,RJR,0.020407523516167318,0.07220909231872152,2.927983070040734,0.3715875551030529,0.1986830050605182,0.409618078914453,0.1516873745175046,0.7247059204524774,3.749632228600269,0.8048843191279065,0.1409218459806272,14282.97568266378
E06000050,2021,357730,21.329494311352136,35.10273111005507,5.83680429374109,1.249719977,7.03033829543067,4,104858.24886859593,1953.0573291805367,32.6639690807335,10648.428337764613,55956.650853969375,31413.889003573553,176623.192881731,19127.428770497037,51605.68277280045,3694.8347153718228,618664.1781090926,445697.5426307724,21161.297805589336,0.0,0.0,0.0,0.0,0.0,0.0,0.0,0.0,0.0,0.0,6474785.356514551,0.0,0.0,7.3414248316604365,RJR,0.01495776702472506,0.08155250123793994,3.4134379501090963,0.42855196027898423,0.24058773187839724,0.3952294530910122,0.16206680561171172,0.8030717960824967,4.738127501142804,1.3526938153917338,0.146490130656411,18099.64318484486
E06000050,2022,361841,21.489825641649237,35.28096594913235,10.139812790700889,1.345488906,7.22538900015406,11,117262.10783731894,3333.189644706828,28.34665105025725,15874.801788537396,47136.92995455187,38716.93099128629,198535.11805667463,23454.330898589556,85448.45716506941,3809.492306112791,660314.4701455515,460152.5794207998,23630.308237694993,0.0,0.0,0.0,0.0,0.0,0.0,0.0,0.0,0.0,0.0,7051431.208631917,0.0,0.0,7.3414248316604365,RJR,0.0252376773882847,0.12019811917341727,3.484104892516741,0.3569033742668391,0.29315026085427204,0.6469840678532299,0.1789199413947918,0.8878652470819144,4.999656589841391,1.503234377232705,0.17758750616445784,19487.651229771964
E06000050,2023,366508,21.55860172219979,35.68162222925557,12.4171914392046,1.328557134,7.44261630374871,8,130210.84599297387,3404.463293390028,55.80562918251786,19075.788227473633,59474.34051976261,43706.298658375694,240131.8754532673,26458.916715726988,108951.59872787603,3722.0737831546135,667584.8810665052,529071.4541151228,26087.12703116753,0.0,0.0,0.0,0.0,0.0,0.0,0.0,0.0,0.0,0.0,7095844.992058912,0.0,0.0,7.3414248316604365,RJR,0.025449094410542893,0.1425956145566475,3.9549227661936905,0.44458347071354826,0.3267139707606651,0.8144366037338999,0.19500687817812515,0.9733540436125999,4.9903403858982855,1.7950373503089527,0.19778608593213154,19360.68241909839
E06000050,2024,370951,21.70205768416853,35.95730972554327,12.163331545136687,1.347227335,7.571647822,15,138819.3903372216,4635.757174045625,51.37842103541953,19624.15886213153,61845.83512354639,53961.87373670049,267099.1106270504,29167.962690705175,129799.86874696257,4874.83253018129,698919.4096398542,566842.9861990894,26458.84807505931,0.0,0.0,0.0,0.0,0.0,0.0,0.0,0.0,0.0,0.0,7379241.5751696555,0.0,0.0,7.3414248316604365,RJR,0.03423822711470348,0.14493779178479196,4.186521893018839,0.4567736552107952,0.39854522555152294,0.958660520550697,0.1954166311081245,1.0252758364697918,5.161996322003273,1.9727090243174707,0.2154252894583845,19892.76636313059
E06000051,2011,307108,20.816455448897457,34.79362309024838,,0.518074393,,10,,,,,,,,,,,,,,,,,,,,,,,,,,,5.9068039656834825,RXW,,,,,,,,,,,,
E06000051,2012,307921,21.61106257773909,34.23865212181047,3.12093036850361,0.553200424,5.77995515924621,14,,,,,,,,,,,,,,,,,,,,,,,,,,,5.9068039656834825,RXW,,,,,,,,,,,,
E06000051,2013,308181,22.32194716741136,33.6821543184038,3.342191763930937,0.584463775,6.05124116773901,11,,,,,,,,,,,,,,,,,,,,,,,,,,,5.9068039656834825,RXW,,,,,,,,,,,,
E06000051,2014,309436,22.95919026874701,33.13576959371243,3.700280510347859,0.648989975,6.17314546559094,10,,,,,,,,,,,,,,,,,,,,,,,,,,,5.9068039656834825,RXW,,,,,,,,,,,,
E06000051,2015,310751,23.45865339130043,32.72974181901265,4.086873413118542,0.609248877,6.49032535754113,7,,,,,,,,,,,,,,,,,,,,,,,,,,,5.9068039656834825,RXW,,,,,,,,,,,,
E06000051,2016,312836,23.826861358667163,32.23733841373755,4.15553197202368,0.708194554,6.7834919436943,8,,,,,,,,,,,,,,,,,,,,,,,,,,,5.9068039656834825,RXW,,,,,,,,,,,,
E06000051,2017,315232,24.15776317125165,31.805146685615675,3.9558166683585423,0.711714685,6.87134787121957,0,,,,,,,,,,,,,,,,,,,,,,,,,,,5.9068039656834825,RXW,,,,,,,,,,,,
E06000051,2018,317112,24.52098942960216,31.509372083049524,3.821993491258609,0.780085683,6.89285578060037,8,,,,,,,,,,,,,,,,,,,,,,,,,,,5.9068039656834825,RXW,,,,,,,,,,,,
E06000051,2019,319729,24.908594465938343,31.31620841400061,3.468562438815372,0.79109782,6.9442976030449,6,111367.66194143955,2524.234887404986,2.5146462467554453,10010.917076938285,15915.50371071347,12349.18517426749,56527.09624704321,11815.564512759958,118123.34528683878,1096.040826275693,497083.3011293136,327185.4349820182,44559.53430454118,0.0,0.0,0.0,0.0,0.0,0.0,0.0,0.0,0.0,0.0,5180493.097593229,0.0,0.0,5.9068039656834825,RXW,0.021629917900120515,0.08578255358069965,2.803619477762509,0.1363783696673726,0.1058189405374208,1.0121872070584328,0.3818262212775586,0.954298427829009,4.259457408894815,0.4843750702664265,0.10124639811840618,16202.76264459348
E06000051,2020,321054,25.210712216636452,31.202227662636197,3.401296978078454,0.819624484,6.91088206055804,5,114682.34493877235,2474.8530796047853,3.7574373505673897,9859.82381675829,16235.647727114265,17086.683534844848,78887.47238581993,11438.019905695204,96972.92166617661,1757.459791656727,423390.10566398385,346512.1339323326,45326.4393832392,0.0,0.0,0.0,0.0,0.0,0.0,0.0,0.0,0.0,0.0,4448178.005744817,0.0,0.0,5.9068039656834825,RXW,0.021119249086376416,0.08413916642161158,2.956973942524862,0.1385474924767426,0.14580983760462304,0.8275219665276862,0.38679482488149863,0.9786459764142639,3.6130149203252193,0.6731891249790176,0.0976067603503495,13854.921619867115
E06000051,2021,324669,25.45854393243581,31.265689055622804,3.1786219195549927,0.883257866,7.12004529592226,8,121706.5854717134,3736.611556802019,21.433055025892394,9480.982604945904,23883.33328229073,22368.652886313994,128772.42953983336,12614.067213037395,101438.13911206351,2356.0829144907025,466523.87371445895,377417.5443946176,50405.58162055384,0.0,0.0,0.0,0.0,0.0,0.0,0.0,0.0,0.0,0.0,4871390.814639971,0.0,0.0,5.9068039656834825,RXW,0.03153147339734896,0.0800054665153463,3.184845703083124,0.2015399986278183,0.1887583369845883,0.8559878211226338,0.425348536176624,1.0270235221795196,3.9367712938953088,1.0866487925285793,0.10644406535547579,15004.175990439404
E06000051,2022,327098,25.813670520761363,31.07600780194315,6.261120520455643,0.915090203,7.36493458328284,8,125398.08371808928,3447.2231220713643,19.223320715549225,11958.517988868341,24431.314144309807,32075.17311318499,168831.83316734404,13848.205661051361,104593.56763205765,2758.6046139371797,480830.1704106603,398939.8140814431,50797.18073462661,0.0,0.0,0.0,0.0,0.0,0.0,0.0,0.0,0.0,0.0,5010629.273006968,0.0,0.0,5.9068039656834825,RXW,0.028873447437112305,0.10016283493999027,3.341462778751181,0.20463319018974252,0.2686570587758584,0.876060751028389,0.42546991475661483,1.0503163998195946,4.0273646816304165,1.4141112681268748,0.11599058839348604,15318.434453915854
E06000051,2023,329211,26.201433123437557,31.176358019628747,7.241556327097211,0.978150725,7.55101818221481,1,142350.6199706539,3443.1088863225073,14.61236671621391,11753.267182867166,28879.302210661997,45569.53814323903,206597.09602256995,13850.134063043999,90463.32270291375,3035.9072339776685,517567.5052761393,448908.62731857516,62971.97785470681,0.0,0.0,0.0,0.0,0.0,0.0,0.0,0.0,0.0,0.0,5414306.41942406,0.0,0.0,5.9068039656834825,RXW,0.028653887722526184,0.0978118349868481,3.7358613478525236,0.2403363676171875,0.3792341377034917,0.7528445882246045,0.5240589370501719,1.1846557331004635,4.307247221812478,1.7193211683623144,0.11526216552746724,16446.310783734625
E06000051,2024,331751,26.56540598219749,31.189054441433484,7.475486132671793,0.99217999,7.755662073,9,149471.5436491747,4724.071254296505,35.50263284238886,15025.499664550614,27697.647824736552,66775.20464463958,209101.97197424507,16617.18623362297,96989.95539636673,2282.517347264767,540052.9031037734,488680.2519564148,66929.3646196241,0.0,0.0,0.0,0.0,0.0,0.0,0.0,0.0,0.0,0.0,5661402.307241537,0.0,0.0,5.9068039656834825,RXW,0.03901317847022422,0.1240862951599788,4.0357075196760235,0.22873771787609934,0.5514550555980162,0.8009799674922616,0.5527281673470329,1.2343928985621433,4.45996242605104,1.726843671904325,0.1372310486671157,17065.215499701695
E06000052,2011,535984,21.83143526672438,33.800449267142305,,0.2762563525,,46,,,,,,,,,,,,,,,,,,,,,,,,,,,5.290808393172252,REF,,,,,,,,,,,,
E06000052,2012,539660,22.60942074639588,33.51536152392247,4.0043731238187,0.2786991895,4.773423454455076,36,,,,,,,,,,,,,,,,,,,,,,,,,,,5.290808393172252,REF,,,,,,,,,,,,
E06000052,2013,542275,23.163155225669637,33.22981881886497,4.383384813978148,0.62925601,4.873106319362465,28,,,,,,,,,,,,,,,,,,,,,,,,,,,5.290808393172252,REF,,,,,,,,,,,,
E06000052,2014,545966,23.65128964074686,32.958462614888106,4.641314660619892,0.3339865505,5.213207597186365,34,,,,,,,,,,,,,,,,,,,,,,,,,,,5.290808393172252,REF,,,,,,,,,,,,
E06000052,2015,549572,23.953185387901858,32.75985676126149,4.5635512726266985,0.341189176,5.468983084496955,18,,,,,,,,,,,,,,,,,,,,,,,,,,,5.290808393172252,REF,,,,,,,,,,,,
E06000052,2016,553439,24.22218166771767,32.39291051046276,5.321272985821382,0.358785689,5.52373150795694,24,,,,,,,,,,,,,,,,,,,,,,,,,,,5.290808393172252,REF,,,,,,,,,,,,
E06000052,2017,559091,24.41552448528057,32.141100464861715,4.653982983092198,0.3824574945,5.55902926529899,28,,,,,,,,,,,,,,,,,,,,,,,,,,,5.290808393172252,REF,,,,,,,,,,,,
E06000052,2018,562127,24.635358201972156,31.868065401590744,4.369119433864589,0.780804932,6.60170395636429,26,,,,,,,,,,,,,,,,,,,,,,,,,,,5.290808393172252,REF,,,,,,,,,,,,
E06000052,2019,565793,24.942514311771266,31.60678905536124,4.241834027639084,0.826199234,5.599420115261295,22,133010.10634883246,4490.223080137234,1.4834212666367619,14144.643234922174,37440.096009209694,52781.79888358562,116968.38461048514,29581.001115322077,232841.3228456423,3220.3668984983215,877095.7594771947,459579.4866548444,134200.32677946438,0.0,0.0,0.0,0.0,0.0,0.0,0.0,0.0,0.0,0.0,9147674.550671455,0.0,0.0,5.290808393172252,REF,0.021742900745452622,0.0684922705282053,2.225410850339522,0.18129528909810497,0.25558405313287225,1.127482016309524,0.6498350601066399,0.6440716839387794,4.247139997772043,0.5663932351583694,0.14323938025411287,16167.8821595026
E06000052,2020,567075,25.179738129877,31.520169289776483,3.4739672882775645,0.836151302,5.825572213309815,26,122215.45869861658,4220.705683925096,1.7653983556103134,14876.333133678949,45596.880818483995,74472.59910366124,168199.76954909405,30256.600659657503,168955.53863876848,4316.729048555723,735286.4032809716,570716.9909982947,126486.30578800627,0.0,0.0,0.0,0.0,0.0,0.0,0.0,0.0,0.0,0.0,7706525.725171361,0.0,0.0,5.290808393172252,REF,0.020391618773941966,0.07187246321663354,2.7573216849903024,0.22029354344051758,0.35980164544764376,0.8162798336755411,0.6110969873063167,0.5904631188941405,3.5524106981619648,0.8126284643757424,0.14617959939660324,13589.958515489769
E06000052,2021,574219,25.371504600161263,31.60205426849338,3.2896856425858427,0.802018046,5.909152306311525,18,123197.47371321885,2667.3953095987254,0.5562154373872417,12749.80559211346,52857.43111099559,78114.22445114546,213167.98713488804,34726.235167048246,185513.3885785405,3432.823629366251,861369.3878034172,577372.9704518092,115194.23748410444,0.0,0.0,0.0,0.0,0.0,0.0,0.0,0.0,0.0,0.0,9012072.665737659,0.0,0.0,5.290808393172252,REF,0.01272673379854202,0.06083214631520096,2.754774318966267,0.2521945107287503,0.3727002656456068,0.8851254645340698,0.549617220331236,0.5878024329423016,4.109784125861851,1.0170716792048626,0.16568655917111785,15694.487061099788
E06000052,2022,577600,25.619806094182824,31.532375346260388,4.7229916897506925,0.85417819,6.1965987609768,18,132283.0003033706,3435.5380899760244,0.6360790763118364,13376.97144064332,51793.16262682563,89428.11789060297,285970.43220213003,36509.58739092345,198323.743260491,4118.059945530396,887321.9566896064,650995.3182325107,121947.39122834419,0.0,0.0,0.0,0.0,0.0,0.0,0.0,0.0,0.0,0.0,9274705.719672877,0.0,0.0,5.290808393172252,REF,0.016295763717489583,0.0634508947778399,3.0878615254074995,0.24567014489254368,0.4241837641378732,0.9407076199127755,0.5784322051964871,0.6274570272045431,4.208828011467415,1.3564415446160305,0.17317566970991657,16057.315996663569
E06000052,2023,581426,25.785740575756847,31.663530698661567,5.92852744803294,0.880506933,6.270843295335015,10,137447.24483573646,3318.368860309236,9.441287592549896,17903.653814823218,52734.19993945148,121603.28312685718,383210.52719392313,40652.51815059321,229269.83363347553,5485.054186384469,922018.9897624603,717899.7126045825,131706.31990709237,0.0,0.0,0.0,0.0,0.0,0.0,0.0,0.0,0.0,0.0,9703352.510078616,0.0,0.0,5.290808393172252,REF,0.015636420688262646,0.08436345526684637,3.382801126340734,0.24848778710977193,0.5730044404612258,1.080337877051719,0.620610761510787,0.6476624610363328,4.344627560526603,1.805718793665603,0.19155793180287733,16688.886479240035
E06000052,2024,584588,26.13430313314676,31.71652514249352,5.473940621429109,0.980557263,7.606154139,16,143907.69383796147,4636.246761941256,4.197634581690112,21423.859343022003,62361.653966533355,156558.27003304614,473317.05632549844,41987.452098388116,259944.08794359927,8479.04491519974,942795.9049146792,801101.0588379372,125254.47164998086,0.0,0.0,0.0,0.0,0.0,0.0,0.0,0.0,0.0,0.0,10019803.587748831,0.0,0.0,5.290808393172252,REF,0.021728201610581692,0.10040490918283534,3.7544346128791566,0.2922636908107129,0.7337248920843825,1.2182521423756925,0.5870167297778005,0.6744367902703774,4.418500686326608,2.218244401913866,0.19677809899972226,17139.94058678733
E06000054,2011,474319,18.22275725830085,36.41431188714768,,0.589134157,,15,,,,,,,,,,,,,,,,,,,,,,,,,,,9.894040020615847,RD1,,,,,,,,,,,,
E06000054,2012,476806,18.94103681581188,35.846864343150045,4.330901876234779,0.61491555,5.42841201471034,14,,,,,,,,,,,,,,,,,,,,,,,,,,,9.894040020615847,RD1,,,,,,,,,,,,
E06000054,2013,479505,19.517836101813327,35.427784903181404,4.773672850126694,0.665475428,5.64128020698282,12,,,,,,,,,,,,,,,,,,,,,,,,,,,9.894040020615847,RD1,,,,,,,,,,,,
E06000054,2014,484344,19.973407330327205,35.05194655038568,5.403184513486282,0.677541494,5.79877584696626,17,,,,,,,,,,,,,,,,,,,,,,,,,,,9.894040020615847,RD1,,,,,,,,,,,,
E06000054,2015,488377,20.302757910384805,34.688570510077255,5.323756032737005,0.722688377,6.10033541987149,16,,,,,,,,,,,,,,,,,,,,,,,,,,,9.894040020615847,RD1,,,,,,,,,,,,
E06000054,2016,492706,20.616351333249444,34.17535000588586,6.086794153105504,0.781937957,6.32352600695097,11,,,,,,,,,,,,,,,,,,,,,,,,,,,9.894040020615847,RD1,,,,,,,,,,,,
E06000054,2017,497177,20.843884572295178,33.83483145841421,5.539274745211464,0.820538998,6.52090525508247,9,,,,,,,,,,,,,,,,,,,,,,,,,,,9.894040020615847,RD1,,,,,,,,,,,,
E06000054,2018,498703,21.19116989470687,33.483656605233975,5.41805443319972,0.819426239,6.77437060982489,6,,,,,,,,,,,,,,,,,,,,,,,,,,,9.894040020615847,RD1,,,,,,,,,,,,
E06000054,2019,502985,21.53463820988697,33.44374086702387,7.2924639899798205,0.830836535,7.02622377622378,14,133323.53110720345,5443.791973171222,37.82511938399657,19473.526437978853,33534.54539150083,40790.04838581624,106386.3273445616,27132.21304955168,182143.92227316962,5229.326205864785,658817.7708621355,500387.9700513378,26780.464556403687,0.0,0.0,0.0,0.0,0.0,0.0,0.0,0.0,0.0,0.0,6882436.87938687,0.0,0.0,9.894040020615847,RD1,0.029651974823570255,0.10607101052186312,2.725580177035361,0.18266045076101609,0.22218069568956203,0.9921258975596219,0.1458714191694961,0.7262044558762459,3.588536823449679,0.5794792886171561,0.14778736994690564,13683.18514346724
E06000054,2020,507047,21.699960753145174,33.63849899516219,4.26587673332058,0.842342734,7.16406884834158,10,118253.74140663196,6068.79614583073,51.74331954138896,16545.40484689729,39565.134766589275,49607.11859917922,137639.40080886465,24533.986400331236,159498.2447056684,5900.805222686082,556658.9448214947,556927.0681647707,27807.699825925018,0.0,0.0,0.0,0.0,0.0,0.0,0.0,0.0,0.0,0.0,5835964.703414085,0.0,0.0,9.894040020615847,RD1,0.032791513914293205,0.08939975247436487,3.009242898613088,0.21378221249214543,0.2680420433812921,0.8618165423408422,0.15025328810768437,0.638960201261135,3.0077941482958077,0.7437066954176043,0.13256443899046422,11509.711532489266
E06000054,2021,513240,21.91138648585457,33.77308861351415,3.953316187358741,0.829269648,7.34007568139977,8,119363.208739442,6029.709138415335,20.616500454501796,17530.26404367599,53118.48673266388,60762.86857452324,178046.57826696587,27768.996836403443,158428.35736099852,6100.757274480761,669932.442317366,607216.8623197249,27314.48751396374,0.0,0.0,0.0,0.0,0.0,0.0,0.0,0.0,0.0,0.0,7074458.622223367,0.0,0.0,9.894040020615847,RD1,0.03218718545739148,0.0935782882620323,3.241383839864097,0.2835517509107538,0.3243582194157517,0.8457062858306484,0.14580744362680997,0.6371726476835425,3.5761658265425558,0.9504302949244599,0.14823365947199496,13783.91906753832
E06000054,2022,515957,22.28402754493107,33.623538395641496,7.390150729615065,0.831961572,7.48959611556296,5,129829.76077021183,5697.354786567917,15.505642826294508,16851.61342037179,48633.53082105547,72128.23934356541,202423.75502645917,29341.961066729204,163103.92868789315,5983.735727411322,691387.1134815677,639473.0020683035,28232.187319101715,0.0,0.0,0.0,0.0,0.0,0.0,0.0,0.0,0.0,0.0,7206455.959340052,0.0,0.0,9.894040020615847,RD1,0.030252891609332724,0.08948188296976212,3.3955946475857353,0.2582435167943696,0.38300016210634846,0.8660800775974888,0.1499126059119226,0.6893946098471562,3.671258011447687,1.0748679254462623,0.15580549237513025,13967.163851522611
E06000054,2023,519941,22.637183834319664,33.73248118536526,7.708566933555923,0.932452559,7.64773301630918,12,145951.54104747818,5971.924984844327,43.798267442026244,19479.00914273402,47992.18479390895,89512.18400963055,250571.12161257854,31531.964831481557,180458.7453500374,6917.482808476829,734249.646926172,774707.4551528378,28582.126698484062,0.0,0.0,0.0,0.0,0.0,0.0,0.0,0.0,0.0,0.0,7698406.2329759225,0.0,0.0,9.894040020615847,RD1,0.0314678748447266,0.10264077719636956,4.082167358413599,0.2528853038931944,0.47166670891573786,0.9508915848278012,0.1506078505718974,0.7690627123972058,3.868982958241189,1.3203348526007865,0.16615143784349587,14806.307317514722
E06000054,2024,524001,23.039269009028608,33.81443928542121,7.454184247739986,0.994109929,7.790222239,16,155975.6783438658,5796.544123364284,32.79464334417403,21596.059662641015,52663.26201795161,121603.37060378444,292623.06717466854,33054.74163969799,184420.34916498893,7946.974154196484,799420.5157382316,787118.69762373,30942.30338029403,0.0,0.0,0.0,0.0,0.0,0.0,0.0,0.0,0.0,0.0,8346814.353485003,0.0,0.0,9.894040020615847,RD1,0.030307084917276426,0.11291445387883169,4.11543028072612,0.2753485387207726,0.6358001596608082,0.9642371495264528,0.16178105369763374,0.8155149047418465,4.179750026819365,1.529972334700232,0.1728258839184898,15929.004626870947
E06000055,2011,157840,15.924353775975671,39.957551951343135,,2.020223618,,19,,,,,,,,,,,,,,,,,,,,,,,,,,,21.403582650383857,RC9,,,,,,,,,,,,
E06000055,2012,160344,16.233847228458814,39.56306441151524,9.080476974504814,1.936282516,6.60155714806484,33,,,,,,,,,,,,,,,,,,,,,,,,,,,21.403582650383857,RC9,,,,,,,,,,,,
E06000055,2013,163672,16.491519624615083,39.45207488147026,9.775648858692996,2.136617899,6.77704980262143,24,,,,,,,,,,,,,,,,,,,,,,,,,,,21.403582650383857,RC9,,,,,,,,,,,,
E06000055,2014,166856,16.63230570072398,39.238624922088505,10.841683847149636,2.155239344,6.84899786463075,25,,,,,,,,,,,,,,,,,,,,,,,,,,,21.403582650383857,RC9,,,,,,,,,,,,
E06000055,2015,170149,16.699481043085765,39.13746187165367,12.10703559821098,2.36996007,6.95910052833883,17,,,,,,,,,,,,,,,,,,,,,,,,,,,21.403582650383857,RC9,,,,,,,,,,,,
E06000055,2016,173703,16.649683655434853,39.02177855304744,13.477026879213373,2.300301313,6.82229061150136,20,,,,,,,,,,,,,,,,,,,,,,,,,,,21.403582650383857,RC9,,,,,,,,,,,,
E06000055,2017,175537,16.723539766544945,38.66250420139344,11.342338082569489,2.530354023,7.1020078756592,16,,,,,,,,,,,,,,,,,,,,,,,,,,,21.403582650383857,RC9,,,,,,,,,,,,
E06000055,2018,178288,16.724064435071345,38.59205330700888,11.571165754285202,2.578659296,7.23343393075886,10,,,,,,,,,,,,,,,,,,,,,,,,,,,21.403582650383857,RC9,,,,,,,,,,,,
E06000055,2019,180651,16.847401896474416,38.52234418851819,12.183713347836436,2.584636688,7.44882218614646,16,50224.10038611613,3153.466748500012,21.842158068204785,8729.583486035091,6173.050481956438,4282.834666898145,25948.72275664833,8068.42050549514,48426.96985499216,538.0460487874078,238184.74052035308,109235.54446818856,20180.69948899859,0.0,0.0,0.0,0.0,0.0,0.0,0.0,0.0,0.0,0.0,2488292.230347412,0.0,0.0,21.403582650383857,RC9,0.04782500471847536,0.13239155656502122,1.6566499177774106,0.0936195596694912,0.06495282953285686,0.7344361766040849,0.30605746794145633,0.7616911892569382,3.612274124873232,0.3935344455004678,0.12236445776049283,13774.029650250552
E06000055,2020,182346,16.919482741601133,38.50427209809922,10.194904193127352,2.56714654,7.42228871001906,8,47519.92426435795,3461.1645929897795,32.66959264284144,8260.287847685458,7149.725556994496,6147.562280761995,36907.892133553294,8176.280407100916,37937.616871079124,498.1944823413682,215053.61212054314,119415.24846179775,23022.825828661145,0.0,0.0,0.0,0.0,0.0,0.0,0.0,0.0,0.0,0.0,2266500.9891527165,0.0,0.0,21.403582650383857,RC9,0.05200356860320459,0.12410980010582709,1.7941992929863992,0.10742373946916958,0.0923663605763181,0.570007986789515,0.34591510176815965,0.7139809665526422,3.2311538416661016,0.5545365003601206,0.12284759873335663,12429.672102227174
E06000055,2021,185796,16.83243988029882,38.88781243944972,10.344679110422184,2.326727152,7.58578192903937,11,55067.979017973186,3176.27778161199,17.890195741294708,9607.152564255159,14054.374710242191,9684.989407180086,50618.146516333436,8804.312789343074,37993.78666514843,512.8679410812312,253624.52336858175,141446.63583909546,23861.436300404723,0.0,0.0,0.0,0.0,0.0,0.0,0.0,0.0,0.0,0.0,2648159.89090382,0.0,0.0,21.403582650383857,RC9,0.04683701968032681,0.14166594506591199,2.0857555044034957,0.2072441612975756,0.1428137180236283,0.5602519225703788,0.35185794141585724,0.8120259606864915,3.7399174786277856,0.7464092524564936,0.12982736389540028,14253.051146977437
E06000055,2022,187805,16.99635259977104,38.680546311333565,11.76752482628258,2.389791489,8.20262229074553,12,60543.4239916369,4105.00887372179,13.208335147860923,12148.748316653724,10451.581009452706,14831.181990464935,63640.732910047445,10042.155345185802,46092.21382017871,552.0696423108617,248816.54108181404,155042.29528379178,25609.18622055598,0.0,0.0,0.0,0.0,0.0,0.0,0.0,0.0,0.0,0.0,2650359.3456908986,0.0,0.0,21.403582650383857,RC9,0.05988445277831954,0.17722766680032406,2.26177903536336,0.1524691489526291,0.21635939041208854,0.6723997649876378,0.3735904476926626,0.8832160725094397,3.6297710585384073,0.9284000551438693,0.14649638918224786,14112.293845695793
E06000055,2023,191452,17.05336063347471,38.89747821908364,17.34116123101352,2.567649364,8.63216703165439,16,63813.659925879234,4080.4382759949385,72.32287448828828,11553.379474481466,11205.165143466478,21547.517443479945,86919.53219105581,10015.0222618222,50300.50733677675,808.5297647352814,241067.83966076124,181471.6609117196,27088.415158879638,0.0,0.0,0.0,0.0,0.0,0.0,0.0,0.0,0.0,0.0,2571117.949837091,0.0,0.0,21.403582650383857,RC9,0.05839209278530043,0.1653317513038994,2.596904877644779,0.16034871709274215,0.30835036649237657,0.7198128467806766,0.38764199930909593,0.9131894417525483,3.449741108408463,1.2438402556934878,0.1433174746447008,13429.569551830698
E06000055,2024,194881,17.159702587733026,38.96480416254022,16.697369163746078,2.506133318,9.151636196,10,74198.12128291845,4174.895090748927,123.54418283561495,11576.760863849353,11011.729712703313,29939.2027206969,99714.91472810939,11160.42387917906,57693.692583334756,775.7023300679041,249764.59478329789,198116.34064432513,26857.199408396955,0.0,0.0,0.0,0.0,0.0,0.0,0.0,0.0,0.0,0.0,2668814.1566153015,0.0,0.0,21.403582650383857,RC9,0.058692580301711726,0.16275138700869796,2.7852099225473967,0.15480792124710474,0.4208989739041577,0.8110842575069839,0.3775707649395449,1.0431110475766765,3.5113046477087617,1.401837773822485,0.15689833169253423,13694.58365164024
E06000056,2011,255644,15.754330240490685,38.11276619048364,,1.167343259,,11,,,,,,,,,,,,,,,,,,,,,,,,,,,11.041218510098183,RC9,,,,,,,,,,,,
E06000056,2012,259524,16.351859558268213,37.72791726391394,6.538894283380342,1.206358671,5.69295454594157,6,,,,,,,,,,,,,,,,,,,,,,,,,,,11.041218510098183,RC9,,,,,,,,,,,,
E06000056,2013,263425,16.714434848628642,37.429249311948375,7.4290595046028285,1.28709197,5.89081053978572,10,,,,,,,,,,,,,,,,,,,,,,,,,,,11.041218510098183,RC9,,,,,,,,,,,,
E06000056,2014,267066,17.054585757827653,37.02118577430298,7.567417791856695,1.330157876,6.00273110440458,8,,,,,,,,,,,,,,,,,,,,,,,,,,,11.041218510098183,RC9,,,,,,,,,,,,
E06000056,2015,270962,17.313128778205062,36.73909994759413,7.525040411570626,1.38814199,6.04479583364782,7,,,,,,,,,,,,,,,,,,,,,,,,,,,11.041218510098183,RC9,,,,,,,,,,,,
E06000056,2016,274909,17.508339123128017,36.47061391224005,8.220902189451783,1.359888196,5.9445382116477,5,,,,,,,,,,,,,,,,,,,,,,,,,,,11.041218510098183,RC9,,,,,,,,,,,,
E06000056,2017,277655,17.792584322270443,36.0749851434334,7.185175847724694,1.396682382,6.19428403551132,6,,,,,,,,,,,,,,,,,,,,,,,,,,,11.041218510098183,RC9,,,,,,,,,,,,
E06000056,2018,280414,17.946322223569435,35.99962911980143,7.692197964438295,1.508102179,6.34124418942475,6,,,,,,,,,,,,,,,,,,,,,,,,,,,11.041218510098183,RC9,,,,,,,,,,,,
E06000056,2019,284688,18.074172427359077,36.12656662732535,8.461895127297252,1.461961865,6.45058094328305,6,77573.04913078753,4598.035037186821,33.92013324170836,13267.416963724421,9529.538878752845,5849.124967906438,40832.695606294496,12890.094978672807,78926.69327060005,1227.7623373941863,407949.75796191173,184361.88036685326,35499.63990243035,0.0,0.0,0.0,0.0,0.0,0.0,0.0,0.0,0.0,0.0,4229947.281454663,0.0,0.0,11.041218510098183,RC9,0.04424969182496369,0.12768043462263157,1.7742266695504125,0.09170855707024277,0.05628969226687613,0.7595596435742398,0.3416346576038286,0.7465327015124804,3.9259490029740003,0.3929579010051522,0.12404923533374296,14858.186089524894
E06000056,2020,289105,18.06194981062244,36.31587139620553,7.467874993514467,1.38410759,6.51491297122365,4,73835.21131083982,4942.467689678225,48.272945973939024,12476.655954797307,11258.569683182119,8852.107404141843,59261.54628577169,13270.390931235741,59645.20433910644,1185.0734198695507,363550.3857944664,202992.4759511159,38757.83341349099,0.0,0.0,0.0,0.0,0.0,0.0,0.0,0.0,0.0,0.0,3798397.421682955,0.0,0.0,11.041218510098183,RC9,0.04683767962844447,0.11823600094857992,1.9236739929405737,0.10669271161785433,0.08388768458671904,0.5652324198380448,0.36729162404132915,0.699705125012312,3.4452135183805703,0.5615966544436662,0.12575789221232123,13138.470181017123
E06000056,2021,295651,18.009747979881684,36.8478374840606,8.466063027014961,1.410603046,6.68376053717059,8,86084.1670974364,4625.384035619658,30.627956384388217,14937.425040266047,20503.86061017586,14069.582878298797,83105.19091318006,13819.599898222152,59903.097538496164,1306.0802199705008,424716.13517987856,235798.32795971833,41329.310504381654,0.0,0.0,0.0,0.0,0.0,0.0,0.0,0.0,0.0,0.0,4411335.444672485,0.0,0.0,11.041218510098183,RC9,0.042862310728172585,0.13842149076144664,2.185085848950267,0.19000429755294002,0.13037940817483476,0.5551074592946911,0.3829886849130813,0.7977210736431176,3.9357412956759372,0.7701156246948521,0.12806287659901627,14920.752659968966
E06000056,2022,302158,18.09053541524633,37.08357878990462,9.213722621939514,1.456697941,7.1167645414458,10,93293.12666378208,5862.63904540422,33.160615157624505,18052.387138330734,16287.195866182741,21357.609947262925,105752.27795272486,16099.656043765444,71138.81358026963,1368.303529442589,426546.7061901455,259083.52789041196,45688.09777060844,0.0,0.0,0.0,0.0,0.0,0.0,0.0,0.0,0.0,0.0,4492317.246239859,0.0,0.0,11.041218510098183,RC9,0.05315770154002002,0.16368454550114925,2.349161315044664,0.14767920898304174,0.19365365092274528,0.6450296173658364,0.414262970381081,0.8459071323547055,3.8675828965300068,0.9588767080918915,0.14597874851980683,14867.444337862506
E06000056,2023,309755,18.087197946764377,37.51255024131975,9.681845329373214,1.607881427,7.49411328885123,8,97786.51095005893,5801.139744319114,79.35581990069643,18215.168043223355,17496.610904056855,30579.82757308936,140493.0566649552,16449.259743892584,81165.22001021469,1641.4563917027444,420572.06779927376,296677.0295707825,46774.04413962798,0.0,0.0,0.0,0.0,0.0,0.0,0.0,0.0,0.0,0.0,4427415.2877434045,0.0,0.0,11.041218510098183,RC9,0.0513100145149546,0.16110981253388598,2.624053783299638,0.1547543067427072,0.2704729528669862,0.7178914489884266,0.41370782113595284,0.8649037115728355,3.71988261866945,1.2426352569404073,0.14549067828367743,14293.281101978675
E06000056,2024,316062,18.25401345305668,37.60749473204624,8.457201435161457,1.623187065,7.944253788,8,114281.39400737158,6019.199426304506,126.48485307034144,18805.127228551246,17744.703924043763,44158.70077475974,159188.31562150075,17997.352623080547,94733.81170967106,1598.07985486904,440352.9624488944,328600.386250218,47697.865478470165,0.0,0.0,0.0,0.0,0.0,0.0,0.0,0.0,0.0,0.0,4645352.44361953,0.0,0.0,11.041218510098183,RC9,0.05217633670716858,0.16300882901639158,2.848412750734081,0.1538167422504477,0.38278167526832335,0.8211828363281165,0.4134602815354519,0.9906275022281616,3.8171196552028537,1.379894993911813,0.15600678159886394,14697.5987104414
E06000057,2011,316278,20.195208013203573,33.79653342945131,,0.365285516,,7,,,,,,,,,,,,,,,,,,,,,,,,,,,3.506741453858009,RTF,,,,,,,,,,,,
E06000057,2012,315924,21.095263417784025,33.22096453577443,1.839049898076753,0.40770334,6.84212651581055,9,,,,,,,,,,,,,,,,,,,,,,,,,,,3.506741453858009,RTF,,,,,,,,,,,,
E06000057,2013,315013,21.854971064686215,32.76785402507198,1.971347214241952,0.473169029,7.13298242048894,5,,,,,,,,,,,,,,,,,,,,,,,,,,,3.506741453858009,RTF,,,,,,,,,,,,
E06000057,2014,315274,22.49408451061616,32.36137455039109,2.1283074405120623,0.539287686,7.29764611402767,13,,,,,,,,,,,,,,,,,,,,,,,,,,,3.506741453858009,RTF,,,,,,,,,,,,
E06000057,2015,314188,23.0209301437356,31.890460488624644,1.909684647408558,0.572857022,7.60161060930716,6,,,,,,,,,,,,,,,,,,,,,,,,,,,3.506741453858009,RTF,,,,,,,,,,,,
E06000057,2016,314327,23.51372933282855,31.43128016365123,2.185621979658127,0.651822209,7.76773374173546,4,,,,,,,,,,,,,,,,,,,,,,,,,,,3.506741453858009,RTF,,,,,,,,,,,,
E06000057,2017,315663,23.957828443625004,31.03056107304309,1.945112350829841,0.619484544,7.88379738841317,5,,,,,,,,,,,,,,,,,,,,,,,,,,,3.506741453858009,RTF,,,,,,,,,,,,
E06000057,2018,316153,24.33916489800824,30.700958080423085,2.1065749811009225,0.658707261,8.08279631441919,7,,,,,,,,,,,,,,,,,,,,,,,,,,,3.506741453858009,RTF,,,,,,,,,,,,
E06000057,2019,318027,24.844117008933203,30.48734855845573,1.9369424608602408,0.714121282,8.35848890712465,0,433585.0415937371,2509.5990735651553,,9010.264946797246,22923.653989990555,23090.733982692276,52806.85180624942,12426.037922570858,184277.45231624998,4119.796535067182,580147.6545401966,305171.9350777529,85436.59395395809,0.0,0.0,,0.0,0.0,0.0,0.0,0.0,0.0,0.0,6138424.514817301,0.0,0.0,3.506741453858009,RTF,0.021619591733338703,0.07762126293832161,2.6289827384583906,0.19748175934567244,0.19892111325166867,1.5875058796054662,0.7360156846677495,3.735230730549561,4.997832350326391,0.4549183129686836,0.10704732464191015,19301.582931063404
E06000057,2020,318490,25.23093346729881,30.35071744795755,1.7143395397029733,0.687639654,8.31533751683138,1,393237.64914020227,1767.7597907691306,31.723677800690112,6543.126579750808,23760.985119494188,32242.922637086576,70384.54234958402,12406.068714780802,144350.11738301668,4621.065105489933,464200.63447873783,325036.3917232649,83210.74018535709,0.0,0.0,0.0,0.0,0.0,0.0,0.0,0.0,0.0,0.0,4948040.735416122,0.0,0.0,3.506741453858009,RTF,0.015206686266308273,0.056285516628773596,2.796039631559924,0.2043975929180735,0.2773612180859129,1.2417337236713886,0.7157983944388017,3.3827229184650194,3.9931632397115147,0.6054644183541086,0.1067199263887841,15535.937503268931
E06000057,2021,321532,25.590298943806527,30.418123235012377,1.4617518629560975,0.734351397,8.5014002561709,1,410933.80163605843,1953.2154064455524,182.97971163250392,8507.51267450752,31898.507374873927,40671.800625440184,92390.84724388854,13889.149804872448,149756.3251031111,4974.444546797559,522619.5121447943,398963.4801426011,90411.82548600326,0.0,0.0,0.0,0.0,0.0,0.0,0.0,0.0,0.0,0.0,5528249.066102418,0.0,0.0,3.506741453858009,RTF,0.016643056013560698,0.07249124162683754,3.399508075487585,0.2718024050174339,0.34655832313620616,1.276051222436209,0.7703856271490928,3.5015053925569215,4.453162608538968,0.7872485752191566,0.11834736579509543,17193.464619703227
E06000057,2022,324293,25.98976851180877,30.46103369483769,5.297678334099102,0.721761107,8.75263139115853,6,411544.34181007993,2166.499820761316,197.8720863747685,8340.609066493174,29409.032289833154,39349.542226435035,128439.53559360292,14620.436010482397,140716.6457760147,3824.494017322861,553049.8589124453,407090.36331071425,88814.19204789383,0.0,0.0,0.0,0.0,0.0,0.0,0.0,0.0,0.0,0.0,5798948.377646699,0.0,0.0,3.506741453858009,RTF,0.018303250293072244,0.07046400552530248,3.4392233685740075,0.24845646130203963,0.33243691662765334,1.1888170787546701,0.750329342772966,3.476851935395308,4.672333639365663,1.085096312941108,0.12351789606872422,17881.81791665777
E06000057,2023,327366,26.346657869173956,30.65742929931636,5.489268891699199,0.767459691,8.96337674077003,6,491104.5711347043,2630.879405681183,121.25093378337318,10855.902868874136,37953.577364559555,57479.15955608523,197322.47788765465,15657.733461297925,140354.65651862544,5750.378963776345,575805.3184897472,535870.7361801721,93584.16998748314,0.0,0.0,0.0,0.0,0.0,0.0,0.0,0.0,0.0,0.0,6059941.362697381,0.0,0.0,3.506741453858009,RTF,0.022017829532352696,0.09085305022742451,4.484702147545402,0.31763348587977774,0.481043081653949,1.1746281089987374,0.783205911020317,4.110054115917714,4.818914663649033,1.6513918014067672,0.13103957006520808,18511.211801767382
E06000057,2024,330615,26.75861651770186,30.732725375436686,5.931370325000378,0.754932344,9.164237191,3,438236.7349080354,3181.688629776774,91.08432644410048,9678.302779915148,38381.303920956154,63978.625442689816,222944.76648819016,16203.37898235191,141969.63050897626,5956.119737785964,601213.8557528066,570260.9128342593,96641.11339720439,0.0,0.0,0.0,0.0,0.0,0.0,0.0,0.0,0.0,0.0,6325480.710658947,0.0,0.0,3.506741453858009,RTF,0.02636587919505574,0.08020173926520209,4.725613372954465,0.3180565228972917,0.5301752955021334,1.176467770081256,0.8008413825475884,3.6315611475254848,4.98211287642069,1.8474890111449846,0.13427345743457272,19132.467403653634
E06000058,2011,379441,20.352307736907715,39.67599705883128,,2.139884233,,28,,,,,,,,,,,,,,,,,,,,,,,,,,,15.474768475713063,R0D,,,,,,,,,,,,
E06000058,2012,382465,20.76425293817735,39.35628096688586,8.897546180696272,2.18635273,5.69885150810539,19,,,,,,,,,,,,,,,,,,,,,,,,,,,15.474768475713063,R0D,,,,,,,,,,,,
E06000058,2013,385483,21.00585499230835,39.13920977059948,9.707302267544872,2.222640514,5.77892038673627,16,,,,,,,,,,,,,,,,,,,,,,,,,,,15.474768475713063,R0D,,,,,,,,,,,,
E06000058,2014,389727,21.14967656846972,38.96881663318169,10.497091553831272,2.402064562,5.84509706740067,14,,,,,,,,,,,,,,,,,,,,,,,,,,,15.474768475713063,R0D,,,,,,,,,,,,
E06000058,2015,392499,21.189862904109308,38.83474862356337,11.38346849291336,2.530993462,5.89408369725032,23,,,,,,,,,,,,,,,,,,,,,,,,,,,15.474768475713063,R0D,,,,,,,,,,,,
E06000058,2016,397066,21.13175139649328,38.81092815803922,12.174298479346,2.530896425,5.96849135069967,17,,,,,,,,,,,,,,,,,,,,,,,,,,,15.474768475713063,R0D,,,,,,,,,,,,
E06000058,2017,399374,21.18315163230456,38.50551112491048,9.913013866701387,2.697825909,6.04471655060646,18,,,,,,,,,,,,,,,,,,,,,,,,,,,15.474768475713063,R0D,,,,,,,,,,,,
E06000058,2018,400064,21.272596384578467,38.2333826587746,9.585966245400735,2.718080282,6.1756111087411,16,,,,,,,,,,,,,,,,,,,,,,,,,,,15.474768475713063,R0D,,,,,,,,,,,,
E06000058,2019,400182,21.52870443948004,37.93998730577587,12.246927647920195,2.773501873,6.38784438738331,20,74131.88171895334,4532.281152462439,33.65534049811611,16585.015749191454,20438.423648243963,11101.580571942783,78915.763508057,13450.534997787898,135139.60929857515,5366.504359307295,711638.1196988551,298600.3510514623,19764.284178782695,0.0,0.0,0.0,0.0,0.0,0.0,0.0,0.0,0.0,0.0,7524895.182062874,0.0,0.0,15.474768475713063,R0D,0.031028903441142775,0.11354433560943096,2.044277737543543,0.1399255369508515,0.07600364143864392,0.925192799595192,0.13531024328302332,0.5075216921434538,4.872016928864868,0.5402731038751135,0.09208505334037327,18803.682279719913
E06000058,2020,399564,21.613058233474487,37.759407754452354,10.84432030913696,2.750748158,6.42867951376076,14,76648.22880619754,3487.2165740990727,50.9012804122184,13976.97795758087,22683.316618413646,18156.11310464468,103878.7944826871,15866.572065007176,117233.52325567292,4958.9945306241225,594243.2733068357,327589.27590830164,16743.429070824863,0.0,0.0,0.0,0.0,0.0,0.0,0.0,0.0,0.0,0.0,6195289.256317839,0.0,0.0,15.474768475713063,R0D,0.02391110813594402,0.09583718827207183,2.2462105332367184,0.1555347151574233,0.1244926360461991,0.8038455289942265,0.11480615974717143,0.5255607297310064,4.07460072099709,0.7122749720667245,0.10879373630275614,15505.123725655561
E06000058,2021,400155,21.707838212692582,37.5449513313591,6.999787582311854,2.628339529,6.54007720997186,12,85628.29327370139,3482.514148773785,17.99673862363212,14126.692213379763,28378.283514179617,23626.65601040974,162853.2200532042,19261.813574798485,119787.43887283631,5041.227746247288,657718.7602748924,369106.9063843518,17598.690656039867,0.0,0.0,0.0,0.0,0.0,0.0,0.0,0.0,0.0,0.0,6905676.422419203,0.0,0.0,15.474768475713063,R0D,0.0238435972415058,0.09672068657901751,2.5271502250710163,0.19429651499208178,0.1617637275857642,0.820144104247524,0.12049228633520857,0.5862679805664441,4.503178034093244,1.1150009511944545,0.1318791268027371,17257.50377333584
E06000058,2022,403014,21.733240036326283,37.78553598634291,13.791084180698435,2.545860291,6.73338903621899,10,93426.45273729923,3364.913051319365,9.435627156765461,12426.768280481861,24471.887151285096,29256.15612581385,212165.3832039339,19328.75946596357,119592.89010847916,5469.194138580984,638455.4334113789,405557.379963781,19985.783966480845,0.0,0.0,0.0,0.0,0.0,0.0,0.0,0.0,0.0,0.0,6642292.2952876855,0.0,0.0,15.474768475713063,R0D,0.02287498664222185,0.08447830719148926,2.7570161569816705,0.1663621267943654,0.19888602480184311,0.8130034036580881,0.13586518709252388,0.63512156950324,4.340278422710758,1.4423196774219535,0.1313986744534968,16481.542316861658
E06000058,2023,406976,21.708405409655605,38.15581262777166,21.627810976568643,2.667281628,6.89578110229748,12,102387.65080405088,4054.4039127629226,20.83632737726093,16166.870385301994,25801.10942389815,45405.06821289674,263953.401053799,18947.741220694592,120640.3745072267,5811.516359515395,666699.4266303323,469043.46128542273,19864.17646346202,0.0,0.0,0.0,0.0,0.0,0.0,0.0,0.0,0.0,0.0,6965220.578477343,0.0,0.0,15.474768475713063,R0D,0.027293884468317226,0.1088339252834807,3.1575586247448792,0.1736907606944353,0.3056628576589804,0.8121402097234284,0.1337238590721786,0.6892645064866729,4.488160902829532,1.776910684873606,0.12755449899435078,17114.573288049767
E06000058,2024,408009,21.87745858547238,38.13053143435562,18.548610447318563,2.711210966,7.01506857,21,123575.73959193382,4462.211314027668,8.720386304628516,17011.293551603485,30552.361171971046,63810.074659173726,297661.03904260404,22606.932050313084,129834.21492088499,6000.008223740011,741623.2467961826,562466.6639525231,17908.523567435266,0.0,0.0,0.0,0.0,0.0,0.0,0.0,0.0,0.0,0.0,7774533.303170084,0.0,0.0,15.474768475713063,R0D,0.029963153942163364,0.1142285677595917,3.7768886440594103,0.205155031142182,0.42847614232504827,0.8718194399276444,0.12025334767115342,0.8297946126553265,4.979901207498764,1.9987541843614585,0.15180253410548314,19054.808357585454
E06000059,2011,365897,24.79905547189509,31.05792067166443,,0.561446965,,8,,,,,,,,,,,,,,,,,,,,,,,,,,,6.51715762464502,RBD,,,,,,,,,,,,
E06000059,2012,366572,25.744737732287245,30.5386117870432,3.158997413877765,0.632134557,5.90508398554961,10,,,,,,,,,,,,,,,,,,,,,,,,,,,6.51715762464502,RBD,,,,,,,,,,,,
E06000059,2013,367651,26.45253242885236,30.076077584448296,3.157886147460499,0.633308887,6.1057595132744,11,,,,,,,,,,,,,,,,,,,,,,,,,,,6.51715762464502,RBD,,,,,,,,,,,,
E06000059,2014,368694,27.09699642521983,29.57059241539054,3.913814708131947,0.653223336,6.24813705678344,13,,,,,,,,,,,,,,,,,,,,,,,,,,,6.51715762464502,RBD,,,,,,,,,,,,
E06000059,2015,370728,27.55308474137373,29.32068794372154,3.989447789214735,0.716853499,6.44698899368424,5,,,,,,,,,,,,,,,,,,,,,,,,,,,6.51715762464502,RBD,,,,,,,,,,,,
E06000059,2016,372416,27.94375107406771,28.91873603711978,4.223771266540643,0.804650962,6.65667750692074,7,,,,,,,,,,,,,,,,,,,,,,,,,,,6.51715762464502,RBD,,,,,,,,,,,,
E06000059,2017,374675,28.279442183225463,28.562620938146395,3.6378194435177154,0.813260436,6.86174602485157,10,,,,,,,,,,,,,,,,,,,,,,,,,,,6.51715762464502,RBD,,,,,,,,,,,,
E06000059,2018,375604,28.667160094141703,28.228666361380604,3.3812206472774515,0.801626921,7.1219245780661,6,,,,,,,,,,,,,,,,,,,,,,,,,,,6.51715762464502,RBD,,,,,,,,,,,,
E06000059,2019,377699,29.116571661561192,28.10386048149452,3.2724471073526806,0.821528375,7.35264009510286,6,76469.26500489384,2713.717685659506,27.79704380827163,11314.148359196055,19336.564358171727,14240.619999653969,62345.01971741353,11176.393132761701,122975.90687915291,2767.8420564330077,564192.6262822492,252543.51728228095,103360.76836378805,0.0,0.0,0.0,0.0,0.0,0.0,0.0,0.0,0.0,0.0,5964261.120502713,0.0,0.0,6.51715762464502,RBD,0.019684571509084235,0.0820697612054134,1.8318821266371235,0.14026218934263865,0.10329759215493275,0.8920338492280812,0.7497509585623724,0.5546872923408485,4.092500172600652,0.4522338507605083,0.08107052218367335,15791.042921751749
E06000059,2020,377670,29.478380596817328,28.08324727937088,2.801387454656181,0.835503459,7.39134835459404,2,90855.29065691537,2302.466569584361,41.69780522093024,10870.81303502685,21040.3666841928,22798.79211857102,83278.74130265642,13559.425877508826,111470.95149685722,3904.4393891386358,519722.1088294602,286990.9234023007,101479.73962893132,0.0,0.0,0.0,0.0,0.0,0.0,0.0,0.0,0.0,0.0,5509220.357866395,0.0,0.0,6.51715762464502,RBD,0.0167027499878263,0.07885998202407517,2.0819141114519466,0.15263282821157412,0.16538894844829755,0.8086421137889621,0.7361630098098348,0.6590902230505313,3.7702125892283305,0.604127770476265,0.09836394734338143,14587.392056203551
E06000059,2021,381245,29.652061010636206,28.220697976366903,2.625608204697767,0.867573738,7.55628725664919,2,94622.42201868817,2303.313967577976,14.379322070586307,9759.226308853078,26640.70044994115,29855.504617753366,132485.64078226424,15871.356701161358,132160.10237264176,5941.980597405329,594345.1291674135,322352.30018125457,103450.2617789499,0.0,0.0,0.0,0.0,0.0,0.0,0.0,0.0,0.0,0.0,6250711.37883488,0.0,0.0,6.51715762464502,RBD,0.016552215048698422,0.07013234619634323,2.316507722850025,0.1914470233335458,0.21454944474639137,0.9497369729539089,0.7434205687598502,0.6799814092774138,4.2711191481507935,0.9520763768903808,0.11405570969921625,16395.523557908644
E06000059,2022,383191,30.0583781978178,28.07842564152081,5.608169294164007,0.915488005,7.77535434641343,5,94240.76278386498,2652.144696142684,7.393035654693468,10906.199663000938,23933.39101378651,35796.42440362368,178372.42527367626,16612.755680470127,125683.10607475809,7817.797796297507,584351.3538351334,351941.98969857825,102327.79341972526,0.0,0.0,0.0,0.0,0.0,0.0,0.0,0.0,0.0,0.0,6054479.562557033,0.0,0.0,6.51715762464502,RBD,0.018962214280726086,0.07797677679464,2.5163029124148877,0.17111814808893375,0.2559360622414572,0.8986048130492248,0.7316197900215595,0.6737994124098059,4.177975508941861,1.2753211220834093,0.11877731764205236,15800.161179560671
E06000059,2023,385934,30.39224323329896,28.28670187130442,6.153901962511725,0.891251087,7.98999256462869,5,101223.72496822437,2707.2042683688437,17.90822701410587,12601.731408215992,25094.51135732396,49285.09088040919,235141.22607424276,18197.718663247906,115509.44450867803,7616.073504452217,608928.4986886231,406047.7794089171,108810.28044364562,0.0,0.0,0.0,0.0,0.0,0.0,0.0,0.0,0.0,0.0,6369045.963959396,0.0,0.0,6.51715762464502,RBD,0.019218306745534413,0.08945905654686781,2.8825127343366264,0.17814467217316074,0.3498723777840159,0.8199957286236113,0.7724387003473417,0.7185821251445744,4.322752741870784,1.6692557203814802,0.1291846882134074,16502.940823973517
E06000059,2024,389341,30.69109084324538,28.44832678808551,7.189070763161342,1.017644525,8.194618621,8,108926.33887615535,3275.009058046191,7.465589231275545,13167.731491789946,28111.39748954919,74936.6407214149,276582.55646929715,19578.54601440806,153955.2410787991,8411.572906239951,649387.3467724612,455430.0355626678,105484.95713383816,0.0,0.0,0.0,0.0,0.0,0.0,0.0,0.0,0.0,0.0,6814591.717410229,0.0,0.0,6.51715762464502,RBD,0.02304567861152803,0.09265907440992721,3.2047832673402,0.19781509619749246,0.5273163242252364,1.0833567002648212,0.742279602092923,0.7664960168286845,4.569627693499945,1.946264145525403,0.13777087975391408,17502.88748785828
E06000060,2011,506550,16.768927055572007,37.127035830618894,,1.155630589,,52,,,,,,,,,,,,,,,,,,,,,,,,,,,16.64560314886031,RXQ,,,,,,,,,,,,
E06000060,2012,512105,17.300358324952892,36.6723621132385,6.012438855312875,1.210076809,5.37889580281754,54,,,,,,,,,,,,,,,,,,,,,,,,,,,16.64560314886031,RXQ,,,,,,,,,,,,
E06000060,2013,517918,17.697203032140223,36.36270606543893,5.8947555404523495,1.333575845,5.66481780765927,44,,,,,,,,,,,,,,,,,,,,,,,,,,,16.64560314886031,RXQ,,,,,,,,,,,,
E06000060,2014,523613,17.94607849690516,36.17595437852001,7.178966144843615,1.357165098,5.86170992147641,39,,,,,,,,,,,,,,,,,,,,,,,,,,,16.64560314886031,RXQ,,,,,,,,,,,,
E06000060,2015,529999,18.036260445774428,36.06818126071936,7.922656457842374,1.455493093,5.92694040726208,42,,,,,,,,,,,,,,,,,,,,,,,,,,,16.64560314886031,RXQ,,,,,,,,,,,,
E06000060,2016,535519,18.173584877474003,35.790326767117506,8.789604103682596,1.41624403,5.94846653745297,53,,,,,,,,,,,,,,,,,,,,,,,,,,,16.64560314886031,RXQ,,,,,,,,,,,,
E06000060,2017,538762,18.305671149784136,35.55336122443676,7.858757670362794,1.429997683,,43,,,,,,,,,,,,,,,,,,,,,,,,,,,16.64560314886031,RXQ,,,,,,,,,,,,
E06000060,2018,541983,18.464232272967973,35.33302705066395,7.920912648551708,1.459628463,6.08833689199915,48,,,,,,,,,,,,,,,,,,,,,,,,,,,16.64560314886031,RXQ,,,,,,,,,,,,
E06000060,2019,545859,18.651703095488028,35.1746513293726,7.1978294761101305,1.537374973,6.17694054326802,47,114565.48567595574,10129.746521206693,56.5886278593072,28373.46345624794,17514.064418488284,16358.378272030064,81377.14820627695,23193.953314575516,128851.59450989182,4185.539261458864,669514.7961166489,383445.13506432466,52834.58890308811,0.0,0.0,0.0,0.0,0.0,0.0,0.0,0.0,0.0,0.0,6996464.081334774,0.0,0.0,16.64560314886031,RXQ,0.050842305787917444,0.142409516594006,1.9245530743554435,0.08790500501566269,0.08210448983691868,0.6467202467127748,0.2651825807848271,0.5750167038517712,3.360367993654686,0.4084408079304385,0.11641298865490812,12817.34675316295
E06000060,2020,549066,18.74893000112919,35.2431219561947,6.532912254628769,1.535604358,6.26570324167618,35,107474.7663560224,9718.440260089741,87.19360151352757,27167.028656411378,20002.90959197364,20777.079100385625,102402.46698175593,23759.974084777223,100847.81694201147,3353.2639006683935,596041.6589206596,404677.99910346104,59177.10015195681,0.0,0.0,0.0,0.0,0.0,0.0,0.0,0.0,0.0,0.0,6299509.117433609,0.0,0.0,16.64560314886031,RXQ,0.048493011270545366,0.13555786644413872,2.019259700762381,0.09981039079601449,0.10367333687501712,0.5032097942364365,0.2952815171804673,0.5362769041864438,2.9741248708861434,0.5109671770963878,0.11855736725703021,11473.136412441509
E06000060,2021,555161,18.81850490218153,35.41585233833068,4.856248907974444,1.49548018,6.43645724174816,28,139134.74251240326,10010.165661922252,101.79686272215974,27110.32047751265,28689.75693937402,29440.116026359774,148765.52791529443,25519.16365388463,113670.2535649456,3594.4694847732308,721790.2145878775,448056.6046881362,60402.29903078433,0.0,0.0,0.0,0.0,0.0,0.0,0.0,0.0,0.0,0.0,7536162.112293141,0.0,0.0,16.64560314886031,RXQ,0.049400284606675754,0.13378974860143697,2.211164583987946,0.14158428601163295,0.1452873168810725,0.5609640306734942,0.29808605209889044,0.6866315814267343,3.5620431500538796,0.7341596200183836,0.1259373710688573,13574.732577203984
E06000060,2022,561173,18.958502992838216,35.334558148734885,10.87721611695502,1.506028891,6.64378307562359,30,138669.146289407,9510.403879635032,116.3980176535994,26900.121688913747,22268.705520375657,31626.85522091321,186324.70444284292,28786.035761992538,126149.47469547557,4131.074817869356,703492.2985277544,470887.4896054217,56491.34156301701,0.0,0.0,0.0,0.0,0.0,0.0,0.0,0.0,0.0,0.0,7314464.183961895,0.0,0.0,16.64560314886031,RXQ,0.046431138062764915,0.13133020215026478,2.2989393845529467,0.10871897277776771,0.15440678438460306,0.6158795935757538,0.27579872660086346,0.6770024026210217,3.4345489899728108,0.9096635837952979,0.14053750163090398,13034.241105616085
E06000060,2023,570039,19.0099273909329,35.5193241164201,12.806141334189416,1.571047425,6.77776997059531,39,137377.66886261324,11563.628572091324,177.36939390675067,31397.52608103749,25403.411548597498,46587.9685705342,241738.15594212877,34268.580318043394,146821.5844484319,4982.042295002809,717355.9231847355,550068.4986801457,47013.70765003537,0.0,0.0,0.0,0.0,0.0,0.0,0.0,0.0,0.0,0.0,7414861.299865642,0.0,0.0,16.64560314886031,RXQ,0.055577204665142585,0.15090304242359334,2.643743643303933,0.12209408093898262,0.22391146931395584,0.7056550802613044,0.22595765990265157,0.6602656572025136,3.4477618086776682,1.1618438697171034,0.16470192639327655,13007.638599930253
E06000060,2024,578432,19.174596149590617,35.5445411042266,11.806054990042044,1.545799732,6.95563859,43,150280.2419777351,12700.69740768908,188.49277626786042,35662.034432944114,29405.79044833692,66468.29627975327,254612.77635071703,34062.26065910101,161922.14743726162,4461.955805350407,748142.2228020395,602582.5367147764,44587.087701925804,0.0,0.0,0.0,0.0,0.0,0.0,0.0,0.0,0.0,0.0,7760599.893095837,0.0,0.0,16.64560314886031,RXQ,0.06015647691334968,0.1689121693230566,2.8541143288969804,0.13927965508045614,0.31482511568238364,0.7669394531179503,0.21118541965660684,0.7117979128920239,3.543553468697423,1.2059658702767777,0.1613348882491439,13416.615770040104
E06000061,2011,317959,15.987595885004042,38.52226230425936,,1.365929961,,28,,,,,,,,,,,,,,,,,,,,,,,,,,,15.452165906821358,RNQ,,,,,,,,,,,,
E06000061,2012,322316,16.5893098698172,38.02789808759106,6.9279837178421175,1.509421945,6.16611304828874,22,,,,,,,,,,,,,,,,,,,,,,,,,,,15.452165906821358,RNQ,,,,,,,,,,,,
E06000061,2013,325788,17.063243581715717,37.51979815094479,7.670632435817157,1.76313293,6.41769963792694,15,,,,,,,,,,,,,,,,,,,,,,,,,,,15.452165906821358,RNQ,,,,,,,,,,,,
E06000061,2014,330649,17.404861348438978,37.13938345496282,8.852287471003995,1.736396074,6.50688357270718,16,,,,,,,,,,,,,,,,,,,,,,,,,,,15.452165906821358,RNQ,,,,,,,,,,,,
E06000061,2015,335250,17.61849366144668,36.95868754660701,9.542132736763609,1.912427664,6.69731383102703,17,,,,,,,,,,,,,,,,,,,,,,,,,,,15.452165906821358,RNQ,,,,,,,,,,,,
E06000061,2016,341647,17.74843625145252,36.80582589631989,11.868975872757554,1.97757709,6.94070866837501,18,,,,,,,,,,,,,,,,,,,,,,,,,,,15.452165906821358,RNQ,,,,,,,,,,,,
E06000061,2017,347704,17.8047994846191,36.74447230978073,10.713135310493984,2.0100348,7.0576885443453,19,,,,,,,,,,,,,,,,,,,,,,,,,,,15.452165906821358,RNQ,,,,,,,,,,,,
E06000061,2018,351998,17.90464718549537,36.637708168796415,9.954602014784175,2.014160395,7.24982566838403,20,,,,,,,,,,,,,,,,,,,,,,,,,,,15.452165906821358,RNQ,,,,,,,,,,,,
E06000061,2019,354848,18.099298854720896,36.67654883217603,8.97567409144197,2.051026344,7.3683118413082,14,109058.29674266653,5120.773943491093,40.66376454868549,13062.099093450226,10791.372426567792,16861.49456280895,74594.80874222975,16964.58106606567,99181.32985205282,816.1637510798307,514272.3163259439,256891.1358548332,24867.03412770342,0.0,0.0,0.0,0.0,0.0,0.0,0.0,0.0,0.0,0.0,5339573.446341346,0.0,0.0,15.452165906821358,RNQ,0.03953669642607611,0.10085042851803515,1.9834163673153917,0.08331850231198967,0.13018496797092013,0.765763568704183,0.19199448953874612,0.8420220885829914,3.970616292632523,0.5759348763972393,0.13098088277400713,15047.494832551814
E06000061,2020,356437,18.19227521273044,36.642099445343774,7.608637711573153,1.949228644,7.42667912370706,10,113542.52697435244,4026.745585079434,37.30250152783261,12495.716755393625,12427.762305119526,19893.609594144713,85505.62162559805,16384.29923620371,77919.5763525519,882.5647100164771,426527.0046312456,285443.4400150687,25845.90156813233,0.0,0.0,0.0,0.0,0.0,0.0,0.0,0.0,0.0,0.0,4414718.674899405,0.0,0.0,15.452165906821358,RNQ,0.030951275218759934,0.09604738123633619,2.194039400957511,0.0955250544967064,0.15291072471140235,0.5989229271283691,0.1986625665342257,0.8727360413427587,3.2784675439867788,0.65723249005135,0.1259366762095191,12385.691370142282
E06000061,2021,360418,18.20747021513909,36.876349127956985,8.19326448734525,1.926337957,7.6250069580194,18,128834.98669338875,5587.6686186458755,22.881824290412915,13583.760253535776,24014.895026505466,25030.966937688023,103853.15563687526,20387.34480552278,92162.29117687991,834.2418132047925,533893.0558803205,316166.9218278796,26318.55991405308,0.0,0.0,0.0,0.0,0.0,0.0,0.0,0.0,0.0,0.0,5606761.310062565,0.0,0.0,15.452165906821358,RNQ,0.04247479633918118,0.10325727770681922,2.4033504007400204,0.1825497975942657,0.19027349247291805,0.7005738555839685,0.20006116120766837,0.9793422256470455,4.058400804182849,0.7894422407473701,0.15497488802782627,15556.274409331845
E06000061,2022,363723,18.33565652983177,36.88906118117359,7.4259807600839105,2.034573317,7.80632442948819,23,153259.73176093353,5680.3320037430285,33.49998640802273,15910.786000307246,19322.730634783216,40950.67292631427,127694.71627013576,23640.141796936095,89555.24648828166,843.1800841484493,545826.6144729775,351168.5812940274,26738.3229298716,0.0,0.0,0.0,0.0,0.0,0.0,0.0,0.0,0.0,0.0,5650788.059702678,0.0,0.0,15.452165906821358,RNQ,0.04278682798424188,0.11984723133095712,2.645160471500063,0.14554754040987772,0.30845897690180585,0.6745705927145722,0.2014051331918031,1.1544215682190901,4.111412756734511,0.9618543169565833,0.17806823261775487,15535.96572034949
E06000061,2023,369219,18.34331385979595,37.3117309780916,10.752426066914216,2.341333389,8.01766539988817,21,157774.0963561323,13623.41464449613,84.8245687348379,17135.266938111356,18399.420934039645,60274.74006050038,164504.99779733928,27606.221839818347,97454.32655996761,832.1288808116976,575891.6252782152,393710.83186820114,27489.229494665433,0.0,0.0,0.0,0.0,0.0,0.0,0.0,0.0,0.0,0.0,5992060.510332906,0.0,0.0,15.452165906821358,RNQ,0.10109020305983993,0.12714929842923425,2.9214634494366143,0.1365297355283082,0.4472583321507214,0.7231430531982789,0.20397909511599166,1.1707355207505,4.273304663993013,1.2206810161511172,0.20484721667263334,16229.014515322628
E06000061,2024,375336,18.418696847624528,37.45417439307714,10.230833173476563,2.602779388,8.217755715,21,177701.41402425955,6572.279317998241,297.6149984375777,18172.76434774027,20639.934336527913,71610.9258469919,212746.29803250823,31630.137214929353,106461.31210522207,1000.5328982896439,626635.8734177112,452662.71637255535,30136.958723430493,0.0,0.0,0.0,0.0,0.0,0.0,0.0,0.0,0.0,0.0,6481436.314295795,0.0,0.0,15.452165906821358,RNQ,0.04797366814492746,0.13265020001614825,3.3041643372291327,0.15065905030574187,0.5227164923935325,0.7771032559774174,0.2199815903648449,1.2971129577433564,4.574063271584176,1.5529194373896387,0.23088089119585822,17268.357722935703
E06000062,2011,376008,15.014574157996638,39.81750388289611,,1.80587709,,37,,,,,,,,,,,,,,,,,,,,,,,,,,,18.788110830287597,RNS,,,,,,,,,,,,
E06000062,2012,380827,15.604723404590535,39.42813928634262,8.510425993955261,1.995681167,5.66791239780019,58,,,,,,,,,,,,,,,,,,,,,,,,,,,18.788110830287597,RNS,,,,,,,,,,,,
E06000062,2013,385699,16.028042592799046,39.16707069502384,9.274071231711774,1.878062844,5.79128283368212,31,,,,,,,,,,,,,,,,,,,,,,,,,,,18.788110830287597,RNS,,,,,,,,,,,,
E06000062,2014,391024,16.359865379107166,38.90451736977781,11.101620360898565,2.170579433,5.83755886877599,31,,,,,,,,,,,,,,,,,,,,,,,,,,,18.788110830287597,RNS,,,,,,,,,,,,
E06000062,2015,397939,16.53871573281332,38.87103299751972,13.879011607306648,2.226201296,5.96158781892902,31,,,,,,,,,,,,,,,,,,,,,,,,,,,18.788110830287597,RNS,,,,,,,,,,,,
E06000062,2016,405019,16.65699633844338,38.77694626671836,15.623958382199357,2.347499132,6.1177990167823,32,,,,,,,,,,,,,,,,,,,,,,,,,,,18.788110830287597,RNS,,,,,,,,,,,,
E06000062,2017,411732,16.725685640173705,38.64965560121632,13.826955398171624,2.331142902,6.31280193236715,19,,,,,,,,,,,,,,,,,,,,,,,,,,,18.788110830287597,RNS,,,,,,,,,,,,
E06000062,2018,417242,16.79888410083357,38.64352102616707,14.936176128002456,2.448001623,6.43741093305128,35,,,,,,,,,,,,,,,,,,,,,,,,,,,18.788110830287597,RNS,,,,,,,,,,,,
E06000062,2019,422168,16.90938204695761,38.633671903128615,14.077334141858218,2.54521966,6.60909977288518,39,168195.25784212459,13346.847678281412,64.54117475931447,18956.057965140422,16264.11988358182,22922.825679495345,70145.79798175643,24427.31101015174,110894.39072006595,1650.1394166718458,699373.9103632794,306667.2626974981,85615.6218439548,0.0,0.0,0.0,0.0,0.0,0.0,0.0,0.0,0.0,0.0,7217748.9179283725,0.0,0.0,18.788110830287597,RNS,0.08661647961923756,0.12301833721159908,1.9901657192468603,0.10554857913853823,0.1487613038780857,0.719666693231429,0.555616123244027,1.0915297360170877,4.5386976395768395,0.4552222538022027,0.15852489945671008,17096.86408711312
E06000062,2020,422559,17.018925167846383,38.48456665223081,11.487153273270716,2.421088457,6.73707886011084,24,166419.5620165361,4615.304399502149,60.807886585593906,17489.43913930158,19617.531976125258,24677.034480892053,97262.38854868065,23056.289569158096,74427.97194140582,1431.0082965893116,565360.472876452,326598.8394913508,85037.58092984684,0.0,0.0,0.0,0.0,0.0,0.0,0.0,0.0,0.0,0.0,5786398.363320816,0.0,0.0,18.788110830287597,RNS,0.029924033301094333,0.11339545865671984,2.1175536222685922,0.12719327466291896,0.15999733444626574,0.48256516106452,0.5513541867062405,1.079006731662931,3.665601258998716,0.6306156001733383,0.1494889864559278,13693.705170924808
E06000062,2021,426707,17.179469753249887,38.58760226572332,14.4548835617883,2.235221386,6.96014989775809,27,180168.75145985145,4928.864966980382,60.1380870692552,17745.184592214544,30138.341061585706,30824.32765286739,129667.519090105,25237.078722004488,82298.21610172067,1716.2392358628842,655365.1132649529,355025.900748089,88594.79897750026,0.0,0.0,0.0,0.0,0.0,0.0,0.0,0.0,0.0,0.0,6785014.071702437,0.0,0.0,18.788110830287597,RNS,0.03164639819727047,0.11393519227071275,2.2794885030704815,0.19350701401430476,0.1979114773078058,0.5284060600417814,0.5688340633049976,1.156796156843509,4.207854237826295,0.8325466349490206,0.1620378419621644,15900.873601094983
E06000062,2022,430756,17.287745266461755,38.662258912238016,16.50122110893406,2.317180395,7.17068256233734,24,187599.494012869,5197.4575333103085,80.8116039766556,28476.15721970516,25518.952197127364,48452.37476085853,172610.76389943677,24585.4355238997,98258.72470144043,1788.0111810714425,696023.4888703981,372986.9076467447,84288.5358038645,0.0,0.0,0.0,0.0,0.0,0.0,0.0,0.0,0.0,0.0,7130810.859500835,0.0,0.0,18.788110830287597,RNS,0.03305725208772998,0.18111615182396212,2.3722987927230372,0.16230751870287666,0.3081703614610829,0.6249523755522812,0.5360981515128134,1.1931841146115518,4.426899841529955,1.097851689736673,0.15637009722377682,16554.176516405656
E06000062,2023,438462,17.29089407976062,39.08639745291496,21.967696174354906,2.541890144,7.53879354076235,22,197146.9167595939,59025.09477672678,131.6639166578951,24985.563472545487,22396.08905204632,80997.84815025065,198269.83069567234,29440.013633187325,103070.52885728648,1921.2166158668097,735773.3097879211,402219.41526138864,72864.46473544509,0.0,0.0,0.0,0.0,0.0,0.0,0.0,0.0,0.0,0.0,7561060.966763443,0.0,0.0,18.788110830287597,RNS,0.36881779590794284,0.15612207797920719,2.5132645490741115,0.13994176938434377,0.5061143559542509,0.644035311082621,0.4552929797977218,1.2318708099387872,4.597473183742707,1.2388873279887007,0.18395567141000474,17244.50685980414
E06000062,2024,441277,17.523686935870213,38.949684665187625,17.920716466074598,2.703785658,7.853809843,37,203704.32122410907,13381.270805888409,167.01704341217132,25102.124192030726,24229.346652915156,106194.65457629392,213017.2214565442,33659.99489371431,104211.9504549916,2915.9443190705183,760970.2197439196,465973.2723012118,76819.10506019217,0.0,0.0,0.0,0.0,0.0,0.0,0.0,0.0,0.0,0.0,7832526.566080105,0.0,0.0,18.788110830287597,RNS,0.0830793717020003,0.1558498244682252,2.8930560672663677,0.1504310708507861,0.6593234161606747,0.647013538043846,0.476941471082275,1.2647249477108113,4.724583237074737,1.3225453080680396,0.20898248513375495,17749.682322169756
E06000063,2011,274546,19.517312217260496,35.688008566870394,,0.507981658,,1,,,,,,,,,,,,,,,,,,,,,,,,,,,4.560807720035276,RNN,,,,,,,,,,,,
E06000063,2012,274285,20.245000638022496,35.223216727126896,2.1109429972473888,0.523246169,6.5900512874661,16,,,,,,,,,,,,,,,,,,,,,,,,,,,4.560807720035276,RNN,,,,,,,,,,,,
E06000063,2013,274032,20.74794184620774,34.80396450049629,2.295352367606703,0.494756848,7.06269876493039,8,,,,,,,,,,,,,,,,,,,,,,,,,,,4.560807720035276,RNN,,,,,,,,,,,,
E06000063,2014,274139,21.22463421840745,34.35921193263272,2.352821014157052,0.588296115,7.46075005885799,5,,,,,,,,,,,,,,,,,,,,,,,,,,,4.560807720035276,RNN,,,,,,,,,,,,
E06000063,2015,274195,21.549262386257958,33.913455752293075,2.7133973996608254,0.605169296,7.70999446953235,6,,,,,,,,,,,,,,,,,,,,,,,,,,,4.560807720035276,RNN,,,,,,,,,,,,
E06000063,2016,274192,21.93900624379997,33.43678881951333,3.140135379588026,0.603508234,7.76528415146045,5,,,,,,,,,,,,,,,,,,,,,,,,,,,4.560807720035276,RNN,,,,,,,,,,,,
E06000063,2017,273458,22.185491007759875,33.01896452105991,2.71705344147913,0.604386091,7.86828031671065,2,,,,,,,,,,,,,,,,,,,,,,,,,,,4.560807720035276,RNN,,,,,,,,,,,,
E06000063,2018,273256,22.483312351787333,32.7593904616916,2.84714699768715,0.622077763,8.00216403375893,9,,,,,,,,,,,,,,,,,,,,,,,,,,,4.560807720035276,RNN,,,,,,,,,,,,
E06000063,2019,273009,22.84649956594837,32.54581350797959,2.721522001106191,0.675078154,8.26372469495884,6,98533.32605862428,1691.3975709153626,0.04417157711571472,6860.565211541301,29687.394580900385,50670.499454447905,67173.98141122589,10285.191358349855,134595.07211203783,2517.7895881689137,521388.34263922326,392695.27674708265,36109.64223678379,0.0,0.0,0.0,0.0,0.0,0.0,0.0,0.0,0.0,0.0,5416924.090153456,0.0,0.0,4.560807720035276,RNN,0.016973674669015754,0.06884780015573075,3.940813198612326,0.29792178140246356,0.5084934422549059,1.3507013403395536,0.3623709353029386,0.988811057396766,5.232286161665735,0.6741107627815761,0.10321493599563561,19841.558667126195
E06000063,2020,272444,23.081073541718663,32.45951461584766,2.319742772826709,0.674102247,8.34778716499748,2,90263.60631017887,1505.7709148523809,10.422496972066442,6311.7920307775485,32851.915601085166,53566.28985546727,96165.62253575659,12459.912616114188,100679.8481833807,3170.6145418679203,448665.65947092784,393384.8601426585,49187.13953577188,0.0,0.0,0.0,0.0,0.0,0.0,0.0,0.0,0.0,0.0,4673280.652038735,0.0,0.0,4.560807720035276,RNN,0.01514219350295419,0.06347205629868839,3.9559202629416417,0.33036237987311573,0.5386683447171878,1.0124473304694281,0.4946311403421438,0.9077004872000728,4.5118298984446605,0.9670517941377781,0.12529821502203584,17153.178825882515
E06000063,2021,273788,23.261428550557365,32.6058848452087,2.304702908819963,0.71093899,8.45496884448759,2,99083.04809497822,1735.983958351034,57.77383933195773,8181.149630994619,43557.918938251234,63177.526771495184,136901.40479831517,13808.715718414278,106639.88388096151,4492.821012655567,501147.6250769835,441563.4217508938,40499.4695207198,0.0,0.0,0.0,0.0,0.0,0.0,0.0,0.0,0.0,0.0,5271089.578931343,0.0,0.0,4.560807720035276,RNN,0.0173715445302148,0.0818666580641498,4.418611477922762,0.4358728805294131,0.6322012449137748,1.067117862825587,0.40526776462700365,0.9914985526745744,5.014855260244187,1.3699371116089538,0.13818026304538278,19252.449263413087
E06000063,2022,275274,23.559072051846524,32.55992211396645,4.511868174982018,0.597752988,8.63584936841347,2,104542.66859134372,2191.2035296800636,62.45906079164836,9050.53315495473,32376.77050755832,76411.1035185733,163725.3989532133,13673.717307044115,118094.11994213954,3178.9252457532007,480332.0082031078,476876.17428653024,40146.68340739059,0.0,0.0,0.0,0.0,0.0,0.0,0.0,0.0,0.0,0.0,5031959.829463636,0.0,0.0,4.560807720035276,RNN,0.021808443011650993,0.09007745463229842,4.746216738734639,0.3222370468792023,0.7604985908294342,1.1753581307644512,0.3995688421169661,1.0404842815277522,4.780611698402496,1.629513636805941,0.1360907285009886,18279.822393192364
E06000063,2023,277799,23.80066162945151,32.80969333942887,7.433432085788645,0.802246273,8.94457616573341,2,104820.19327995408,2396.8785912048074,38.71449986594426,8346.495175539469,31944.914312285153,96658.26418058803,210157.15033295332,17367.30684042947,111038.01504933143,2700.5891635579324,501375.54013052135,495420.8941925509,41887.64266350891,0.0,0.0,0.0,0.0,0.0,0.0,0.0,0.0,0.0,0.0,5226521.881753279,0.0,0.0,4.560807720035276,RNN,0.023638640386880766,0.08231530736241363,4.885969777917688,0.3150490577156249,0.9532689539508685,1.0950857989452158,0.41310683203154536,1.0337640226419158,4.944696045687526,2.072624504086879,0.17128089941475347,18814.041381550254
E06000063,2024,280014,24.111651560279128,33.0715607076789,7.196068767990172,0.855184317,9.053645369,7,115183.93862286105,2813.3223187762733,29.612629997896438,9984.93109909937,35587.94947579989,114742.77382890406,253826.02580737183,18767.624727764418,132751.6246117242,3511.5669300943064,505573.1475821588,547299.5189552583,43222.10233206802,0.0,0.0,0.0,0.0,0.0,0.0,0.0,0.0,0.0,0.0,5282217.814769395,0.0,0.0,4.560807720035276,RNN,0.02752623933163687,0.09769502815563107,5.354913457411849,0.348201273652559,1.1226715946874286,1.2988746317255977,0.4228957077788774,1.1269880598226552,4.946652350182479,2.4834964299473072,0.18362706842900928,18864.1204181555
E06000064,2011,225271,22.18794252256172,33.08015678893422,,0.542027354,,10,,,,,,,,,,,,,,,,,,,,,,,,,,,5.152409827311521,RTX,,,,,,,,,,,,
E06000064,2012,224550,23.092852371409485,32.506346025384104,3.112892451569806,0.555206299,5.52695054030908,13,,,,,,,,,,,,,,,,,,,,,,,,,,,5.152409827311521,RTX,,,,,,,,,,,,
E06000064,2013,224048,23.738216810683426,32.08732057416268,3.5304934656859244,0.485620677,6.11968029721619,6,,,,,,,,,,,,,,,,,,,,,,,,,,,5.152409827311521,RTX,,,,,,,,,,,,
E06000064,2014,224164,24.241626666190825,31.721418247354617,3.617886904230831,0.489338219,6.80496967004721,9,,,,,,,,,,,,,,,,,,,,,,,,,,,5.152409827311521,RTX,,,,,,,,,,,,
E06000064,2015,224523,24.58634527420353,31.447557711236712,4.115391296214642,0.43322143,6.77775859091694,2,,,,,,,,,,,,,,,,,,,,,,,,,,,5.152409827311521,RTX,,,,,,,,,,,,
E06000064,2016,224754,24.870302641999697,31.10200485864545,4.694021018535822,0.428006738,6.83040226399838,4,,,,,,,,,,,,,,,,,,,,,,,,,,,5.152409827311521,RTX,,,,,,,,,,,,
E06000064,2017,225235,25.032521588563057,30.88418762625702,3.9514285080027527,0.438759327,6.81764424649606,2,,,,,,,,,,,,,,,,,,,,,,,,,,,5.152409827311521,RTX,,,,,,,,,,,,
E06000064,2018,225685,25.209916476504866,30.82526530340962,3.82391386224162,0.576941013,6.83174507891248,3,,,,,,,,,,,,,,,,,,,,,,,,,,,5.152409827311521,RTX,,,,,,,,,,,,
E06000064,2019,226162,25.57591460988141,30.681546855793638,3.5549738682891023,0.664746284,7.05384991358417,5,58829.7809995897,1753.8115322343135,1.109308090475385,8847.904031605258,16554.765567895694,29178.226597786677,54736.613844827865,8210.724039088222,87820.7496778777,2137.1714465737377,399535.33858545095,207742.61038443865,21414.8294013856,0.0,0.0,0.0,0.0,0.0,0.0,0.0,0.0,0.0,0.0,4128895.4231078783,0.0,0.0,5.152409827311521,RTX,0.021245669484757906,0.10718349220161687,2.5165935774785106,0.20054439783793837,0.3534649801613497,1.0638603905077824,0.25941920164858917,0.7126638524184288,4.839970313260127,0.6630792334798424,0.09946469501360247,18256.36235577983
E06000064,2020,225995,25.72667536892409,30.728113453837476,2.716874267129804,0.480134428,6.99081242902859,4,62077.10159438175,1716.2647675140377,4.8111522007573555,6673.63495590173,17637.594064500652,32295.39611970174,72344.53157082466,8407.468316872068,65243.53554598278,2554.338719538726,333405.43495438265,224418.36969615356,23209.70513625542,0.0,0.0,0.0,0.0,0.0,0.0,0.0,0.0,0.0,0.0,3456877.0243232497,0.0,0.0,5.152409827311521,RTX,0.02080619152398556,0.0809041411802568,2.7206126174588485,0.21381966644916867,0.39151546412199983,0.7909441025453985,0.28137008894008647,0.7525575828824161,4.041857332331364,0.8770291204869626,0.10192331587978602,15296.254449537599
E06000064,2021,226941,25.804063611246978,30.89966114540784,2.925870600728824,0.53525579,7.01067287285851,4,69865.66166000933,1744.4121801714857,16.267109303639668,8892.928070190148,22618.87517038715,39547.28746592379,93972.949073165,10861.68770358612,69785.91185289912,3153.5415800005867,389421.3229830151,248364.8426551348,21695.173530762986,0.0,0.0,0.0,0.0,0.0,0.0,0.0,0.0,0.0,0.0,4053162.040610263,0.0,0.0,5.152409827311521,RTX,0.02105926849941006,0.1073591219465484,2.9983635557818906,0.2730644573468845,0.47743128294734255,0.8424845182185621,0.2619131474309687,0.8434472910195092,4.701255983714011,1.1344804792744696,0.13112680609927546,17859.981407547613
E06000064,2022,227590,26.06485346456347,30.942044905312184,4.7937079836548175,0.596363008,7.09880633224942,1,77058.74826394014,2090.7731838004615,20.13066538580037,9047.102634571642,19323.969729870176,45316.39402102552,108093.23523097478,11340.358717616418,62180.540215442255,2976.054382972453,385440.31498852605,246463.79863907915,21830.49225909897,0.0,0.0,0.0,0.0,0.0,0.0,0.0,0.0,0.0,0.0,4007005.044281372,0.0,0.0,5.152409827311521,RTX,0.025168705606759347,0.108908926404808,2.966928616998474,0.23262174445960776,0.5455182748239957,0.7485286894233893,0.26279523631595353,0.9276324014999352,4.6399264597841,1.3012252293504816,0.136515119024013,17606.24387838381
E06000064,2023,228504,26.2905682176242,31.149564121415818,6.923292371249518,0.632922053,7.26452956459325,1,80999.85583551477,2681.646834899277,17.97041110778632,9609.984233859386,20255.634508195522,59206.002255333566,142643.46579657402,11978.763266976226,85127.0881885188,2755.507533690747,406490.3389013322,273281.85551210865,26259.243925029055,0.0,0.0,0.0,0.0,0.0,0.0,0.0,0.0,0.0,0.0,4228293.647574198,0.0,0.0,5.152409827311521,RTX,0.03215251212171793,0.11522215772319908,3.276605277640398,0.2428617838792729,0.7098703977045401,1.0206600284748926,0.31484409043682166,0.9711751796379305,4.873753463280787,1.7102720997489091,0.14362343546968545,18504.243459957805
E06000064,2024,229821,26.690337262478188,31.332645841763807,6.78354023348606,0.841226816,7.455011566,4,89958.24003411956,2406.820449384168,15.499508730003535,10640.39470554432,21402.484358761518,71363.90373392365,173170.10411471128,13151.779165749182,92353.75865172064,3618.5231663862846,426783.1015714714,296860.16939203336,32043.530027571745,0.0,0.0,0.0,0.0,0.0,0.0,0.0,0.0,0.0,0.0,4413805.117278016,0.0,0.0,5.152409827311521,RTX,0.028692019565008314,0.12684552898368637,3.538908683631667,0.25514179926404323,0.8507383767214621,1.100961166760583,0.38199508846547514,1.0724038778019744,5.087736853589048,2.064383330549288,0.15678406971940798,19205.40384594104
E06000065,2011,601206,20.678602675289333,34.29007694533987,,0.463754326,,13,,,,,,,,,,,,,,,,,,,,,,,,,,,6.589298421765788,RCB,,,,,,,,,,,,
E06000065,2012,603963,21.46141402701821,33.89644729892394,4.000245048123809,0.461525172,5.52581826425544,13,,,,,,,,,,,,,,,,,,,,,,,,,,,6.589298421765788,RCB,,,,,,,,,,,,
E06000065,2013,604151,22.05110973912151,33.40836976186417,3.894721683817456,0.528678596,5.82252458258589,17,,,,,,,,,,,,,,,,,,,,,,,,,,,6.589298421765788,RCB,,,,,,,,,,,,
E06000065,2014,603672,22.66313494745491,32.75421089598325,4.013769066645463,0.581917763,5.99219419056118,13,,,,,,,,,,,,,,,,,,,,,,,,,,,6.589298421765788,RCB,,,,,,,,,,,,
E06000065,2015,603711,23.110892463446916,32.21938974111785,3.702102496061858,0.657601655,6.18458552152689,15,,,,,,,,,,,,,,,,,,,,,,,,,,,6.589298421765788,RCB,,,,,,,,,,,,
E06000065,2016,605770,23.46666226455585,31.77526123776351,4.666787724714,0.70173949,6.3417928776095,15,,,,,,,,,,,,,,,,,,,,,,,,,,,6.589298421765788,RCB,,,,,,,,,,,,
E06000065,2017,607291,23.789748242605278,31.28286109953877,4.447620662911191,0.696985543,6.48518798766547,13,,,,,,,,,,,,,,,,,,,,,,,,,,,6.589298421765788,RCB,,,,,,,,,,,,
E06000065,2018,607735,24.14522777197298,30.92170107036784,4.123507778883888,0.74797523,6.68686750417374,8,,,,,,,,,,,,,,,,,,,,,,,,,,,6.589298421765788,RCB,,,,,,,,,,,,
E06000065,2019,610660,24.57144728654243,30.82238889070841,4.259325975174402,0.786941707,6.78575508510753,10,391227.7815218347,4888.2122718028895,24.147471154409548,19062.377164805148,32941.942395900674,35671.39740953432,156980.05496055202,28620.517075009986,251574.1080007212,5292.004591509088,957583.6935721119,542951.1452537322,65534.054315598456,0.0,0.0,0.0,0.0,0.0,0.0,0.0,0.0,0.0,0.0,10028172.696161455,0.0,0.0,6.589298421765788,RCB,0.021930963856321137,0.08552335319568968,2.435950257519406,0.147794021182115,0.1600397208209681,1.1286872097547331,0.2940185279686091,1.7552434016903997,4.296199143043129,0.7042910004874673,0.12840594692295643,16421.859457245366
E06000065,2020,610899,24.81375808439693,30.85861983732172,3.6421732561356297,0.715219378,6.83589794500149,17,377461.6265152573,4897.830001665105,104.01277144782985,18822.281558136307,35479.002325719506,52343.00771249595,198032.2521424657,27355.65292595434,193229.03492111017,5704.879362883667,741857.7051799236,610940.7441426188,62014.53844952443,0.0,0.0,0.0,0.0,0.0,0.0,0.0,0.0,0.0,0.0,7808486.462454725,0.0,0.0,6.589298421765788,RCB,0.021965516940327376,0.0844131266867772,2.7399132392179117,0.15911426618452748,0.23474502427108357,0.8665828823131476,0.27811937008767446,1.6928190134663084,3.32704238099365,0.8881240850923149,0.12268311835128741,12781.95980424706
E06000065,2021,618627,25.05807215010014,31.03582611169574,3.666183338263606,0.709335268,6.99325691305053,13,430949.79287131387,4307.541579132466,203.8921830352889,17061.197769596045,48677.169423323874,71981.12762283722,229907.38952810434,31013.329567275538,213811.1753103147,5629.0731593023365,869395.1022133513,690586.1630009784,65756.50612585519,0.0,0.0,0.0,0.0,0.0,0.0,0.0,0.0,0.0,0.0,9134542.655255796,0.0,0.0,6.589298421765788,RCB,0.019076897352435493,0.07555927495556188,3.0584130420013795,0.21557757422341167,0.3187842897734677,0.9469099181672763,0.2912171814416649,1.9085561477772501,3.8503078424084625,1.0181955507617804,0.13734936595349673,14765.83248913448
E06000065,2022,623520,25.423402617398,30.892834231460096,7.10963561714139,0.849087059,7.2066952942991,12,448294.01395762956,5149.119687199217,168.6948585255611,16558.07901852455,40452.14689761249,83500.48724476929,246536.70151032164,34878.154453149604,216179.88750741334,6332.935086218145,885749.4831342191,715789.0321684902,76899.70255709213,0.0,0.0,0.0,0.0,0.0,0.0,0.0,0.0,0.0,0.0,9246484.97816596,0.0,0.0,6.589298421765788,RCB,0.022625059701698955,0.07275564544962822,3.1451530689593072,0.17774538061246833,0.3668983484168068,0.9498871959261487,0.3378947212515604,1.9697889048725117,3.8919536064544693,1.0832740214211216,0.1532534442245247,14829.492202601296
E06000065,2023,628076,25.764079506301787,30.958196141868186,8.11366777268993,0.903111279,7.50040704090309,19,476428.1258233864,4981.790182105007,82.41238388107561,18655.561426219712,44760.01946859086,108252.82629486299,303301.35888477444,37286.29928828902,234535.2239816849,6723.809736306513,946903.8861293477,837851.3589913866,77475.29080478917,0.0,0.0,0.0,0.0,0.0,0.0,0.0,0.0,0.0,0.0,9978323.263520127,0.0,0.0,6.589298421765788,RCB,0.02173103290835062,0.08137729700724514,3.654785687271711,0.1952473750388591,0.4722089137928382,1.02306449774242,0.337954436561901,2.078223871796452,4.13048297064716,1.3230287848629367,0.16264631131495133,15887.127136716143
E06000065,2024,633692,26.167286315749607,31.062251062030136,7.674075102731296,0.965052843,7.829379553,23,485120.8053690879,7038.132943494373,181.3575760703012,24812.124256567164,49758.48649483364,124628.48495286587,329059.91679962684,41142.14472357697,260468.40278165665,9105.170224099586,1008769.9431451058,866277.6899729684,81317.20080698238,0.0,0.0,0.0,0.0,0.0,0.0,0.0,0.0,0.0,0.0,10634529.186612163,0.0,0.0,6.589298421765788,RCB,0.030428908696296664,0.10727360077250772,3.745295086844265,0.21512757070278749,0.5388231253991757,1.126118149535575,0.3515696135125252,2.097388158445445,4.361351048917614,1.4226690862897349,0.17787537908341697,16781.85804241203
E06000066,2011,531581,21.20542306816835,34.03940321418561,,0.458882123,,17,,,,,,,,,,,,,,,,,,,,,,,,,,,8.537925339081509,RH5,,,,,,,,,,,,
E06000066,2012,535842,21.91784145326421,33.65413685377406,4.719674829520643,0.56835109,6.05348448198552,16,,,,,,,,,,,,,,,,,,,,,,,,,,,8.537925339081509,RH5,,,,,,,,,,,,
E06000066,2013,539465,22.448722345286534,33.32876090200477,5.017934435042124,0.60533309,6.34815443792246,16,,,,,,,,,,,,,,,,,,,,,,,,,,,8.537925339081509,RH5,,,,,,,,,,,,
E06000066,2014,544312,22.91737091961963,32.9867796410882,5.529916665441879,0.646549523,6.53283269880995,19,,,,,,,,,,,,,,,,,,,,,,,,,,,8.537925339081509,RH5,,,,,,,,,,,,
E06000066,2015,548792,23.265645271796966,32.68633653551801,5.878365573842185,0.723497629,6.67579566169224,5,,,,,,,,,,,,,,,,,,,,,,,,,,,8.537925339081509,RH5,,,,,,,,,,,,
E06000066,2016,554806,23.560487810153457,32.383571915228025,6.645566197914226,0.776474178,6.77970473122116,7,,,,,,,,,,,,,,,,,,,,,,,,,,,8.537925339081509,RH5,,,,,,,,,,,,
E06000066,2017,558895,23.89178647151969,32.01263206863543,5.661170702904839,0.808793664,6.86830832840608,10,,,,,,,,,,,,,,,,,,,,,,,,,,,8.537925339081509,RH5,,,,,,,,,,,,
E06000066,2018,562159,24.189775490564056,31.80719333853945,5.484213541008861,0.859719098,7.06600082914028,4,,,,,,,,,,,,,,,,,,,,,,,,,,,8.537925339081509,RH5,,,,,,,,,,,,
E06000066,2019,564987,24.549945396973737,31.646745854329392,5.191269887625732,0.948912859,7.36462289971711,19,95106.26435958628,3479.679270845487,16.865861096013496,15849.806189379766,17591.540661190866,30168.858929917864,136550.53605065803,30675.127359956772,200846.1224134047,4272.48458814828,806991.4526431788,419211.66137249843,32774.23991034662,0.0,0.0,0.0,0.0,0.0,0.0,0.0,0.0,0.0,0.0,8438665.627658566,0.0,0.0,8.537925339081509,RH5,0.016873605703016353,0.07685862957244315,2.0328345601769255,0.08530462083460649,0.14629435372348784,0.9739398412314285,0.1589283259801353,0.4611877934084907,3.913250192825039,0.6621587004179489,0.1487493425898284,14936.035037370004
E06000066,2020,566310,24.81079267538981,31.669933428687468,4.193816107785488,0.910584092,7.40377655064011,11,88948.77803010782,4299.837396335524,19.606785583433293,12899.636714304355,21525.18962124949,39126.281008445025,160665.15705426896,26769.032449365277,189109.07879772916,4804.362132067818,722102.0801507197,437432.63032592286,34146.789270222995,0.0,0.0,0.0,0.0,0.0,0.0,0.0,0.0,0.0,0.0,7536983.5703803655,0.0,0.0,8.537925339081509,RH5,0.020801992598252734,0.06240658023017238,2.116235917671902,0.10413576000776713,0.1892872992426338,0.9148824234063639,0.16519723705334435,0.43032134744975015,3.4934256209966796,0.7772748361806241,0.1295047146081967,13308.93604276874
E06000066,2021,573100,24.9237480369918,31.810155295759905,4.590821846100157,0.909842551,7.57100112816991,11,92006.25062524238,3358.8052114598804,3.282193858656907,13459.760863206975,34345.01040084012,50570.14100126885,223802.97575681983,29311.550621768652,199236.07399010114,6259.244497631033,863328.1171998341,532648.3792203361,32767.33904991234,0.0,0.0,0.0,0.0,0.0,0.0,0.0,0.0,0.0,0.0,9027715.489156198,0.0,0.0,8.537925339081509,RH5,0.016056894187391715,0.06434489122224946,2.546345538302078,0.16418760932893262,0.24175245421449246,0.9524555182465999,0.15664549231128155,0.439839329124432,4.127172418210186,1.0698985128073937,0.1401249662220065,15752.42625921514
E06000066,2022,577172,25.17966914541939,31.778395348353698,7.923114773412432,0.963563979,7.77616146738504,13,92040.0594632388,3501.571908642677,3.7689056725136685,14874.547999622953,26766.011644302907,52227.58769404837,286791.0757479419,36186.198671206366,208558.3173786434,6512.333697547872,898154.4538126347,565900.7765292681,35909.7344319265,0.0,0.0,0.0,0.0,0.0,0.0,0.0,0.0,0.0,0.0,9400245.524031658,0.0,0.0,8.537925339081509,RH5,0.016621297801888247,0.070606658500996,2.6862236670898043,0.1270531812900051,0.2479144541896648,0.9899867809811421,0.17045669932025914,0.43689670752328047,4.263368863585284,1.3613428486688468,0.1717690226346258,16286.731726472624
E06000066,2023,583076,25.3126522100035,32.04848081553691,9.40872201908499,1.097603798,8.0022860809754,14,91812.2495022171,3348.3259179076017,29.53423342388377,12636.293183788197,29705.103316497378,61419.018105483156,344264.440027055,36178.39982320701,232482.67235784788,7141.885068292765,876639.9570802398,627249.4549417442,34453.15661451074,0.0,0.0,0.0,0.0,0.0,0.0,0.0,0.0,0.0,0.0,9245165.259400217,0.0,0.0,8.537925339081509,RH5,0.015732933040461753,0.05937473215403671,2.9472858724671256,0.13957673562748688,0.2885923661422795,1.0923770286852237,0.16188663210759688,0.431402440839814,4.119108498839174,1.6176111632951207,0.169993111747396,15855.849425118196
E06000066,2024,588173,25.536194282974567,32.25921625100098,8.39208872219568,1.244986415,8.171172962,13,103077.76273605025,3914.9380315345275,16.022660113412012,14336.517494537951,31899.984950338378,96410.09581646828,438364.9239017894,40375.140058455574,250177.7417380179,7970.5577233962595,963026.5620256943,721174.6069147167,36004.47558110695,0.0,0.0,0.0,0.0,0.0,0.0,0.0,0.0,0.0,0.0,10092571.786711093,0.0,0.0,8.537925339081509,RH5,0.018235889135751797,0.06677989319812672,3.3592511741651476,0.14859100815920306,0.4490808806460716,1.165334808831955,0.16770983852089064,0.48013905672962937,4.485804239665365,2.0419158844621426,0.18806851398816415,17159.189195544666
E08000001,2011,277296,15.450998211297676,40.0005770007501,,1.57234621,,61,,,,,,,,,,,,,,,,,,,,,,,,,,,16.91303422341004,RMC,,,,,,,,,,,,
E08000001,2012,279738,15.875926760039752,39.57774774968006,5.290664836382615,1.590471745,7.51481774894733,47,,,,,,,,,,,,,,,,,,,,,,,,,,,16.91303422341004,RMC,,,,,,,,,,,,
E08000001,2013,281629,16.23341346239201,39.14937737235867,6.114427136409957,1.814617634,7.66939956608274,58,,,,,,,,,,,,,,,,,,,,,,,,,,,16.91303422341004,RMC,,,,,,,,,,,,
E08000001,2014,283212,16.543084332584776,38.75294832139881,6.56045647783286,1.757875443,7.90190428058656,56,,,,,,,,,,,,,,,,,,,,,,,,,,,16.91303422341004,RMC,,,,,,,,,,,,
E08000001,2015,284972,16.669006077790097,38.27112839156128,6.646267001670339,1.843413353,7.99778765732332,43,,,,,,,,,,,,,,,,,,,,,,,,,,,16.91303422341004,RMC,,,,,,,,,,,,
E08000001,2016,287253,16.743776392239592,37.88646245644084,7.258409833839855,1.87032795,8.10092073022855,50,,,,,,,,,,,,,,,,,,,,,,,,,,,16.91303422341004,RMC,,,,,,,,,,,,
E08000001,2017,289684,16.81832617610914,37.49603015699866,7.045608318029301,2.02696538,8.17307892122839,44,,,,,,,,,,,,,,,,,,,,,,,,,,,16.91303422341004,RMC,,,,,,,,,,,,
E08000001,2018,291594,16.952680782183446,37.33958860607557,7.699061023203495,2.016350746,8.3597744422707,34,,,,,,,,,,,,,,,,,,,,,,,,,,,16.91303422341004,RMC,,,,,,,,,,,,
E08000001,2019,294888,17.03901142128537,37.45625457800928,9.135671848294946,2.117586851,8.65241355727975,30,115073.17100754779,6346.66304022428,1.8703947862120947,29895.627060652918,7196.378019599423,8889.839602932694,39790.05868117812,11452.832898576513,53918.63224543772,3503.0858438078612,484412.5168236243,106248.4628394127,35182.335457805304,0.0,0.0,0.0,0.0,0.0,0.0,0.0,0.0,0.0,0.0,4959656.856531144,0.0,0.0,16.91303422341004,RMC,0.058965159377196374,0.2777523248264855,0.9871262276257075,0.0668596353981379,0.08259313685040295,0.5009436807346752,0.32686972734858893,1.0691142456272025,4.50054793799238,0.3696788590939204,0.10640522632206695,16818.78155954513
E08000001,2020,295712,17.103127367168057,37.46043447678823,8.49813331890488,1.633498907,8.60490573687411,39,116321.08188970889,6388.150745754122,3.880239628886371,18483.2305942667,16693.798751204045,10491.812208449486,74543.1012612277,11650.474985516083,43411.3029339514,3464.113168927927,390315.83397971705,181465.31130554597,28663.92214059484,0.0,0.0,0.0,0.0,0.0,0.0,0.0,0.0,0.0,0.0,4022156.3140989463,0.0,0.0,16.91303422341004,RMC,0.05918523044408,0.17124427797822817,1.6812480942726389,0.15466546820827562,0.09720502036458915,0.40219901976035366,0.26556681343968547,1.0776968658297381,3.6162159440925588,0.6906303250740418,0.10793985211746271,13601.599915116554
E08000001,2021,296169,17.22091103390294,37.60859509266669,8.512031981740156,2.097947598,8.83819956215969,36,151675.29479690213,5526.373599912245,29.46227590727013,23223.521258080887,24308.84469484094,10421.706894667228,88176.8159736522,13219.323758847817,48802.2377046683,2873.723078547904,464959.0376343245,206671.61265711038,32795.37226756404,0.0,0.0,0.0,0.0,0.0,0.0,0.0,0.0,0.0,0.0,4757937.263655122,0.0,0.0,16.91303422341004,RMC,0.05112199314850869,0.21483033551309483,1.9118260058306247,0.22487017380756774,0.09640651664835037,0.45144752095833013,0.30337521813433377,1.4030798391061354,4.301126644180657,0.8156840106021678,0.12228601023978318,16064.940164754322
E08000001,2022,299591,17.19243902520436,37.96075316014166,19.92382948753467,2.085334778,9.15138795390647,50,156416.02013165108,9059.748057894836,76.78688023756312,30360.14042647066,18530.199540116737,10361.956888980734,108518.2619202415,15872.230485912518,44684.317474109776,2821.6147728123865,469305.2411493865,217557.03508589033,32710.036668730194,0.0,0.0,0.0,0.0,0.0,0.0,0.0,0.0,0.0,0.0,4783797.6553543545,0.0,0.0,16.91303422341004,RMC,0.08285037786808103,0.2776400723714578,1.9895346371159102,0.16945659239737698,0.09475893128801886,0.4086330617418439,0.2991296094289845,1.430406926298114,4.291743690467745,0.99238731013548,0.14514976409539268,15967.76156611632
E08000001,2023,304761,17.036956828465584,38.546598810215215,23.247725266684387,2.138634443,9.417527734002,44,172306.06571670517,9068.111332781948,67.65988531959229,32514.83214872668,18423.816833346,15255.826828103778,133570.09469700887,16886.84461844427,53919.88343948329,2607.095210729991,486299.2538731174,252449.041124269,33269.40337913232,0.0,0.0,0.0,0.0,0.0,0.0,0.0,0.0,0.0,0.0,4948387.688216532,0.0,0.0,16.91303422341004,RMC,0.08152007848037891,0.29230030061037887,2.2694544530292298,0.16562555741160387,0.13714611065858592,0.48472641858170457,0.29908370937812645,1.54898892221275,4.371710038161207,1.2007621215421658,0.1518085572686962,16236.94530539187
E08000001,2024,308904,16.99265791313806,38.9658275710253,19.171004583948413,2.097709417,9.544376435,61,166765.39280115723,9664.872770982316,57.957361151410026,31499.083339604742,19919.90758602263,23835.425200572143,159323.0484580275,17838.132440336358,73267.09324030872,2615.5831112832125,477683.9095065557,273887.15808732825,35596.30462120589,0.0,0.0,0.0,0.0,0.0,0.0,0.0,0.0,0.0,0.0,4883183.709739205,0.0,0.0,16.91303422341004,RMC,0.08571952283603751,0.2793711265139672,2.4291552572375923,0.17667330069139386,0.21140074196542638,0.6498192393177675,0.31571013081695015,1.4790727446923904,4.236665888897483,1.413065232644229,0.1582096564853447,15808.094779411096
E08000002,2011,185422,16.075223004821435,38.701448587546246,,1.712422848,,21,,,,,,,,,,,,,,,,,,,,,,,,,,,12.072078578650869,RM3,,,,,,,,,,,,
E08000002,2012,186632,16.637018303399202,38.180483518367694,3.8525011787903463,1.872177958,6.12074323996795,23,,,,,,,,,,,,,,,,,,,,,,,,,,,12.072078578650869,RM3,,,,,,,,,,,,
E08000002,2013,187093,17.024153763101772,37.7079847990037,3.83766362183513,1.923997521,6.51083545691022,16,,,,,,,,,,,,,,,,,,,,,,,,,,,12.072078578650869,RM3,,,,,,,,,,,,
E08000002,2014,188406,17.41345817012197,37.2440368141142,4.585841215247922,1.704142451,6.94084473144547,25,,,,,,,,,,,,,,,,,,,,,,,,,,,12.072078578650869,RM3,,,,,,,,,,,,
E08000002,2015,189254,17.64401280818371,36.85364642226848,4.945734304162659,1.843046188,7.23727797583367,17,,,,,,,,,,,,,,,,,,,,,,,,,,,12.072078578650869,RM3,,,,,,,,,,,,
E08000002,2016,190470,17.70462540032551,36.530687247335536,5.670184280989132,1.824985743,7.33963301834908,11,,,,,,,,,,,,,,,,,,,,,,,,,,,12.072078578650869,RM3,,,,,,,,,,,,
E08000002,2017,191896,17.850815024805105,36.38429149122441,5.273689915370825,1.893121362,7.39612291501191,19,,,,,,,,,,,,,,,,,,,,,,,,,,,12.072078578650869,RM3,,,,,,,,,,,,
E08000002,2018,192900,18.040435458786938,36.35510627268015,5.230689476412649,2.023900509,7.51906965880523,13,,,,,,,,,,,,,,,,,,,,,,,,,,,12.072078578650869,RM3,,,,,,,,,,,,
E08000002,2019,193763,18.18561851333846,36.46258573618286,5.408669353798197,2.165753603,7.50747452559644,18,121452.23071202825,2041.1848000226157,0.7003214956961272,9456.080202472776,8236.314785060536,3096.793329069413,61189.84866109253,11068.872872338216,38261.66422841676,1165.12904972746,242404.266232751,119419.40884711703,70844.14844330522,0.0,0.0,0.0,0.0,0.0,0.0,0.0,0.0,0.0,0.0,2628903.1798762693,0.0,0.0,12.072078578650869,RM3,0.02886148089857007,0.13370493359346533,1.6885394146191024,0.1164579717823693,0.04378733445044554,0.5410035834402239,1.0017059881345687,1.7172826471885794,3.4274927480994966,0.8651983143804267,0.15650913281842496,13567.622197613939
E08000002,2020,193604,18.274415817855004,36.557095927770085,4.788124212309663,2.175857306,7.37818038118977,13,112703.31906340118,1839.8426289270803,1.4304439061027279,6445.007711611234,8881.486982312654,5378.165362003321,74262.49350472202,10926.457005427013,29564.64926783232,1395.2154878029341,203509.14018940902,135174.88563103104,60981.06435948174,0.0,0.0,0.0,0.0,0.0,0.0,0.0,0.0,0.0,0.0,2196447.688322557,0.0,0.0,12.072078578650869,RM3,0.026035953476098227,0.09120449667505504,1.9128848185666807,0.1256835656671966,0.07610741318323437,0.4183748222658187,0.8629543253448253,1.594885522055629,2.8798954990091206,1.0509022867002071,0.15462231485406042,11345.053244367664
E08000002,2021,193866,18.382284670855128,36.76353770129884,4.853868135722613,2.12561965,7.4778406454684,9,141363.78200162822,2493.9978825558414,103.51392246156539,9568.931846553349,13155.638931109388,8422.919786821321,94251.70918017298,12766.772597305846,41913.316246001115,1779.3081088977817,254197.79928271184,177840.15746980548,72374.64440923066,0.0,0.0,0.0,0.0,0.0,0.0,0.0,0.0,0.0,0.0,2705243.9688597065,0.0,0.0,12.072078578650869,RM3,0.0352453287895345,0.13522872310973938,2.513247852312697,0.1859162843747798,0.11903321142765497,0.5923215180263773,1.022802848418964,1.9977615099149577,3.5923386607344776,1.331970849801395,0.18042080184612538,13954.195005105106
E08000002,2022,194740,18.39118825100133,37.044264147067885,12.488446133305946,2.121608734,7.70438461400176,11,189695.80292431952,4095.978987662806,294.41859903474636,13588.671048514814,13769.301586418384,12365.122259598911,132081.3891017208,17929.785445224785,59035.05712284237,2342.5253746592534,326484.35083895235,230593.23751113898,70354.2987832154,0.0,0.0,0.0,0.0,0.0,0.0,0.0,0.0,0.0,0.0,3440510.867730041,0.0,0.0,12.072078578650869,RM3,0.05762483434411047,0.19117405643091123,3.2441321482544194,0.19371528158258616,0.1739603948165367,0.8305426852641228,0.9897889674214781,2.66876105864116,4.59318924479499,1.8582048857798565,0.2522476114302707,17667.20174453138
E08000002,2023,196160,18.449734910277325,37.47960848287113,12.382748776508972,2.294217587,7.92918633054284,15,195625.15535054618,3710.410999154604,158.31238945479654,13422.980384882376,15214.782185727643,19967.505767682112,157799.5739250065,17796.68719743462,64559.73600909118,2374.635572883211,343689.08479191473,256783.04762030745,74096.58476245371,0.0,0.0,0.0,0.0,0.0,0.0,0.0,0.0,0.0,0.0,3620270.6031868276,0.0,0.0,12.072078578650869,RM3,0.05182254071535962,0.18747598249237937,3.5864355575027855,0.21250170654271103,0.2788820108784849,0.901692440181501,1.0348916283388137,2.7322559631297096,4.800234150370884,2.20395391412387,0.24856263823541613,18455.702504011155
E08000002,2024,198136,18.504461581943715,37.85228328017119,12.5267493035087,2.34781146,8.10802863,13,190877.13012610868,3661.1152808969573,131.8684567078853,14242.711297859807,15430.509626110514,26758.28058408347,166839.12446631945,17622.968608783904,74373.1253515885,2376.9968486823554,347975.1079997782,267371.13112779876,75020.42504000432,0.0,0.0,0.0,0.0,0.0,0.0,0.0,0.0,0.0,0.0,3657170.8395667425,0.0,0.0,12.072078578650869,RM3,0.05062408055262661,0.19694112550698273,3.6970749733792747,0.21336540981274954,0.3700001905994481,1.0283945737504847,1.0373451117843553,2.639353986359842,4.811626661855316,2.306968403967711,0.2436816417889235,18457.88165485698
E08000003,2011,502902,9.470035911569251,54.11909278547312,,5.524878025,,220,,,,,,,,,,,,,,,,,,,,,,,,,,,31.3869393345387,R0A,,,,,,,,,,,,
E08000003,2012,506869,9.550199361176162,53.44990520233039,25.306341480737625,5.672055721,5.80363659492975,181,,,,,,,,,,,,,,,,,,,,,,,,,,,31.3869393345387,R0A,,,,,,,,,,,,
E08000003,2013,510783,9.583521769518562,52.765460087747634,26.935117261146125,5.81612587,5.88344881801219,166,,,,,,,,,,,,,,,,,,,,,,,,,,,31.3869393345387,R0A,,,,,,,,,,,,
E08000003,2014,515360,9.578352995963986,52.146266687364175,28.80316671841043,5.871157169,6.16197222998475,135,,,,,,,,,,,,,,,,,,,,,,,,,,,31.3869393345387,R0A,,,,,,,,,,,,
E08000003,2015,523321,9.485382776536772,51.828418886304966,30.78225410407761,6.031349659,6.30224946750481,122,,,,,,,,,,,,,,,,,,,,,,,,,,,31.3869393345387,R0A,,,,,,,,,,,,
E08000003,2016,533446,9.394202974621612,51.60241149057261,32.39690615357506,6.197357178,6.34510866829238,135,,,,,,,,,,,,,,,,,,,,,,,,,,,31.3869393345387,R0A,,,,,,,,,,,,
E08000003,2017,536961,9.404779862969564,51.23556459407666,27.60721914626947,5.974056721,6.40160995272142,121,,,,,,,,,,,,,,,,,,,,,,,,,,,31.3869393345387,R0A,,,,,,,,,,,,
E08000003,2018,540675,9.420816571877744,51.05507005132473,30.191889767420356,6.061942101,6.4279160476196,88,,,,,,,,,,,,,,,,,,,,,,,,,,,31.3869393345387,R0A,,,,,,,,,,,,
E08000003,2019,545947,9.429486745050344,50.99011442502661,34.37513165197354,6.163156033,6.40436493190998,130,393319.4149273644,8728.158688525782,0.30038137502360135,35211.12879956575,40822.59132810465,12537.664809458458,104956.58830766323,27802.78062372036,111259.82576558561,3007.644546123508,768603.0179383412,349137.8076866753,275909.36739181913,0.0,0.0,0.0,0.0,0.0,0.0,0.0,0.0,0.0,0.0,8386084.057107594,0.0,0.0,31.3869393345387,R0A,0.04380052190085782,0.17670002037964772,1.7520783864873395,0.20486002481451496,0.06291776784423406,0.558335223847112,1.3845960780919757,1.973794962069876,3.8570808026818666,0.5267036850341222,0.13952270405153414,15360.619358852771
E08000003,2020,547340,9.459202689370407,50.91606679577593,33.657324514926735,5.878163338,6.45973994193742,104,359106.90775226534,7329.929631712131,0.4652424090995199,22817.111127653297,38040.2097959542,21960.431693809387,132559.41247638466,26235.783683018908,97017.3972091087,4073.162936426236,628927.4047415848,381494.61328234314,231911.04855312,0.0,0.0,0.0,0.0,0.0,0.0,0.0,0.0,0.0,0.0,6939773.516099004,0.0,0.0,31.3869393345387,R0A,0.03669017245403614,0.11421170246363757,1.9095821999515623,0.19041135832504102,0.10992356905106383,0.485623357043398,1.1608373876602707,1.7975198994903137,3.1481141157487684,0.6635299311909236,0.13132396573524913,12679.090722583776
E08000003,2021,550630,9.553783847592758,51.04607449648584,31.48575268329005,6.007080555,6.58435330711182,114,405387.85268374183,8630.956516824743,280.7418656667329,31920.960845446196,42379.31975806723,32744.492503130394,165928.33108663544,29806.935220358966,97488.22555817744,5857.98960853564,742325.8072271557,443140.7148965597,269755.3946991926,0.0,0.0,0.0,0.0,0.0,0.0,0.0,0.0,0.0,0.0,8072140.790962727,0.0,0.0,31.3869393345387,R0A,0.042944365927172046,0.1588265936251163,2.2049001151436234,0.21086342074454306,0.16292417479022356,0.4850644333336605,1.3422005264664092,2.0170561923402897,3.693531654412073,0.825596439279816,0.14830800395939478,14659.827453939537
E08000003,2022,569260,9.422583705161086,52.2367635175491,49.35003337666444,5.508182526,6.63077861099675,119,448558.9097861584,11587.510795503333,585.7594032540682,37433.70060606295,32740.504909018964,36292.595959405335,221387.14314123118,39348.42466606916,117161.0959123753,6426.145442424924,808758.8468556346,500705.4518630786,282569.63314130454,0.0,0.0,0.0,0.0,0.0,0.0,0.0,0.0,0.0,0.0,8745432.298778936,0.0,0.0,31.3869393345387,R0A,0.055768198923492274,0.18016035528972218,2.4097877218300643,0.15757301312118718,0.17466846388608973,0.5638711728727144,1.3599469108479914,2.1588176228122085,3.8923825011737647,1.0654887365969046,0.18937551065367322,15362.808380667771
E08000003,2023,581416,9.32946461741679,52.99630557122611,47.50127275479175,5.961561203,6.62736062621364,154,475304.1541611562,14799.955768543923,1122.3998106732781,47934.16185491512,38529.777408670794,40566.553569477604,270852.7665233657,43518.97275525022,142166.95334892275,7405.1276574392805,935411.9347848993,569398.320453368,279831.2707276283,0.0,0.0,0.0,0.0,0.0,0.0,0.0,0.0,0.0,0.0,10029954.502031153,0.0,0.0,31.3869393345387,R0A,0.06973978016327037,0.22587350680989837,2.6830967818264,0.18155852951476797,0.19115614750213794,0.6699136286683128,1.318610109959362,2.2397098842917282,4.407812003914954,1.2763019490977514,0.20506842319982815,17250.908991206215
E08000003,2024,588597,9.380272070703723,53.39884505017864,44.561898888373534,5.50809288,6.700136834,168,528694.3789547901,14490.091451810571,929.189988515951,50242.82468240629,45660.03953485266,54404.603003587545,323211.2967305884,43117.03155226884,172302.27205375634,7597.026290162387,950136.2308666961,662157.6719538323,295652.95727982133,0.0,0.0,0.0,0.0,0.0,0.0,0.0,0.0,0.0,0.0,10182655.827699788,0.0,0.0,31.3869393345387,R0A,0.06744662424356898,0.23386387370704573,3.082126833967368,0.21253251159218228,0.2532355870980382,0.8020105765495914,1.376167568194362,2.4608989691776695,4.422572594285427,1.5044426016469878,0.20069564331428777,17299.87721259162
E08000004,2011,225157,14.723504043844962,39.81177578312023,,1.107058644,,46,,,,,,,,,,,,,,,,,,,,,,,,,,,16.628663015011448,RM3,,,,,,,,,,,,
E08000004,2012,226057,15.16122040016456,39.492251954153154,3.9945677417642456,1.159741044,6.82479933576783,50,,,,,,,,,,,,,,,,,,,,,,,,,,,16.628663015011448,RM3,,,,,,,,,,,,
E08000004,2013,227866,15.496827082583623,39.10324488954034,4.586028630861998,1.295425057,7.1530402814581,43,,,,,,,,,,,,,,,,,,,,,,,,,,,16.628663015011448,RM3,,,,,,,,,,,,
E08000004,2014,230348,15.622883636931949,38.75874763401462,4.731970757288972,1.399987936,7.59158226510264,53,,,,,,,,,,,,,,,,,,,,,,,,,,,16.628663015011448,RM3,,,,,,,,,,,,
E08000004,2015,232693,15.636052653066487,38.45066246083896,5.178496989595734,1.404568195,7.94136252372178,54,,,,,,,,,,,,,,,,,,,,,,,,,,,16.628663015011448,RM3,,,,,,,,,,,,
E08000004,2016,235021,15.676471464252131,38.21658490092375,7.509967194420924,1.542910814,8.14960501581023,40,,,,,,,,,,,,,,,,,,,,,,,,,,,16.628663015011448,RM3,,,,,,,,,,,,
E08000004,2017,237161,15.725604125467507,38.11545743187118,6.52299492749651,1.579005837,8.3251297775626,36,,,,,,,,,,,,,,,,,,,,,,,,,,,16.628663015011448,RM3,,,,,,,,,,,,
E08000004,2018,239923,15.81048919861789,38.19141974716889,7.477398998845462,1.664775968,8.53341416332977,34,,,,,,,,,,,,,,,,,,,,,,,,,,,16.628663015011448,RM3,,,,,,,,,,,,
E08000004,2019,242077,15.881723583818372,38.45222801009596,8.389892472229912,1.641290188,8.64576250639089,48,155755.5927464626,1657.9383140960115,0.021269021282587897,8378.756540451459,8263.98475509279,2632.363740218096,95107.6629372921,15205.318703663417,45514.48630754556,1146.7583329046895,265947.9515038111,162661.693235014,84960.88239825275,0.0,0.0,0.0,0.0,0.0,0.0,0.0,0.0,0.0,0.0,2912982.587679917,0.0,0.0,16.628663015011448,RM3,0.018763850968691684,0.09482725484494557,1.8409368697417627,0.09352831588107044,0.02979198954321277,0.5151138801306973,0.9615516584274046,1.7627765188769338,3.009887451794163,1.0763886678793315,0.17208742427945256,12033.289357022422
E08000004,2020,242181,15.924866112535666,38.54637647049108,7.085609523455597,1.681360245,8.60795275425065,37,143356.21867847463,1433.6819514190809,0.03536887425823915,6098.943921645853,8738.469628938585,5352.112189921664,111063.52132212116,15124.74315377061,34277.05979599834,1390.1401837281421,227165.95675157555,177821.7968590969,74273.65252365689,0.0,0.0,0.0,0.0,0.0,0.0,0.0,0.0,0.0,0.0,2450713.241838098,0.0,0.0,16.628663015011448,RM3,0.01621884358109245,0.0689956495421584,2.011648333657125,0.09885586681871623,0.06054695070331088,0.387766806090275,0.840237091138128,1.6217488717226793,2.5698650358652904,1.2564306038070945,0.17110199592901118,10119.34562099462
E08000004,2021,242003,16.041536675165183,38.63671111515146,7.26437275570964,1.737145424,8.80727541682075,35,184683.70581582678,2626.138649003824,145.3693755115009,10033.024432371574,15679.402393730821,9570.586767022145,142068.1460375255,17808.327903564856,56804.947673725925,1903.6834792902796,295124.9804296982,245747.56475068867,89175.02394572465,0.0,0.0,0.0,0.0,0.0,0.0,0.0,0.0,0.0,0.0,3137833.0884745973,0.0,0.0,16.628663015011448,RM3,0.02973062486097137,0.11358428685132427,2.7821184006684017,0.17750716657289056,0.10834901081009066,0.6430911750128981,1.009554154691784,2.0908119141489956,3.341122177073636,1.6083593896070858,0.20160882080726902,12966.091695039306
E08000004,2022,244584,15.969973506034735,38.96616295424067,16.05174500376149,1.768497944,9.14607760308269,32,269757.41024404706,4676.445087051334,447.6657890384208,15681.305855712968,18736.70705497407,16717.32247006096,202633.79709840278,25722.20825269484,86508.8634645084,2899.0857975108547,419054.72955199523,335345.2222456067,83214.67241093905,0.0,0.0,0.0,0.0,0.0,0.0,0.0,0.0,0.0,0.0,4399913.4911488285,0.0,0.0,16.628663015011448,RM3,0.05238355052124664,0.17565532412780022,3.7563946682923146,0.20988062991132014,0.18726034196684604,0.9690355249495861,0.9321353966963761,3.021707871033658,4.694072995198055,2.2698176820267455,0.2881292457071626,17989.375801969174
E08000004,2023,247251,15.871321046224285,39.392762819968375,17.290122183530094,1.886899114,9.45674145947039,41,274641.50123467785,3430.014491526506,108.57213056809061,13450.227487004124,20543.179288385858,29733.54311394717,240229.86136877802,24693.696539750126,92019.72831511548,2758.4298760084985,427782.88761526695,370267.41069253965,90633.52354602217,0.0,0.0,0.0,0.0,0.0,0.0,0.0,0.0,0.0,0.0,4499861.379457699,0.0,0.0,16.628663015011448,RM3,0.03800712626757808,0.1490385815246824,4.102839875961438,0.22763379311662668,0.3294698988316312,1.019647421846409,1.0042872361032287,3.04323326957668,4.740154382690885,2.661926559447997,0.2736246289099057,18199.567967198105
E08000004,2024,250725,15.798584106092331,39.77624887825306,17.97188154352378,1.988386154,9.709224264,38,258381.05510468976,3342.718015117925,89.92037597022744,14900.993054379345,19767.23050687172,38846.79683303673,246630.80202456334,24340.997719442395,100997.5929182975,2711.965327846807,434144.6367659283,372435.21230937814,89573.27862000214,0.0,0.0,0.0,0.0,0.0,0.0,0.0,0.0,0.0,0.0,4548193.727748859,0.0,0.0,16.628663015011448,RM3,0.0365265990558113,0.16282635758360312,4.069679707580927,0.21600078137097456,0.4244873082639713,1.1036224310409128,0.9787864903560729,2.823385388998641,4.74399186759415,2.6949878451074167,0.2659793199113518,18140.168422569983
E08000005,2011,211929,14.644527176554412,40.30264852851663,,1.286574602,,42,,,,,,,,,,,,,,,,,,,,,,,,,,,15.474690050324924,RM3,,,,,,,,,,,,
E08000005,2012,212345,15.150815889236856,39.868610044973984,3.7910004944783258,1.427642345,6.87678289160992,35,,,,,,,,,,,,,,,,,,,,,,,,,,,15.474690050324924,RM3,,,,,,,,,,,,
E08000005,2013,212503,15.496722399213189,39.33544467607516,3.811710893493269,1.576696754,7.21239316529731,23,,,,,,,,,,,,,,,,,,,,,,,,,,,15.474690050324924,RM3,,,,,,,,,,,,
E08000005,2014,213462,15.725047080979284,38.95681666994594,4.066297514311681,1.600981355,7.83071182945328,39,,,,,,,,,,,,,,,,,,,,,,,,,,,15.474690050324924,RM3,,,,,,,,,,,,
E08000005,2015,214560,15.89392244593587,38.59852721849367,4.558165548098434,2.027720213,8.14207251734952,26,,,,,,,,,,,,,,,,,,,,,,,,,,,15.474690050324924,RM3,,,,,,,,,,,,
E08000005,2016,216251,16.006862396012043,38.25924504395356,5.387258324816995,2.034370661,8.35762714687901,31,,,,,,,,,,,,,,,,,,,,,,,,,,,15.474690050324924,RM3,,,,,,,,,,,,
E08000005,2017,218492,16.095326144664334,37.94463870530729,4.975010526701206,2.057369947,8.4807890232425,25,,,,,,,,,,,,,,,,,,,,,,,,,,,15.474690050324924,RM3,,,,,,,,,,,,
E08000005,2018,219969,16.233196495869873,37.82987602798576,5.900831480799567,2.10748148,8.62933100893441,31,,,,,,,,,,,,,,,,,,,,,,,,,,,15.474690050324924,RM3,,,,,,,,,,,,
E08000005,2019,222042,16.387440214013566,37.86265661451437,6.246565964997613,2.192537546,8.67761900132854,16,146129.57142063067,1675.0979433192956,0.3009446497184143,8319.702805547913,8325.6026285857,2726.5191081400767,86102.2523950408,14017.930861300576,43463.330826291865,1105.507379578008,251737.11146404856,148540.50613302388,83101.72983907237,0.0,0.0,0.0,0.0,0.0,0.0,0.0,0.0,0.0,0.0,2763596.6262012,0.0,0.0,15.474690050324924,RM3,0.02066865473086846,0.1026549315740699,1.8328077155466438,0.10272772815639963,0.03364190272456262,0.5362842106546036,1.025373452598347,1.8030597373177537,3.106127292763797,1.0623962219049612,0.17296407900739716,12446.278749971625
E08000005,2020,223024,16.452937800416098,37.84704785135232,6.331157184876964,2.226304531,8.62390247831807,29,134522.34271262493,1478.5930072499827,0.6161741858672759,6013.931566864649,8619.62261050566,5296.351267274231,100912.32429168544,13946.90172313394,32916.388499851535,1342.9938600902178,213966.24622164824,162600.23241192044,72396.86715680154,0.0,0.0,0.0,0.0,0.0,0.0,0.0,0.0,0.0,0.0,2317565.689296959,0.0,0.0,15.474690050324924,RM3,0.018163694247661073,0.07387781064246479,1.997453587056918,0.1058872785545245,0.06506273502936757,0.4043595590652267,0.8893553216313538,1.6525322996459246,2.628456550675893,1.2396518820713618,0.17132994499435825,10391.552879048708
E08000005,2021,224127,16.53616030197165,38.07082591566389,6.219687944781307,2.377936363,8.75056980207991,13,172846.64594676995,2543.9428375090583,137.34430351717126,9678.198128382082,14490.5448543779,9185.028064585218,129092.75975502045,16435.846665174093,53081.004559391076,1819.9736831741693,276496.2928482645,224252.03725666145,86673.15396928311,0.0,0.0,0.0,0.0,0.0,0.0,0.0,0.0,0.0,0.0,2949383.0363679356,0.0,0.0,15.474690050324924,RM3,0.031097129770774636,0.11830618939545812,2.7412544814722697,0.17713226380001773,0.11227768386191045,0.6488616264517724,1.0594916980384117,2.1128755332855245,3.3798876975788072,1.578028501025629,0.20091161212566055,13159.427629727501
E08000005,2022,227532,16.497899196596524,38.48909164425224,16.002144753265473,2.219491482,8.9830179880429,25,248559.31947346154,4478.296353403118,415.03458922981036,14937.498079981153,17254.794874357736,15434.979848252506,183880.55597124386,23691.178951687445,79999.73237431396,2690.0596871710463,388838.63365909865,304999.294737219,81830.12889151696,0.0,0.0,0.0,0.0,0.0,0.0,0.0,0.0,0.0,0.0,4094091.3393207127,0.0,0.0,15.474690050324924,RM3,0.053923426497445456,0.17986328197317725,3.6725142227439087,0.207765987266313,0.18585348883941424,0.9632814240226569,0.9853213347984525,2.9929172024752266,4.682028572215868,2.2141164545061596,0.28526686177620836,17993.47493680323
E08000005,2023,230729,16.48687421173758,38.859007753685056,16.335181099905085,2.380320549,9.29739847683107,17,253489.40880146477,3461.549505624755,128.2085720720435,13224.270744516667,19022.582927510954,27091.93258010365,218386.1929149064,22842.82469560109,85353.58131613879,2648.0458203338335,399833.14904243784,337155.4404036151,88345.14538953351,0.0,0.0,0.0,0.0,0.0,0.0,0.0,0.0,0.0,0.0,4215832.257174788,0.0,0.0,15.474690050324924,RM3,0.04110318718359747,0.1570278497809138,4.0034565891256415,0.22587826218127988,0.3216954644721807,1.0135068771736278,1.0490293557285821,3.0099880420879783,4.747705251822593,2.5931648676723262,0.2712406388352188,18271.791830133137
E08000005,2024,234919,16.433749505148583,39.30205730485827,16.3034918418689,2.455752134,9.544033774,26,240185.14538354988,3350.3263740876805,106.58486033930006,14490.351245321528,18442.162824395476,35840.00752631683,224746.5452783235,22500.19917459199,94247.57151335705,2609.2936709339624,404906.2333210716,341867.7152864902,87831.14263866944,0.0,0.0,0.0,0.0,0.0,0.0,0.0,0.0,0.0,0.0,4253400.663455007,0.0,0.0,15.474690050324924,RM3,0.03907294159843822,0.16899268451226035,3.9870077664949766,0.21508040427336425,0.41798152317166315,1.0991555586995045,1.0243244160889666,2.8011420711032593,4.722189972225013,2.6210905021162176,0.2624069628265574,18105.818020062263
E08000006,2011,234487,14.21016943369995,44.56153219581469,,4.33000946,,24,,,,,,,,,,,,,,,,,,,,,,,,,,,18.99906257063141,RM3,,,,,,,,,,,,
E08000006,2012,237421,14.438486907223876,44.50743615771141,12.050324107808493,4.471896648,5.87884344659418,24,,,,,,,,,,,,,,,,,,,,,,,,,,,18.99906257063141,RM3,,,,,,,,,,,,
E08000006,2013,239718,14.52456636547944,44.27201962305709,12.7900282832328,4.815852642,5.95562658588935,30,,,,,,,,,,,,,,,,,,,,,,,,,,,18.99906257063141,RM3,,,,,,,,,,,,
E08000006,2014,242602,14.49369749631083,44.12618197706532,15.234829061590588,4.69677496,5.98789095350945,26,,,,,,,,,,,,,,,,,,,,,,,,,,,18.99906257063141,RM3,,,,,,,,,,,,
E08000006,2015,246942,14.387184035117558,44.320528707145805,16.773169408201117,5.048319817,6.201698402318,32,,,,,,,,,,,,,,,,,,,,,,,,,,,18.99906257063141,RM3,,,,,,,,,,,,
E08000006,2016,251562,14.22233882700885,44.43675912896224,16.958046127793548,4.955446243,6.3439269595696,28,,,,,,,,,,,,,,,,,,,,,,,,,,,18.99906257063141,RM3,,,,,,,,,,,,
E08000006,2017,255090,14.053079305343212,44.605041357952096,13.426633737112391,4.899851799,6.38291975388481,21,,,,,,,,,,,,,,,,,,,,,,,,,,,18.99906257063141,RM3,,,,,,,,,,,,
E08000006,2018,259224,13.852112458722958,44.97268771410055,13.941610344721168,4.601733685,6.55040177785005,20,,,,,,,,,,,,,,,,,,,,,,,,,,,18.99906257063141,RM3,,,,,,,,,,,,
E08000006,2019,263611,13.702766576508568,45.57207400298167,14.16481102837135,5.156471252,6.65123736247234,26,171176.68665877797,2683.591345167406,0.31320042506062795,12815.475632336971,10852.328053539937,4213.119733452167,91411.99322106519,15922.946983555443,53387.18548170831,1594.4847472568867,331011.09293045837,170518.01446151486,96561.92380980002,0.0,0.0,0.0,0.0,0.0,0.0,0.0,0.0,0.0,0.0,3592832.1426058062,0.0,0.0,18.99906257063141,RM3,0.02789073693910029,0.13319206005587383,1.7722046589873512,0.11278894138005172,0.0437872235615354,0.554856442233903,1.00357426631385,1.7790502813717157,3.4402195153418864,0.9500507074591509,0.165488209079718,13629.295221389875
E08000006,2020,266090,13.513097072419106,45.96076515464692,13.781051523920476,5.120541096,6.57780517022865,15,158395.15443201023,2425.129450005769,0.587597359716908,8784.23842757419,11978.575736750752,7300.9689015230715,110743.92366007381,15823.763517120698,41144.557685536216,1872.8232175943053,278154.9750888684,193566.00654159812,83473.56913005427,0.0,0.0,0.0,0.0,0.0,0.0,0.0,0.0,0.0,0.0,2999009.9532036805,0.0,0.0,18.99906257063141,RM3,0.024969710526470023,0.09044461141301136,1.9930017142371559,0.1233342692965739,0.0751725150314583,0.4236341672998292,0.8594637526602058,1.6308742425908036,2.8639498850051086,1.140245819187491,0.16292523867576683,11270.660127038524
E08000006,2021,270866,13.305472078444692,46.693198851092426,15.05541485457754,5.12957716,6.54305085588141,27,200500.68303226604,3406.046876915911,147.30132657618367,13207.06124023271,18612.91530385517,11504.416730132629,140903.5816425995,18515.94285286307,60873.741491942616,2356.2965513130935,351313.3285406234,257893.41847681112,99365.12221606157,0.0,0.0,0.0,0.0,0.0,0.0,0.0,0.0,0.0,0.0,3734791.4381412277,0.0,0.0,18.99906257063141,RM3,0.03445111338898819,0.13358535004502262,2.608512367352761,0.18826389618376907,0.1163636260939684,0.6157191155424737,1.0050475569132105,2.0280025540836704,3.5534259374536146,1.425196259330166,0.18728304975814325,13788.336070755384
E08000006,2022,279964,12.979168750267892,47.98938434941636,29.489505793602035,4.730358601,6.71837122584906,28,274351.66963749775,5767.540352709089,429.9677228414885,19215.277798617997,20060.843142149843,17582.80971400504,197719.8680447173,26176.87989217565,86912.99478672566,3199.671991048033,461260.4990749805,338088.97894843377,95425.79846289314,0.0,0.0,0.0,0.0,0.0,0.0,0.0,0.0,0.0,0.0,4852522.071321021,0.0,0.0,18.99906257063141,RM3,0.0564411153519062,0.18804059346395413,3.3085367232972396,0.19631529085197297,0.17206527056419035,0.8505300464925301,0.9338362922874148,2.684803796080022,4.513892481626116,1.9348854446131067,0.25616678986100216,17332.664454433503
E08000006,2023,286990,12.754102930415694,49.000662043973655,29.718805533293843,4.873721123,6.99416858102138,31,282287.7793042189,4988.204108310987,186.71873426408436,18392.979858478608,22007.78429529855,29451.445601648178,235642.89269675387,25710.880111493476,94316.39705874282,3209.324485248318,480362.5954710909,375981.76894175104,101539.91870199065,0.0,0.0,0.0,0.0,0.0,0.0,0.0,0.0,0.0,0.0,5055101.121783062,0.0,0.0,18.99906257063141,RM3,0.04761947324126121,0.17558704358921015,3.5892785051624734,0.21009547175572008,0.28115576173145435,0.9003835946624346,0.9693423397597324,2.694836670880317,4.585741333845252,2.2495451628714465,0.24544676618958586,17614.206494243917
E08000006,2024,293508,12.635090014582229,49.63442223039917,27.10999359472314,4.919066429,7.279730269,38,271616.8567521399,4932.561800415729,155.1389348306568,19622.749745262638,21979.661942439932,39468.78575247291,247041.96178825718,25469.380927146558,106520.08775707285,3181.7863107635867,484908.65139972634,387468.19546489074,102083.18107583416,0.0,0.0,0.0,0.0,0.0,0.0,0.0,0.0,0.0,0.0,5090494.467199377,0.0,0.0,18.99906257063141,RM3,0.04604258809417277,0.18316692630592354,3.616789661282862,0.20516732728612408,0.36841809966275607,0.9943029044138243,0.9528869678270109,2.5353849705073492,4.526339497219617,2.3059926563179456,0.23774181905705735,17343.631066953465
E08000007,2011,283253,18.144556280074703,36.94012066950747,,1.074631929,,28,,,,,,,,,,,,,,,,,,,,,,,,,,,9.438859465493199,RWJ,,,,,,,,,,,,
E08000007,2012,283953,18.738664497293566,36.54372378527432,3.3843629051286657,1.095558405,5.6849637811362,15,,,,,,,,,,,,,,,,,,,,,,,,,,,9.438859465493199,RWJ,,,,,,,,,,,,
E08000007,2013,284816,19.12322341441492,36.18265827762485,3.2687770349980334,1.059315562,5.85390877285674,16,,,,,,,,,,,,,,,,,,,,,,,,,,,9.438859465493199,RWJ,,,,,,,,,,,,
E08000007,2014,286267,19.41194758739219,35.761718954682166,3.6469449849266593,1.244009733,5.96322122930795,19,,,,,,,,,,,,,,,,,,,,,,,,,,,9.438859465493199,RWJ,,,,,,,,,,,,
E08000007,2015,288210,19.56212483952673,35.64727108705458,3.4662225460601648,1.320204616,6.17209578756282,14,,,,,,,,,,,,,,,,,,,,,,,,,,,9.438859465493199,RWJ,,,,,,,,,,,,
E08000007,2016,289879,19.668206389562545,35.4220209121737,4.081013112367574,1.37416327,6.39947664361598,13,,,,,,,,,,,,,,,,,,,,,,,,,,,9.438859465493199,RWJ,,,,,,,,,,,,
E08000007,2017,290905,19.776903112700023,35.08189958921297,3.578487822485004,1.498049498,6.49036256535628,18,,,,,,,,,,,,,,,,,,,,,,,,,,,9.438859465493199,RWJ,,,,,,,,,,,,
E08000007,2018,291631,19.8864318265205,35.05800137845428,3.857614588298226,1.618430495,6.7123640469917,17,,,,,,,,,,,,,,,,,,,,,,,,,,,9.438859465493199,RWJ,,,,,,,,,,,,
E08000007,2019,293172,20.01760058941509,35.21345831116205,4.219366105903701,1.655962944,6.71634458553917,4,137862.0774067954,1576.6549888369784,0.03349200665826749,11141.24094568748,18246.601921401787,5386.03023055698,37534.00574989957,17091.634478135868,58210.56154525303,1550.0717479418997,420319.1108723341,181605.9078547367,48582.660130317454,0.0,0.0,0.0,0.0,0.0,0.0,0.0,0.0,0.0,0.0,4356482.066939966,0.0,0.0,9.438859465493199,RWJ,0.01473402203874315,0.10411617683954828,1.6971280766196317,0.17051659161045848,0.050333071394967545,0.5439843864180066,0.4540105413860324,1.2883369546288632,3.9279303885412267,0.35075959663773576,0.15972328813975833,14859.816308992557
E08000007,2020,293851,20.045873588995786,35.39276708263712,3.66512280033078,1.606440425,6.7758719917313,7,106320.7310351347,1787.9624325195612,0.07333978116421572,8751.874408650052,20606.817480540878,10980.075930932908,61548.89430223452,17801.756516184265,58270.92308461385,2033.427551977128,359987.27176128014,216732.97602049238,41250.92784465801,0.0,0.0,0.0,0.0,0.0,0.0,0.0,0.0,0.0,0.0,3755238.4484243845,0.0,0.0,9.438859465493199,RWJ,0.01667010563987313,0.08159828656662918,2.0207144961174515,0.19212809959218338,0.10237297069186455,0.5432901865754427,0.3846039001749047,0.991283589536405,3.3563489590850804,0.57385242070762,0.16597505423081363,12779.396525532957
E08000007,2021,295268,20.186406925234024,35.70993131663438,4.091198504409553,1.565967083,6.94328024587874,7,133706.82963630237,2167.766775229813,42.05816085756847,11868.091861683464,28308.983061741612,19270.540776998172,82652.97819165008,19271.208519509353,57708.7828059617,2682.2173217619334,421248.0990292891,264087.64749174187,44174.617317205644,0.0,0.0,0.0,0.0,0.0,0.0,0.0,0.0,0.0,0.0,4392914.952544214,0.0,0.0,9.438859465493199,RWJ,0.020114225230719703,0.11012138182598788,2.450410479114696,0.2626727505296939,0.17880705707615493,0.535466946174014,0.40988643813167036,1.2406359009284749,3.9086673154631106,0.7669185810638534,0.17881325291023611,14877.721095900044
E08000007,2022,296914,20.282640764665864,35.739304983934744,9.423604141266496,1.503005981,7.26405558822286,6,134751.37510022207,2504.4163999936654,88.57238488673853,9726.978689870148,25203.640327067227,19301.370261505526,105929.72833172847,22360.708929997658,65599.07864151288,2833.2990046346213,427902.31028788944,297934.0930526221,44151.57901688707,0.0,0.0,0.0,0.0,0.0,0.0,0.0,0.0,0.0,0.0,4442725.97295274,0.0,0.0,9.438859465493199,RWJ,0.02310909823889474,0.08975412639544025,2.7491387714464994,0.23256252446575532,0.17810027977757248,0.6053049136363815,0.4074015714424118,1.2433965713629183,3.948399525381589,0.9774494762306845,0.20632983371134042,14963.006031890514
E08000007,2023,299373,20.23762997999152,36.07840386407592,11.941624662210687,1.4781214,7.58914490060386,13,140204.23407218643,3109.9094264338505,165.30576507019052,11000.407584658824,30107.61418025181,20633.27172287486,136029.4631181323,23146.281371384226,72575.71435124088,2871.3621474265683,474031.2544701428,335002.7716403926,43383.11202419117,0.0,0.0,0.0,0.0,0.0,0.0,0.0,0.0,0.0,0.0,4895890.440351651,0.0,0.0,9.438859465493199,RWJ,0.028460481734989145,0.1006707450961443,3.0657935508993943,0.27553124093512343,0.18882635230805772,0.6641800481841833,0.3970225810683248,1.2830856130608537,4.338119221411497,1.2448800011945724,0.21182427777602428,16353.814273002747
E08000007,2024,302184,20.3147751039102,36.32323352659307,11.152145712545998,1.580150008,8.134608082,13,145663.62617495604,3368.115216852145,136.81195503803576,11950.153056320723,39963.872917792825,25733.53903174719,162663.39913163893,22823.029707204187,90291.99635754887,2889.861155661165,488012.952124066,378611.1653795329,45880.03756860835,0.0,0.0,0.0,0.0,0.0,0.0,0.0,0.0,0.0,0.0,5045679.886004795,0.0,0.0,9.438859465493199,RWJ,0.030536735640810195,0.10834506578701321,3.4326465466520886,0.3623291199682097,0.23331098490430024,0.8186248526938397,0.4159675332402788,1.320647115256241,4.424528719724661,1.4747741386236866,0.20692309491200125,16697.376055664085
E08000008,2011,219727,15.712679825419723,39.53633372321107,,1.301270843,,33,,,,,,,,,,,,,,,,,,,,,,,,,,,10.33141185431381,RMP,,,,,,,,,,,,
E08000008,2012,220457,16.323818250271028,38.94138085885229,2.8486280771306878,1.327605844,6.82490323976833,34,,,,,,,,,,,,,,,,,,,,,,,,,,,10.33141185431381,RMP,,,,,,,,,,,,
E08000008,2013,221446,16.731844332252557,38.47168158377212,2.944284385358056,1.386877537,7.15620109814301,22,,,,,,,,,,,,,,,,,,,,,,,,,,,10.33141185431381,RMP,,,,,,,,,,,,
E08000008,2014,222364,17.03198359446673,37.98591498623878,3.2334370671511574,1.492365122,7.31804292312422,19,,,,,,,,,,,,,,,,,,,,,,,,,,,10.33141185431381,RMP,,,,,,,,,,,,
E08000008,2015,223642,17.194444692857335,37.54974468123161,3.57714561665519,1.693493128,7.56450231475002,16,,,,,,,,,,,,,,,,,,,,,,,,,,,10.33141185431381,RMP,,,,,,,,,,,,
E08000008,2016,225480,17.322157175802733,37.22946602802909,4.106794394181302,1.780711532,7.70702940276503,21,,,,,,,,,,,,,,,,,,,,,,,,,,,10.33141185431381,RMP,,,,,,,,,,,,
E08000008,2017,226692,17.458048806309883,36.94175356871879,3.7584034725530673,1.850586295,7.80371141326011,29,,,,,,,,,,,,,,,,,,,,,,,,,,,10.33141185431381,RMP,,,,,,,,,,,,
E08000008,2018,228435,17.481997066999366,36.898461269069976,4.114956114430801,2.020170927,8.03519319921157,21,,,,,,,,,,,,,,,,,,,,,,,,,,,10.33141185431381,RMP,,,,,,,,,,,,
E08000008,2019,229952,17.52974533815753,36.974238101864735,4.622703868633454,2.175461769,8.43241825493967,17,140699.93693983622,2943.403049204097,,11905.968811562205,10025.526139043295,2739.5087325555305,53473.92098948699,11783.074520450955,30307.358589127343,887.4727078363087,325684.7597546153,202163.25044672214,35472.22454252841,0.0,0.0,,0.0,0.0,0.0,0.0,0.0,0.0,0.0,3328017.3683623727,0.0,0.0,10.33141185431381,RMP,0.0350687010464137,0.14185174573135698,2.408641451399055,0.11944751470519273,0.03263943508586342,0.3610921372647078,0.42262809990278394,1.6763467127366691,3.880318557900533,0.6371064096936847,0.14038754151492908,14472.661113460083
E08000008,2020,230521,17.472160887728233,37.05475856863366,3.739355633543148,2.312014818,8.32244364586736,12,134683.97312895075,1939.364211255732,,7183.933558680593,12310.17010362237,7191.737698381247,66022.21207433142,10714.996143122013,27851.239429213914,1228.2025798802968,281272.3347388056,224931.87437917612,29707.37277767557,0.0,0.0,,0.0,0.0,0.0,0.0,0.0,0.0,0.0,2905170.2302964753,0.0,0.0,10.33141185431381,RMP,0.02304920855878678,0.0853805499273812,2.673299658720376,0.1463055141812756,0.08547330158410371,0.3310100405580844,0.3530700561102486,1.6007096388383686,3.3429021055378914,0.7846693915365083,0.1273469827771554,12602.627223968642
E08000008,2021,231220,17.603581005103365,37.268402387336735,4.009168757027939,2.1869874,8.36971832886279,29,140820.98423544975,2576.453420712262,33.44131240127402,10952.063775485149,23888.535128296666,12485.731565113063,81032.54486876502,11426.471239666476,27044.5747855511,1982.416335674687,331916.49279093154,247525.4239690185,34722.99786722575,0.0,0.0,0.0,0.0,0.0,0.0,0.0,0.0,0.0,0.0,3410271.8169037835,0.0,0.0,10.33141185431381,RMP,0.030528399338734052,0.1297710153940462,2.9329290134523904,0.2830552782950788,0.14794344667431794,0.3204511955707379,0.4114328388811433,1.66858799287934,3.932878878218711,0.9601547108519671,0.13539226994473005,14749.034758687758
E08000008,2022,233089,17.62760147411504,37.602804079128575,11.090184435987972,2.234886646,8.63553226524493,16,169913.25663523065,2578.228735199223,75.51378759161571,10407.978694477573,14489.24946199862,17553.054622333886,104895.35046143812,13939.949545549738,29360.253784069828,2743.3122185593834,333105.0014139081,266576.7611317619,34005.15582176947,0.0,0.0,0.0,0.0,0.0,0.0,0.0,0.0,0.0,0.0,3399027.2916964088,0.0,0.0,10.33141185431381,RMP,0.030304477561827588,0.12233528876032917,3.133340873108342,0.17030650896648647,0.20631844749916955,0.3451001611539155,0.3996962982834938,1.9971589032660124,3.915313216110092,1.2329390139052432,0.16385004264700276,14582.529813489306
E08000008,2023,235650,17.640144281773818,38.2563123276045,11.88627201357946,2.216017485,8.8791127736361,24,180124.30830492332,2931.925116419292,115.14751153058937,12133.985617676195,15007.884529624076,20863.755988021552,123720.65825535537,15788.004084436225,39308.13957730149,1662.5854289130266,358046.9980395736,300406.48217683885,34014.73094194362,0.0,0.0,0.0,0.0,0.0,0.0,0.0,0.0,0.0,0.0,3650955.427747796,0.0,0.0,10.33141185431381,RMP,0.03408729705849215,0.14107276135290261,3.4926011373593746,0.17448543119874294,0.2425672620821052,0.4570062936070326,0.39546379663296355,2.094170403691606,4.162744237472844,1.438407415866407,0.18355529688429523,15493.12721301844
E08000008,2024,238895,17.683919713681743,38.73375332258942,12.210385315724482,2.16724515,8.975091111,26,190805.7593192062,3640.794414024747,95.26082931256597,14244.028303712246,18079.515630699923,18665.2163817447,150135.0355818139,16300.435123867963,45349.27301218451,1773.259218609582,382693.5419587011,309931.21336004435,35876.454400869,0.0,0.0,0.0,0.0,0.0,0.0,0.0,0.0,0.0,0.0,3896559.5211278074,0.0,0.0,10.33141185431381,RMP,0.041753821622495885,0.1633551772898708,3.5543925655427153,0.20734180094252358,0.21405880879912795,0.5200803013668184,0.4114429179882031,2.188222880278476,4.388854758036372,1.7217977128349664,0.18693872356793378,16310.762138712853
E08000009,2011,227091,16.058320232858193,38.87252246896619,,1.640646458,,27,,,,,,,,,,,,,,,,,,,,,,,,,,,14.860920841026859,R0A,,,,,,,,,,,,
E08000009,2012,228512,16.41007912057135,38.43824394342529,5.496429071558605,1.67062664,5.86471908426192,39,,,,,,,,,,,,,,,,,,,,,,,,,,,14.860920841026859,R0A,,,,,,,,,,,,
E08000009,2013,230367,16.676867780541485,38.13827501334826,5.460851597668069,1.816731691,5.96439016131899,31,,,,,,,,,,,,,,,,,,,,,,,,,,,14.860920841026859,R0A,,,,,,,,,,,,
E08000009,2014,231799,16.880141847031265,37.80732444919952,6.790365791051729,1.961288452,6.0850421487753,26,,,,,,,,,,,,,,,,,,,,,,,,,,,14.860920841026859,R0A,,,,,,,,,,,,
E08000009,2015,232504,17.018631937515053,37.432904380139696,6.412792898186698,2.046465158,6.38160129054169,22,,,,,,,,,,,,,,,,,,,,,,,,,,,14.860920841026859,R0A,,,,,,,,,,,,
E08000009,2016,233710,17.173847931196782,36.94022506525181,6.833254888537076,1.962998271,6.64833080424886,25,,,,,,,,,,,,,,,,,,,,,,,,,,,14.860920841026859,R0A,,,,,,,,,,,,
E08000009,2017,234917,17.221827283678916,36.7150951187015,6.415031692044424,1.983629584,6.60748575565839,19,,,,,,,,,,,,,,,,,,,,,,,,,,,14.860920841026859,R0A,,,,,,,,,,,,
E08000009,2018,235623,17.232613115018484,36.58556252997373,6.6844068702970425,2.020932198,6.51727445215905,19,,,,,,,,,,,,,,,,,,,,,,,,,,,14.860920841026859,R0A,,,,,,,,,,,,
E08000009,2019,236121,17.358896497981966,36.58886757213463,6.310323944079518,2.056293726,6.49980445834963,11,165492.70782301482,3654.429491534201,0.009702666137369925,14779.854241069072,17127.03249266222,5274.700396154125,44381.27802484277,11859.521628907696,50246.936858481204,1455.8925876321416,345081.78050296643,146152.65066164386,116240.40795351815,0.0,0.0,0.0,0.0,0.0,0.0,0.0,0.0,0.0,0.0,3752552.055578176,0.0,0.0,14.860920841026859,R0A,0.04240256306404083,0.1714915291117466,1.6958179111167795,0.19872597817316234,0.06120266288075223,0.583018201295809,1.3487443772706758,1.9202217463383768,4.004004453752803,0.5149586124648626,0.13760673586508257,15892.496032026696
E08000009,2020,235937,17.46398402963503,36.54153439265566,5.959217926819448,2.057780027,6.41187634869875,24,151356.71224809764,3069.967432321951,0.020396845602646266,9570.344604267011,15987.269269264425,9202.031609158645,56001.28773832928,11175.923077745803,41973.29775892018,1962.0970691022208,285153.29852916533,159658.9484527273,97769.3809870735,0.0,0.0,0.0,0.0,0.0,0.0,0.0,0.0,0.0,0.0,3134118.8483529934,0.0,0.0,14.860920841026859,R0A,0.03564879471042857,0.1111318792875694,1.8539770217592597,0.18564590430501415,0.10685498885102476,0.48739848487438897,1.135308653465985,1.7575705547132956,3.311231022597283,0.6502930256147353,0.12977603061957163,13283.710686975732
E08000009,2021,235586,17.602489112256247,36.653281604170026,6.923161817765063,2.027482033,6.5479262577675,21,170795.88838628563,3614.4779986689778,118.31466811491285,13382.462494145739,17771.860903865312,13667.99996705487,70188.20592386356,12677.654325458394,41989.851142682484,2779.933819417623,334967.240051316,185566.44609153408,113698.31585371432,0.0,0.0,0.0,0.0,0.0,0.0,0.0,0.0,0.0,0.0,3628606.3102806285,0.0,0.0,14.860920841026859,R0A,0.04203424417583455,0.15563013424345562,2.158028160283661,0.20667624508079252,0.15895076639615732,0.48831716681867254,1.322244255667381,1.9862552986355053,3.8954711480903637,0.8162473771188762,0.1474336315477313,15402.470054589952
E08000009,2022,236599,17.708866056069553,36.524668320660695,14.721110401988174,2.043475628,6.73521232776465,14,189080.13582554235,4872.236156112971,247.75667019478894,15759.86889689866,13779.981072476732,15171.719737066645,93634.37640586309,16749.42838207,50435.053434532536,3056.277982323915,364725.2576984461,209928.58232641726,119008.92561063249,0.0,0.0,0.0,0.0,0.0,0.0,0.0,0.0,0.0,0.0,3930767.8492234508,0.0,0.0,14.860920841026859,R0A,0.056418633250895765,0.1824932607711859,2.4308927801651476,0.15956691618014493,0.17568271820260528,0.5840186500693594,1.3780778912338356,2.1894757348300184,4.2233791409329955,1.0842503057842807,0.19395198154845775,16613.62832988918
E08000009,2023,238189,17.743052785812946,36.76408230438853,15.978907506224049,2.048377275,6.81291252137121,22,200500.9422150411,6217.016214933991,470.50947291602165,20156.76181583351,16205.211323809128,17078.39549543432,114455.7219423758,18561.31628536934,61001.05402816698,3474.5671874638733,420391.29623159743,238760.04911979582,117985.75839320192,0.0,0.0,0.0,0.0,0.0,0.0,0.0,0.0,0.0,0.0,4494397.853598517,0.0,0.0,14.860920841026859,R0A,0.07151010809401549,0.23184951855411598,2.746294416938452,0.18639752147795524,0.19644116497833877,0.701653625564722,1.3571099132708062,2.3062259378234184,4.835475089013259,1.3165063054552086,0.21349819399627615,18869.04035702118
E08000009,2024,239618,17.81001427271741,36.94421954944954,12.707726464622858,2.083091497,7.0,23,222651.63661887002,6083.737706589516,389.2990457263313,21112.853211476147,19125.22095045451,23008.90537796664,136219.9837612472,18390.755736610747,77220.42642541169,3593.8259422107926,429386.7174738807,277593.6283884057,124582.73336455334,0.0,0.0,0.0,0.0,0.0,0.0,0.0,0.0,0.0,0.0,4587738.517647428,0.0,0.0,14.860920841026859,R0A,0.06955977655518956,0.24139853206394776,3.173928873187149,0.21867249379296874,0.2630774688292866,0.8829170267860327,1.424444562441719,2.545737314756467,4.9094891272018994,1.5575016691664278,0.2102748214036422,19146.051288498482
E08000010,2011,318122,16.358818314986074,39.23400456428666,,0.889039397,,9,,,,,,,,,,,,,,,,,,,,,,,,,,,6.211891169682982,RRF,,,,,,,,,,,,
E08000010,2012,318109,17.12243287678123,38.6373852987498,2.0338940426080367,0.9963485,6.76597715605958,7,,,,,,,,,,,,,,,,,,,,,,,,,,,6.211891169682982,RRF,,,,,,,,,,,,
E08000010,2013,318737,17.649974744067993,38.03794350828426,2.177343703429473,1.066584587,6.94802797620461,14,,,,,,,,,,,,,,,,,,,,,,,,,,,6.211891169682982,RRF,,,,,,,,,,,,
E08000010,2014,320075,18.156369600874797,37.4424744200578,2.3775677575568226,1.088821292,7.01294754869283,11,,,,,,,,,,,,,,,,,,,,,,,,,,,6.211891169682982,RRF,,,,,,,,,,,,
E08000010,2015,320864,18.524670888600777,36.98327017053954,2.820509624015159,1.157327533,7.14373172934172,14,,,,,,,,,,,,,,,,,,,,,,,,,,,6.211891169682982,RRF,,,,,,,,,,,,
E08000010,2016,321494,18.783865328746412,36.4227637218735,3.6081544290095615,1.1889534,7.29781688588993,15,,,,,,,,,,,,,,,,,,,,,,,,,,,6.211891169682982,RRF,,,,,,,,,,,,
E08000010,2017,322485,18.91870939733631,36.05035893142317,2.95517620974619,1.253538847,7.49065085181128,5,,,,,,,,,,,,,,,,,,,,,,,,,,,6.211891169682982,RRF,,,,,,,,,,,,
E08000010,2018,323904,19.050088915234145,35.92885546334716,3.689364750049397,1.301426291,7.70861343829701,8,,,,,,,,,,,,,,,,,,,,,,,,,,,6.211891169682982,RRF,,,,,,,,,,,,
E08000010,2019,326386,19.235200039217368,35.93781596024339,3.6030957210174455,1.338525176,7.86991966588141,11,168996.31839242065,2439.2248946448303,2.6152114426506463,19511.852636166543,13392.428844234031,8006.404311783735,80460.81695683805,14175.305983260409,83226.85592376256,2565.2969652877537,447473.2844576434,215142.3519633644,27048.308341087373,0.0,0.0,0.0,0.0,0.0,0.0,0.0,0.0,0.0,0.0,4637893.629443787,0.0,0.0,6.211891169682982,RRF,0.02047516722694534,0.16378499846821043,1.805932550015906,0.11241776876034446,0.06720678668466033,0.698616923988082,0.22704697615444133,1.4185768140607415,3.7561482538881683,0.6753984374400128,0.11898934007175141,14209.842424135188
E08000010,2020,327850,19.293884398352905,36.0503278938539,3.257587311270398,1.19598949,7.85614305921283,7,184523.53107085588,1817.7592204405075,6.530702121260653,11740.083734192625,18252.450018632127,12709.125739958454,116654.4108705319,14916.241017300037,53854.78474850149,2397.824272223911,406567.9877592273,261305.32237712026,24813.44671607242,0.0,0.0,0.0,0.0,0.0,0.0,0.0,0.0,0.0,0.0,4381944.108757473,0.0,0.0,6.211891169682982,RRF,0.015190368301913108,0.09810771075306012,2.1836357871405463,0.15252924318991629,0.10620565067936141,0.4500453118052358,0.20735716271910534,1.5419976231266461,3.397544297607094,0.9748394865721828,0.12464972928481774,13365.698059348704
E08000010,2021,329796,19.40078108891557,36.32184744508727,3.423328360562287,1.416647673,7.97562819852498,4,185067.41701242118,1683.777651375494,29.37616620679786,15272.504384870708,30676.998038087015,14657.614886580663,159338.8661011511,15731.220287438771,67384.67862112999,2378.731856332162,463625.76176318596,279610.6363258682,28375.10882955158,0.0,0.0,0.0,0.0,0.0,0.0,0.0,0.0,0.0,0.0,4888180.776030495,0.0,0.0,6.211891169682982,RRF,0.013987705902507221,0.12687381825967892,2.322819372821656,0.25484411565744186,0.12176572488547642,0.5597871346714622,0.2357215496566128,1.5374171282008053,3.8514947618360504,1.3236814231624723,0.13068452517379173,14821.831605084642
E08000010,2022,334538,19.385839575773154,36.67684986458937,11.346991971016744,1.451173544,8.37054175705576,3,165542.31152393794,2472.2886817853514,63.83915569449437,15688.70700682259,18688.927514067855,16266.379465839547,183823.61466658552,19227.58675360069,68628.28623640856,2684.016818128329,451785.06428924133,275355.5137867253,26784.6573887441,0.0,0.0,0.0,0.0,0.0,0.0,0.0,0.0,0.0,0.0,4706848.214258527,0.0,0.0,6.211891169682982,RRF,0.020247008258335347,0.1284839358243357,2.2550462665193085,0.1530544844963277,0.13321483118234984,0.5620369046791626,0.21935511954654047,1.3557221586714758,3.6999303499828993,1.5054383703862912,0.15746587793577593,14069.696758689677
E08000010,2023,339755,19.30714779767774,37.26155612132272,8.806345749142766,1.566307902,8.81767155531414,13,189609.12602816324,3667.1878278173635,61.13896258617281,16664.143005401664,16949.008829876708,30920.631102039406,211893.7617554379,21836.79107659365,79743.99500853612,3696.8050556133603,494885.41723945714,315966.3324895785,29518.30629860252,0.0,0.0,0.0,0.0,0.0,0.0,0.0,0.0,0.0,0.0,5141136.463084542,0.0,0.0,6.211891169682982,RRF,0.029571573455065128,0.1343767900874717,2.5478982940735375,0.13667389922090684,0.24933866407795793,0.6430418938750676,0.23803055746336568,1.5289754605860286,3.990671095908209,1.708674939660895,0.17608813664958534,15131.893461713713
E08000010,2024,344245,19.35336751441561,37.50584612703162,7.512091678891488,1.607774138,9.19466121,8,166989.09838968684,4567.097700150299,52.31973418745436,18207.083504025595,18918.489246892095,42315.94280386674,223808.07937858783,21484.199797263278,93196.9042121707,3737.892382696343,492761.44673112733,332155.1830651882,27520.491011475257,0.0,0.0,0.0,0.0,0.0,0.0,0.0,0.0,0.0,0.0,5141631.981075712,0.0,0.0,6.211891169682982,RRF,0.03634793951623972,0.14490383464966589,2.6435073862469975,0.1505656651185797,0.3367778468056399,0.7417216928145172,0.2190260004092757,1.3290080586495867,3.9217166869735167,1.7812105338212876,0.17098526155024807,14935.967061469917
E08000011,2011,145903,15.827638910783191,38.67706627005613,,0.511561275,,5,,,,,,,,,,,,,,,,,,,,,,,,,,,5.161937425178764,RBN,,,,,,,,,,,,
E08000011,2012,146227,16.172799824929733,38.26995014600587,1.258317547374972,0.570235968,6.89182463556966,2,,,,,,,,,,,,,,,,,,,,,,,,,,,5.161937425178764,RBN,,,,,,,,,,,,
E08000011,2013,146370,16.37630662020906,37.945617271298765,1.2434241989478718,0.641311944,6.97731527370529,5,,,,,,,,,,,,,,,,,,,,,,,,,,,5.161937425178764,RBN,,,,,,,,,,,,
E08000011,2014,146562,16.52815873145836,37.65300691857371,1.5829478309520886,0.699838221,7.07044827333869,3,,,,,,,,,,,,,,,,,,,,,,,,,,,5.161937425178764,RBN,,,,,,,,,,,,
E08000011,2015,147300,16.58859470468432,37.23896809232858,1.670061099796334,0.839225173,7.32645678142539,2,,,,,,,,,,,,,,,,,,,,,,,,,,,5.161937425178764,RBN,,,,,,,,,,,,
E08000011,2016,147928,16.737196473960307,36.91390406143529,1.980693310259045,0.840307117,7.55791513394721,1,,,,,,,,,,,,,,,,,,,,,,,,,,,5.161937425178764,RBN,,,,,,,,,,,,
E08000011,2017,148567,16.80655865703689,36.53031965375891,1.8981335020563117,0.858379066,7.60361458968466,0,,,,,,,,,,,,,,,,,,,,,,,,,,,5.161937425178764,RBN,,,,,,,,,,,,
E08000011,2018,150042,16.85528052145399,36.681062635795314,2.512629796990176,0.988188267,7.89941678509579,1,,,,,,,,,,,,,,,,,,,,,,,,,,,5.161937425178764,RBN,,,,,,,,,,,,
E08000011,2019,151793,17.004736713814207,36.88773527105993,3.326899132371058,1.057229877,8.07329826780398,0,110748.86104084,1006.5721715055663,33.99545945889747,5792.633104933201,10211.753874036607,5552.157964753885,28013.883141136183,8327.68594417233,38031.290203343204,1024.5032468961663,270608.11899002595,112473.45151026284,31787.75729543829,0.0,0.0,0.0,0.0,0.0,0.0,0.0,0.0,0.0,0.0,2844526.0036563086,0.0,0.0,5.161937425178764,RBN,0.01816771509046912,0.10455177567311072,2.0300438260912608,0.18431289897474123,0.10021141741883499,0.6864303072315444,0.5737401989215538,1.998916531712212,4.88423120184718,0.505625192006457,0.15030718102441654,18739.50711598235
E08000011,2020,153408,17.046698998748436,37.239257405089695,2.698685857321652,1.108877897,8.09754524443898,4,109871.83744710831,931.921949806692,85.93526054972311,4828.504338108106,11914.259282027233,9366.108628978045,46043.05090724346,8448.374172584743,32709.102670711352,958.2285347024459,231247.82791002785,142882.4028720728,30419.90411321584,0.0,0.0,0.0,0.0,0.0,0.0,0.0,0.0,0.0,0.0,2426251.0362429256,0.0,0.0,5.161937425178764,RBN,0.016643270373045718,0.08623265415438151,2.551748526841357,0.2127777316184906,0.16727010055695413,0.584154541612935,0.5432715572193524,1.9622101372275473,4.129873884700836,0.8222866144617748,0.15088020578992759,15815.674777344893
E08000011,2021,154978,17.06048600446515,37.74793841706565,3.194001729277704,1.195370436,8.15081363591409,0,113195.31925073205,940.8067614764987,94.8090601869198,5330.418688274168,16588.55311248551,15147.582167117846,67945.31527767288,9497.212990996148,31866.7944281896,1128.8505427717482,283641.1486439211,194238.9130217003,30623.05847474969,0.0,0.0,0.0,0.0,0.0,0.0,0.0,0.0,0.0,0.0,3010404.365763633,0.0,0.0,5.161937425178764,RBN,0.016631733350336752,0.09423199949147298,3.4337867667598303,0.29325511181676356,0.26778139552317975,0.5633463207979781,0.5413593564362682,2.001085072273308,5.014253877199381,1.2011482191404788,0.16789325981215095,19424.720707220593
E08000011,2022,157023,17.170096100571254,38.14982518484553,7.419295262477472,1.352699876,8.3090965698968,3,116895.23898074961,1084.4315034032636,61.4871609724055,4890.261426602459,11957.704797434379,17504.89735481719,72269.01381842616,11828.994832754337,37663.09667677519,1217.298990190713,295271.8120828509,150283.840355256,32630.67667293904,0.0,0.0,0.0,0.0,0.0,0.0,0.0,0.0,0.0,0.0,3169948.0718075335,0.0,0.0,5.161937425178764,RBN,0.018921082992959387,0.08532493017736009,2.6221416538883453,0.20863717456337003,0.3054241919330933,0.6571430060420463,0.5693377032182274,2.0395797349075133,5.151881372283929,1.2609445631065157,0.20639145234293552,20187.79460211264
E08000011,2023,159191,17.352739790566048,38.53295726517202,8.084627899818456,1.394148946,8.44798146574096,5,125241.31613450717,1257.5235393321,140.9162876790667,6566.2154803036565,15888.895268588305,20142.41471767307,90155.97424295289,13080.7899072589,45608.29212901696,1120.0852500951096,303203.23032261897,179559.03405540885,35073.51269752449,0.0,0.0,0.0,0.0,0.0,0.0,0.0,0.0,0.0,0.0,3251645.8143492253,0.0,0.0,5.161937425178764,RBN,0.021642366533113532,0.11300658613167032,3.0902661523321964,0.2734527700305957,0.34665714680251114,0.7849327223964004,0.6036259311748537,2.1554415357601733,5.218220764401287,1.551612020521104,0.2251244138665666,20426.065634044797
E08000011,2024,161714,17.457981374525396,38.77153493204052,7.711144365979445,1.465833187,8.607751063,6,129390.15259747015,1551.8323059113598,142.69838163896395,7916.646889360483,16932.333093831672,22819.385731188653,90463.8267370588,13577.655195582662,49765.42505786116,1302.5784396004274,317270.8604007557,182092.05585094547,36425.118745484644,0.0,0.0,0.0,0.0,0.0,0.0,0.0,0.0,0.0,0.0,3376533.322450677,0.0,0.0,5.161937425178764,RBN,0.026290830470220634,0.1341222376077178,3.0849669465668454,0.286864178003949,0.3866014384466108,0.8431158112192515,0.6171070277034773,2.192101913008102,5.37513903542472,1.532619937973683,0.23002990050560532,20879.659908546426
E08000012,2011,465656,14.112134279382206,46.36813441682272,,1.763161778,,42,,,,,,,,,,,,,,,,,,,,,,,,,,,14.899416951607392,REM,,,,,,,,,,,,
E08000012,2012,465365,14.472725709926618,45.85261031663318,14.35647287612949,1.826155305,5.80083392737314,48,,,,,,,,,,,,,,,,,,,,,,,,,,,14.899416951607392,REM,,,,,,,,,,,,
E08000012,2013,465815,14.656032974464113,45.487586273520606,15.903309253673669,1.824602723,5.85685183642733,41,,,,,,,,,,,,,,,,,,,,,,,,,,,14.899416951607392,REM,,,,,,,,,,,,
E08000012,2014,465745,14.87101310803122,44.96902811624387,17.37646136834534,1.963771343,5.99664449229821,36,,,,,,,,,,,,,,,,,,,,,,,,,,,14.899416951607392,REM,,,,,,,,,,,,
E08000012,2015,469953,14.884679957357438,44.87618974663424,17.669852091592137,2.002646685,6.10037439205029,41,,,,,,,,,,,,,,,,,,,,,,,,,,,14.899416951607392,REM,,,,,,,,,,,,
E08000012,2016,475486,14.922626533693949,44.77481986851348,19.905948860744587,2.117855787,6.19838776476834,35,,,,,,,,,,,,,,,,,,,,,,,,,,,14.899416951607392,REM,,,,,,,,,,,,
E08000012,2017,479801,14.931398642353807,44.68206610657335,16.86740961356896,2.158594847,6.27303041530533,38,,,,,,,,,,,,,,,,,,,,,,,,,,,14.899416951607392,REM,,,,,,,,,,,,
E08000012,2018,483598,14.998821335075828,44.735710238669306,20.06004987613679,2.159621954,6.45953118089341,30,,,,,,,,,,,,,,,,,,,,,,,,,,,14.899416951607392,REM,,,,,,,,,,,,
E08000012,2019,484687,15.17040894432902,44.64613245248996,22.83535560062473,2.214891911,6.62389125926891,43,406784.78238069254,5763.7002758297995,240.25140061246407,26054.377971648402,42776.342586582556,18887.491224672158,121590.44415727946,28296.22737119594,98385.45346122241,3028.4044536614924,983643.2743668546,437339.82722205156,196622.73306566168,0.0,0.0,0.0,0.0,0.0,0.0,0.0,0.0,0.0,0.0,10399850.320612242,0.0,0.0,14.899416951607392,REM,0.03257970537647527,0.1472741324949317,2.472092933083981,0.24179616771508639,0.10676282074920859,0.5561304255426552,1.1114232883448023,2.2993784769088372,5.5601100926105635,0.6872982038727914,0.15994633775202607,21456.837754287288
E08000012,2020,483348,15.290225675910524,44.64133502155797,20.96832923690592,2.130073071,6.57106556828943,33,405942.541194701,4993.047755101593,607.4192742292784,20513.88100880578,51570.70568499857,30491.992752225622,228158.97100148603,29291.220394947268,90532.40426551056,2320.2989400016704,840915.1762476303,626650.9864419574,189776.43258545766,0.0,0.0,0.0,0.0,0.0,0.0,0.0,0.0,0.0,0.0,8864277.927699713,0.0,0.0,14.899416951607392,REM,0.02830172648007087,0.11627732756265788,3.551999837899812,0.29231444966449527,0.17283552672294322,0.5131581889013092,1.0756958376593675,2.3009743409280827,4.7664978342705195,1.2932567658021716,0.1660292768155997,18339.328863882158
E08000012,2021,485022,15.442804656283633,44.95095067852592,20.53927450713576,2.349034309,6.61122267666201,28,413937.9947033239,5492.105898998973,670.399248934254,22491.949781531595,70070.8714143449,51034.45376797664,318697.9005400849,34245.55099986782,97620.26758903444,2655.18727095629,1059755.7610403837,959790.4748159787,189919.86113208576,0.0,0.0,0.0,0.0,0.0,0.0,0.0,0.0,0.0,0.0,11398931.375125898,0.0,0.0,14.899416951607392,REM,0.031023057668950103,0.1270494538873994,5.421533342201616,0.3958067678915336,0.2882764519591437,0.5514240341987844,1.0727933715651017,2.3381964072090042,5.986203597376059,1.800217171564453,0.19344159109668865,23501.88522402262
E08000012,2022,493854,15.369319677475527,45.90951981759791,23.227512584691024,2.329292059,6.74368746530866,29,426267.07995160023,6044.214666033931,434.91269340012,20387.144228275414,48811.22268944796,42377.37412522247,295287.46391617897,41289.42415369811,110628.0827334181,3193.879675271906,1121227.2741550377,601122.5038734868,199128.6992574822,0.0,0.0,0.0,0.0,0.0,0.0,0.0,0.0,0.0,0.0,12173088.835336586,0.0,0.0,14.899416951607392,REM,0.03353114935934385,0.1131006120564134,3.3348134661588285,0.27078727160530097,0.23509457220883742,0.6137251852284338,1.1046950721417372,2.3647778767936027,6.220169413693602,1.6381496362392223,0.22905901341313795,24649.165209427454
E08000012,2023,503198,15.300935218343476,46.7497883536898,32.41070115541,2.418638706,6.93360243975441,49,456304.2660442243,7335.584532411638,971.888273801534,29282.00431507772,72623.2220619984,57295.605957884116,373113.80118644313,42246.37846464391,135728.70940310103,3157.738180096421,1123021.395050074,757851.4113010295,215452.65746681654,0.0,0.0,0.0,0.0,0.0,0.0,0.0,0.0,0.0,0.0,12152107.165213443,0.0,0.0,14.899416951607392,REM,0.0399395305021501,0.15942962681961637,4.1262191750388055,0.3954064437392596,0.3119532726646621,0.7389923604956998,1.1730596173548862,2.4844070805006484,6.114433971006777,2.031465928504535,0.23001582407493676,24149.75251335149
E08000012,2024,508202,15.40706254599549,47.06593047646408,31.070322430844428,2.522647619,6.990252013,57,467644.97532109526,8327.227369807662,992.2890494869293,38105.76111987409,79552.00621195641,76397.98826376715,359520.4226986858,44251.85864895041,155442.46051224583,3035.1446939358552,1163280.119156327,735575.392768803,225997.01667392143,0.0,0.0,0.0,0.0,0.0,0.0,0.0,0.0,0.0,0.0,12496559.576671561,0.0,0.0,14.899416951607392,REM,0.0448922309654761,0.20542883643492477,3.9655000347925666,0.42886628142070576,0.4118629145242114,0.8379930713143018,1.218353939369926,2.5210823854859963,6.271263827388275,1.9381809978088518,0.23856255760747497,24589.7489121876
E08000013,2011,175405,18.050226618397424,37.59413927767167,,0.648859084,,5,,,,,,,,,,,,,,,,,,,,,,,,,,,5.016180346745102,RBN,,,,,,,,,,,,
E08000013,2012,176214,18.76411635851862,37.2041948993837,1.9067724471381389,0.677826226,6.91435668541757,5,,,,,,,,,,,,,,,,,,,,,,,,,,,5.016180346745102,RBN,,,,,,,,,,,,
E08000013,2013,176451,19.272205881519515,36.83005480274977,2.0005553949821766,0.719630122,6.95983696201134,3,,,,,,,,,,,,,,,,,,,,,,,,,,,5.016180346745102,RBN,,,,,,,,,,,,
E08000013,2014,177785,19.62370278707428,36.501954608094046,2.1374131675900667,0.423532665,7.07930613709973,5,,,,,,,,,,,,,,,,,,,,,,,,,,,5.016180346745102,RBN,,,,,,,,,,,,
E08000013,2015,178296,19.88883654148158,36.07764616143941,1.9293758693408716,0.80774647,7.37131324308861,2,,,,,,,,,,,,,,,,,,,,,,,,,,,5.016180346745102,RBN,,,,,,,,,,,,
E08000013,2016,179229,20.164705488509117,35.59580201864654,2.505174943786999,0.964728355,7.61468004704822,2,,,,,,,,,,,,,,,,,,,,,,,,,,,5.016180346745102,RBN,,,,,,,,,,,,
E08000013,2017,180150,20.32195392728282,35.18179295031918,2.1371079655842355,1.006065965,7.72950872037309,3,,,,,,,,,,,,,,,,,,,,,,,,,,,5.016180346745102,RBN,,,,,,,,,,,,
E08000013,2018,180937,20.43805302398072,34.97570977743634,2.5312677893410416,1.085647702,7.97955266802899,1,,,,,,,,,,,,,,,,,,,,,,,,,,,5.016180346745102,RBN,,,,,,,,,,,,
E08000013,2019,181541,20.59810180620356,34.963451782242025,2.8643667270754265,1.066224337,8.03450430994474,2,113171.60550698351,598.2731259188744,8.087143329522405,5066.584717058332,9651.155631892687,6439.114897867149,27043.642366036187,8855.73603778039,52814.53168173921,1274.4582729521999,282791.3986847049,114333.54894034527,14168.11713371321,0.0,0.0,0.0,0.0,0.0,0.0,0.0,0.0,0.0,0.0,2948827.0375487222,0.0,0.0,5.016180346745102,RBN,0.009028838965149794,0.0764623639802463,1.7254647701431765,0.14565041659546904,0.0971759033997173,0.7970505124090872,0.21381814174454888,1.7079293006528433,4.267746433591097,0.4081291326248757,0.13364634167745482,16243.31163510569
E08000013,2020,182102,20.580224269914662,35.15667043744715,2.4821254022470924,1.103219986,8.01008796210863,0,111215.32961076833,623.686834318543,20.446707273343556,4407.783076223014,10733.299876447463,11033.74971980808,37107.03467206183,8962.003250563566,43031.609054405075,1354.2015783843565,241447.25673557457,128142.22877837584,12923.748831247638,0.0,0.0,0.0,0.0,0.0,0.0,0.0,0.0,0.0,0.0,2521336.7490922473,0.0,0.0,5.016180346745102,RBN,0.009383373345309306,0.06631513117400882,1.927900843443842,0.16148258136298838,0.16600285162790865,0.6474108978876518,0.19443790317796664,1.6732355118570206,3.6325758834176565,0.5582756295404793,0.13483340964507723,13845.73892155082
E08000013,2021,183394,20.61517825010633,35.48534848468325,2.5845992780570795,1.188807845,8.06199180778871,4,115897.26166345643,521.0479800463431,23.543002280309736,4949.979351023901,15705.07556586053,17131.23199844437,58204.31513791041,9766.12338566444,40031.23283921371,1587.8962749120958,289344.18298795936,148910.30966659763,13472.211504271883,0.0,0.0,0.0,0.0,0.0,0.0,0.0,0.0,0.0,0.0,3025215.6618672204,0.0,0.0,5.016180346745102,RBN,0.007783944471769712,0.07394782415498424,2.2245736018700906,0.2346183860433212,0.25592376079653,0.5980272556266494,0.2012615925540338,1.7313911266641344,4.322517579681493,0.8695152354502629,0.1458962802844036,16495.717754491532
E08000013,2022,184858,20.616364993670818,35.85184303627649,7.129796925207456,1.200676203,8.25957262506786,5,119617.99184522647,682.7516590216796,17.061170121062965,4627.116983620813,11579.460348777027,23650.54479876811,72222.63579161464,12472.061520011144,47179.379384354026,1616.2796687999764,295593.17767218035,149494.7734021653,15033.634751259986,0.0,0.0,0.0,0.0,0.0,0.0,0.0,0.0,0.0,0.0,3125656.5226475145,0.0,0.0,5.016180346745102,RBN,0.010118861452955,0.06857713938178409,2.215618050881043,0.1716157748150417,0.3505177657840607,0.6992317003092343,0.22280907731562022,1.7728230620441647,4.380899514165117,1.0703904350664812,0.1848447541446644,16908.41901701584
E08000013,2023,186659,20.5765593944037,36.41881720142077,8.877150311530652,1.155616641,8.45182965586126,5,129200.81475504214,743.2774966852583,38.68722721902164,5802.596920853436,13377.735284902736,25538.09667262506,88819.7507164183,14640.03498757647,56521.73908986697,1493.9783503816902,311156.9117292763,170405.74230161143,15814.473827637688,0.0,0.0,0.0,0.0,0.0,0.0,0.0,0.0,0.0,0.0,3298142.321675851,0.0,0.0,5.016180346745102,RBN,0.010909608983479408,0.08516881484716708,2.501165480376918,0.1963544728498424,0.374840688872105,0.8296095002023245,0.2321202061254574,1.8963716453282238,4.567069842168071,1.3036702370885287,0.2148821374670912,17669.345285659147
E08000013,2024,188397,20.645233204350387,36.74686964229792,9.272971437974064,1.229712129,8.544332218,4,133795.06897444767,1108.8143992792868,37.81161473184358,6395.805063081651,13633.280967256309,26411.107447592924,93175.47833235138,15237.221095157483,59645.990815467514,1838.3376961449012,327302.92331778666,179598.26239087767,15945.479552393243,0.0,0.0,0.0,0.0,0.0,0.0,0.0,0.0,0.0,0.0,3438201.382411216,0.0,0.0,5.016180346745102,RBN,0.01612471360615254,0.0930097273177597,2.611772129851378,0.1982592860014321,0.38407829469978794,0.8673899980733997,0.23188397558890314,1.9456882689570745,4.759737882540326,1.3549859238859034,0.2215842673694886,18249.767153464312
E08000014,2011,273969,20.9388653460793,34.66742587665028,,0.732724249,,7,,,,,,,,,,,,,,,,,,,,,,,,,,,6.440465532676809,REM,,,,,,,,,,,,
E08000014,2012,273979,21.554936692228235,34.35007792568044,3.0695783253461038,0.722929239,6.24283932629636,17,,,,,,,,,,,,,,,,,,,,,,,,,,,6.440465532676809,REM,,,,,,,,,,,,
E08000014,2013,273814,21.93898047579744,34.03003498725412,3.327076044322058,0.734137416,6.38523878627794,6,,,,,,,,,,,,,,,,,,,,,,,,,,,6.440465532676809,REM,,,,,,,,,,,,
E08000014,2014,275143,22.17610478914601,33.74572495029857,3.3982329188821816,1.027674794,6.46984464538758,9,,,,,,,,,,,,,,,,,,,,,,,,,,,6.440465532676809,REM,,,,,,,,,,,,
E08000014,2015,275546,22.34799271265052,33.46845898688422,3.3606004079173712,1.012621403,6.7714791264942,6,,,,,,,,,,,,,,,,,,,,,,,,,,,6.440465532676809,REM,,,,,,,,,,,,
E08000014,2016,276707,22.52021090901206,33.25539288850661,4.423451520922853,1.07745719,6.90582640138223,8,,,,,,,,,,,,,,,,,,,,,,,,,,,6.440465532676809,REM,,,,,,,,,,,,
E08000014,2017,276962,22.73452675818343,32.89404322614655,3.993327604508922,1.165006757,7.08576745655886,5,,,,,,,,,,,,,,,,,,,,,,,,,,,6.440465532676809,REM,,,,,,,,,,,,
E08000014,2018,277890,22.865882183597822,32.761164489546225,4.253481593436251,1.232803464,7.3711708275492,6,,,,,,,,,,,,,,,,,,,,,,,,,,,6.440465532676809,REM,,,,,,,,,,,,
E08000014,2019,278908,23.13343468097007,32.733374446053894,3.8686591994492807,1.251683593,7.37786336031507,10,215795.27314679633,2527.783672008265,95.27261244944052,12815.140962075748,21164.2391126736,10617.06440527384,60397.96149788793,16162.092996399115,65746.35756163647,1857.0992695164875,535771.5878377605,223475.56674016043,81775.7561159061,0.0,0.0,0.0,0.0,0.0,0.0,0.0,0.0,0.0,0.0,5650184.946212698,0.0,0.0,6.440465532676809,REM,0.024830534505395557,0.12588371519842992,2.195210702759946,0.20789728780476344,0.10429190875013178,0.6458294743004219,0.8032869886874476,2.1197668278772177,5.262908786908477,0.5932919353962639,0.1587609779549157,20258.239083184053
E08000014,2020,278621,23.224738982345198,32.86866388391399,3.721901794911367,1.311236858,7.36749993469686,6,214640.5985936161,2246.1280503740345,240.87754334823435,10346.159922340072,25145.568943028647,17559.779186537,106096.5195268287,16417.44092511465,58468.05039845592,1609.9947099052695,457517.03654920193,302428.3158549454,78433.50806301193,0.0,0.0,0.0,0.0,0.0,0.0,0.0,0.0,0.0,0.0,4817030.155038471,0.0,0.0,6.440465532676809,REM,0.02208654581125187,0.10173548879247979,2.973827272063891,0.2472605069500425,0.17266819110082915,0.5749259368383016,0.7712495592949083,2.1105962382701158,4.498840119773858,1.0432644917788474,0.16143539146652103,17288.826596123305
E08000014,2021,279693,23.296256967460756,33.075193158212755,3.532444501650023,1.327774405,7.48500142843539,5,219940.86111429782,2391.3532424082264,265.8649188335917,11401.117497205845,34786.48635898412,28748.543717479282,151921.5365608232,18838.00980981117,59207.54043803125,1913.0375246825608,570529.1183967083,438482.9963445333,78938.80641279613,0.0,0.0,0.0,0.0,0.0,0.0,0.0,0.0,0.0,0.0,6092068.88802255,0.0,0.0,6.440465532676809,REM,0.023424442938960385,0.11167937112658939,4.295149602086057,0.3407501870958821,0.28160566575690477,0.5799660326009232,0.7732431719807479,2.1544253938532885,5.5886042019624185,1.4881437427389024,0.1845272701866138,21781.270493085456
E08000014,2022,280956,23.475562009709705,33.19558934495081,6.9192329047964805,1.344873548,7.66545410609258,4,226969.69485584422,2678.288255197393,172.51564981528676,10393.422201613188,24448.46414591912,29095.77701431587,150697.08430122325,23132.344617508883,70158.5043198387,2149.148098247471,599988.2242312802,303157.49830551236,83395.70214272896,0.0,0.0,0.0,0.0,0.0,0.0,0.0,0.0,0.0,0.0,6478551.655546988,0.0,0.0,6.440465532676809,REM,0.026117171520226273,0.10135084966858933,2.956222641652974,0.23840777043545372,0.28372577048885994,0.6841465579248182,0.8132283195002207,2.2132817253483483,5.850750131900731,1.4695138175121387,0.22557370770979088,23058.954624734793
E08000014,2023,283078,23.67298059192166,33.49253562622316,7.538558277223945,1.430872202,7.84996960694503,5,243639.33173991926,3163.086284112622,385.9554847426909,14272.489223412245,34475.50011985403,35626.53242773847,188796.86019639813,24851.461009155446,85562.58785664843,2036.329787633427,608831.9062724498,372561.98756132164,89817.57886063991,0.0,0.0,0.0,0.0,0.0,0.0,0.0,0.0,0.0,0.0,6561411.560019227,0.0,0.0,6.440465532676809,REM,0.0306134345285986,0.13813404857010944,3.6057827670840097,0.3336657210588652,0.3448058067323762,0.8281040876448345,0.869285350759512,2.358025061875286,5.892484120717682,1.8272408020791222,0.24052096788034166,23178.811352416036
E08000014,2024,285298,23.862768053053298,33.68477872259883,7.416806286759809,1.502481103,8.024141558,8,250127.7465797717,3748.427959494754,393.889619707969,17783.67212592412,37241.81286061938,43075.676719062554,185655.02740800427,25866.310773076486,95212.2654440233,2228.3038021342772,631623.9176545056,369571.87623899383,93865.4333668347,0.0,0.0,0.0,0.0,0.0,0.0,0.0,0.0,0.0,0.0,6747235.632439011,0.0,0.0,6.440465532676809,REM,0.03599627632318271,0.1707771852101784,3.5490108179027207,0.35763434724988236,0.4136571327347752,0.9143264998858998,0.9013928273876447,2.4019849332236,6.065505144531938,1.7828513018207663,0.24839502855871334,23649.782446561177
E08000015,2011,319837,19.2057204138358,35.82449810372158,,0.864708841,,10,,,,,,,,,,,,,,,,,,,,,,,,,,,5.43685681715258,RBL,,,,,,,,,,,,
E08000015,2012,319971,19.757728044103995,35.38289407477553,2.3470877048232497,0.862540841,6.53827936865237,11,,,,,,,,,,,,,,,,,,,,,,,,,,,5.43685681715258,RBL,,,,,,,,,,,,
E08000015,2013,319965,20.13126435703905,35.0563342865626,2.478396074570656,0.926753223,6.49143801100492,11,,,,,,,,,,,,,,,,,,,,,,,,,,,5.43685681715258,RBL,,,,,,,,,,,,
E08000015,2014,320917,20.472271646562817,34.684357637644624,2.69851706204408,1.057782769,6.82620797979729,6,,,,,,,,,,,,,,,,,,,,,,,,,,,5.43685681715258,RBL,,,,,,,,,,,,
E08000015,2015,320714,20.774584208983704,34.28412853819914,2.6222740510236537,1.129747629,6.97979484450751,10,,,,,,,,,,,,,,,,,,,,,,,,,,,5.43685681715258,RBL,,,,,,,,,,,,
E08000015,2016,320914,21.024324273792978,33.832428625737734,2.87615996809114,1.140513539,6.99392333611727,13,,,,,,,,,,,,,,,,,,,,,,,,,,,5.43685681715258,RBL,,,,,,,,,,,,
E08000015,2017,321020,21.26409569497228,33.465516167217,2.629119681016759,1.213564873,7.21754710607863,6,,,,,,,,,,,,,,,,,,,,,,,,,,,5.43685681715258,RBL,,,,,,,,,,,,
E08000015,2018,320643,21.54826395711118,33.2113908614877,2.987746496882826,1.281767726,7.27572636568453,8,,,,,,,,,,,,,,,,,,,,,,,,,,,5.43685681715258,RBL,,,,,,,,,,,,
E08000015,2019,320732,21.83037551600713,33.255802352119524,3.052392651808987,1.353634,7.4255605038253,10,71074.63458615862,1386.3650776265808,13.152024917064749,8430.143596999782,21610.307410174028,16153.087850723132,58779.942071706675,19736.62692829414,102848.2740339675,1367.5259636657765,606357.9876882768,257545.898331273,41837.20012574005,0.0,0.0,0.0,0.0,0.0,0.0,0.0,0.0,0.0,0.0,6345348.078972626,0.0,0.0,5.43685681715258,RBL,0.011842474360675474,0.07201116142884609,2.1999837899168067,0.18459748846921936,0.13798135267906114,0.8785406296962778,0.3573777050556787,0.6071269042797359,5.17957285456331,0.5021043649612699,0.16859231535511612,19783.956945277132
E08000015,2020,320249,21.944799203120077,33.36247732233356,2.747861820021296,1.351097107,7.3632977330268,9,72169.70764154094,1518.6046243082944,33.25223661478306,8197.115977534566,22293.31021332998,22189.72746243848,88636.63084900315,20420.761472253456,88024.05367678602,1829.2690474403748,497926.39691133343,292750.6555046157,51672.20926767274,0.0,0.0,0.0,0.0,0.0,0.0,0.0,0.0,0.0,0.0,5228094.590902798,0.0,0.0,5.43685681715258,RBL,0.012991642798395226,0.07012622051355472,2.504478048092592,0.19071897875809546,0.18983282967220652,0.7530446336922337,0.44205507784180725,0.6174109096833422,4.259753845745402,0.7582852234286972,0.17469934864684664,16325.092633865515
E08000015,2021,320631,22.08738393979372,33.541048744506924,3.1344442677096103,1.340112448,7.59370547950159,7,83280.48557665687,2037.9130111743248,36.98787376314629,9199.999655069478,28216.791059229152,30168.0516059391,115151.75375176358,21829.32022778737,81724.80374058455,2947.614756885806,633739.3022536796,332117.9931396889,65081.23933572537,0.0,0.0,0.0,0.0,0.0,0.0,0.0,0.0,0.0,0.0,6671342.740597687,0.0,0.0,5.43685681715258,RBL,0.01741354802962228,0.07861210708583907,2.837880023989416,0.24110668299260027,0.2577798035144919,0.6983216591409205,0.5561058204083734,0.7116146408446125,5.415172147948842,0.9839480800488624,0.18652705692356183,20806.917424072177
E08000015,2022,322411,22.335776384800766,33.68340410221736,7.267121779343757,1.328632355,7.7375801210119,6,92328.75213155018,2243.480829777878,24.35998435625261,11596.346936509835,24922.910767349647,30814.12289434945,126431.25755205817,24662.327706039378,97777.47117479435,2592.506545618063,659498.734721435,327657.57618644595,67588.76976080898,0.0,0.0,0.0,0.0,0.0,0.0,0.0,0.0,0.0,0.0,7023499.905687478,0.0,0.0,5.43685681715258,RBL,0.019064246633363174,0.09854134481976261,2.7843094359432734,0.21178541460374262,0.26184669414215705,0.8308757538380188,0.5743436535150763,0.7845746121934993,5.604169363178914,1.074364730086567,0.20957107887893606,21784.306074195603
E08000015,2023,325228,22.45378626686509,34.10991673533644,8.560148572693619,1.389270067,8.0048919574229,5,102806.19767085041,3663.0742852731537,58.28644960111693,12665.737357753878,27224.034724645317,36557.97036973194,151121.70828129558,27311.148454167644,125664.75951840662,2716.585635395426,666013.4101129426,369172.6582811596,67242.35625718873,0.0,0.0,0.0,0.0,0.0,0.0,0.0,0.0,0.0,0.0,7151605.873515467,0.0,0.0,5.43685681715258,RBL,0.030857798097496145,0.10669638006326672,3.1099165523765717,0.2293357168075245,0.307964944379858,1.0586020034535655,0.5664507163631022,0.8660411020471069,5.610507933763497,1.2730517590213681,0.23006956429948697,21989.51465899451
E08000015,2024,328209,22.65172496793202,34.439640594864855,8.427556831165507,1.393913031,8.19536978,5,116536.7868802793,3585.0171724849374,57.924555130369406,10594.984466583686,32447.234776058765,42603.436547368656,171189.07596716404,28998.08373750854,137210.55689676446,4468.18175007487,682514.1321977669,394970.5683133673,68449.67861667291,0.0,0.0,0.0,0.0,0.0,0.0,0.0,0.0,0.0,0.0,7197398.483447774,0.0,0.0,5.43685681715258,RBL,0.02992594613835427,0.08844167802518824,3.297018503648651,0.2708534306890966,0.35563236829396383,1.1453657089346674,0.5713839842084663,0.9727913255430192,5.697289629622212,1.4290015418021023,0.24206162768326697,21929.314806869326
E08000016,2011,231865,17.395035904513403,37.98115282599789,,0.907421112,,12,,,,,,,,,,,,,,,,,,,,,,,,,,,,RFF,,,,,,,,,,,,
E08000016,2012,233259,17.899416528408334,37.54324591977159,2.122104613326817,1.019457102,6.78045312197036,3,,,,,,,,,,,,,,,,,,,,,,,,,,,,RFF,,,,,,,,,,,,
E08000016,2013,234875,18.17732836615221,37.25300691857371,2.856838744012773,1.200601697,6.91515810982409,5,,,,,,,,,,,,,,,,,,,,,,,,,,,,RFF,,,,,,,,,,,,
E08000016,2014,236421,18.4882053624678,36.82879270453978,3.96326891435194,1.303076982,7.01514622282783,11,,,,,,,,,,,,,,,,,,,,,,,,,,,,RFF,,,,,,,,,,,,
E08000016,2015,238242,18.623920215579115,36.55568707448729,7.102022313445992,1.477041364,7.20351461607164,8,,,,,,,,,,,,,,,,,,,,,,,,,,,,RFF,,,,,,,,,,,,
E08000016,2016,240061,18.79563944164192,36.17205626903162,6.3483864517768405,1.580129027,7.26492887847186,10,,,,,,,,,,,,,,,,,,,,,,,,,,,,RFF,,,,,,,,,,,,
E08000016,2017,241287,18.990248127748284,35.820827479308875,5.657163460940706,1.597627163,7.38324255958631,4,,,,,,,,,,,,,,,,,,,,,,,,,,,,RFF,,,,,,,,,,,,
E08000016,2018,242360,19.140122132365075,35.52112559828355,4.311767618418881,1.645701885,7.65541421740034,2,,,,,,,,,,,,,,,,,,,,,,,,,,,,RFF,,,,,,,,,,,,
E08000016,2019,243558,19.36335492983191,35.47573883838757,3.900508297818179,1.69369185,7.7460192241772,8,197933.638439033,1933.5757472185614,22.451255646640043,10182.041682332496,18006.12050451402,13525.296317064303,48041.431557546115,13688.445482099209,49566.7943918821,1410.0267027927268,450227.68542646506,174962.25047419203,23012.200341521024,0.0,0.0,0.0,0.0,0.0,0.0,0.0,0.0,0.0,0.0,4569941.461553066,0.0,0.0,,RFF,0.021750333803852873,0.11453536574093286,1.9681087520678546,0.2025465679578111,0.15214284214898047,0.5575650838407604,0.2588587696702439,2.226508433017423,5.0645041756695015,0.5404066400267419,0.1539780683119242,18763.25746455902
E08000016,2020,244201,19.46879824406944,35.49657863808911,3.1326653044008825,1.607429862,7.85053651036222,4,168075.56838839763,1485.0303595212472,30.65311889890946,8103.237950887448,19727.82978323266,16337.722714411362,57814.71057498898,13654.26480215492,39631.15110921082,2377.1119419436463,375060.69729327847,181051.20078743622,19917.486476270875,0.0,0.0,0.0,0.0,0.0,0.0,0.0,0.0,0.0,0.0,3825901.145607796,0.0,0.0,,RFF,0.01666076849585166,0.09091138824263448,2.031239376943036,0.2213293504989143,0.1832952532916418,0.44462756577417245,0.2234571361270931,1.8856638968852755,4.207859731238448,0.6486315261966041,0.1531891542763467,15667.016701847233
E08000016,2021,244887,19.562083736580544,35.72300693789381,3.3689007583089343,1.623085141,8.09452618146083,7,167309.64744912414,1390.3057100013286,9.327111527241476,7259.115845336962,24308.207583340263,21574.705845072604,76415.35333625815,14288.779485256315,50142.19614080942,2439.513972094912,417885.8825952546,191208.18091267627,20859.09554879491,0.0,0.0,0.0,0.0,0.0,0.0,0.0,0.0,0.0,0.0,4297893.190559006,0.0,0.0,,RFF,0.015554344410808524,0.08121292113244696,2.1391826838408865,0.2719533049751631,0.2413716658588868,0.5609766130412558,0.2333656216254834,1.8718126962681771,4.675188266539648,0.8549132147811216,0.15985879632441394,17550.51591370308
E08000016,2022,246705,19.76206400356701,35.98670476885349,6.513852576964391,1.71585691,8.39709823491359,9,174328.57820499243,2114.511891451589,22.898363286336703,9465.817797059182,18991.49609554459,33218.22126475147,91046.02492800557,16606.028616888965,53848.0277950075,2536.455366063256,446480.4928002432,215907.41920052856,21924.42794675276,0.0,0.0,0.0,0.0,0.0,0.0,0.0,0.0,0.0,0.0,4591034.591835435,0.0,0.0,,RFF,0.023482228833022954,0.10512047744959868,2.397710528330837,0.2109057220249973,0.3688973688530055,0.5979969732027853,0.24347672678508506,1.9359662067139967,4.958287131797009,1.0110908339365503,0.1844144578074803,18609.410396365838
E08000016,2023,248820,19.956997025962544,36.26436781609196,6.7076601559360185,1.916147113,8.66246646092985,10,177435.5566810601,2322.3692605791643,66.45584134894251,9984.137992833563,19046.94852692354,38119.08336999578,109948.73433484366,18112.0677079972,51190.50043452862,3537.026449789386,442639.65160882514,233612.2522731307,22703.644398528962,0.0,0.0,0.0,0.0,0.0,0.0,0.0,0.0,0.0,0.0,4576965.924588934,0.0,0.0,,RFF,0.025571318657809126,0.10993409983157283,2.5722754114283055,0.20972357777392625,0.41972447893780046,0.5636522240815403,0.24998700054425618,1.9537208135391935,4.873850069410634,1.2106318187306404,0.19942972152391839,18394.68661919835
E08000016,2024,251325,20.127723067740973,36.490201929772205,6.935243210981796,2.003100157,8.958352278,6,171633.99139894085,1588.698833413708,148.10529683383695,12455.010960867028,21472.90021692293,47859.12783561998,118444.65191123271,20770.205586287233,52192.18175555417,3504.4598317162518,454393.04699032055,278023.2806227366,24586.703171823923,0.0,0.0,0.0,0.0,0.0,0.0,0.0,0.0,0.0,0.0,4726594.296657621,0.0,0.0,,RFF,0.017318609543814582,0.13577367035116106,3.030767405329688,0.2340788365980624,0.5217184847499483,0.568953660727505,0.26802280158255953,1.8710041317885437,4.953396826848612,1.2911803268565123,0.2264186723928901,18806.701667791192
E08000017,2011,302468,17.012708782416652,38.528042635915206,,1.142850757,,22,,,,,,,,,,,,,,,,,,,,,,,,,,,10.427187869188725,RP5,,,,,,,,,,,,
E08000017,2012,302626,17.502131343638684,38.17418199361588,4.143728562648286,1.150902987,7.18054827549808,21,,,,,,,,,,,,,,,,,,,,,,,,,,,10.427187869188725,RP5,,,,,,,,,,,,
E08000017,2013,302991,17.887660029505827,37.838747685574816,4.825225831790383,1.136063218,7.42744564344366,19,,,,,,,,,,,,,,,,,,,,,,,,,,,10.427187869188725,RP5,,,,,,,,,,,,
E08000017,2014,303673,18.21004830854241,37.47188587724296,5.920842485173196,1.174417973,7.65467953992709,30,,,,,,,,,,,,,,,,,,,,,,,,,,,10.427187869188725,RP5,,,,,,,,,,,,
E08000017,2015,304311,18.41274222752381,37.14029397557104,7.604062948759656,1.215877652,7.87244643746886,18,,,,,,,,,,,,,,,,,,,,,,,,,,,10.427187869188725,RP5,,,,,,,,,,,,
E08000017,2016,306137,18.557377905970203,36.9239915462685,8.78038263914522,1.293858409,7.92062659125804,10,,,,,,,,,,,,,,,,,,,,,,,,,,,10.427187869188725,RP5,,,,,,,,,,,,
E08000017,2017,307058,18.770395169642217,36.63053885585133,7.073582189684033,1.295695901,8.01227125283065,15,,,,,,,,,,,,,,,,,,,,,,,,,,,10.427187869188725,RP5,,,,,,,,,,,,
E08000017,2018,308237,18.92731891369304,36.54103822707852,6.761031284368846,1.394044161,8.30175141307625,15,,,,,,,,,,,,,,,,,,,,,,,,,,,10.427187869188725,RP5,,,,,,,,,,,,
E08000017,2019,308438,19.178246519559845,36.42482443797457,6.834436742554419,1.407164097,8.28227475883575,18,234225.70594855343,2265.7015160669794,19.61388927706305,10670.589055147138,16706.453460604724,18664.81602679524,58265.937067166946,14957.34079137899,96302.3929953461,3193.562098253487,482422.3497846714,309044.1545262751,44168.7493542828,0.0,0.0,0.0,0.0,0.0,0.0,0.0,0.0,0.0,0.0,4979341.32946091,0.0,0.0,10.427187869188725,RP5,0.020125280976669983,0.09478238920641087,2.745110245075564,0.14839645365201365,0.16579177100484518,0.8554139651728689,0.3923325666860585,2.0805291918400104,4.285156394164174,0.5175520016781593,0.13285981580347347,16143.734979026285
E08000017,2020,308185,19.344549540049,36.4219543456041,5.483719194639583,1.398307204,8.32820505076056,9,214954.54876964222,2559.4169682875518,27.467186729826068,9306.211212090231,16610.598402368913,23009.977792985523,85632.44748089151,13362.485774506655,64211.82665515141,3470.3564435310595,416739.27924901084,327678.8933331375,45624.10325193595,0.0,0.0,0.0,0.0,0.0,0.0,0.0,0.0,0.0,0.0,4304765.336997269,0.0,0.0,10.427187869188725,RP5,0.022752896094811865,0.08273105139516787,2.913024296099834,0.14766613811059415,0.20455581890512325,0.5708350917592987,0.40559256016999173,1.9109189998592484,3.704759965596281,0.761261726408253,0.11879082391142178,13968.120891663346
E08000017,2021,308697,19.515900705222272,36.539389757594016,5.085893286944804,1.444814324,8.51990725306503,14,230956.523729036,3156.255414541615,9.624323422739156,11625.094032366698,22101.068200168702,28084.794140834496,111968.68988576345,15729.746982190736,81463.83207248313,4845.018102204538,457905.30771306943,367628.7457493161,48430.488666476296,0.0,0.0,0.0,0.0,0.0,0.0,0.0,0.0,0.0,0.0,4767251.435169146,0.0,0.0,10.427187869188725,RP5,0.028012177340023363,0.10317422161995618,3.262752936208681,0.19614985497521556,0.24925620100531698,0.723002105691023,0.4298268862966376,2.0497691887437615,4.063969165961599,0.9937366865683778,0.13960355044422676,15443.141446690917
E08000017,2022,311700,19.55887070901508,36.73756817452679,9.17228103946102,1.526569724,8.75909704003439,27,238462.00220873114,4319.776680935347,20.492838051366846,17515.190396961905,18204.817136633243,34010.687723255556,133996.78963259212,16845.712357866312,81843.54931789119,3936.092883177492,473794.11368979805,394973.29840420344,49937.97326528595,0.0,0.0,0.0,0.0,0.0,0.0,0.0,0.0,0.0,0.0,4944710.43174788,0.0,0.0,10.427187869188725,RP5,0.03796921592974757,0.1539519506107638,3.471667070147388,0.1600135108541603,0.29894118179365964,0.7193740848277117,0.4389360446274382,2.0959915110571825,4.164472457181765,1.1777814954895347,0.1480674898841643,15863.684413692266
E08000017,2023,315698,19.569968767619688,37.01607232228269,10.833137998973704,1.698763847,8.99382680015178,16,252626.32747322484,5707.043120086536,57.69054399329896,21052.98564861421,19121.11144461583,43910.22974389269,167677.47040562588,18993.336128299645,95092.0951226381,2892.784906668245,488551.5615633744,414819.0766058389,54167.39199643838,0.0,0.0,0.0,0.0,0.0,0.0,0.0,0.0,0.0,0.0,5115427.757901375,0.0,0.0,10.427187869188725,RP5,0.04952750595689409,0.18270439703745142,3.599929745636383,0.16593898820257846,0.3810667134360564,0.8252389562405452,0.4700815769782269,2.192370317785281,4.239803321341129,1.455157555253524,0.16483011402608583,16203.548194481356
E08000017,2024,320248,19.630723689140915,37.38602582998176,11.156978341785118,1.800626636,9.192796014,24,285644.57895341766,5546.118698118636,131.39881161305576,18648.521468988045,24619.27811773476,57541.82719812251,209479.39462359645,18444.216307081195,100942.52443271708,3947.9085379802855,510972.51893359714,515038.5001145173,54647.71999359737,0.0,0.0,0.0,0.0,0.0,0.0,0.0,0.0,0.0,0.0,5322081.864763016,0.0,0.0,10.427187869188725,RP5,0.04744712144422521,0.15953835665191707,4.4061614245066005,0.210618261581305,0.49227112000290957,0.8635646794343723,0.4675119932189314,2.4436932862769165,4.37137689979989,1.7920990908723518,0.15779052319282344,16618.62639193068
E08000018,2011,257716,17.511524313585497,37.55141318350432,,0.974210143,,19,,,,,,,,,,,,,,,,,,,,,,,,,,,6.840388428415023,RFR,,,,,,,,,,,,
E08000018,2012,258710,18.003942638475515,37.20149974875343,2.524061690696146,1.015086055,6.36346532748352,30,,,,,,,,,,,,,,,,,,,,,,,,,,,6.840388428415023,RFR,,,,,,,,,,,,
E08000018,2013,259391,18.396937441931293,36.76110582094213,2.6677872401124167,1.058910251,6.54802602368436,13,,,,,,,,,,,,,,,,,,,,,,,,,,,6.840388428415023,RFR,,,,,,,,,,,,
E08000018,2014,261391,18.690773592051755,36.48212830587128,2.524953039699148,0.957661986,6.71011639417555,21,,,,,,,,,,,,,,,,,,,,,,,,,,,6.840388428415023,RFR,,,,,,,,,,,,
E08000018,2015,262063,18.892785322613264,36.2237324612784,2.526110133822783,1.144815803,6.93345787013187,10,,,,,,,,,,,,,,,,,,,,,,,,,,,6.840388428415023,RFR,,,,,,,,,,,,
E08000018,2016,263273,19.099945683757923,35.83428608326718,3.069057594208293,1.166423082,6.96226326425114,10,,,,,,,,,,,,,,,,,,,,,,,,,,,6.840388428415023,RFR,,,,,,,,,,,,
E08000018,2017,264167,19.20981803177536,35.54569647230729,2.6914792536539385,1.14135325,7.36927134066665,19,,,,,,,,,,,,,,,,,,,,,,,,,,,6.840388428415023,RFR,,,,,,,,,,,,
E08000018,2018,265154,19.384961192363683,35.45034206536579,3.0397429418375737,1.356578708,7.54223623923703,11,,,,,,,,,,,,,,,,,,,,,,,,,,,6.840388428415023,RFR,,,,,,,,,,,,
E08000018,2019,265991,19.54314243715013,35.488042828516754,2.9587467245132357,1.380081058,7.75122953136483,16,203432.49430520542,2609.2107984313257,29.855861111508233,13021.107995349705,13763.123511329066,11855.73852688279,52273.06568949079,13970.234345272105,52622.60268359579,3478.452177962586,389059.98802190577,203871.76516044931,29847.629884896603,0.0,0.0,0.0,0.0,0.0,0.0,0.0,0.0,0.0,0.0,4050432.5391710843,0.0,0.0,6.840388428415023,RFR,0.026875054928280614,0.13411832911794064,2.0998935349748864,0.14176114117496988,0.12211494154357562,0.5420165125949085,0.30743268927058254,2.0953690142385124,4.007345268834214,0.5384162569460794,0.14389439734645576,15227.705219992724
E08000018,2020,265593,19.60932705304733,35.64476473401031,2.9518850270903227,1.488608718,7.93605212241612,9,189873.8676058463,2030.118619699645,40.39825916005156,11980.541221575635,15900.17948983345,16517.73413512088,61764.92011663289,12949.018055295259,43971.53700563656,2857.6518980738347,349957.7765572944,223324.96459389344,25845.14916770598,0.0,0.0,0.0,0.0,0.0,0.0,0.0,0.0,0.0,0.0,3625653.8179869642,0.0,0.0,6.840388428415023,RFR,0.0209416995971088,0.12358533774254793,2.303709879648415,0.1640183874898239,0.17038877577202283,0.45358862770857766,0.2666057759682247,1.9586449078188,3.609991336082255,0.6371363673878896,0.1335756657567386,13651.164819806863
E08000018,2021,266173,19.743174551889187,35.89770562754299,3.0994879270249047,1.539250851,8.17008097317064,15,199468.75853237018,2496.844175318384,9.721508566146587,13131.688835041701,23132.04528486163,21517.384851458817,87344.43842983713,15356.520914592662,45036.627729094864,2016.181884319584,374650.42300332483,236092.98622208307,26977.982012391883,0.0,0.0,0.0,0.0,0.0,0.0,0.0,0.0,0.0,0.0,3874027.9524195422,0.0,0.0,6.840388428415023,RFR,0.0257000859346178,0.13516483522012285,2.430111616274317,0.23809877986823413,0.2214790355109844,0.4635632508766943,0.2776851126372892,2.053137430933092,3.8562871330961523,0.8990387128469916,0.15806509315362527,14554.548930280465
E08000018,2022,268599,19.721964713197,36.30467723260325,10.673904221534704,1.591374755,8.54234219253757,12,203165.4097364613,2634.9196352911335,29.417953935939195,14079.940488682012,22784.891660158966,24287.832064014277,108967.74123949223,18734.448812339215,56465.269086824,2280.2349333019797,397450.34117668396,253534.24429812128,27207.489172077014,0.0,0.0,0.0,0.0,0.0,0.0,0.0,0.0,0.0,0.0,4112605.5819112468,0.0,0.0,6.840388428415023,RFR,0.026876339468528233,0.1436162436235675,2.5860646091015167,0.23240727148189044,0.24773735440129574,0.575949156032456,0.27751803329449676,2.0722994535415684,4.054017491947781,1.1114775439243134,0.19109250972679512,15311.321270411456
E08000018,2023,272516,19.713337932451672,36.847377768644776,10.31866018875956,1.687614083,8.80540131476973,9,222084.49557655494,2275.5050331107486,87.92509077409045,13126.265935411706,23901.778552167398,32204.875371230453,139136.1599175616,19730.925061906375,66083.26756580852,2966.273806595129,426672.6873186363,279636.17550889624,29310.346546312117,0.0,0.0,0.0,0.0,0.0,0.0,0.0,0.0,0.0,0.0,4474110.757595515,0.0,0.0,6.840388428415023,RFR,0.022876676469223763,0.13196426054171315,2.811308357100322,0.24029533972485514,0.3237701098784845,0.6643648377544907,0.2946701085623035,2.232715410517105,4.289532602219322,1.3987984510203104,0.19836387198083708,16417.791093350537
E08000018,2024,276332,19.71758609209212,37.24686246978273,9.687622135691848,1.807341337,9.136366498,7,235519.22657150452,2490.2321299493224,194.71447166520608,16483.04639845509,26672.982256012503,50350.89282364279,166291.68866792673,19337.088105732364,69638.23794981187,4659.00351424171,442474.4946836659,315779.0683978983,29992.12078193069,0.0,0.0,0.0,0.0,0.0,0.0,0.0,0.0,0.0,0.0,4632356.837867612,0.0,0.0,6.840388428415023,RFR,0.024689698553490274,0.1634230969581666,3.130828614119905,0.2644524112846241,0.4992098329966275,0.6904364786314404,0.29736039953062904,2.3350829979532715,4.386965279244858,1.6487184531048193,0.19171982824048228,16763.736512121697
E08000019,2011,551756,15.619766708472586,44.53073460007685,,1.783873916,,89,,,,,,,,,,,,,,,,,,,,,,,,,,,,RHQ,,,,,,,,,,,,
E08000019,2012,553842,15.950036291938856,44.20647043741717,15.704840008522284,1.865052223,6.01043892253801,92,,,,,,,,,,,,,,,,,,,,,,,,,,,,RHQ,,,,,,,,,,,,
E08000019,2013,555253,16.167945062881245,43.79336986923078,17.069696156526845,1.874252558,6.06838810421419,95,,,,,,,,,,,,,,,,,,,,,,,,,,,,RHQ,,,,,,,,,,,,
E08000019,2014,554805,16.41081100566866,43.29863645785456,16.531934643703643,1.833728552,6.17980160680144,83,,,,,,,,,,,,,,,,,,,,,,,,,,,,RHQ,,,,,,,,,,,,
E08000019,2015,555074,16.54139808385909,42.87644530278845,16.131182508998798,1.772247791,6.29472250964455,69,,,,,,,,,,,,,,,,,,,,,,,,,,,,RHQ,,,,,,,,,,,,
E08000019,2016,556599,16.61195941782145,42.54571064626418,16.069019168198288,1.798561096,6.34672596069712,63,,,,,,,,,,,,,,,,,,,,,,,,,,,,RHQ,,,,,,,,,,,,
E08000019,2017,555675,16.679353938903137,42.236559139784944,13.551086516398977,1.862399578,6.4307208274265,36,,,,,,,,,,,,,,,,,,,,,,,,,,,,RHQ,,,,,,,,,,,,
E08000019,2018,556771,16.762546899892417,42.11516045196319,15.641978479482589,1.763673306,6.49740374272735,56,,,,,,,,,,,,,,,,,,,,,,,,,,,,RHQ,,,,,,,,,,,,
E08000019,2019,556399,16.95096504486888,42.04932072128095,19.87063240588139,1.799448371,6.50508274890345,46,585337.1052811857,14360.416762670586,307.542711696516,34450.96920253457,46771.155948002284,44092.58277480975,153014.65614565188,36947.28936946583,149806.06139868332,4220.257596998831,1245575.3557835186,580700.3318082996,221736.3603229318,0.0,0.0,0.0,0.0,0.0,0.0,0.0,0.0,0.0,0.0,13097997.114001073,0.0,0.0,,RHQ,0.0707111399714243,0.16963764671260265,2.8593865430624854,0.2303026304544006,0.21711325261784148,0.7376497180545699,1.0918367531161512,2.882218160241544,6.133251895356945,0.753448938649215,0.18192960506274028,23540.655382200675
E08000019,2020,555036,17.036192246989383,41.952233728983344,20.513984678471303,1.742912292,6.58544557336405,33,534443.3967189264,11997.128176001566,413.18126233880264,30405.61319417393,50520.16865386517,55269.82558378439,216842.34909868587,36425.79071781425,137832.33078276707,4013.804337417343,1038585.0817743533,633296.5006879686,214289.36119152905,0.0,0.0,0.0,0.0,0.0,0.0,0.0,0.0,0.0,0.0,10868933.544422654,0.0,0.0,,RHQ,0.05921930166297774,0.15008585001162422,3.1260294935723705,0.2493737720967534,0.27281866344093186,0.6803573535092777,1.0577586683580245,2.638078402412532,5.1265838255603375,1.070360530970302,0.17980218742229553,19582.393834674967
E08000019,2021,555035,17.168466853441675,41.988523246281765,20.250975163728413,2.039283037,6.78133290107813,23,536187.1232539439,10654.633969002827,81.61784179081089,37608.76172441366,58249.41638673268,72223.04598420176,291435.3678654167,41228.072240399764,138414.49293080272,4008.968381229573,1139981.198498006,696909.4953702849,215598.55116462815,0.0,0.0,0.0,0.0,0.0,0.0,0.0,0.0,0.0,0.0,12002473.937510323,0.0,0.0,,RHQ,0.05259267973599506,0.18564181241643857,3.440037264688281,0.2875268084993415,0.3565024887814764,0.6832322085121015,1.0642229086361612,2.646690419764686,5.627097679008548,1.4385634467105268,0.20350720689044421,21624.715445891383
E08000019,2022,565685,16.98966739439794,42.93608633780284,33.41258827792853,2.09578824,6.86371755479699,43,534683.4933788492,12601.089700293252,295.85983657434343,36858.66016231459,51752.893898635826,78710.34441241855,349176.0491803764,46096.32557060168,133361.437651881,3335.577609953601,1194678.9799972898,732766.5772549419,216200.1929665798,0.0,0.0,0.0,0.0,0.0,0.0,0.0,0.0,0.0,0.0,12567465.67610287,0.0,0.0,,RHQ,0.061029607335285486,0.1785138912675496,3.548935650957988,0.2506496555631163,0.3812100006401188,0.645896217481417,1.0471009409810208,2.5895795066684175,5.786070155445143,1.6911297101447327,0.22325375948302548,22216.36719393809
E08000019,2023,575225,16.83184840714503,43.82093963231779,34.311791038289364,2.189576864,6.93072332298878,40,561530.1726649571,13725.846573892333,902.3417253146031,42609.92211194252,54927.91361446317,109063.03640009854,446060.821982225,45675.42066053268,153785.91655247915,3436.1657605251103,1246371.9394014862,840054.1425405161,213412.2833650113,0.0,0.0,0.0,0.0,0.0,0.0,0.0,0.0,0.0,0.0,13251670.741056979,0.0,0.0,,RHQ,0.06537452145952338,0.20294582578201392,4.001074707707663,0.26161490644560487,0.5194538475419614,0.732463432962702,1.0164564949391992,2.6744992467626765,5.936316471286631,2.124532911098992,0.21754641887258022,23037.36927473072
E08000019,2024,580235,16.88040190612424,44.16210673261696,32.26796039535705,2.214162827,7.075543453,69,590408.8904218661,16697.067008307702,1876.4191595895707,57160.972036552856,67531.01141454634,138640.39329593733,470179.23659280606,46554.059429371795,183003.1770186123,5269.0403310923675,1305770.6452413094,907930.6953035612,223262.3508614744,0.0,0.0,0.0,0.0,0.0,0.0,0.0,0.0,0.0,0.0,14102032.701478317,0.0,0.0,,RHQ,0.07883941689807875,0.2698999592231955,4.287023976485489,0.318864717965814,0.6546256154169813,0.8640956977332983,1.0541895500841567,2.7877646193275543,6.165525731089868,2.220069957922368,0.21981674373253726,24304.00217408174
E08000021,2011,279092,13.935548134665272,47.30411477218981,,1.734480858,,43,,,,,,,,,,,,,,,,,,,,,,,,,,,17.443437180371347,RTD,,,,,,,,,,,,
E08000021,2012,280869,14.240090576033667,47.15579148998288,22.494472512096387,1.886183858,5.52405265468129,50,,,,,,,,,,,,,,,,,,,,,,,,,,,17.443437180371347,RTD,,,,,,,,,,,,
E08000021,2013,284371,14.311234267910582,47.15108080641134,24.418805011762803,1.915347099,5.62276680451352,35,,,,,,,,,,,,,,,,,,,,,,,,,,,17.443437180371347,RTD,,,,,,,,,,,,
E08000021,2014,286876,14.404132796051256,46.980228391360725,24.59250686707846,1.990546227,5.8027541084232,42,,,,,,,,,,,,,,,,,,,,,,,,,,,17.443437180371347,RTD,,,,,,,,,,,,
E08000021,2015,287955,14.457467312600928,46.75938948794082,24.41700960219479,2.089814186,5.86036712638745,46,,,,,,,,,,,,,,,,,,,,,,,,,,,17.443437180371347,RTD,,,,,,,,,,,,
E08000021,2016,290316,14.511428925722315,46.53274363107786,24.52500034445225,2.114845037,5.86375789337376,35,,,,,,,,,,,,,,,,,,,,,,,,,,,17.443437180371347,RTD,,,,,,,,,,,,
E08000021,2017,291759,14.607946969930662,46.41844810271491,20.253017044889788,2.062775612,5.93291757963931,31,,,,,,,,,,,,,,,,,,,,,,,,,,,17.443437180371347,RTD,,,,,,,,,,,,
E08000021,2018,294955,14.637826109067484,46.64881083555119,22.491566510145613,1.986539125,6.09881578898842,39,,,,,,,,,,,,,,,,,,,,,,,,,,,17.443437180371347,RTD,,,,,,,,,,,,
E08000021,2019,297087,14.765035158051344,46.77283085426155,27.98843436434445,2.072757483,6.26900277796006,18,535722.9235041278,4952.556457412463,0.05733033205846513,16189.132336611778,33132.571195967226,19613.36795600556,113875.81518105834,15459.570618340222,164366.4521503731,1386.81202973433,669531.504894537,361778.3947140571,237074.9165996613,0.0,0.0,0.0,0.0,0.0,0.0,0.0,0.0,0.0,0.0,7505081.883337037,0.0,0.0,17.443437180371347,RTD,0.04567230416856778,0.14929561786141404,3.336307829518295,0.30554742435779475,0.1808738001797044,1.5157817305614976,2.1862966721907284,4.9404182512112955,6.1743963556871195,1.0501588246628952,0.14256762495650319,25262.235921925352
E08000021,2020,298426,14.801324281396392,46.828024367849984,28.529685751241512,1.976585031,6.53546502487908,25,500629.87203660136,3790.835210275343,88.81255930123827,11217.833796308023,30520.13781340478,34033.98608362225,137003.07049925375,15821.230026298092,132332.06308059653,1716.2097793295513,568247.1993110947,393316.47375022067,230131.2305439846,0.0,0.0,0.0,0.0,0.0,0.0,0.0,0.0,0.0,0.0,6337228.188870349,0.0,0.0,17.443437180371347,RTD,0.034802094627027554,0.10298630555903877,3.6108763316118266,0.28019279797047303,0.31245198973740906,1.2148860939766857,2.1127399155513054,4.596076382457415,5.216843177029497,1.2577686866430782,0.1452481877868816,21235.509603286406
E08000021,2021,298545,15.029225074946826,46.67537557152188,19.28017551792862,1.97142756,6.64633253449243,29,548040.6250475334,3660.6607710698004,514.04498309796,14882.34872310486,36025.43161852733,40654.60368095819,164477.74487574113,17305.131235884357,150183.51017452547,2448.023722606975,662849.8750647592,488893.6207764069,249086.2949945891,0.0,0.0,0.0,0.0,0.0,0.0,0.0,0.0,0.0,0.0,7342314.226928074,0.0,0.0,17.443437180371347,RTD,0.0335936210352612,0.1365742455760196,4.486541651910459,0.33060279908723816,0.37308437869748823,1.3782232886533978,2.28584704304084,5.029329462941232,6.082925706248448,1.5094004540812083,0.1588079467231998,24593.66000746311
E08000021,2022,304837,14.970623644767532,47.41123944927945,31.68250573257184,1.951754332,6.82077445813825,23,568696.7183199861,4588.211394156011,556.1975818530881,15481.736448567995,34932.41970075487,44833.5747495406,203457.04759655742,19064.47730397512,150431.8800687142,2352.3948105703575,682280.1280756362,511807.2866859432,243793.83107965838,0.0,0.0,0.0,0.0,0.0,0.0,0.0,0.0,0.0,0.0,7446135.544324611,0.0,0.0,17.443437180371347,RTD,0.04123660243267679,0.13914228357268496,4.599873848466721,0.3139555219810028,0.40294226633439184,1.3520082443225707,2.191099847878805,5.111168266570902,6.1320004620986195,1.828572544532624,0.17134220802732275,24426.613384610828
E08000021,2023,313354,14.874869955385922,48.29043190768269,38.15812148560414,2.479505062,6.95681352055578,34,595213.9332093284,5172.768067072717,341.0273620179059,19101.10843745155,39471.69037564666,58183.88069494942,280549.2944364529,19138.188255237146,163836.8896843468,2963.54938999627,706941.7578207165,627956.6008238574,257631.55981833613,0.0,0.0,0.0,0.0,0.0,0.0,0.0,0.0,0.0,0.0,7760473.778431493,0.0,0.0,17.443437180371347,RTD,0.04522669985718561,0.16700538029903375,5.4903688587126185,0.34511005912649945,0.5087150389493349,1.4324635744749343,2.2525319284682808,5.204092191844022,6.180954236280333,2.4529069484847406,0.1673295776664787,24765.83601432084
E08000021,2024,318852,14.906288811109857,48.8204558854892,37.38411551440794,2.35193491,7.001794117,39,606321.6591736114,5376.65086059102,255.9066965943543,16458.921486759995,39821.733129921675,71332.53193239118,304758.4956299293,21437.89336303243,187605.24931084577,3360.4511910263195,720786.7312332084,676458.9756183104,267505.6601452562,0.0,0.0,0.0,0.0,0.0,0.0,0.0,0.0,0.0,0.0,7878745.750003598,0.0,0.0,17.443437180371347,RTD,0.046198707560213194,0.14142277790374333,5.812452993765049,0.34216702016018147,0.6129225920970177,1.611992348842962,2.2985341775370527,5.209800254075979,6.193337873879464,2.6186280234960155,0.18420444099226896,24709.726612985327
E08000022,2011,201206,17.686848304722524,37.96805264256533,,0.830495119,,6,,,,,,,,,,,,,,,,,,,,,,,,,,,5.510567424764535,RTF,,,,,,,,,,,,
E08000022,2012,201566,18.28482978280067,37.499875971145926,2.197791294166675,0.884821534,6.41641912593426,4,,,,,,,,,,,,,,,,,,,,,,,,,,,5.510567424764535,RTF,,,,,,,,,,,,
E08000022,2013,202268,18.677694939387347,37.2006446892242,2.259378646152629,0.910493433,6.63471063090457,13,,,,,,,,,,,,,,,,,,,,,,,,,,,5.510567424764535,RTF,,,,,,,,,,,,
E08000022,2014,203211,19.011273995994312,36.84839895478099,2.71638838448706,1.006734133,6.81394435821698,13,,,,,,,,,,,,,,,,,,,,,,,,,,,5.510567424764535,RTF,,,,,,,,,,,,
E08000022,2015,202953,19.291165934970167,36.348809822963936,2.724768788832882,1.031314492,7.07429543442666,2,,,,,,,,,,,,,,,,,,,,,,,,,,,5.510567424764535,RTF,,,,,,,,,,,,
E08000022,2016,203743,19.52901449374948,35.84123135518766,2.959610882337062,1.179053903,7.19281870455514,5,,,,,,,,,,,,,,,,,,,,,,,,,,,5.510567424764535,RTF,,,,,,,,,,,,
E08000022,2017,204492,19.756274084071748,35.36862077734092,2.562447430706336,1.200624347,7.27495710452677,6,,,,,,,,,,,,,,,,,,,,,,,,,,,5.510567424764535,RTF,,,,,,,,,,,,
E08000022,2018,205766,19.959565720284207,35.13311237036245,3.086029761962618,1.079904318,7.440904066121,7,,,,,,,,,,,,,,,,,,,,,,,,,,,5.510567424764535,RTF,,,,,,,,,,,,
E08000022,2019,207294,20.243711829575386,35.08639902746823,2.576051405250514,1.160835505,7.75504632552425,5,291841.22580073663,1806.3901834014189,,6375.878449862389,15614.208255074323,14763.072830317637,38408.11107157794,8332.647122089347,119394.81853456909,2517.898430299894,385381.4516405196,202659.98539774257,66117.78337196769,0.0,0.0,,0.0,0.0,0.0,0.0,0.0,0.0,0.0,4105913.972663173,0.0,0.0,5.510567424764535,RTF,0.02387437263548283,0.08426756267238456,2.6784800172997962,0.20636705719233692,0.19511792371020176,1.5779959471838632,0.8738536184259731,3.8571545833154794,5.09344020345823,0.5076254091578482,0.11012943065165928,19807.201234300912
E08000022,2020,208015,20.4273730259837,35.16765617864096,2.403672812056823,1.183492422,7.8343697003957,2,265572.7111079896,1290.5965137702985,24.565512725589347,4589.045499066222,15930.064632633816,21126.8831782046,50205.4514936393,8338.241551821404,93735.69366230893,2834.1512358063023,310428.196732026,216491.7098497059,64303.28874834988,0.0,0.0,0.0,0.0,0.0,0.0,0.0,0.0,0.0,0.0,3327872.718674801,0.0,0.0,5.510567424764535,RTF,0.01699820137799992,0.06044144602409431,2.851371161651684,0.20981185343435543,0.2782581627339783,1.2345750047965975,0.8469263939191671,3.4978077003534005,4.0885907757840965,0.6612464590262926,0.10982139462178411,15998.234351728484
E08000022,2021,209128,20.66342144523928,35.41371791438736,2.496078956428599,1.124830604,7.96439262643769,7,279191.86011819635,1391.339665679828,142.0555747036166,5987.08243768478,21070.749151865915,26522.766019949064,64865.119983139215,9309.058195967118,98086.00942067598,3086.610609849983,350993.7916966394,266401.2441098534,69876.74000438144,0.0,0.0,0.0,0.0,0.0,0.0,0.0,0.0,0.0,0.0,3734839.767946256,0.0,0.0,5.510567424764535,RTF,0.01822754243818727,0.07843505213409027,3.4900463936860504,0.2760418493368932,0.3474671607026419,1.284996714611907,0.9154351559794729,3.6576125903909453,4.598269129748935,0.8497793575611714,0.12195530502872355,17859.1091003895
E08000022,2022,210444,20.85875577350744,35.60091995970424,8.054399270114615,1.113301873,8.14658154951898,4,280924.5153937485,1577.747359180753,153.65441362228577,5924.7201943299,19567.37734432047,25952.06770276746,88659.04537665092,9858.062628363277,92725.52951658725,2403.785460447542,370363.0156804928,272513.3062814193,68582.64850131683,0.0,0.0,0.0,0.0,0.0,0.0,0.0,0.0,0.0,0.0,3902830.9062663796,0.0,0.0,5.510567424764535,RTF,0.0205403599276045,0.07713268195554056,3.5477932278006774,0.2547435564717373,0.3378644929294626,1.2071741015224335,0.8928630282968173,3.6572969842723717,4.821677945891476,1.1542334026278023,0.12834003707703293,18545.69817275085
E08000022,2023,212157,21.11973679869153,35.95921888035747,7.871529103446975,1.108853936,8.28189983187329,8,329813.17521634325,1890.9510213128654,94.16087282576166,7657.044912425561,24925.99725248513,37478.54347324646,134345.0769584049,10463.408325246963,93408.03609837114,3584.140642187167,385405.63477734925,356324.83512066916,72319.08160404193,0.0,0.0,0.0,0.0,0.0,0.0,0.0,0.0,0.0,0.0,4077538.51784782,0.0,0.0,5.510567424764535,RTF,0.0244191222991666,0.0988805707071748,4.601462242528574,0.32188616652510216,0.4839856381009961,1.2062407918040425,0.9339049390218569,4.259099347741288,4.9770021668154545,1.7348883326764137,0.13512102887938782,19219.43899021866
E08000022,2024,214110,21.330157395731167,36.14123581336696,7.346690953248331,1.12334311,8.423308378,8,299136.12709996937,2229.9244738758525,70.65491660999315,6777.093250990069,25191.964041721396,42083.33443279988,150917.89700665645,10937.25249820017,95826.61998111324,3729.1390864082127,401267.96373684617,379611.87885774596,74787.56723395882,0.0,0.0,0.0,0.0,0.0,0.0,0.0,0.0,0.0,0.0,4241470.052355205,0.0,0.0,5.510567424764535,RTF,0.028533847649375627,0.08671887707176594,4.857468333173333,0.3223533677378917,0.5384933289673773,1.2261860019604984,0.9569727919135002,3.8277102104086733,5.134577012799671,1.9311274131483618,0.13995177870036296,19809.77092314794
E08000023,2011,148164,18.189978672282063,37.21956750627683,,0.43380481,,6,,,,,,,,,,,,,,,,,,,,,,,,,,,4.429150509910606,R0B,,,,,,,,,,,,
E08000023,2012,147761,18.729570048930366,36.75530078978892,1.5701030718525184,0.457686841,6.86285344405677,3,,,,,,,,,,,,,,,,,,,,,,,,,,,4.429150509910606,R0B,,,,,,,,,,,,
E08000023,2013,147517,19.09745995376804,36.36191083061613,1.6201522536385635,0.551831961,6.90998085254531,3,,,,,,,,,,,,,,,,,,,,,,,,,,,4.429150509910606,R0B,,,,,,,,,,,,
E08000023,2014,147606,19.475495576060595,35.90165711420945,1.6869232958009837,0.531644404,7.052737068529,14,,,,,,,,,,,,,,,,,,,,,,,,,,,4.429150509910606,R0B,,,,,,,,,,,,
E08000023,2015,147230,19.746654893703727,35.50770902669293,1.7863207226788018,0.628126085,7.10027269672842,8,,,,,,,,,,,,,,,,,,,,,,,,,,,4.429150509910606,R0B,,,,,,,,,,,,
E08000023,2016,147664,19.93173691624228,35.02546321378264,1.8149311951457363,0.618811905,7.25539036350899,4,,,,,,,,,,,,,,,,,,,,,,,,,,,4.429150509910606,R0B,,,,,,,,,,,,
E08000023,2017,147796,20.054669950472277,34.767517388833255,2.023058810793256,0.622029245,7.41774861557076,1,,,,,,,,,,,,,,,,,,,,,,,,,,,4.429150509910606,R0B,,,,,,,,,,,,
E08000023,2018,148076,20.20448958642859,34.638293849104514,1.715335368324374,0.670769751,7.58632973739032,5,,,,,,,,,,,,,,,,,,,,,,,,,,,4.429150509910606,R0B,,,,,,,,,,,,
E08000023,2019,148368,20.521271433193142,34.6051709263453,2.089399331392214,0.897009194,7.71628214796916,6,133548.5104153636,1220.2409993820122,,5056.556124046325,10280.91830155708,10676.604968602209,23063.371730581683,8602.890386328623,75295.52870244584,1149.789768167141,316353.09164255654,129915.27435306182,34453.094061043375,0.0,0.0,,0.0,0.0,0.0,0.0,0.0,0.0,0.0,3347104.7198450835,0.0,0.0,4.429150509910606,R0B,0.02253266220279402,0.09337308868519306,2.398982654625925,0.18984484158525267,0.19715149167420457,1.3903882220743577,0.6362021360630764,2.466073074417029,5.841696316056716,0.4258823992357707,0.1588588017784846,22559.478592722713
E08000023,2020,147919,20.70592689242085,34.63720008923803,2.237711179767305,0.900473952,7.7181259718865,3,128503.5242226962,923.4864961793816,8.132391521776693,3950.124056948271,12168.673121132557,15856.589425629185,31589.817695895712,8260.915354365332,46788.76239722894,1435.919726530609,272277.52679345955,148815.40862214015,40594.29982457084,0.0,0.0,0.0,0.0,0.0,0.0,0.0,0.0,0.0,0.0,2846821.894397976,0.0,0.0,4.429150509910606,R0B,0.01710463151814542,0.07316340490585548,2.756329127967577,0.22538572102878146,0.29369256657460135,0.8666120655858567,0.7518794731802185,2.3801164821638534,5.043069699169113,0.5851002625908777,0.15300701604581127,19245.8162534764
E08000023,2021,147919,20.9979786234358,34.65612936810011,2.981361420777588,0.958183885,8.08975471857548,1,147183.6150891732,618.1916984081391,45.97132784826955,4076.1530529945962,16400.12169457054,20701.588057970646,38153.771059516956,9788.450593858543,53887.129846350406,1596.76925780286,321485.0085360272,171026.97535397232,51144.40399869775,0.0,0.0,0.0,0.0,0.0,0.0,0.0,0.0,0.0,0.0,3355671.6876766365,0.0,0.0,4.429150509910606,R0B,0.011450022553219643,0.07549768867382892,3.167727308623691,0.3037597621610298,0.3834306587448434,0.998086602679723,0.9472863850550147,2.726105375686882,5.9544807989790645,0.7066764892617915,0.18129971714172227,22685.873266291936
E08000023,2022,148802,21.201327939140604,34.96794397924759,10.60469617343853,0.883967042,8.40271070021311,6,161431.7997226415,1216.509296720561,49.61711254886232,4240.46238893465,15122.601559549736,23033.36201680854,51971.18804690769,11428.634188791219,58595.6966987926,1307.1454185789503,335061.37514591665,185544.62752152985,49713.08253405039,0.0,0.0,0.0,0.0,0.0,0.0,0.0,0.0,0.0,0.0,3498727.281864019,0.0,0.0,4.429150509910606,R0B,0.022398235123157334,0.0780749262453692,3.416227236626291,0.2784356735437481,0.42408772339023537,1.0788575109148923,0.9153117976955013,2.9722645082035375,6.169113118525191,0.9568877875759088,0.21042275335434654,23512.63613300909
E08000023,2023,149706,21.363205215555823,35.460836573016444,11.168557038462051,0.918757379,8.79284308790555,4,167132.73128709733,1342.8200406061667,30.390213175087027,5219.22292978342,15961.016197566989,23556.659015932113,66825.29650093635,13318.339601599288,63098.567421361106,1864.99831684009,334551.7291599432,213583.01587350637,52328.269774262,0.0,0.0,0.0,0.0,0.0,0.0,0.0,0.0,0.0,0.0,3495844.5071214787,0.0,0.0,4.429150509910606,R0B,0.024574559572491154,0.09551548303686037,3.908720743314547,0.29209792192820283,0.43110357517047776,1.154748556876704,0.9576444676179375,3.058647575496326,6.122534032639008,1.2229503434208007,0.24373506504894413,23351.39878910317
E08000023,2024,150736,21.638493790468104,35.69087676467466,11.17185012206772,0.954163909,9.194877531,5,176563.8414277906,2211.358883095955,23.033135392074758,7454.769734735668,19991.017505417505,20031.27652498207,74967.29211669363,15111.690569686909,74691.74794059682,1865.0882977004078,353883.4928653078,231620.34208877958,57418.457278013426,0.0,0.0,0.0,0.0,0.0,0.0,0.0,0.0,0.0,0.0,3675832.5100463377,0.0,0.0,4.429150509910606,R0B,0.040192903406844574,0.13549534729930926,4.209852189890182,0.3633499029677489,0.3640816371502834,1.3575716873517194,1.043618258793991,3.209164047453565,6.432065439373051,1.3625798841391505,0.2746649239182741,24385.896600986744
E08000024,2011,275330,17.109650237896343,38.83485272218792,,0.646631181,,16,,,,,,,,,,,,,,,,,,,,,,,,,,,5.099026151657727,R0B,,,,,,,,,,,,
E08000024,2012,275317,17.717758075236908,38.332177090408514,5.924080242048257,0.715593874,6.31585497383814,21,,,,,,,,,,,,,,,,,,,,,,,,,,,5.099026151657727,R0B,,,,,,,,,,,,
E08000024,2013,275247,18.117545332010884,37.92484568405832,6.830228848997446,0.723580182,6.4606416587971,25,,,,,,,,,,,,,,,,,,,,,,,,,,,5.099026151657727,R0B,,,,,,,,,,,,
E08000024,2014,275751,18.47681422732828,37.55525818582707,7.281931887826336,0.731216848,6.59244202372406,18,,,,,,,,,,,,,,,,,,,,,,,,,,,5.099026151657727,R0B,,,,,,,,,,,,
E08000024,2015,275408,18.769970371231047,37.11039621216523,6.826235984430372,0.771496296,6.76553557090781,14,,,,,,,,,,,,,,,,,,,,,,,,,,,5.099026151657727,R0B,,,,,,,,,,,,
E08000024,2016,275490,19.12301716940724,36.50840320882791,6.018367272859269,0.886137486,6.97451956074125,8,,,,,,,,,,,,,,,,,,,,,,,,,,,5.099026151657727,R0B,,,,,,,,,,,,
E08000024,2017,274816,19.479942943642293,35.9058424545878,5.127066837447601,0.9080562,7.23894801517567,14,,,,,,,,,,,,,,,,,,,,,,,,,,,5.099026151657727,R0B,,,,,,,,,,,,
E08000024,2018,274339,19.795216866723287,35.49440655539315,5.376559657941452,0.965820014,7.54292485841988,10,,,,,,,,,,,,,,,,,,,,,,,,,,,5.099026151657727,R0B,,,,,,,,,,,,
E08000024,2019,274277,20.173765937355306,35.37591558898486,6.522603061868112,1.004180908,7.76533561717161,7,218461.39715330745,1998.7260050387833,,8691.676630121814,18490.777773765145,19868.164112271108,39708.69974006782,15926.001469168952,137807.2567045226,2255.4705432510423,581290.3954824354,237823.17499482434,47942.45232274867,0.0,0.0,,0.0,0.0,0.0,0.0,0.0,0.0,0.0,6110346.666574601,0.0,0.0,5.099026151657727,R0B,0.019965077850641878,0.08682030460179033,2.37559234806992,0.1847025639539704,0.1984611408721451,1.3765431587686758,0.47889244977116846,2.1821894499447136,5.806452695556955,0.39664630352514657,0.15908326522985589,22278.01334626892
E08000024,2020,273583,20.39381101895951,35.392915495480345,8.315575163661483,0.988267481,7.85884307144325,5,212775.1691735452,1520.4115987821012,8.95268360636424,6895.024369448679,22370.00742725497,28895.15147155186,55229.74859220465,15177.822431999235,84183.37043468264,2793.022385812578,499844.7784385361,272650.90789473924,60422.338246553736,0.0,0.0,0.0,0.0,0.0,0.0,0.0,0.0,0.0,0.0,5191624.436473209,0.0,0.0,5.099026151657727,R0B,0.015225767790908075,0.06904843402008504,2.7303918326530163,0.22401863997953259,0.28936300337446724,0.8430325387685822,0.6050838419429725,2.1307817699514118,5.005565949443768,0.553083999022857,0.15199436791088,18976.41460351414
E08000024,2021,274378,20.64269001158985,35.63478121423729,7.883285103033042,1.041809082,8.1767144621208,4,245062.64278703605,921.6434274384644,47.91604638851154,6857.649482689298,30337.114786079208,37923.51529639253,66446.87857493844,18099.13173209247,96881.26196037071,3056.461997279449,591145.6622991704,308238.2335592634,79362.90101139316,0.0,0.0,0.0,0.0,0.0,0.0,0.0,0.0,0.0,0.0,6131805.070430601,0.0,0.0,5.099026151657727,R0B,0.009202816866267628,0.06847517211471484,3.0778280733924355,0.30292291282668243,0.3786748278211982,0.9673811856632811,0.7924564123605616,2.4470055936933726,5.902722364708644,0.6634870239999716,0.18072390016584933,22348.020141668065
E08000024,2022,277637,20.75767999222006,36.280106758105006,19.21213671088508,1.13865912,8.47231543624161,5,271059.8865976752,2016.3345801633482,51.434985846164686,7122.465451223406,28015.55421011443,42501.68072700731,91442.67179136258,21242.804800761784,105795.36441251382,2495.2740446667053,616876.5773620787,337010.03942477994,76987.28706000165,0.0,0.0,0.0,0.0,0.0,0.0,0.0,0.0,0.0,0.0,6410570.10615172,0.0,0.0,5.099026151657727,R0B,0.01989721949601333,0.07028459454595222,3.325620059668727,0.2764579038147271,0.4194072148017391,1.043990222697054,0.7597116887770391,2.674822974945705,6.087347200447442,0.9023576393691811,0.20962431234873785,23089.754269610028
E08000024,2023,282669,20.77871998698124,37.03908104532156,25.66959942547644,1.206019998,8.75411839508518,14,279937.97973551706,2215.625907260975,31.462823176805053,8753.816745308024,29411.3285750549,42727.21356910786,114777.15436544966,24985.584831129585,114120.09107428194,3582.139907649628,613392.4186081721,384264.14708277024,80948.6888523379,0.0,0.0,0.0,0.0,0.0,0.0,0.0,0.0,0.0,0.0,6374981.389073123,0.0,0.0,5.099026151657727,R0B,0.0214746150624885,0.08484502926103098,3.7244214440149954,0.2850648015785625,0.41412697923524044,1.1060915196401304,0.7845827796200948,2.713256031395034,5.94521215368139,1.1124600050434095,0.2421689575849771,22552.814030095706
E08000024,2024,286696,20.89635014091581,37.51883528197115,24.65677930630354,1.247150898,9.133917068,12,298871.11022698437,3897.8904002574823,24.446000903462792,13420.375945574648,37312.49119788446,35595.663927368965,129480.56680218175,28289.374606088637,135544.6708182715,3549.8425431413907,652290.3141696545,417914.2852104099,90019.3616012304,0.0,0.0,0.0,0.0,0.0,0.0,0.0,0.0,0.0,0.0,6741155.171609602,0.0,0.0,5.099026151657727,R0B,0.0372490435218048,0.1282478767598675,3.9936749881828897,0.3565658512217654,0.3401594962060808,1.2952927927693874,0.8602435609446119,2.856073888460197,6.233420595856721,1.2373429657549704,0.27033909055965955,23513.251568245116
E08000025,2011,1074283,12.91745284994736,44.871230392736365,,2.320453167,,401,,,,,,,,,,,,,,,,,,,,,,,,,,,26.72159441277738,RRK,,,,,,,,,,,,
E08000025,2012,1084661,12.998162559546255,44.65542690296784,13.418939189295088,2.340788126,7.60934980021672,447,,,,,,,,,,,,,,,,,,,,,,,,,,,26.72159441277738,RRK,,,,,,,,,,,,
E08000025,2013,1094531,13.020645372310147,44.34346765875064,13.868953917248575,2.514621258,8.0637737634177,388,,,,,,,,,,,,,,,,,,,,,,,,,,,26.72159441277738,RRK,,,,,,,,,,,,
E08000025,2014,1103724,13.04248163490148,44.02722057325926,15.084387038788684,2.63598609,8.27227197232669,319,,,,,,,,,,,,,,,,,,,,,,,,,,,26.72159441277738,RRK,,,,,,,,,,,,
E08000025,2015,1114932,13.017296122095338,43.81244775466127,16.45122751880832,2.772690773,8.40464453713478,251,,,,,,,,,,,,,,,,,,,,,,,,,,,26.72159441277738,RRK,,,,,,,,,,,,
E08000025,2016,1131271,12.916710496423931,43.775275773886186,18.88318537291241,2.809856176,8.43864220298064,268,,,,,,,,,,,,,,,,,,,,,,,,,,,26.72159441277738,RRK,,,,,,,,,,,,
E08000025,2017,1139893,12.917966861801942,43.554438881544144,16.088352152351142,2.756063938,8.53397173957405,249,,,,,,,,,,,,,,,,,,,,,,,,,,,26.72159441277738,RRK,,,,,,,,,,,,
E08000025,2018,1146050,12.98250512630339,43.49696784608001,16.82125561711967,2.798087835,8.73525482714936,228,,,,,,,,,,,,,,,,,,,,,,,,,,,26.72159441277738,RRK,,,,,,,,,,,,
E08000025,2019,1150646,13.086387994222376,43.63018686894144,19.58291255520812,2.776821613,9.02424097127609,213,821379.7485449179,27747.94638024814,504.8587056606238,106824.95009330988,49836.36227395296,30006.630261282662,188320.19611045677,109994.02085857175,540223.0169036071,10757.980279197398,2005273.6132576168,644454.9626399298,815668.1986825194,0.0,0.0,0.0,0.0,0.0,0.0,0.0,0.0,0.0,0.0,21748389.541935403,0.0,0.0,26.72159441277738,RRK,0.06606877432745556,0.2543537249041447,1.534468493898162,0.11866202014585531,0.0714467750475145,1.2862887977795798,1.942132848548327,1.9557322369047723,4.774622525342147,0.4483965900619085,0.26189938678299507,18901.025634239726
E08000025,2020,1148692,13.136419510190722,43.70762571690236,19.08083280809825,2.695413828,8.98437348645999,185,780566.6370572074,25191.283240013112,452.68076173703116,85755.26889238453,50497.36569750549,44640.24608949643,226536.49972375605,92968.9990370062,515671.6750087708,10632.874445038568,1704169.5203627595,700779.4964318895,733575.8126129512,0.0,0.0,0.0,0.0,0.0,0.0,0.0,0.0,0.0,0.0,18515740.635570895,0.0,0.0,26.72159441277738,RRK,0.06008330723657892,0.2045334538509161,1.6714174259425443,0.12044042016176085,0.10647070239960942,1.2299198650404728,1.7496393697220818,1.8617163971400357,4.064586146708567,0.5403084068215386,0.22173880065566462,16118.977615906524
E08000025,2021,1143285,13.200558041083369,43.75426949535768,16.190188798068725,2.761894464,9.05605969041308,214,811374.705990833,29436.451959958937,1573.9750303214526,89496.24861756749,103959.01401729957,63785.37036234673,306788.1396766835,106315.36405953267,530315.766262088,10499.613537594085,1952226.7467590754,805642.3690747254,750129.6873973503,0.0,0.0,0.0,0.0,0.0,0.0,0.0,0.0,0.0,0.0,21126649.59747824,0.0,0.0,26.72159441277738,RRK,0.07054042831746117,0.2144655109548063,1.930611673666684,0.24912354879645254,0.15285291012205632,1.2708291524574926,1.7975831297409581,1.9443484345328461,4.678244208116891,0.7351757883371127,0.2547702191720498,18478.900359471383
E08000025,2022,1153436,13.166053426457992,44.23418377786024,26.96638565121949,2.708377361,9.25155174338381,184,634475.2325384213,26452.284901364117,1591.1219973833313,94167.92462552102,64055.30820719655,77747.61714624497,395445.56763292674,110275.76923433515,590419.3981387737,8698.203096127783,1885352.3052983044,946153.1544459908,681984.9985750472,0.0,0.0,0.0,0.0,0.0,0.0,0.0,0.0,0.0,0.0,20320608.4987914,0.0,0.0,26.72159441277738,RRK,0.06283141277747084,0.22367458102792295,2.247372566089233,0.15214887959818293,0.18467185891864382,1.4024075823548285,1.6199009315562722,1.5070522407176834,4.478227471345779,0.9392913989703919,0.2619351183442879,17617.456450805596
E08000025,2023,1169606,13.079703763489585,44.82757441394794,33.49162025502605,2.788874626,9.37995325225521,217,673951.5468812695,24450.434372601758,839.441646942458,95391.3512275493,57861.027838557835,106913.1279043837,496927.1139783738,115633.83241121122,559163.8615309763,9522.156098898136,1919759.2935441518,1052250.09535097,747285.2900669853,0.0,0.0,0.0,0.0,0.0,0.0,0.0,0.0,0.0,0.0,20668104.556501318,0.0,0.0,26.72159441277738,RRK,0.057273553172423566,0.2234480395506781,2.4648274492130695,0.13553569658607628,0.25043705246903,1.3098049984493696,1.7504672163853734,1.5786876898675786,4.496911355499792,1.1640194628669447,0.270864735906526,17670.997375613082
E08000025,2024,1182920,13.077722922936465,45.253187028708616,32.72157035133399,2.823276043,9.544843635,228,650083.6782086227,26630.86870580315,1491.002379215096,100518.24674609929,55240.999597899994,141582.18950910337,470765.912904029,117711.1392381885,411065.697930235,10348.918742560492,1980645.1075801612,986252.6748441294,789834.5642614547,0.0,0.0,0.0,0.0,0.0,0.0,0.0,0.0,0.0,0.0,21165633.96319537,0.0,0.0,26.72159441277738,RRK,0.061678967407337845,0.2328073384832687,2.284230651997285,0.12794204542810014,0.327914321859451,0.9520571057972517,1.8293124750998222,1.505639581015038,4.5873135565164285,1.090327008077131,0.2726272883081256,17892.701081387895
E08000026,2011,316915,14.665762112869382,45.00165659561712,,2.884826183,,120,,,,,,,,,,,,,,,,,,,,,,,,,,,27.900121330055395,RKB,,,,,,,,,,,,
E08000026,2012,318141,14.903454757481745,44.39572390858142,25.8784626942142,3.027925968,6.01154920331555,131,,,,,,,,,,,,,,,,,,,,,,,,,,,27.900121330055395,RKB,,,,,,,,,,,,
E08000026,2013,322146,14.9255306600113,44.20480154960794,28.769564110682733,3.135717869,6.21110385365397,100,,,,,,,,,,,,,,,,,,,,,,,,,,,27.900121330055395,RKB,,,,,,,,,,,,
E08000026,2014,325066,14.953886287707729,43.894470661342616,29.96929854244984,3.221328735,6.54945877701663,91,,,,,,,,,,,,,,,,,,,,,,,,,,,27.900121330055395,RKB,,,,,,,,,,,,
E08000026,2015,331112,14.815530696561888,44.055485757085215,38.73915774722752,3.235707521,6.69686467316837,88,,,,,,,,,,,,,,,,,,,,,,,,,,,27.900121330055395,RKB,,,,,,,,,,,,
E08000026,2016,337064,14.63609284883583,44.21178173877958,39.13796786366981,3.272172213,6.70754945778332,84,,,,,,,,,,,,,,,,,,,,,,,,,,,27.900121330055395,RKB,,,,,,,,,,,,
E08000026,2017,340034,14.552368292582509,44.12705788244705,34.99061858520031,3.215181351,6.69863861386139,81,,,,,,,,,,,,,,,,,,,,,,,,,,,27.900121330055395,RKB,,,,,,,,,,,,
E08000026,2018,342811,14.53366432232338,44.09339256908326,37.67090320905689,3.237131596,6.73280056013617,76,,,,,,,,,,,,,,,,,,,,,,,,,,,27.900121330055395,RKB,,,,,,,,,,,,
E08000026,2019,343715,14.5623554398266,44.08303390890709,44.68236765925258,3.390058994,6.87813547635464,80,149911.98347660663,4184.778999781571,638.2649621899152,11371.533889666538,10814.985628305949,23168.868235730424,76581.0064223229,29912.864843012114,97103.0788068728,1604.2548311650435,590453.9803953228,192915.3454213002,38471.66334249026,0.0,0.0,0.0,0.0,0.0,0.0,0.0,0.0,0.0,0.0,6233010.766325714,0.0,0.0,27.900121330055395,RKB,0.03335655396071467,0.09064162858458147,1.5377134920939413,0.08620542487757915,0.18467728010348192,0.7740012287726656,0.30665469175533694,1.1949369767092133,4.706463605223448,0.6104213563548719,0.23843316225482375,18134.241352067016
E08000026,2020,344702,14.575198287216203,44.23560060574061,43.30407134278305,3.106850147,7.04080415200143,57,140919.17808488608,3616.802915344583,278.18491530667274,7485.474016924731,10689.942952130494,28876.10338700402,96300.77314153643,26302.809772916054,72187.01780845952,1982.6800645346805,474278.91022997454,199601.61038824156,33153.27831360935,0.0,0.0,0.0,0.0,0.0,0.0,0.0,0.0,0.0,0.0,5006412.652946144,0.0,0.0,27.900121330055395,RKB,0.028746711893565587,0.05949529736286591,1.5864535949633967,0.08496473747568571,0.22951016245681516,0.5737496490592631,0.26350557725032253,1.120039744354811,3.76961629060078,0.7654081921031685,0.2090573670258285,14523.886292931706
E08000026,2021,344151,14.66391206185657,44.03997082675919,39.37515799750691,3.709272146,7.09008936385831,42,180335.36069744462,2478.4126950825384,278.4217443617519,7045.1906975995225,15884.496664939286,35915.59704582826,104292.58359906933,28639.706268491904,84365.32646247397,1839.614284694963,553219.296523335,210102.15289396016,75830.24383491765,0.0,0.0,0.0,0.0,0.0,0.0,0.0,0.0,0.0,0.0,5927293.414480929,0.0,0.0,27.900121330055395,RKB,0.019730210771868803,0.05608553315896357,1.6725865585042066,0.12645370475471274,0.28591779775728626,0.6716176350471356,0.6036713323465703,1.435618322663197,4.404082235830736,0.8302550501113606,0.22799570154031149,17222.944040496553
E08000026,2022,352215,14.409380633987762,45.01597035901367,54.5519072157631,3.720434666,7.21743128212987,67,207047.630020251,3534.965902948256,681.8118024863912,9060.960890321372,16789.458823722853,46261.796391382304,174574.42402968177,31606.24859092112,86403.89292429284,1628.5440589467871,570096.4998249114,302227.9917365973,122520.2008377352,0.0,0.0,0.0,0.0,0.0,0.0,0.0,0.0,0.0,0.0,5991935.910379143,0.0,0.0,27.900121330055395,RKB,0.027496949562821553,0.07048124124311037,2.3508990110266734,0.13059783747219195,0.35985022684332796,0.6720979921727669,0.9530309132691189,1.6105327168842893,4.434530666491738,1.3579378880286326,0.2458511474324903,17012.154253450713
E08000026,2023,360269,14.140822552037504,45.72139151578404,61.81214592429546,3.762003422,7.34993765317969,63,227549.47616668665,4110.871412942945,399.74683848999956,8814.277233296314,14743.258328483424,59046.00521239288,173928.28673223182,34568.77295066161,93808.59525815901,952.8359376113142,572292.5800584342,299366.5735698866,122730.49782016923,0.0,0.0,0.0,0.0,0.0,0.0,0.0,0.0,0.0,0.0,6110404.496078039,0.0,0.0,27.900121330055395,RKB,0.03126181105041826,0.06702964936965719,2.2765833123087336,0.11211758039461475,0.44902524861763593,0.7133831942863623,0.9333246525050458,1.7304381514215321,4.352094898180033,1.3226668241256092,0.26288403106599234,16960.672431094652
E08000026,2024,368707,13.93681161464252,46.36689837730231,63.50571049641044,2.652807713,7.56460654,85,236229.76897067024,4457.775432055749,563.7831019029766,9799.944100093788,17921.556059183455,71660.78328075538,189889.65926409222,32659.80690557536,104067.14923304836,1660.7877305993502,571958.5056429903,326921.80796864623,132457.93447799567,0.0,0.0,0.0,0.0,0.0,0.0,0.0,0.0,0.0,0.0,6076950.260674481,0.0,0.0,27.900121330055395,RKB,0.0331240887086364,0.0728197780841296,2.429235642977945,0.13316848767938766,0.5324849083363211,0.7732846877081732,0.9842461646365425,1.7553364771891689,4.250013166284728,1.4110001758020074,0.24268300582569244,16481.78705767583
E08000027,2011,313261,18.715065073532934,37.793405498929005,,0.94553709,,34,,,,,,,,,,,,,,,,,,,,,,,,,,,7.89625003864346,RNA,,,,,,,,,,,,
E08000027,2012,313631,19.26244535776119,37.33814578278295,1.9003223533387965,0.965779066,6.49017674536465,29,,,,,,,,,,,,,,,,,,,,,,,,,,,7.89625003864346,RNA,,,,,,,,,,,,
E08000027,2013,314460,19.523945811867964,36.917572982255294,1.8444317242256567,1.011925101,6.82611362619031,42,,,,,,,,,,,,,,,,,,,,,,,,,,,7.89625003864346,RNA,,,,,,,,,,,,
E08000027,2014,315700,19.822616407982263,36.41621792841305,2.217294900221729,1.007263541,7.04120121360941,21,,,,,,,,,,,,,,,,,,,,,,,,,,,7.89625003864346,RNA,,,,,,,,,,,,
E08000027,2015,316393,19.966939850123108,36.04472918174549,2.7307810223361453,1.310006976,7.3029017298044,32,,,,,,,,,,,,,,,,,,,,,,,,,,,7.89625003864346,RNA,,,,,,,,,,,,
E08000027,2016,317669,20.171939975257263,35.66164781580828,3.2392206982739897,1.41012156,7.23801442511667,21,,,,,,,,,,,,,,,,,,,,,,,,,,,7.89625003864346,RNA,,,,,,,,,,,,
E08000027,2017,319539,20.27514638275766,35.44606448665108,2.901054331396168,1.440391302,7.90111636635199,21,,,,,,,,,,,,,,,,,,,,,,,,,,,7.89625003864346,RNA,,,,,,,,,,,,
E08000027,2018,320989,20.350230070189323,35.33828262027671,3.0873332107953853,1.505906463,8.02015622951127,27,,,,,,,,,,,,,,,,,,,,,,,,,,,7.89625003864346,RNA,,,,,,,,,,,,
E08000027,2019,322090,20.437765841845447,35.39569685491633,3.567325902698004,1.475788713,8.12423814298868,18,103388.80920906819,4552.37081752447,23.778898015800582,18504.77329705578,29645.770068820184,11016.24232139574,92953.05144049991,15639.669688866923,86451.94084711593,2988.555442098717,439787.7359091808,245685.60226772013,41763.88586334649,0.0,0.0,0.0,0.0,0.0,0.0,0.0,0.0,0.0,0.0,4643756.049814213,0.0,0.0,7.89625003864346,RNA,0.03872286881038075,0.15740323832788827,2.08982346266461,0.25216954223906773,0.09370513152237922,0.735367855126989,0.35524730697959855,0.879434355402818,3.7408733788707975,0.7906668768280107,0.13303241363123572,14417.572882778768
E08000027,2020,322513,20.444137135557327,35.52228902400834,3.5006340829671982,1.548537493,8.00216373478167,15,90894.71562646488,4035.1735359331965,9.860821180462443,18142.60086276669,31446.896064573866,18913.81416000693,125628.91366604702,15517.539920270317,57698.07259162934,3132.7153971263137,368387.639434699,242842.6722099238,42078.46793191111,0.0,0.0,0.0,0.0,0.0,0.0,0.0,0.0,0.0,0.0,3874192.022512178,0.0,0.0,7.89625003864346,RNA,0.03427852508723932,0.1541201619420051,2.062932004651687,0.2671392459496811,0.16067156651522835,0.49014120736200834,0.3574537267832858,0.7721444349675775,3.1294279732311017,1.06720908789572,0.1318204475501471,12012.514294035213
E08000027,2021,323591,20.47584759773912,35.83041555543881,3.2633787713502542,1.537588239,8.15565340826791,18,99001.10690283444,4205.029350049576,39.720572092704806,17567.230096781885,43242.7330599076,28107.28962771021,153616.5314965905,19821.280899563633,59677.748095917144,2813.3066588816546,426427.1636115672,262786.26788485155,47370.42264074305,0.0,0.0,0.0,0.0,0.0,0.0,0.0,0.0,0.0,0.0,4436413.4572330825,0.0,0.0,7.89625003864346,RNA,0.03560243751000556,0.14873527856284577,2.2249147156957907,0.3661203224441373,0.23797408751365373,0.5052695523510897,0.4010679525625008,0.8382059739697151,3.610402016544961,1.3006146944127,0.16781949799866702,13709.940811805898
E08000027,2022,325265,20.466696386023703,36.03799978479086,8.171798379782638,1.591593742,8.4691091954023,23,103314.29166516627,5113.89843338785,48.502551397471144,18781.749404438477,35936.50111227922,32395.361149537835,179382.37923864927,20213.5983172093,69281.15478614304,2427.9100130950624,434407.68077405205,280186.6072988175,49557.56465056252,0.0,0.0,0.0,0.0,0.0,0.0,0.0,0.0,0.0,0.0,4539550.391958145,0.0,0.0,7.89625003864346,RNA,0.043074664164354494,0.15819976844540018,2.360028101839133,0.3026952405912163,0.2728680125692062,0.5835591993474072,0.4174262516027502,0.8702222922145569,3.6590411803235847,1.5109482214704113,0.17026031517996643,13956.467471010239
E08000027,2023,327845,20.396833869664015,36.42391984016837,10.642224221812135,1.696525097,8.73296404386139,13,104644.3381142869,5350.434297402067,21.68234465238818,19420.143974490013,33124.79110992981,42501.45494043498,215567.30602823038,23812.657461923933,87328.14369439373,2018.2373791868831,427692.0065430475,326069.3534856109,53844.10003506299,0.0,0.0,0.0,0.0,0.0,0.0,0.0,0.0,0.0,0.0,4470229.105451781,0.0,0.0,7.89625003864346,RNA,0.04471236133682508,0.16228972198054678,2.724887353722417,0.2768163380743097,0.3551749830028263,0.7297814156196325,0.449962885777864,0.8744889101602007,3.5741247297831187,1.801446900155418,0.19899695718991775,13635.19073175367
E08000027,2024,331239,20.28323959437144,36.749295825672704,10.42147814719885,1.817515016,9.033350512,22,125553.38215024679,4089.4560926125678,43.41590846847348,17878.57541360925,33483.71685493191,74749.78009592628,186897.9301610709,26077.161497118366,107876.39284036156,1787.67266332833,497384.6849341716,359519.81352133624,59977.155610060334,0.0,0.0,0.0,0.0,0.0,0.0,0.0,0.0,0.0,0.0,5164746.033939109,0.0,0.0,7.89625003864346,RNA,0.03382448713716969,0.14787630198572632,2.9736407562799503,0.27694870036878894,0.6182663215111472,0.8922613617553187,0.49607979215653325,1.0384703157079502,4.113941193346605,1.545860009627373,0.21568800193907386,15592.20391904066
E08000028,2011,309042,15.21346613081717,41.81017466881524,,1.930051923,,106,,,,,,,,,,,,,,,,,,,,,,,,,,,23.582344543518452,RXK,,,,,,,,,,,,
E08000028,2012,312710,15.228486457100828,41.4694125547632,7.57251127242493,2.02259922,7.90268808686376,118,,,,,,,,,,,,,,,,,,,,,,,,,,,23.582344543518452,RXK,,,,,,,,,,,,
E08000028,2013,317499,15.1411500508663,41.15855483009396,7.263015001622053,2.236020803,8.361757226928,121,,,,,,,,,,,,,,,,,,,,,,,,,,,23.582344543518452,RXK,,,,,,,,,,,,
E08000028,2014,321610,15.107739187214328,40.85662759242561,8.040794751406985,2.435813427,8.61134426256057,77,,,,,,,,,,,,,,,,,,,,,,,,,,,23.582344543518452,RXK,,,,,,,,,,,,
E08000028,2015,325911,14.97095832911439,40.563834911985175,8.845973287185764,2.6006217,8.94268852665962,96,,,,,,,,,,,,,,,,,,,,,,,,,,,23.582344543518452,RXK,,,,,,,,,,,,
E08000028,2016,330051,14.864975412890734,40.26347443273918,10.301438262571542,2.717776299,9.29356308429632,86,,,,,,,,,,,,,,,,,,,,,,,,,,,23.582344543518452,RXK,,,,,,,,,,,,
E08000028,2017,333826,14.788242976880172,40.05110446759689,8.567337475211637,2.78990221,9.33115295315525,79,,,,,,,,,,,,,,,,,,,,,,,,,,,23.582344543518452,RXK,,,,,,,,,,,,
E08000028,2018,336977,14.738394608534112,39.919638432296566,9.754374927665689,2.788523912,9.51688941779568,52,,,,,,,,,,,,,,,,,,,,,,,,,,,23.582344543518452,RXK,,,,,,,,,,,,
E08000028,2019,340198,14.661755801033516,40.072252041458206,11.117055361877496,3.01475215,9.86600130081053,63,71382.10961939432,11111.2690108787,309.87033506169354,26695.332839068473,28904.336742156614,16946.58353217455,77303.66761728855,17996.593205939338,107103.88466482163,1574.805613269647,409743.2213806591,276369.1915431633,44975.885848675105,0.0,0.0,0.0,0.0,0.0,0.0,0.0,0.0,0.0,0.0,4507565.089719761,0.0,0.0,23.582344543518452,RXK,0.08948269215726425,0.2149862673773176,2.22569170671651,0.23277610002745872,0.13647639309625692,0.8625426970516172,0.3622055540152008,0.5748635312811332,3.299796495470842,0.6225517792119654,0.14493246524316047,13249.828305045183
E08000028,2020,341436,14.636417952412751,40.12201408170199,12.80474232359798,2.930486441,9.93618580143572,66,65910.44961561987,11063.642239320521,20.0540858060102,24700.73686974415,29235.56725892665,24160.29443974262,92422.80037293142,16799.88896589665,85518.76087786116,1492.381999884701,345582.24728479906,272482.145405997,41417.687554318865,0.0,0.0,0.0,0.0,0.0,0.0,0.0,0.0,0.0,0.0,3798894.0365772266,0.0,0.0,23.582344543518452,RXK,0.08877607692474765,0.19820186417931668,2.1864315003978922,0.23458992181552185,0.19386528516660273,0.686213448516966,0.33234080936742166,0.5288738571485418,2.772996044625055,0.7416123423032762,0.13480445253942497,11126.225812677123
E08000028,2021,341895,14.62261805525088,40.18221968733091,11.51523128445868,2.653223753,10.1538496252477,67,75178.96739340888,11384.867874430618,177.99410644151516,28121.994491541896,42127.911537681335,30827.60247498755,114576.66288892641,18838.192004045562,93175.39244780182,1547.006093816054,420918.55337880325,286101.66046858794,44694.03761500579,0.0,0.0,0.0,0.0,0.0,0.0,0.0,0.0,0.0,0.0,4599237.958469263,0.0,0.0,23.582344543518452,RXK,0.09123098856098068,0.2253515267868782,2.2926341878862346,0.33758591298402985,0.24703252420474,0.746647502309764,0.35814919236404025,0.6024357585825247,3.372969818529988,0.9181434810369075,0.15095712117050725,13452.194265693453
E08000028,2022,345718,14.647198005310686,40.43440029156712,22.741077988418308,2.778455973,10.3676116360941,64,68970.09807337182,11964.123773348358,364.2689639260852,28624.11352842068,30446.52918145597,41381.35306961398,136372.70605670704,21154.176112567256,101220.68227065449,1635.742385577684,418374.1171835861,324667.2279153034,41864.771401124446,0.0,0.0,0.0,0.0,0.0,0.0,0.0,0.0,0.0,0.0,4516157.532903368,0.0,0.0,23.582344543518452,RXK,0.0948125966737191,0.22683872070585903,2.5729040853021106,0.2412808949558459,0.32793655538252836,0.8021478133271062,0.3317675210393937,0.5465702474379651,3.3155070260652386,1.0807185399954768,0.1676413923595124,13063.125243416216
E08000028,2023,349541,14.56138192658372,40.89019599989701,23.427866831072752,2.854290724,10.5313823642665,51,71396.82140267239,11272.950852491405,110.69307226163235,29044.711587037287,30144.478290751224,50925.30061568979,162419.36749790487,22254.997012504737,102451.0996503415,1573.6316696739523,419776.1024895149,362357.6215795526,45780.099938160885,0.0,0.0,0.0,0.0,0.0,0.0,0.0,0.0,0.0,0.0,4486329.885377261,0.0,0.0,23.582344543518452,RXK,0.08835815213706213,0.22765441620082577,2.8401835752237004,0.23627446209595673,0.39915595466579035,0.8030186566025471,0.35882752334469226,0.5596131208365694,3.2902335167259458,1.2730540007821987,0.17443617359567978,12834.917464266742
E08000028,2024,353270,14.48835168567951,41.18408016531265,23.087157131938746,2.830708504,10.6694072,73,74038.12024998607,10808.291047341887,309.80645361860485,29870.82727581324,30010.764624117204,63089.956174420695,150247.8608238813,24670.75542917776,93978.12458323808,1523.1618974919152,444257.00301182957,370655.289938135,48774.30052916217,0.0,0.0,0.0,0.0,0.0,0.0,0.0,0.0,0.0,0.0,4735766.486941037,0.0,0.0,23.582344543518452,RXK,0.08382188211307884,0.23165817348609716,2.874554717456864,0.23274343403851688,0.4892835366671749,0.7288315280852596,0.3782608787268706,0.5741901805091147,3.4453604155603714,1.165221996942703,0.19132989148489987,13405.51557432286
E08000029,2011,206856,19.286846888656843,35.66684070077735,,0.667185605,,21,,,,,,,,,,,,,,,,,,,,,,,,,,,10.298633076225883,RRK,,,,,,,,,,,,
E08000029,2012,207729,19.86915644902734,35.330647141227274,3.1579606121437065,0.685353994,6.21105166675997,23,,,,,,,,,,,,,,,,,,,,,,,,,,,10.298633076225883,RRK,,,,,,,,,,,,
E08000029,2013,209115,20.19941180690051,35.10173827798101,3.0987734021949644,0.697896123,6.75379717463743,15,,,,,,,,,,,,,,,,,,,,,,,,,,,10.298633076225883,RRK,,,,,,,,,,,,
E08000029,2014,211205,20.48625742761772,34.837243436471674,3.517909140408608,0.747720718,6.92185557021115,15,,,,,,,,,,,,,,,,,,,,,,,,,,,10.298633076225883,RRK,,,,,,,,,,,,
E08000029,2015,211697,20.724903990136845,34.52670562171405,3.9679353037596186,0.731802762,7.04405666416187,12,,,,,,,,,,,,,,,,,,,,,,,,,,,10.298633076225883,RRK,,,,,,,,,,,,
E08000029,2016,213061,20.868671413351105,34.21883873632434,4.261690314041519,0.806294203,7.09539996468303,14,,,,,,,,,,,,,,,,,,,,,,,,,,,10.298633076225883,RRK,,,,,,,,,,,,
E08000029,2017,214330,20.892082302990715,33.969579620211825,3.6439135911911538,0.853833795,7.14328696232515,8,,,,,,,,,,,,,,,,,,,,,,,,,,,10.298633076225883,RRK,,,,,,,,,,,,
E08000029,2018,214901,21.044574013150243,33.88537047291543,3.773830740666632,0.828486383,7.28075880758808,6,,,,,,,,,,,,,,,,,,,,,,,,,,,10.298633076225883,RRK,,,,,,,,,,,,
E08000029,2019,216323,21.11241060821087,33.97003554869339,3.68892813061949,0.910040796,7.56087695170294,11,193949.08325425186,4523.932525458901,66.40616277472579,21028.648698788355,8070.404467452156,5811.182368010864,41623.930797808694,23038.001290304353,115911.25199665426,2479.2240327980867,423867.7000464903,118642.66930779463,181304.10750493774,0.0,0.0,0.0,0.0,0.0,0.0,0.0,0.0,0.0,0.0,4538017.337389148,0.0,0.0,10.298633076225883,RRK,0.0572955057307303,0.2663273723139194,1.5026067919844446,0.10221149471439375,0.07359849661659373,1.4680134519373174,2.296212525738405,2.4563608649173316,5.368275079350713,0.5271661661928638,0.2917757786007891,20977.969690643844
E08000029,2020,216432,21.079600059140976,34.06797516078953,3.3035780291269314,0.822016597,7.51194911745888,7,184162.56965300156,4103.570798501606,106.20311518638964,16565.674710779993,8197.052370186755,8332.457740061507,51820.3286641153,19455.716301577155,106457.43909258489,2489.615870844427,360462.4978881773,130403.07213890791,162825.9067145682,0.0,0.0,0.0,0.0,0.0,0.0,0.0,0.0,0.0,0.0,3860699.8301311466,0.0,0.0,10.298633076225883,RRK,0.051945459645164345,0.20969824317347033,1.6507202760752961,0.10376320380784289,0.1054772461680078,1.3476020953094432,2.0611479566813635,2.3312402294978987,4.562950429533846,0.6559727914049539,0.24628212248229508,17837.934455769693
E08000029,2021,216677,21.12545401680843,34.22144482340073,3.881353350840191,0.909098566,7.52160609801922,8,191799.10830523266,4998.081259111444,335.7082961663054,16718.271402423994,19092.365290722635,12683.661505829772,72192.21939391895,21911.62589582356,111274.21043242801,2527.3991887158313,411865.66058985336,153289.28155596936,166715.44387471702,0.0,0.0,0.0,0.0,0.0,0.0,0.0,0.0,0.0,0.0,4393843.7618862,0.0,0.0,10.298633076225883,RRK,0.06319717050094885,0.21139061042155982,1.9382335660910759,0.2414093333005758,0.16037584769134958,1.4069829769648037,2.107997806655295,2.425162841720312,5.2077473387077875,0.9128190922391071,0.27705687160787534,20278.311781528268
E08000029,2022,217722,21.18619156539073,34.27995333498682,10.44910482174516,0.962602079,7.63985883506946,5,154123.56875079323,4239.103180394767,309.43235749594356,17515.04693238157,12000.344562995666,14616.756520757195,96744.05295492602,22955.880370773575,122411.09761043832,2159.080230221135,399145.9466682469,180805.94261262708,152533.90331327435,0.0,0.0,0.0,0.0,0.0,0.0,0.0,0.0,0.0,0.0,4257409.752900127,0.0,0.0,10.298633076225883,RRK,0.053343168426479855,0.22040230179646672,2.2751892178278257,0.15100750653114717,0.18393138165204762,1.5403719888921854,1.919425253157122,1.9394289632738044,5.022691959549861,1.217388228458813,0.288867560162162,19554.33880315323
E08000029,2023,219303,21.213572089757093,34.48014847038116,12.553407842117982,0.953997076,7.82565940776222,10,167784.2908143338,4021.614904036219,180.13292760831345,17987.423028492733,10809.2698619683,20382.790375705903,121316.8056404867,24132.745578456415,119512.20416736155,2241.9444945433142,406544.57148986205,202476.4440533037,167211.53233028005,0.0,0.0,0.0,0.0,0.0,0.0,0.0,0.0,0.0,0.0,4338505.4048367,0.0,0.0,10.298633076225883,RRK,0.050241551756048775,0.2247147145135561,2.529513885845982,0.1350389095361,0.2546397509532648,1.4930516059923291,2.0889535811468463,2.096108984065067,5.0789124809411685,1.5155962753538992,0.3014874907039721,19783.15574723875
E08000029,2024,220299,21.39728278385285,34.51127785418908,10.08175252724706,0.976423979,7.987551867,14,163419.64587411543,4488.083659562105,294.5844274059406,18853.3094828888,10658.45921785258,28496.728810682,116812.61746358535,23891.27233283222,87782.43614973396,2427.1828373847393,422663.3766673683,186849.68760709636,177330.53093127185,0.0,0.0,0.0,0.0,0.0,0.0,0.0,0.0,0.0,0.0,4477861.943986492,0.0,0.0,10.298633076225883,RRK,0.05581559432970029,0.2344672590109171,2.3237370680221394,0.13255284014499819,0.3543966591691603,1.0916973071496658,2.2053530476515117,2.032351745533831,5.2564099423202135,1.4527281939245504,0.29712136976516684,20326.292647658374
E08000030,2011,269524,17.102373072527865,39.049954735014325,,1.362047672,,68,,,,,,,,,,,,,,,,,,,,,,,,,,,14.771735458077595,RBK,,,,,,,,,,,,
E08000030,2012,270517,17.417759327509916,38.76244376508685,3.615299593001549,1.49767673,8.24609711798199,50,,,,,,,,,,,,,,,,,,,,,,,,,,,14.771735458077595,RBK,,,,,,,,,,,,
E08000030,2013,271704,17.600403380148986,38.49704089744722,3.636310102170008,1.641752958,8.63526367374393,52,,,,,,,,,,,,,,,,,,,,,,,,,,,14.771735458077595,RBK,,,,,,,,,,,,
E08000030,2014,273764,17.760552884966614,38.15403047880656,4.175128943177335,1.844689846,8.72228389991044,36,,,,,,,,,,,,,,,,,,,,,,,,,,,14.771735458077595,RBK,,,,,,,,,,,,
E08000030,2015,275490,17.779592725688772,37.879051871211296,4.856800609822498,1.960052848,8.76847471977324,33,,,,,,,,,,,,,,,,,,,,,,,,,,,14.771735458077595,RBK,,,,,,,,,,,,
E08000030,2016,278429,17.70612974941547,37.663461780202496,6.687521773953144,2.06961441,8.83963139900831,45,,,,,,,,,,,,,,,,,,,,,,,,,,,14.771735458077595,RBK,,,,,,,,,,,,
E08000030,2017,281229,17.627627307283387,37.52777985200673,5.771097575285621,2.194199085,8.88242204186245,52,,,,,,,,,,,,,,,,,,,,,,,,,,,14.771735458077595,RBK,,,,,,,,,,,,
E08000030,2018,282921,17.501705423068632,37.49562598746647,5.453819264034837,2.22675705,9.15462909462643,42,,,,,,,,,,,,,,,,,,,,,,,,,,,14.771735458077595,RBK,,,,,,,,,,,,
E08000030,2019,284600,17.480323260716794,37.59346451159522,6.131412508784258,2.421755075,9.31867822785144,28,93868.50474406667,4552.561964946843,23.17210074771579,20471.509149055382,22762.525040728127,7543.429624790796,64541.069805473555,12904.757984092115,87239.67722898195,1265.2409701549159,342800.4295459667,168466.107710418,43437.201040002714,0.0,0.0,0.0,0.0,0.0,0.0,0.0,0.0,0.0,0.0,3585581.2535765767,0.0,0.0,14.771735458077595,RBK,0.04382562370591595,0.1970707183266626,1.6217532678444921,0.21912537703220217,0.07261746478875226,0.8398201487209345,0.4181518982662782,0.9036331187638182,3.2999973964513205,0.6213100800496111,0.12422874675432102,12598.669197387831
E08000030,2020,284578,17.440209714032708,37.66629887060841,7.217704812037473,2.447522402,9.29413311133506,38,92331.27525383804,3480.501190370164,15.327363518423581,16020.24220189699,20182.928040536703,11544.681286211762,76934.64933262407,13096.783366919526,65756.81738440196,1337.7841600747981,295633.3281770951,163594.52481658565,37882.20829476536,0.0,0.0,0.0,0.0,0.0,0.0,0.0,0.0,0.0,0.0,3086180.2477050014,0.0,0.0,14.771735458077595,RBK,0.03350792998631055,0.15423214206911698,1.5749783102688426,0.19430768809164584,0.11114444474920916,0.6330625138515791,0.3647044818659666,0.8889035623123386,2.846159308776024,0.740675179336672,0.12608704209578026,10844.760479394054
E08000030,2021,284392,17.45864862584039,37.83299108273088,7.32439731075417,2.451146841,9.75200100428988,44,132209.71419560415,5057.499538016056,56.4448535780368,21008.07494191313,26940.870676413735,20704.764350126236,124686.1498533509,15042.943579680503,64268.195502654664,2624.166066189281,399462.59447449987,208299.83503278432,44006.68922013438,0.0,0.0,0.0,0.0,0.0,0.0,0.0,0.0,0.0,0.0,4107777.785390915,0.0,0.0,14.771735458077595,RBK,0.04872205659038302,0.20238392677667302,2.006682605494792,0.25953825913849315,0.19946194612073395,0.6191357279827792,0.4239439640917628,1.273658875975589,3.8482730423268734,1.2011796745660235,0.14491808508649745,14444.06940206094
E08000030,2022,286669,17.47834610648518,38.06794595857941,14.982436189472876,2.431367636,10.1138355632707,36,128008.53300292492,4174.932674203072,60.71977542228181,16120.867489555563,20681.21842172217,28098.056809429472,168475.68609349357,15801.234182341572,62217.73909472804,2957.287780001349,420545.5306918137,245647.75648966455,39315.46173410103,0.0,0.0,0.0,0.0,0.0,0.0,0.0,0.0,0.0,0.0,4338212.249345544,0.0,0.0,14.771735458077595,RBK,0.03990027421920544,0.1540688398304585,2.3476816538463465,0.19765259720541778,0.2685361080552161,0.5946215292328032,0.3757420362580454,1.22339112215501,4.019198225625915,1.610139994816164,0.15101407042394005,15133.175367219837
E08000030,2023,290545,17.353938288389063,38.60021683388116,18.7165499320243,2.365554571,10.3505426994156,36,134609.3083714772,5310.3434914662685,30.615572962212028,21591.785291032236,19817.564003367603,36141.94199743256,225710.92412362006,18656.184035732902,56790.69186662328,2702.2434799296047,426206.94599299383,299921.72376265633,43041.91330047491,0.0,0.0,0.0,0.0,0.0,0.0,0.0,0.0,0.0,0.0,4405395.6216644235,0.0,0.0,14.771735458077595,RBK,0.0500744679068295,0.20360211375110343,2.828144875232411,0.18687189901611548,0.3408044164279134,0.5355140739674946,0.40586845458805837,1.2693132756553376,4.018965265258407,2.1283659794158223,0.1759205388996909,15162.524296286027
E08000030,2024,294626,17.182122419609946,39.10483120973709,18.65755228662779,2.381347179,10.58462951,41,123857.50048947251,5431.523214736358,56.063810396194626,18703.59471373639,22059.673933889946,52226.85406143848,198031.41477659578,19800.910324377273,57019.53374528913,2159.9365605723133,430372.24372588313,277024.596633679,43351.41368614625,0.0,0.0,0.0,0.0,0.0,0.0,0.0,0.0,0.0,0.0,4450011.716670633,0.0,0.0,14.771735458077595,RBK,0.05050771323585033,0.17392465445382754,2.576050645993625,0.20513282206110522,0.48565731266487444,0.5302244223932205,0.40312462715578623,1.1517504150325386,4.002029819517488,1.8414933553241801,0.18412858804672888,15103.934196814378
E08000031,2011,249852,16.31565887005107,41.6330467636841,,2.297361374,,90,,,,,,,,,,,,,,,,,,,,,,,,,,,22.909414931937967,RL4,,,,,,,,,,,,
E08000031,2012,251444,16.469671179268545,41.21872066941346,9.6920188988403,2.465811968,7.69614545105658,76,,,,,,,,,,,,,,,,,,,,,,,,,,,22.909414931937967,RL4,,,,,,,,,,,,
E08000031,2013,252358,16.598245349860118,40.778576466765465,10.24338439835472,2.570968866,7.9118066730672,81,,,,,,,,,,,,,,,,,,,,,,,,,,,22.909414931937967,RL4,,,,,,,,,,,,
E08000031,2014,254351,16.617194349540597,40.366265514977336,10.75285727203746,2.674938202,8.06268459777117,63,,,,,,,,,,,,,,,,,,,,,,,,,,,22.909414931937967,RL4,,,,,,,,,,,,
E08000031,2015,256127,16.610509629988247,39.97157660067076,12.87642458624042,3.041108131,8.16525455499738,57,,,,,,,,,,,,,,,,,,,,,,,,,,,22.909414931937967,RL4,,,,,,,,,,,,
E08000031,2016,258305,16.583496254427907,39.52885155146048,15.26490002129266,3.172576189,8.27393963886185,68,,,,,,,,,,,,,,,,,,,,,,,,,,,22.909414931937967,RL4,,,,,,,,,,,,
E08000031,2017,260648,16.49696141923207,39.33465823639545,13.159510143948928,3.398504019,8.31159167116624,47,,,,,,,,,,,,,,,,,,,,,,,,,,,22.909414931937967,RL4,,,,,,,,,,,,
E08000031,2018,262474,16.42829385005753,39.083871164382,12.465996632047364,3.447035313,8.4395702775291,55,,,,,,,,,,,,,,,,,,,,,,,,,,,22.909414931937967,RL4,,,,,,,,,,,,
E08000031,2019,263519,16.52252778737017,38.93647137398062,13.93447910776832,3.61310935,8.55410856694991,51,276658.3672464461,5228.787037686336,5.089606293544286,20579.312187302457,48761.61400136792,25546.58842426371,84757.79619187083,14610.157509614271,126797.36795110413,1308.1909890167026,379249.0363163832,317949.6996331642,42029.882063048884,0.0,0.0,0.0,0.0,0.0,0.0,0.0,0.0,0.0,0.0,4024543.550435648,0.0,0.0,22.909414931937967,RL4,0.05436209130600326,0.2139567819606411,3.305625277449144,0.5069595096271857,0.2656000258697128,1.3182732523313583,0.4369717622508141,2.876331989125331,3.9429356352343623,0.88120074928829,0.15189731591825922,15272.30882947965
E08000031,2020,263123,16.52155075763046,38.84723114284954,15.126005708356928,3.480884552,8.55239206432059,50,260824.10363066188,5088.5382197600975,2.8249844563349513,17969.518495725883,44576.325519655424,37229.93443606734,94004.062941596,12933.59815551346,93051.65097775045,1703.4695931483932,317358.16204031865,304878.40378669684,40488.38648682835,0.0,0.0,0.0,0.0,0.0,0.0,0.0,0.0,0.0,0.0,3393430.3853083644,0.0,0.0,22.909414931937967,RL4,0.052983587911670425,0.1871047286726613,3.174497470938477,0.4641438385543364,0.3876507199020505,0.9688853884914228,0.42157882916082273,2.7157891377397054,3.304440951755712,0.9788022252793591,0.13466901599083858,12896.745572634716
E08000031,2021,264260,16.496632104745327,38.94119427836222,16.044804359343072,3.585228682,8.84492754875446,64,299071.2326899808,7429.31189791084,11.585634834823868,19108.09559719654,56765.83287266392,63004.49663026601,129948.68039252689,14751.666514034923,88798.30118638104,2227.5922392060083,367050.04292030446,336439.91722610896,46335.04445633863,0.0,0.0,0.0,0.0,0.0,0.0,0.0,0.0,0.0,0.0,3910660.147578054,0.0,0.0,22.909414931937967,RL4,0.07702368565942053,0.19810393870292273,3.4880541810328864,0.5885220229626895,0.6532016168205659,0.9206199082304894,0.4803804104958756,3.1006328625086006,3.8054058727996654,1.3472480961830544,0.15293848745926775,14798.532307492826
E08000031,2022,268886,16.441168376189164,39.2579011179459,26.963099603549463,3.627251863,9.18321864745661,44,308060.19234258495,6058.589881037333,12.685925860890013,20678.105284437643,48037.2933804388,67018.3050089507,146649.30215711414,15462.756761953975,93449.81531337771,1730.0873186358297,381232.68933795096,344695.48858377256,44116.15694225083,0.0,0.0,0.0,0.0,0.0,0.0,0.0,0.0,0.0,0.0,4041231.448335361,0.0,0.0,22.909414931937967,RL4,0.06173202169842852,0.21069279637108154,3.51216203744106,0.48946030273092056,0.6828611178903714,0.9521763545499877,0.44950716438723826,3.138878658487189,3.8844459044868023,1.4942351406153196,0.15755270693170448,15029.534629305212
E08000031,2023,275074,16.220726059169532,39.96960817816296,33.620044060870896,3.867166281,9.32380138188516,56,314569.3344954575,8246.340190880348,6.58394383508404,24112.22231046883,49474.30334083325,67956.74103530445,169520.41859375898,19128.417761876255,97515.84175710838,1497.067075646634,422320.1283617814,373728.995985768,48624.25881600393,0.0,0.0,0.0,0.0,0.0,0.0,0.0,0.0,0.0,0.0,4486786.69961587,0.0,0.0,22.909414931937967,RL4,0.08213321815848454,0.24015676887812135,3.722325837757311,0.4927620805682401,0.6768464200597623,0.971253879848704,0.4842956711325194,3.133097977774125,4.206291570873745,1.6884165824345447,0.1905182751010289,16311.198803288822
E08000031,2024,280541,16.065744400996646,40.30783379256508,33.681351388923545,3.825722456,9.791733078,84,344044.9243068122,8713.402844180142,11.403897523424915,22034.502099201844,51373.35799721493,89951.99141395102,183524.9754598138,21540.461881364412,108161.40382231439,1595.3216419965352,444327.94612770417,407715.0103349987,55842.652920179265,0.0,0.0,0.0,0.0,0.0,0.0,0.0,0.0,0.0,0.0,4821507.862425545,0.0,0.0,22.909414931937967,RL4,0.08509393122359174,0.21518601167716256,3.981690467972022,0.5017053693391231,0.8784591631633755,1.0562898585654867,0.5453519080787719,3.3598968910686624,4.339247520704777,1.7922804579177212,0.21036128073448312,17186.464233126513
E08000032,2011,523115,13.34008774361278,41.725815547250605,,1.039744616,,173,,,,,,,,,,,,,,,,,,,,,,,,,,,18.658243322877354,RAE,,,,,,,,,,,,
E08000032,2012,525522,13.68525009419206,41.34631851758822,9.15851286910919,1.122970104,7.44414859670295,170,,,,,,,,,,,,,,,,,,,,,,,,,,,18.658243322877354,RAE,,,,,,,,,,,,
E08000032,2013,528712,13.926107219053096,41.054487130990026,9.430464979043412,1.169948697,7.8087408965787,155,,,,,,,,,,,,,,,,,,,,,,,,,,,18.658243322877354,RAE,,,,,,,,,,,,
E08000032,2014,531795,14.1187863744488,40.75517821717015,8.70824283793567,1.21383512,8.01446255674994,95,,,,,,,,,,,,,,,,,,,,,,,,,,,18.658243322877354,RAE,,,,,,,,,,,,
E08000032,2015,534919,14.250755721894343,40.476408577747286,8.431183038927388,1.241250753,8.33323710302109,102,,,,,,,,,,,,,,,,,,,,,,,,,,,18.658243322877354,RAE,,,,,,,,,,,,
E08000032,2016,538178,14.38483178427955,40.06871332533103,8.448877508928273,1.287208915,8.49632263339992,91,,,,,,,,,,,,,,,,,,,,,,,,,,,18.658243322877354,RAE,,,,,,,,,,,,
E08000032,2017,540447,14.548142556069328,39.75468454816106,7.427185274411737,1.327064991,8.67482691575478,91,,,,,,,,,,,,,,,,,,,,,,,,,,,18.658243322877354,RAE,,,,,,,,,,,,
E08000032,2018,542542,14.715727077350694,39.66586918616439,7.588352606802791,1.41520226,8.88437844959584,73,,,,,,,,,,,,,,,,,,,,,,,,,,,18.658243322877354,RAE,,,,,,,,,,,,
E08000032,2019,545966,14.896348856888524,39.71217987933314,8.705670316466593,1.484405637,9.09570655209263,68,363722.1426375713,8679.027863630543,17.721336358205143,51603.75966403455,42805.6500331679,20130.171140016217,129008.13066498005,23738.633929241456,200843.60486465791,2118.0696988958925,783467.3406476734,443005.994292735,82230.88038046568,0.0,0.0,0.0,0.0,0.0,0.0,0.0,0.0,0.0,0.0,8380995.9017492235,0.0,0.0,18.658243322877354,RAE,0.0435524529558519,0.2589541536709398,2.223059774522238,0.21480413343601706,0.10101572956606017,1.007858459471825,0.4126448958985588,1.8252034392706744,3.9315376136758444,0.6473790187094296,0.11912344950198092,15350.765252321982
E08000032,2020,547141,15.03140872279723,39.78243268188639,8.681491608196058,1.485998511,9.10410214603719,73,338896.85632249643,10167.681024737549,37.0558302194752,42419.68703420656,48500.00169707242,30285.92400476226,169016.20971265732,19758.325778818715,165692.33285483683,1741.4364617178892,609415.2426173689,475160.185014793,79006.6042495921,0.0,0.0,0.0,0.0,0.0,0.0,0.0,0.0,0.0,0.0,6534298.56889583,0.0,0.0,18.658243322877354,RAE,0.05091312905036675,0.21241018428825806,2.3792929538600216,0.24285644281507068,0.1516521961608116,0.8296793639346469,0.39561365351688593,1.6969748892330374,3.051554903930471,0.8463231759305204,0.09893683601489173,11942.622777119299
E08000032,2021,546839,15.269576602985522,39.81080354546768,8.09744732910418,1.559679747,9.20848112045374,76,376312.76322709245,11562.108481344147,688.8455675047462,37454.93086935387,65467.67421998892,44361.43279925122,193689.02264234933,21901.003900951157,129806.05903404625,1690.0517061272237,718623.8385254354,523504.19754119194,76558.21665604036,0.0,0.0,0.0,0.0,0.0,0.0,0.0,0.0,0.0,0.0,7669024.183791015,0.0,0.0,18.658243322877354,RAE,0.05792748786741467,0.18765349391161545,2.6228159942054616,0.3280005468038459,0.22225585968217895,0.6503432243300895,0.3835654347690494,1.8853700483232683,3.6003877454173194,0.970404189449512,0.10972653818320349,14024.281705933583
E08000032,2022,550629,15.439615421635985,40.00297841196159,16.595566161607906,1.514850497,9.51259928702894,62,406739.8384306994,10678.372985051968,333.93055939114134,40854.70377175236,61090.74812214235,56432.33747977128,234729.5486889265,25246.166028999894,152173.60000166393,1613.566026921397,755468.7764182993,569499.694638652,93049.33654694296,0.0,0.0,0.0,0.0,0.0,0.0,0.0,0.0,0.0,0.0,8004985.799581018,0.0,0.0,18.658243322877354,RAE,0.05313163018548361,0.20327787905300115,2.833619616831491,0.30396494311669686,0.28078641658938286,0.7571594896151463,0.4629790460903925,2.0237868360147098,3.758932910615271,1.1679273230110734,0.125615574482353,14537.893571862394
E08000032,2023,556919,15.503690841935722,40.33548864377046,23.592299777885117,1.589450955,9.85195279025943,91,432558.597288075,11832.88187533412,594.4925146192069,54721.15459951041,61388.82675161568,70992.45046418387,263036.3225230073,28095.54155414308,198630.77494040394,1992.2743382494996,800157.8319639601,626773.6369946029,100568.27242090058,0.0,0.0,0.0,0.0,0.0,0.0,0.0,0.0,0.0,0.0,8523285.064601503,0.0,0.0,18.658243322877354,RAE,0.05821107639166592,0.26919708522335917,3.08337127402828,0.3019982554784137,0.3492426444158581,0.9771509033563448,0.49473893597079543,2.127943286841693,3.936323304210172,1.293989716578431,0.13821415044145932,15304.353172726202
E08000032,2024,559818,15.671879074985084,40.30024043528432,21.097928255254384,1.65290761,10.41228075,88,480019.74865568953,14555.567839569554,586.2757057429,56668.97148310834,72443.25480593053,99680.82302769372,385743.5370614564,29504.605587256938,217559.82357936114,2518.948601258662,823651.6340579442,724540.6898163757,96049.72369568012,0.0,0.0,0.0,0.0,0.0,0.0,0.0,0.0,0.0,0.0,8762748.26694674,0.0,0.0,18.658243322877354,RAE,0.0712343441147216,0.2773355914209708,3.545872025905365,0.3545342784640357,0.4878338054177477,1.0647287353681587,0.4700633561860644,2.3491967015292174,4.030916868226519,1.887812839865013,0.1443943136081699,15652.851939285161
E08000033,2011,204170,16.029289317725425,38.23970220894353,,0.820371747,,20,,,,,,,,,,,,,,,,,,,,,,,,,,,8.513850978570181,RWY,,,,,,,,,,,,
E08000033,2012,205116,16.60670059868562,37.77472259599446,3.349324284794945,0.960789859,5.75609813482657,20,,,,,,,,,,,,,,,,,,,,,,,,,,,8.513850978570181,RWY,,,,,,,,,,,,
E08000033,2013,205854,17.03683192942571,37.36385982298134,3.5316292129373243,1.033835411,5.87249716572014,22,,,,,,,,,,,,,,,,,,,,,,,,,,,8.513850978570181,RWY,,,,,,,,,,,,
E08000033,2014,206614,17.45041478312215,36.89779008198864,3.741276002594209,1.043495536,6.06267368064396,19,,,,,,,,,,,,,,,,,,,,,,,,,,,8.513850978570181,RWY,,,,,,,,,,,,
E08000033,2015,207027,17.73874905205601,36.4029812536529,3.2314625628541207,1.043521523,6.24881258743674,11,,,,,,,,,,,,,,,,,,,,,,,,,,,8.513850978570181,RWY,,,,,,,,,,,,
E08000033,2016,207744,17.966824553296366,35.89947242760321,3.3599044978435,1.143975019,6.44378430665499,18,,,,,,,,,,,,,,,,,,,,,,,,,,,8.513850978570181,RWY,,,,,,,,,,,,
E08000033,2017,207459,18.187208074848524,35.357829739852214,3.2970370049021733,1.200530291,6.57236039364602,7,,,,,,,,,,,,,,,,,,,,,,,,,,,8.513850978570181,RWY,,,,,,,,,,,,
E08000033,2018,207215,18.401177520932364,35.01483965929108,3.1609680766353785,1.278377056,7.0378639346306,12,,,,,,,,,,,,,,,,,,,,,,,,,,,8.513850978570181,RWY,,,,,,,,,,,,
E08000033,2019,207729,18.678663065821336,34.940234632622314,3.4901241521405293,1.249760509,7.40040627468683,14,156104.06137718243,2637.0993941206348,6.778736786988304,14738.11192256072,13239.536468722697,13526.62895099812,43119.64166052795,7989.766604227549,61552.57595313336,343.7081225261914,319182.78733650915,147292.81379170518,11626.316861708401,0.0,0.0,0.0,0.0,0.0,0.0,0.0,0.0,0.0,0.0,3318842.8132172604,0.0,0.0,8.513850978570181,RWY,0.03478055469821666,0.19438012424328563,1.9426365870615696,0.17461549737414991,0.17840194387877883,0.8118134415134439,0.15333883525550185,2.058847632913489,4.209683722364422,0.5687025140899521,0.10537657967078087,15976.790978713903
E08000033,2020,206976,18.886247680890538,34.935934601113175,2.695964749536178,1.363720059,7.49154126343405,8,149043.05073825602,2594.1832093340263,14.049854185102088,11182.860359684306,14097.877191805695,20403.80247521278,54473.91559798302,7201.11850781878,52963.62358767194,805.1670592354766,260656.36983458983,159430.4327138604,9570.268166103295,0.0,0.0,0.0,0.0,0.0,0.0,0.0,0.0,0.0,0.0,2746118.5130722807,0.0,0.0,8.513850978570181,RWY,0.03433901156872964,0.14802669675796315,2.1103688643387204,0.18661255929885717,0.2700836266002488,0.701075574213514,0.12668093297698596,1.9728718562069536,3.450289118751507,0.7210671980231315,0.09532067390539595,13267.811306974145
E08000033,2021,206828,19.09606049471058,35.09050998897635,3.142707950567621,1.332843542,7.75531485468245,14,153124.85999443854,2740.7023037963713,45.92763936145206,14127.905779780447,18506.857836382467,24268.534332453466,65784.97200112371,8550.80759080633,55850.4051941915,914.4301835451259,311007.1266109554,179528.50487485784,10605.209827529914,0.0,0.0,0.0,0.0,0.0,0.0,0.0,0.0,0.0,0.0,3265253.357448987,0.0,0.0,8.513850978570181,RWY,0.036304433805183785,0.18714386435821395,2.3781060468861273,0.245149206585559,0.3214706672085344,0.7398167015646314,0.14048083136950953,2.0283528553596453,4.119724212785839,0.8714139284965221,0.11326740147271241,15787.288749342388
E08000033,2022,207597,19.3384297460946,35.171510185599985,9.57624628486924,1.520587683,8.10732592374094,10,165829.983538073,1819.3641005136144,32.379068447997504,13853.829634995363,16080.825661624825,29359.296630588266,78446.09596159661,10130.371492734603,54795.176131861794,1118.0669817371895,324765.2089216324,193063.2356262359,15065.580630561797,0.0,0.0,0.0,0.0,0.0,0.0,0.0,0.0,0.0,0.0,3382253.919421064,0.0,0.0,8.513850978570181,RWY,0.02401074764803612,0.18283355554330885,2.5479191490181865,0.2122239560648338,0.3874643136697513,0.7231499984309933,0.19882543279239193,2.1885129458620205,4.2860334960317585,1.0352789821321569,0.13369385128806402,16292.402681257745
E08000033,2023,208687,19.52158016551103,35.55851586347017,10.3648047075285,1.52359879,8.45032292996094,8,177199.10235652834,2362.039459134663,42.16241108961044,16107.802792845798,16002.614151599066,35458.89121462871,100963.20081429102,11892.109924260361,66405.41155549668,1083.9822870799471,330822.5414260783,229093.5297197379,15797.008631834029,0.0,0.0,0.0,0.0,0.0,0.0,0.0,0.0,0.0,0.0,3473866.495684462,0.0,0.0,8.513850978570181,RWY,0.03100979449573085,0.2114696485921112,3.0076310746786996,0.2100886902276217,0.4655184422765497,0.8717966830642112,0.20738941909967978,2.3263403698247225,4.343170045066223,1.3254851000793024,0.15612435408130537,16646.30041969295
E08000033,2024,209828,19.741883828659663,35.71067731665936,9.989133957336485,1.532231569,9.117642227,14,191463.21366833732,3619.306487112248,109.77206865209203,19088.536311903405,18718.07920580918,40870.709913576604,115910.55702393198,13482.206096078882,69280.92881219051,1222.3573962816201,341962.1894248508,266206.2517542635,15739.080527513554,0.0,0.0,0.0,0.0,0.0,0.0,0.0,0.0,0.0,0.0,3618099.5640946883,0.0,0.0,8.513850978570181,RWY,0.04725731639185033,0.24923918523094854,3.475857352627024,0.244402123563294,0.5336492160647247,0.9046016921908187,0.2055053118198252,2.4999368519752685,4.465003291996377,1.513445154739028,0.17603728267038396,17243.168519428713
E08000034,2011,422970,15.306286497860368,40.29931200794383,,1.116302013,,123,,,,,,,,,,,,,,,,,,,,,,,,,,,12.590417895703798,RWY,,,,,,,,,,,,
E08000034,2012,424922,15.841495615665934,39.94074206560263,6.269385910825987,1.150218487,6.19386299344272,87,,,,,,,,,,,,,,,,,,,,,,,,,,,12.590417895703798,RWY,,,,,,,,,,,,
E08000034,2013,427009,16.227058446074906,39.55701167891075,6.887442653433534,1.238274932,6.45960635029837,74,,,,,,,,,,,,,,,,,,,,,,,,,,,12.590417895703798,RWY,,,,,,,,,,,,
E08000034,2014,429036,16.5547879432029,39.152425437492425,6.780316803251941,1.308393478,6.73987873913197,85,,,,,,,,,,,,,,,,,,,,,,,,,,,12.590417895703798,RWY,,,,,,,,,,,,
E08000034,2015,431110,16.786898935306535,38.77038342882327,7.376307670896058,1.398397565,6.98871568171243,65,,,,,,,,,,,,,,,,,,,,,,,,,,,12.590417895703798,RWY,,,,,,,,,,,,
E08000034,2016,432588,16.98706390376062,38.35635755037126,7.596142287811959,1.450882316,7.14312509558698,66,,,,,,,,,,,,,,,,,,,,,,,,,,,12.590417895703798,RWY,,,,,,,,,,,,
E08000034,2017,433393,17.18301864589414,37.92585482460492,6.601398730482496,1.386552811,7.26402024319311,46,,,,,,,,,,,,,,,,,,,,,,,,,,,12.590417895703798,RWY,,,,,,,,,,,,
E08000034,2018,433571,17.352175306927816,37.71308505412032,7.119941139974768,1.431049466,7.62230777767344,60,,,,,,,,,,,,,,,,,,,,,,,,,,,12.590417895703798,RWY,,,,,,,,,,,,
E08000034,2019,433259,17.566167119436642,37.53297681063752,8.442986758497804,1.465123296,8.00399889296184,37,299659.84701241035,5283.706359085057,17.562518295662482,26810.59800145922,27270.40012683533,20979.23981238222,87204.28403817202,19632.492757920314,138732.29699944975,1866.5403323416745,663337.2566009253,306473.28170487355,26276.459778495555,0.0,0.0,0.0,0.0,0.0,0.0,0.0,0.0,0.0,0.0,6882604.057977521,0.0,0.0,12.590417895703798,RWY,0.03341167254023515,0.16953760488456743,1.9379928093558234,0.17244517714583724,0.13266283989251784,0.8772777597926398,0.16615996612419248,1.8949078547145743,4.194632648950975,0.5514388545417944,0.12414664528968239,15885.657442724838
E08000034,2020,432878,17.7144599633153,37.555847143999,8.623676878935868,1.565852523,8.145820274179,28,281736.23221562104,4482.999536300976,34.93337442780145,21133.88668415415,30346.05104370017,32716.884281088303,110326.61140463236,18588.987323732603,104830.79041451855,2398.0463494689825,550751.2416846594,336158.97305392544,22070.510066622075,0.0,0.0,0.0,0.0,0.0,0.0,0.0,0.0,0.0,0.0,5765028.438784488,0.0,0.0,12.590417895703798,RWY,0.02837333038503604,0.13375837859314058,2.1275821081666746,0.1920630428738609,0.20706827189240834,0.6634840416267024,0.13968635705084975,1.7831354059619002,3.4857569834106146,0.6982676153091972,0.11765146852874933,13317.905827472146
E08000034,2021,433458,17.825025723368814,37.604566070991886,7.550904585911438,1.554246783,8.44466486307267,37,291110.0010216854,5158.193450470643,99.3044290835725,24944.04260812206,39930.731390852074,40855.739896369705,134331.9416187866,20901.163930619623,102970.9824448902,2609.1397380763337,645649.3553763984,374341.1950699281,25747.851874810654,0.0,0.0,0.0,0.0,0.0,0.0,0.0,0.0,0.0,0.0,6762861.86993845,0.0,0.0,12.590417895703798,RWY,0.032603013096088894,0.15766197131435628,2.3660707963864476,0.25238723033033467,0.25823386340235205,0.6508410980324093,0.16274254929194543,1.8399975237156878,4.080908285224825,0.8490620008485227,0.13210844608616154,15602.115706570072
E08000034,2022,438007,17.920718162038508,37.904873666402594,17.307942567127924,1.543606877,8.72045077818812,33,314845.0267608854,4304.916304118916,59.887697217069615,24378.854561671273,36023.7457178739,49091.44731548358,160753.27366065513,24517.98859338733,109201.00546333494,2978.9485424643585,662301.4038365711,400222.72384015436,37559.174059286815,0.0,0.0,0.0,0.0,0.0,0.0,0.0,0.0,0.0,0.0,6887196.094644539,0.0,0.0,12.590417895703798,RWY,0.026927175237293956,0.15248930350597872,2.5033860492199826,0.2253278914437434,0.30706613349291617,0.6830503550990032,0.23493196852509687,1.969350066125392,4.14268355088571,1.0055088796238674,0.15335958441014053,15723.940701049389
E08000034,2023,442743,18.045005793428693,38.24634155706584,18.37634925905096,1.624000669,8.95510190739258,38,329864.3028403104,5315.978458873312,89.80132931193269,29007.17580802466,36099.66631920357,58825.30443673815,192316.27636750578,26961.174708300026,133042.09050600466,3002.31454302944,674062.8404621212,449734.1936478178,39398.248311593925,0.0,0.0,0.0,0.0,0.0,0.0,0.0,0.0,0.0,0.0,7055568.93893609,0.0,0.0,12.590417895703798,RWY,0.032895663047994864,0.1794985229411494,2.782988044412777,0.22338737234711395,0.3640152811786952,0.823274175082707,0.2437992386850476,2.041224403323938,4.171150098624711,1.1900671673096588,0.1668377186709543,15936.037247197788
E08000034,2024,445780,18.20920633496344,38.27156893534927,16.849118399210372,1.630752683,9.489836943,47,356828.3601913169,6592.21684248891,203.90165666573944,32964.98821678194,41736.5152189059,69668.67202708783,217456.48744253346,30686.65134961145,149828.09070031255,3645.018652620488,720195.279500415,513091.8717474443,41525.599568908074,0.0,0.0,0.0,0.0,0.0,0.0,0.0,0.0,0.0,0.0,7572231.232789196,0.0,0.0,12.590417895703798,RWY,0.04051520494776224,0.20260001841796732,3.153419075491162,0.25650907855466454,0.428177742489156,0.920830723062685,0.255212808879299,2.193036802300766,4.4262590337294885,1.3364691068973358,0.1885975534931934,16986.47591365516
E08000035,2011,750683,14.68103047491418,45.05683490900953,,2.150756598,,113,,,,,,,,,,,,,,,,,,,,,,,,,,,15.80009113637203,RR8,,,,,,,,,,,,
E08000035,2012,758029,14.981089114004874,44.803694845447865,12.26338306318096,2.2207582,5.28675735977504,84,,,,,,,,,,,,,,,,,,,,,,,,,,,15.80009113637203,RR8,,,,,,,,,,,,
E08000035,2013,764369,15.161394562050528,44.45078227923948,12.929619071417076,2.378156424,5.5591232777764,114,,,,,,,,,,,,,,,,,,,,,,,,,,,15.80009113637203,RR8,,,,,,,,,,,,
E08000035,2014,770434,15.340963664635776,44.06581225646843,14.276368903760735,2.513180494,5.84538610300408,93,,,,,,,,,,,,,,,,,,,,,,,,,,,15.80009113637203,RR8,,,,,,,,,,,,
E08000035,2015,777987,15.413368089698157,43.75818619077182,15.245756034483868,2.53785944,5.94193844688055,90,,,,,,,,,,,,,,,,,,,,,,,,,,,15.80009113637203,RR8,,,,,,,,,,,,
E08000035,2016,786739,15.439809136193832,43.46956233261603,16.157836334540423,2.59981823,6.00413845525823,83,,,,,,,,,,,,,,,,,,,,,,,,,,,15.80009113637203,RR8,,,,,,,,,,,,
E08000035,2017,793134,15.497255192691274,43.24414285606216,14.605350419979477,2.675835371,6.12560595772217,63,,,,,,,,,,,,,,,,,,,,,,,,,,,15.80009113637203,RR8,,,,,,,,,,,,
E08000035,2018,797696,15.541384186456996,43.06477655648267,15.677651636713737,2.730590582,6.28772043752664,58,,,,,,,,,,,,,,,,,,,,,,,,,,,15.80009113637203,RR8,,,,,,,,,,,,
E08000035,2019,804640,15.588213362497514,43.16862199244383,18.459186717041163,2.781812668,6.55946103962281,73,569258.1181034073,11676.575555917903,244.84261877126724,50026.07200659932,86972.615873637,32316.33860898982,242594.8604955049,55895.07255535939,324269.25789048977,5533.384094570465,1215803.7909178354,816514.9008326279,195171.65676409472,0.0,0.0,0.0,0.0,0.0,0.0,0.0,0.0,0.0,0.0,13149135.672246527,0.0,0.0,15.80009113637203,RR8,0.03975767791983858,0.1703342258959655,2.7801589848489305,0.29613384790692404,0.11003419417035243,1.1041073346184247,0.6645417427008784,1.9382721247701935,4.139701344931709,0.8260134388202701,0.19031763904749502,16341.638089389697
E08000035,2020,808443,15.590956938213331,43.23978313869995,17.98271492238785,2.737849474,6.57892270408505,53,538116.3602359002,9742.839652082941,513.8313648187154,39164.27543287468,100066.06678794336,48204.49411385921,301764.1090363952,48476.67884281276,251043.52057071385,7290.9808579595265,1030557.8039148694,919084.385965253,188772.58990404976,0.0,0.0,0.0,0.0,0.0,0.0,0.0,0.0,0.0,0.0,11233615.78925285,0.0,0.0,15.80009113637203,RR8,0.03301743150175053,0.1327235002932821,3.114677736839125,0.3391130947243046,0.16335982519640607,0.8507593823151717,0.6397299226034666,1.823618236420596,3.492449112829142,1.022645979569811,0.1642822298510003,13895.371460019876
E08000035,2021,809479,15.743459682091814,43.09969745972409,14.395679196124917,2.733197927,6.61994147755392,70,644018.21673454,10391.745312718613,1373.701943124954,38107.18821853806,131756.41665263532,75908.60661856513,376642.1048018361,56392.76071602266,235194.43358803325,8195.384613378079,1196977.8052572468,1163792.8669683156,245313.63428399182,0.0,0.0,0.0,0.0,0.0,0.0,0.0,0.0,0.0,0.0,12975962.841415951,0.0,0.0,15.80009113637203,RR8,0.035171431381590706,0.12897586644403988,3.9389207232459045,0.4459368111832707,0.2569168381839959,0.7960284469394402,0.8302774361327042,2.179714940728035,4.0512369651098155,1.274765840175319,0.19086438844055625,16030.017877444569
E08000035,2022,819992,15.693567742124314,43.70091415526005,22.506317134801314,2.695343018,6.79305983460354,60,707426.3897607159,10752.303955409721,736.4313984918251,46006.51722588122,113120.64840235338,98462.58362068605,385046.0056330517,58673.67844713541,250839.82675937485,7621.702544834231,1286313.4576587628,1117571.5723902606,446338.52540124103,0.0,0.0,0.0,0.0,0.0,0.0,0.0,0.0,0.0,0.0,13785806.09745444,0.0,0.0,15.80009113637203,RR8,0.03592518829588889,0.15371522243344712,3.733987556411378,0.3779544003648595,0.3289794328119942,0.8380964717710405,1.491289274861088,2.363626099395009,4.297781514135597,1.2865010431543524,0.19603825886686038,16812.12267614128
E08000035,2023,833035,15.615910495957554,44.3358322279376,29.558181829094817,2.772467852,6.88985304907875,67,736423.578522288,11426.851496074412,990.5201355000362,48338.47580050005,114132.1535072645,119741.13275299477,416042.5910276805,63088.62532353137,334621.10859493917,7658.177338921419,1296004.1092250117,1242294.936881672,462804.61934118887,0.0,0.0,0.0,0.0,0.0,0.0,0.0,0.0,0.0,0.0,13996615.900969023,0.0,0.0,15.80009113637203,RR8,0.03758118501023173,0.15897793042950484,4.085720014499454,0.3753633779213983,0.3938104616893772,1.100518178148673,1.5220943432253586,2.4219856851951507,4.2623613529534365,1.3683011099705658,0.20748893963830187,16801.95418075954
E08000035,2024,842884,15.68744928127714,44.68218639812833,29.64227580544891,2.774065733,7.065263328,80,798804.8687206416,12082.232850806871,1809.7646534339951,56946.17957579735,130953.63084397044,146172.9557575333,476392.10160247056,65729.16116623464,390226.9123721826,10554.474782163743,1367750.8027884713,1288685.5644232891,468134.2373418077,0.0,0.0,0.0,0.0,0.0,0.0,0.0,0.0,0.0,0.0,14789642.292929573,0.0,0.0,15.80009113637203,RR8,0.03927231719955508,0.18509893454455215,4.188767828054174,0.42565414790813266,0.475123328228442,1.2684009050082081,1.5216323412962127,2.596450388956954,4.445762967849754,1.5484738588071059,0.21364730331353105,17546.474120910556
E08000036,2011,326433,17.021257042027003,38.46455474783493,,1.079088449,,15,,,,,,,,,,,,,,,,,,,,,,,,,,,8.511944851630282,RXF,,,,,,,,,,,,
E08000036,2012,327901,17.57878140048368,38.0248916593728,4.723986813092976,1.140727639,6.37374131771138,17,,,,,,,,,,,,,,,,,,,,,,,,,,,8.511944851630282,RXF,,,,,,,,,,,,
E08000036,2013,329888,17.90668348045397,37.57335823067223,5.110825492288292,1.108876109,6.65473948527063,22,,,,,,,,,,,,,,,,,,,,,,,,,,,8.511944851630282,RXF,,,,,,,,,,,,
E08000036,2014,331624,18.28064313801172,37.09743565001327,5.192627795334476,1.088880539,6.88139802634568,25,,,,,,,,,,,,,,,,,,,,,,,,,,,8.511944851630282,RXF,,,,,,,,,,,,
E08000036,2015,333908,18.48173748457659,36.75054206547912,5.863890652515064,1.230126262,7.12383162869387,9,,,,,,,,,,,,,,,,,,,,,,,,,,,8.511944851630282,RXF,,,,,,,,,,,,
E08000036,2016,337365,18.586990351696237,36.44687504631482,5.806767151304967,1.364144564,7.23878560051412,17,,,,,,,,,,,,,,,,,,,,,,,,,,,8.511944851630282,RXF,,,,,,,,,,,,
E08000036,2017,340749,18.652439185441484,36.149188992484206,4.199572119067114,1.377811074,7.37946541807487,13,,,,,,,,,,,,,,,,,,,,,,,,,,,8.511944851630282,RXF,,,,,,,,,,,,
E08000036,2018,344437,18.716630327171583,36.04432740965692,4.497193971611645,1.439454198,7.66921117795212,17,,,,,,,,,,,,,,,,,,,,,,,,,,,8.511944851630282,RXF,,,,,,,,,,,,
E08000036,2019,348201,18.82217454860842,36.176231544424056,4.62376615805239,1.498259544,7.96215053162505,12,210071.25733351405,4067.27022511742,15.923948198465927,17588.180569439108,20827.44493295638,9081.763711496955,67491.8782384626,18753.756423524504,125076.6992111869,2722.8896998105015,526236.7757540446,246414.98001582312,21646.885546688325,0.0,0.0,0.0,0.0,0.0,0.0,0.0,0.0,0.0,0.0,5445563.346870319,0.0,0.0,8.511944851630282,RXF,0.03200222313035318,0.13838787390230092,1.9388500730610376,0.16387515534706615,0.0714574180288401,0.984132407000058,0.17032270368078087,1.6528892545532494,4.140552701189749,0.5310417128263352,0.147558894388582,15639.137586825767
E08000036,2020,350978,18.85018434203853,36.33019733430585,3.3933750833385568,1.458588123,7.98189067203342,8,195364.84597976704,2689.2044281534586,31.761568604241933,14841.460063889383,24568.991979915932,16188.116993977874,85728.8485923957,18581.801588712402,79563.78474806508,2629.7053331053635,446936.90875966736,275772.1094528736,18341.24299300319,0.0,0.0,0.0,0.0,0.0,0.0,0.0,0.0,0.0,0.0,4640434.9144471595,0.0,0.0,8.511944851630282,RXF,0.02099186662640962,0.1158520887964908,2.1526706115434124,0.19178497454054164,0.1263640611746408,0.6210730356674979,0.14317131216984674,1.5250134007522544,3.4887790161586634,0.6691973792869795,0.14504910691988424,13221.440986179075
E08000036,2021,353803,18.951224268872792,36.57035129719081,3.3888915582965664,1.447170854,8.19582072946003,14,205194.32960471147,3667.5353438265597,76.30593858401352,15849.756713144947,32690.040304086164,22760.79323935057,105203.51864719082,20006.42594609222,69689.52769703316,2791.773100211558,513751.714807884,303197.6176376139,22802.952598598124,0.0,0.0,0.0,0.0,0.0,0.0,0.0,0.0,0.0,0.0,5363493.117390654,0.0,0.0,8.511944851630282,RXF,0.028400104119753043,0.12273494287758346,2.3478557403035403,0.25314017760666335,0.17625157967020164,0.5396511981769063,0.1765780469240941,1.5889527378014323,3.9783126335252508,0.8146590566260934,0.15492272784488742,15159.546746044138
E08000036,2022,357912,19.025347012673507,36.88392677529672,7.211269809338608,1.490422249,8.4068181037149,8,222446.67012207088,4033.23698562918,43.14464452557635,15187.037444479947,31124.89889680094,26171.44763484696,127508.47126462843,23324.35435043293,83786.28670818913,3052.061527057398,513257.11106690695,322364.17016694596,33664.61834691164,0.0,0.0,0.0,0.0,0.0,0.0,0.0,0.0,0.0,0.0,5323304.285786199,0.0,0.0,8.511944851630282,RXF,0.03087341118540181,0.11625293861535373,2.467616361861858,0.23825324551195212,0.20033582629209046,0.6413628781191881,0.25769415690848346,1.7027731169709035,3.928853645412088,0.9760451659551458,0.17854204577135613,14873.22103138816
E08000036,2023,362336,19.09829550472489,37.26844696635168,8.235449969089464,1.660060287,8.5792399649454,12,225733.28128315537,4737.212747614666,60.921835976175714,18883.326103707794,31508.16787997833,31006.980643543968,137490.34642998542,23932.02936496575,103372.84409599648,3075.2382003607117,523057.513645492,335913.0140632603,35431.15346190646,0.0,0.0,0.0,0.0,0.0,0.0,0.0,0.0,0.0,0.0,5447168.79461343,0.0,0.0,8.511944851630282,RXF,0.03581941916331247,0.14278222426189596,2.539934280807251,0.23824226026775971,0.23445264036728466,0.7816316112555217,0.2679050751796445,1.7068338392576161,3.954987315531033,1.0396037949033414,0.18095691220202295,15033.473887809741
E08000036,2024,366925,19.18566464536349,37.56217210601621,8.625740955236084,1.722007871,8.753055255,8,245534.5878219768,4441.5797910571855,115.42733766691622,19502.389192923536,35925.407889381204,38882.02942761789,150981.7010020993,27307.837982809342,128894.08072188696,4003.777223420782,586179.3116260141,371337.113540882,39467.87095894366,0.0,0.0,0.0,0.0,0.0,0.0,0.0,0.0,0.0,0.0,6107364.207437289,0.0,0.0,8.511944851630282,RXF,0.03316403013237325,0.1456188683471654,2.7726700413068777,0.2682449411716306,0.29032120466272654,0.9624159371293785,0.294695519008447,1.8333378779917646,4.376836456451865,1.1273380006708795,0.20389996449805883,16644.72087602995
E08000037,2011,200349,17.67465772227463,39.26298608927421,,1.299463391,,9,,,,,,,,,,,,,,,,,,,,,,,,,,,7.437654207703758,RR7,,,,,,,,,,,,
E08000037,2012,200252,18.1900804985718,38.87751433194176,4.199708367457004,1.294596314,6.30388419495505,12,,,,,,,,,,,,,,,,,,,,,,,,,,,7.437654207703758,RR7,,,,,,,,,,,,
E08000037,2013,200299,18.54178003884193,38.65970374290436,7.513766918456906,1.238938093,6.49005548306188,9,,,,,,,,,,,,,,,,,,,,,,,,,,,7.437654207703758,RR7,,,,,,,,,,,,
E08000037,2014,200728,18.803056872982346,38.35688095332988,3.7613088358375513,1.423673391,6.5281029524042,21,,,,,,,,,,,,,,,,,,,,,,,,,,,7.437654207703758,RR7,,,,,,,,,,,,
E08000037,2015,201271,18.99031653839848,38.21216171231822,4.168509124513715,1.468724608,6.6749701775314,11,,,,,,,,,,,,,,,,,,,,,,,,,,,7.437654207703758,RR7,,,,,,,,,,,,
E08000037,2016,201359,19.175204485520887,37.757934832811046,4.782502892843131,1.526064634,6.79689777829611,13,,,,,,,,,,,,,,,,,,,,,,,,,,,7.437654207703758,RR7,,,,,,,,,,,,
E08000037,2017,200660,19.376059005282567,37.24558955447025,4.729393003089804,1.527916074,6.99531937684838,9,,,,,,,,,,,,,,,,,,,,,,,,,,,7.437654207703758,RR7,,,,,,,,,,,,
E08000037,2018,199915,19.547307605732435,37.07025485831478,5.102168421579171,1.498273134,7.17761345512542,6,,,,,,,,,,,,,,,,,,,,,,,,,,,7.437654207703758,RR7,,,,,,,,,,,,
E08000037,2019,198435,19.89618766850606,36.62609922644695,4.842895658527981,1.562846899,7.34725355011916,8,212054.44793691416,1913.1027689227574,,7425.053892909067,17080.560008386372,10675.880895404558,38080.48526786055,11344.960635218702,90508.81086381806,2276.347455199276,436184.5964212816,239750.2937502347,64159.01916918431,0.0,0.0,,0.0,0.0,0.0,0.0,0.0,0.0,0.0,4686271.06815106,0.0,0.0,7.437654207703758,RR7,0.026413573457824704,0.10251524884839026,3.3101525429670002,0.2358256094816787,0.1473983357499082,1.249625040100679,0.8858222325199384,2.927765213990077,6.022255607958047,0.5257645910463148,0.15663609712049806,23616.15172802711
E08000037,2020,197342,20.126987666082236,36.49805920685916,4.4896676835139,1.430884838,7.46653474566407,8,241401.6720833391,1628.0838939955086,23.619839258250437,5077.065724674533,16569.412172316122,16394.429585864626,53280.48370035408,10013.605900585595,77604.62304158662,2577.0090425136655,349511.10277943796,269606.73485090025,62463.59670836273,0.0,0.0,0.0,0.0,0.0,0.0,0.0,0.0,0.0,0.0,3760871.0172972777,0.0,0.0,7.437654207703758,RR7,0.02260291179356537,0.07048559915627363,3.7429872436308713,0.23003541966316068,0.22760611243792503,1.0773956156995874,0.8671906723695271,3.3514124923429516,4.8523105327256495,0.7397002561349107,0.1390202628631165,19057.631002509745
E08000037,2021,196179,20.380876648367053,36.28930721432977,4.817029345648617,1.447932839,7.85078403379876,4,251075.10116320642,1228.5880071843612,136.4542971776233,6247.270008485817,20730.98686644766,20003.39166925938,71360.60474372472,11625.966407295384,89153.80134449572,2695.7471181285473,426567.2169391582,312857.44908491056,68359.86614319118,0.0,0.0,0.0,0.0,0.0,0.0,0.0,0.0,0.0,0.0,4515370.501377217,0.0,0.0,7.437654207703758,RR7,0.017157771933953823,0.08724587362779349,4.3691918917062615,0.28951735043831106,0.279356163465465,1.245072051467893,0.9546755998444973,3.506374227048954,5.957198816808248,0.9965822343226901,0.1623617347407897,23016.584350910223
E08000037,2022,198321,20.37857816368413,36.88262967613112,16.68507117249308,1.418705463,8.09243557005586,4,256462.73053780932,1700.0408102683568,147.5902898841879,6906.550620416003,17401.620040547008,23695.09132069228,87611.8592938442,12521.338219614812,82385.79342411879,2719.760828083721,446892.8591427886,334778.7219339475,66670.2502307274,0.0,0.0,0.0,0.0,0.0,0.0,0.0,0.0,0.0,0.0,4686914.286677721,0.0,0.0,7.437654207703758,RR7,0.023485390127771365,0.09541125999914492,4.624835382542575,0.2403964852131867,0.3273382970681651,1.1381270895761533,0.9210230878737604,3.5429309952642756,6.173647761212759,1.2103231186612187,0.17297732574020286,23632.970218371836
E08000037,2023,199876,20.4306670135484,37.31963817566891,17.015549640777284,1.573151588,8.37303240014377,7,263818.7322630363,1781.4941321206902,90.4794882032223,8119.084920077076,19852.14932509875,29080.620342177208,122350.07861763284,13086.424659331742,90299.0821404932,5074.430819021639,438108.32923392556,398598.58640623704,70269.47655404391,0.0,0.0,0.0,0.0,0.0,0.0,0.0,0.0,0.0,0.0,4624843.065888297,0.0,0.0,7.437654207703758,RR7,0.024419169091969763,0.11128934076219141,5.463642066385777,0.272115962925764,0.39861180153855946,1.2377411274509813,0.9631927487376957,3.6161972787928005,6.005207190566721,1.6770682565331991,0.1793773051529173,23138.561237408678
E08000037,2024,201422,20.57024555411028,37.69300275044434,15.00332634965396,1.7645576,8.619128466,8,287101.309426006,2423.263629731147,67.92757333072524,10308.25351804791,22284.50486218182,34928.68779989548,144483.00584389732,12921.981458110837,105291.46657608372,4633.835635352317,484063.292519529,440228.47271279775,73046.63130359825,0.0,0.0,0.0,0.0,0.0,0.0,0.0,0.0,0.0,0.0,5083077.630713378,0.0,0.0,7.437654207703758,RR7,0.03296103919939024,0.14021204466446185,5.987952679908831,0.30311206312408934,0.47509723400724246,1.4321661558386138,0.9935744704955742,3.9051291811930327,6.584190413278426,1.965246356540576,0.17576376426771187,25235.96047459254
E09000002,2011,187029,10.340107683835129,45.22560672409092,,5.432227612,,61,,,,,,,,,,,,,,,,,,,,,,,,,,,41.303364626875904,RF4,,,,,,,,,,,,
E09000002,2012,191453,10.16437454623328,44.94732388628018,18.53718667244702,5.654557705,6.76851845550744,65,,,,,,,,,,,,,,,,,,,,,,,,,,,41.303364626875904,RF4,,,,,,,,,,,,
E09000002,2013,196204,9.916719332939186,44.74781350023445,17.553158957003934,5.98772192,7.19652592708169,71,,,,,,,,,,,,,,,,,,,,,,,,,,,41.303364626875904,RF4,,,,,,,,,,,,
E09000002,2014,201244,9.65196477907416,44.68654966110791,23.48392995567569,5.944871902,7.23274513681187,67,,,,,,,,,,,,,,,,,,,,,,,,,,,41.303364626875904,RF4,,,,,,,,,,,,
E09000002,2015,206450,9.361104383627998,44.60789537418261,25.860983288931944,6.129286766,7.45903854184578,42,,,,,,,,,,,,,,,,,,,,,,,,,,,41.303364626875904,RF4,,,,,,,,,,,,
E09000002,2016,211047,9.190369917601291,44.37068520282212,28.894037820959312,5.916555405,7.77942470702673,65,,,,,,,,,,,,,,,,,,,,,,,,,,,41.303364626875904,RF4,,,,,,,,,,,,
E09000002,2017,214017,9.013769934164108,44.36283099006154,23.56822121607162,5.854136467,7.99975066300973,53,,,,,,,,,,,,,,,,,,,,,,,,,,,41.303364626875904,RF4,,,,,,,,,,,,
E09000002,2018,216298,8.843817326096405,44.46874219826351,25.60356545136802,5.682476044,8.48762175550052,56,,,,,,,,,,,,,,,,,,,,,,,,,,,41.303364626875904,RF4,,,,,,,,,,,,
E09000002,2019,218828,8.727402343392985,44.62637322463304,26.801871789716124,5.503005505,8.63571808020468,37,52977.12463055241,9242.228831809469,114.08536236725915,18422.98901422662,9467.546112292375,3871.3666897572775,35487.04423721093,11527.804114625842,59043.85334736275,1637.4160961721373,310241.9276828494,142373.79560478887,25580.02593639129,0.0,0.0,0.0,0.0,0.0,0.0,0.0,0.0,0.0,0.0,3235633.4463697076,0.0,0.0,41.303364626875904,RF4,0.11571268247970906,0.23065577761863412,1.7825195744501514,0.11853365428295813,0.048469501533290014,0.7392289002028833,0.32026186246471283,0.6632734714341533,3.8842281794953166,0.4442977074784066,0.1443280794577369,14786.19484878401
E09000002,2020,219227,8.701482937776825,44.47672959991242,21.730899934770807,5.29845953,8.71943389231273,37,41779.58147486335,7481.362820346748,149.04531997876703,14907.748968807446,9796.71421280146,6562.6814011797605,44658.82778015425,10987.931047085014,39401.555614412675,1885.3438792973077,264577.11547393067,145409.89641317228,25514.41421309944,0.0,0.0,0.0,0.0,0.0,0.0,0.0,0.0,0.0,0.0,2805466.4007909754,0.0,0.0,41.303364626875904,RF4,0.09349616807832137,0.1863052811001675,1.817218124794426,0.12243160245674493,0.08201521274445261,0.4924095455247166,0.3188590123179313,0.522128235940133,3.3064759793164997,0.5581107839013462,0.13731849031800483,12797.084304355647
E09000002,2021,218714,8.749325603299285,44.43657013268469,22.95234872939089,4.850903988,8.94743978888298,32,43102.550946168485,8305.212199522883,119.08102391331064,16505.99397332617,15276.141355037906,10034.058355384872,56445.73225811556,13084.816126731712,48382.19428646328,1736.7440855624868,308058.68928227876,160887.87149597035,23735.823611657226,0.0,0.0,0.0,0.0,0.0,0.0,0.0,0.0,0.0,0.0,3245268.3803776014,0.0,0.0,41.303364626875904,RF4,0.10403543452220748,0.20676271887846243,2.015365678603362,0.19135694134164707,0.12569186625762815,0.6060606863265016,0.2973273486405431,0.5399251107584984,3.8589043636554794,0.7070687829908296,0.16390725470758286,14837.954499380932
E09000002,2022,221769,8.78707123177721,44.789397977174445,32.26781019890066,4.932511806,9.39546995080879,33,47501.176090198685,7996.730858967167,251.24198515614037,19007.12045016797,11818.441333330451,11660.589726611051,63534.515217067456,13836.526515241676,50061.22081560978,1399.515743050898,296752.678501846,171006.90930006222,26317.717300260592,0.0,0.0,0.0,0.0,0.0,0.0,0.0,0.0,0.0,0.0,3091613.350091704,0.0,0.0,41.303364626875904,RF4,0.09879131739965097,0.2348132633650326,2.112613035519586,0.1460045873146969,0.14405449440091897,0.6184544712372226,0.3251281065848117,0.5868277733420711,3.6660716195291445,0.7849030521771166,0.1709359370452134,13940.692116985261
E09000002,2023,227908,8.605665443951068,45.68159081734735,42.78919564034611,4.84214735,9.90159043333895,61,49440.26929949503,9168.767153384995,177.6812981006124,17980.666998266162,11475.59673858741,16204.225865757535,72843.30547584209,15384.84983739399,51521.698882053555,1610.6620214873012,291722.50961348973,188618.457614344,27836.928052119834,0.0,0.0,0.0,0.0,0.0,0.0,0.0,0.0,0.0,0.0,3048898.1020199126,0.0,0.0,41.303364626875904,RF4,0.11021951844285395,0.21614906613683055,2.267418860125775,0.13795036183294593,0.1947941246390641,0.6193522798799799,0.334633081362557,0.5943310133973193,3.5068525561442567,0.8756634253023762,0.184944247359052,13377.758139336542
E09000002,2024,234866,8.569567327752846,46.32641591375508,41.1042892542982,4.819975376,10.69858676,50,50833.87669727829,10466.481575953769,177.12867204728326,20468.878530249436,12471.651231648382,28525.804171625965,76839.19153166437,15268.281991450556,56311.81949336887,2118.237773534142,296791.73177053715,208115.8476395203,29836.236245588978,0.0,0.0,0.0,0.0,0.0,0.0,0.0,0.0,0.0,0.0,3107541.2676647324,0.0,0.0,41.303364626875904,RF4,0.12209213759724452,0.23877070014798804,2.427683889928029,0.14548256232902237,0.3327552227288795,0.6568807639934221,0.3480414917510991,0.5929802315406931,3.462093416024657,0.8963337944336942,0.17810542848099753,13231.12441845449
E09000003,2011,357538,13.342637705642478,44.720281480569895,,2.828587532,,98,,,,,,,,,,,,,,,,,,,,,,,,,,,43.16381017447162,RAL,,,,,,,,,,,,
E09000003,2012,363260,13.500798326267686,44.390794472278806,25.33447117766889,2.916382313,5.93419398291718,111,,,,,,,,,,,,,,,,,,,,,,,,,,,43.16381017447162,RAL,,,,,,,,,,,,
E09000003,2013,368611,13.581526324499269,44.22195756502112,25.38719680096362,2.98037076,6.05253523685743,74,,,,,,,,,,,,,,,,,,,,,,,,,,,43.16381017447162,RAL,,,,,,,,,,,,
E09000003,2014,373853,13.64654021767914,44.04244449021407,29.380531920300225,2.984583378,6.05805435952823,73,,,,,,,,,,,,,,,,,,,,,,,,,,,43.16381017447162,RAL,,,,,,,,,,,,
E09000003,2015,377826,13.73727588890124,43.847432415979846,29.680329040351907,3.008966923,6.16117068939677,74,,,,,,,,,,,,,,,,,,,,,,,,,,,43.16381017447162,RAL,,,,,,,,,,,,
E09000003,2016,382925,13.800874844943529,43.57824639289678,31.28288829405236,3.011194706,6.24152944232822,74,,,,,,,,,,,,,,,,,,,,,,,,,,,43.16381017447162,RAL,,,,,,,,,,,,
E09000003,2017,384117,13.907220976941922,43.05693317400688,25.096520070707623,2.991851568,6.46794381070293,61,,,,,,,,,,,,,,,,,,,,,,,,,,,43.16381017447162,RAL,,,,,,,,,,,,
E09000003,2018,387574,13.999391084025245,42.76938081501855,25.60543276896799,2.967756987,6.63582430085454,60,,,,,,,,,,,,,,,,,,,,,,,,,,,43.16381017447162,RAL,,,,,,,,,,,,
E09000003,2019,390590,14.101743516219054,42.5328349420108,25.935123787091324,3.040817738,6.65120311006837,47,330683.8487070822,12559.072981753261,264.1472724953645,31947.823752975626,23437.980542385594,7419.63888321767,93921.48975094878,19229.753365224322,75650.50145007993,3201.005099942117,576072.4235917568,315599.1871879131,223641.04426959596,0.0,0.0,0.0,0.0,0.0,0.0,0.0,0.0,0.0,0.0,6184267.929931729,0.0,0.0,43.16381017447162,RAL,0.0880934461406875,0.22409248637888254,2.21371593580006,0.1644016624122593,0.05204377419350263,0.5306373634973711,1.568691440589147,2.3195246860971634,4.040760420338861,0.6587960521329255,0.13488378042227175,15833.14455037694
E09000003,2020,391046,14.233619574167744,42.245157858666246,20.18944062846826,2.995537758,6.64970833836876,51,309946.1330782134,11232.50468122317,488.61061347447526,27402.320129653817,28524.383954595014,13978.82288874965,122784.33843150965,21946.77679613247,81773.57018656943,3960.4674868397233,546060.1919395886,365749.3842158464,220801.26302122822,0.0,0.0,0.0,0.0,0.0,0.0,0.0,0.0,0.0,0.0,5907322.885058646,0.0,0.0,43.16381017447162,RAL,0.0786965866624609,0.1919847017237983,2.5624942012977376,0.19984604659266877,0.09793769761277182,0.5729177094084607,1.5469662576306809,2.171528382557336,3.8257783493052857,0.8602452083835679,0.15376235943045674,15106.465441555843
E09000003,2021,388955,14.543070535151882,41.70919515111002,20.10515355246751,2.898295164,6.72876826673932,46,323797.0388989041,10227.262599541535,352.2237309695374,28325.05289136054,44799.36361097213,26437.307914379613,145552.89237957206,23331.598864892843,67112.98783914761,4204.926121158461,642305.0824141568,413929.44015910267,232396.69609374547,0.0,0.0,0.0,0.0,0.0,0.0,0.0,0.0,0.0,0.0,6939010.215570122,0.0,0.0,43.16381017447162,RAL,0.07203891846869305,0.19951635699210574,2.9156412970905894,0.31555831007652313,0.18621943563482,0.47273129169006317,1.636958714939172,2.280765577163144,4.5242764633945,1.0252472589766577,0.16434340391803498,17840.136302580304
E09000003,2022,391926,14.721401489056609,41.256767859238735,25.6579048085608,2.880847692,6.92205765943534,51,338631.15694148454,13880.054383642228,538.7627656595077,34611.51438171184,37364.399926643935,29367.996059658857,174329.37082906184,25905.05315250422,88310.85337406916,4304.598550051245,637429.6896740991,427026.02193508414,238524.35650798155,0.0,0.0,0.0,0.0,0.0,0.0,0.0,0.0,0.0,0.0,6862193.558205245,0.0,0.0,43.16381017447162,RAL,0.09702736296278901,0.2419489056587481,2.98508980438007,0.2611927225473856,0.20529452799035416,0.6173296578706196,1.6673846279478781,2.3671728702873285,4.45589910196284,1.2186349326152628,0.18108711430990865,17508.901063479447
E09000003,2023,399842,14.814851866487263,41.37284227269772,32.11518549827182,2.911737204,7.06736840321036,58,357188.65588684473,12058.289202796437,744.2551972109856,35795.18033271875,40468.15516826903,39742.22282143748,210520.7005049833,29043.58152326263,119297.47081234984,3438.0413429394503,623341.1549823005,481168.1536396275,268575.2219671217,0.0,0.0,0.0,0.0,0.0,0.0,0.0,0.0,0.0,0.0,6682751.9955802355,0.0,0.0,43.16381017447162,RAL,0.08262365828198329,0.24526934942534326,3.296974590166044,0.27728867401437973,0.27231456988138725,0.8174288488634507,1.8402832267178528,2.447464391495221,4.271147068724342,1.4424923906928397,0.1990072484334232,16713.481814267227
E09000003,2024,406198,15.00228952382828,41.42979532149346,27.53337042526059,2.862665176,7.216763712,51,392384.0788876253,12517.77221912358,829.5672806451938,38633.87543198331,47015.894336688376,61181.11062621922,239663.92434218744,29851.261398666476,140390.82064050282,4380.593945100286,676275.9278676416,538453.9752541366,271586.62167516246,0.0,0.0,0.0,0.0,0.0,0.0,0.0,0.0,0.0,0.0,7288368.346725786,0.0,0.0,43.16381017447162,RAL,0.08442992420879283,0.26057793012330993,3.6317667013606134,0.31711300748793586,0.4126546195887815,0.9469086143123453,1.8317986206144183,2.6465538325268136,4.561348803492902,1.616486273562299,0.2013409170024611,17942.895697974353
E09000004,2011,232774,16.112624262159862,39.53018807942468,,2.344004393,,35,,,,,,,,,,,,,,,,,,,,,,,,,,,20.996981303557515,RJ2,,,,,,,,,,,,
E09000004,2012,234435,16.405826775012265,39.10892144944228,6.6670932241346215,2.392620325,6.71777077656307,25,,,,,,,,,,,,,,,,,,,,,,,,,,,20.996981303557515,RJ2,,,,,,,,,,,,
E09000004,2013,236169,16.546625509698565,38.81330741968675,5.932192624772939,2.521098137,6.85938340269817,33,,,,,,,,,,,,,,,,,,,,,,,,,,,20.996981303557515,RJ2,,,,,,,,,,,,
E09000004,2014,239112,16.582605640871222,38.65008866138045,7.256013918163872,2.619418859,6.85071096917708,17,,,,,,,,,,,,,,,,,,,,,,,,,,,20.996981303557515,RJ2,,,,,,,,,,,,
E09000004,2015,241427,16.52093593508597,38.55699652482945,7.492948178952644,2.21609354,6.91974724569589,19,,,,,,,,,,,,,,,,,,,,,,,,,,,20.996981303557515,RJ2,,,,,,,,,,,,
E09000004,2016,244006,16.44385793791956,38.568723719908526,8.225207576862864,2.691180229,6.96567891872841,30,,,,,,,,,,,,,,,,,,,,,,,,,,,20.996981303557515,RJ2,,,,,,,,,,,,
E09000004,2017,244494,16.511243629700523,38.4033964023657,7.542107372778064,2.816013575,6.85436359011892,33,,,,,,,,,,,,,,,,,,,,,,,,,,,20.996981303557515,RJ2,,,,,,,,,,,,
E09000004,2018,245244,16.517427541550457,38.26067100520298,8.089902301381482,2.751709461,6.92067209669493,24,,,,,,,,,,,,,,,,,,,,,,,,,,,20.996981303557515,RJ2,,,,,,,,,,,,
E09000004,2019,246622,16.55407871155047,38.28612208156612,8.738068785428712,2.840422869,7.15942989724892,21,104886.65006415048,8953.394796484969,205.02523369051008,22072.914388999976,7113.588252271888,5683.564832635761,43355.128953232736,13212.611901925044,50966.29223014834,2802.8820278296303,367073.618367766,133970.0597458435,63690.64089647947,0.0,0.0,0.0,0.0,0.0,0.0,0.0,0.0,0.0,0.0,3854555.0052131596,0.0,0.0,20.996981303557515,RJ2,0.0994633437304582,0.2452082054806738,1.4882746047702695,0.07902491619943347,0.0631387731036645,0.5661850011064389,0.7075399054654377,1.1651867437100565,4.077824144695354,0.4816325194602925,0.14677902505698137,15629.404534928593
E09000004,2020,246924,16.562991041778037,38.28586933631401,7.597479386369895,2.869362116,7.2500244985533,21,97071.50546610463,6616.396728118831,155.77935535043093,15741.411800698095,7820.2795198033145,7579.646204946147,52911.196210546084,12967.219002839212,44556.58247472042,3121.4563099030006,324079.3802020832,136975.12536505578,61704.411385336505,0.0,0.0,0.0,0.0,0.0,0.0,0.0,0.0,0.0,0.0,3545112.7990033943,0.0,0.0,20.996981303557515,RJ2,0.07341171503625908,0.17465760970319186,1.519796844651172,0.08676930287022278,0.08409937465031277,0.4943740936395983,0.6846364949443321,1.07704933519675,3.5957975445174215,0.5870720602240219,0.1438767693907394,14357.100966302969
E09000004,2021,246637,16.636190028260156,38.364073516950015,8.482101225687956,2.950853825,7.59221410696174,20,105942.10185493433,5633.208160062899,153.9599280089995,15242.580458420296,14514.604836870642,10627.572459412806,73581.64266369783,14774.423001270481,44708.87134882192,2848.1811914936675,418639.58559085283,160297.99564960328,69019.63632261114,0.0,0.0,0.0,0.0,0.0,0.0,0.0,0.0,0.0,0.0,4526275.6794352215,0.0,0.0,20.996981303557515,RJ2,0.06257555441345361,0.16931966577046814,1.7806435807313215,0.16123306985148483,0.11805461822477396,0.4966410493556241,0.7666931321519118,1.1768401896274083,4.6503880956306745,0.8173694196101057,0.1641192166477758,18351.973464789233
E09000004,2022,247977,16.751553571500583,38.45840541663138,13.223000520209537,2.945650578,7.86383269038792,16,119462.1525165677,5549.413472119209,179.33940001467636,14961.333316411688,10321.596426519398,14939.794146226153,88482.39865646574,17316.8780852452,48370.48508806352,2892.5909338718834,399193.83065211965,181553.5460535458,77038.40799847871,0.0,0.0,0.0,0.0,0.0,0.0,0.0,0.0,0.0,0.0,4190484.1637360924,0.0,0.0,20.996981303557515,RJ2,0.061311623764921726,0.16529740375736005,2.005859315538,0.11403616615260992,0.1650594323924115,0.5344119694713569,0.85114398312215,1.3198545370681218,4.410415997507941,0.9775807053301699,0.19132218553902783,16898.68077981463
E09000004,2023,252070,16.643789423572816,39.02804776450986,18.59800848970524,2.772687435,8.26622338351143,33,126830.32172419823,6857.259178342078,112.65696607902913,17428.281119100142,9746.778543808674,22353.183368236783,102309.16398900055,19028.286695998464,53836.1530800623,2886.9056499306157,386628.51030207047,194209.4595173495,80450.62472825214,0.0,0.0,0.0,0.0,0.0,0.0,0.0,0.0,0.0,0.0,4051990.5942296437,0.0,0.0,20.996981303557515,RJ2,0.07453092969219877,0.18942641089695286,2.110845047036287,0.1059368542855151,0.24295472792931277,0.5851402777339226,0.8744105624959813,1.3785072935730318,4.202230303520499,1.1119890483671968,0.2068167267735312,16074.862515291958
E09000004,2024,256288,16.631679985016856,39.44078536646273,17.46472718192034,3.001128674,8.512332855,37,135282.7218520671,6924.515827172523,372.19550558494086,21183.64787176374,10712.123508355211,32499.268600021238,117135.37223449508,20191.046012737108,57718.73469661907,2868.411923239528,382769.96805507963,230519.13463652437,85155.17494329758,0.0,0.0,0.0,0.0,0.0,0.0,0.0,0.0,0.0,0.0,4040352.1520449524,0.0,0.0,20.996981303557515,RJ2,0.07402327162734436,0.22645379974672908,2.464256121928374,0.11451290573313938,0.3474181079678046,0.6170149196090514,0.910311248126012,1.4461761538396347,4.091821872216099,1.2521804690024994,0.2158428575722294,15764.890092571452
E09000005,2011,312245,10.518022706528528,49.35995772550401,,3.800982475,,310,,,,,,,,,,,,,,,,,,,,,,,,,,,56.0824171943784,R1K,,,,,,,,,,,,
E09000005,2012,317984,10.569399718224815,49.07699758478414,40.31020428700815,3.948273182,7.82266563358562,308,,,,,,,,,,,,,,,,,,,,,,,,,,,56.0824171943784,R1K,,,,,,,,,,,,
E09000005,2013,324345,10.5332285066827,48.887141778044985,40.44150518737764,4.210233212,7.90701619980802,281,,,,,,,,,,,,,,,,,,,,,,,,,,,56.0824171943784,R1K,,,,,,,,,,,,
E09000005,2014,329981,10.565456799027825,48.49188286598319,47.281510147553945,4.410233498,8.02693512781155,204,,,,,,,,,,,,,,,,,,,,,,,,,,,56.0824171943784,R1K,,,,,,,,,,,,
E09000005,2015,335605,10.598471417291162,48.286527316339146,50.11844281223462,4.295742035,8.19886164051839,166,,,,,,,,,,,,,,,,,,,,,,,,,,,56.0824171943784,R1K,,,,,,,,,,,,
E09000005,2016,339524,10.649026283856225,47.85729432970865,50.723954713068885,4.325424671,8.54814111058329,191,,,,,,,,,,,,,,,,,,,,,,,,,,,56.0824171943784,R1K,,,,,,,,,,,,
E09000005,2017,342439,10.792287093467742,47.455751243287125,40.41887752271207,4.44763279,8.63834465547476,150,,,,,,,,,,,,,,,,,,,,,,,,,,,56.0824171943784,R1K,,,,,,,,,,,,
E09000005,2018,345558,10.952719948604866,47.2707910104816,41.168197524004654,4.460923672,8.71798854591844,112,,,,,,,,,,,,,,,,,,,,,,,,,,,56.0824171943784,R1K,,,,,,,,,,,,
E09000005,2019,347424,11.10372340425532,47.248606889564336,42.702864511375154,4.671057224,8.9140932809487,114,259427.39822698766,14835.39420727225,567.8261153774763,48286.98254332651,13641.486029799371,6361.799391335957,72224.74477858463,25593.44282270923,98566.06810912673,1968.4059246584593,510455.9463082585,262240.57521004515,153095.27067262153,0.0,0.0,0.0,0.0,0.0,0.0,0.0,0.0,0.0,0.0,5478001.472457333,0.0,0.0,56.0824171943784,R1K,0.11698937216876878,0.38078285569917103,2.0679841615506973,0.10757441721993141,0.05016805797389694,0.7772750938817858,1.2072830251600628,2.045799930754444,4.0253679709531704,0.5695519396818086,0.20182549689163695,15767.481441861622
E09000005,2020,343988,11.36667558170634,46.65366233705827,34.036071025733456,4.723497391,8.63307591242067,102,242544.41296218862,13985.39192870168,836.0118172909431,43030.05442171551,16018.929423475085,10357.009427874948,93506.673200055,23211.237687973142,83718.04050239056,2060.04935223747,434945.10292875627,276320.0738141821,164181.22651212307,0.0,0.0,0.0,0.0,0.0,0.0,0.0,0.0,0.0,0.0,4680206.247723626,0.0,0.0,56.0824171943784,R1K,0.11138802013563136,0.3427170716987062,2.2007782193595324,0.12758432815253581,0.0824894132805441,0.6667805113175385,1.3076374160879702,1.9317686692335128,3.4641627585348727,0.744743032610209,0.1848681698833803,13605.72533845258
E09000005,2021,339248,11.758654435693062,46.12761165872754,32.9080790454181,4.324402332,8.58015321520558,137,246093.61243815144,13487.428510634421,1242.4120091007933,42934.47726952372,27083.536530229932,17090.942021767816,124656.10485896548,25379.245359403765,83436.24328083787,2282.5112520430935,520878.95245000976,317349.6754379045,167011.89026948373,0.0,0.0,0.0,0.0,0.0,0.0,0.0,0.0,0.0,0.0,5584223.287810957,0.0,0.0,56.0824171943784,R1K,0.10892284975370523,0.346733672263389,2.5628777931875795,0.21872338214473017,0.1380243912706187,0.67382106112567,1.3487679298216049,1.9874224024106781,4.206555744324835,1.0067077033794447,0.2049597317209228,16460.593099475773
E09000005,2022,344163,11.846421608365803,46.47245636515256,41.01544907500225,4.33413744,8.25306296850182,136,267763.3509903542,14559.187719353255,1625.5056440015696,49019.97019708398,23779.151601647645,19919.3485488147,157040.57835383937,26613.468466889844,98918.54625569643,2056.6694877330538,509564.24425015796,329488.0449442712,173590.93304420589,0.0,0.0,0.0,0.0,0.0,0.0,0.0,0.0,0.0,0.0,5437997.628942277,0.0,0.0,56.0824171943784,R1K,0.1158991103996498,0.3902258180315403,2.6229053455777,0.18929507399824883,0.15856892713041634,0.7874458200591911,1.381878927663305,2.1315429662438476,4.056410545593723,1.2501290373268845,0.21185778900711108,15800.645708406415
E09000005,2023,352153,11.859049901605268,47.21498893946665,50.94376591992685,4.392510414,7.95714276499261,127,278679.22504930315,14715.223608034627,1949.5772195824918,49386.370384535,25730.992965279234,29864.663019982592,202828.014817432,28804.332619413006,109763.50121523713,1840.824555702778,506833.20127771597,366271.42445484694,192631.3555837925,0.0,0.0,0.0,0.0,0.0,0.0,0.0,0.0,0.0,0.0,5368146.502616856,0.0,0.0,56.0824171943784,R1K,0.11448342373315885,0.384222551962334,2.849566394921564,0.20018534880506858,0.23234501644255418,0.8539524613950074,1.4986586471952046,2.168105130901836,3.943127314234531,1.577987952056736,0.22409571913121204,15243.790348561153
E09000005,2024,355398,12.14778923910658,47.4026302905475,47.009268482096125,4.204907894,8.069818459,145,296301.1234807922,16091.14422888541,1458.7600641696058,58743.53158802832,30342.294384869692,50847.76915806528,213735.2479610054,30311.930497983194,125263.10889052457,2189.215295295438,540150.0176526223,404260.02740344265,191285.12031820748,0.0,0.0,0.0,0.0,0.0,0.0,0.0,0.0,0.0,0.0,5762329.887557142,0.0,0.0,56.0824171943784,R1K,0.12404494863358989,0.45284774374913284,3.116398288435898,0.23390557531887413,0.391980136628341,0.9656402109749276,1.4745969948891369,2.2841543845136325,4.1639600168317745,1.6476626818692668,0.23367150328921762,16213.737521193543
E09000006,2011,310554,16.87371600430199,38.762984859315935,,2.308799267,,42,,,,,,,,,,,,,,,,,,,,,,,,,,,20.278088414902097,RJZ,,,,,,,,,,,,
E09000006,2012,314663,17.207615766709146,38.58540724521154,6.750078655577554,2.364258051,5.16542236641407,29,,,,,,,,,,,,,,,,,,,,,,,,,,,20.278088414902097,RJZ,,,,,,,,,,,,
E09000006,2013,318582,17.39928809537262,38.40110238494328,6.359430225185352,2.486234903,5.24238860553729,30,,,,,,,,,,,,,,,,,,,,,,,,,,,20.278088414902097,RJZ,,,,,,,,,,,,
E09000006,2014,321800,17.499378495960222,38.19763828464885,7.775015537600995,2.631245136,5.39506284240943,18,,,,,,,,,,,,,,,,,,,,,,,,,,,20.278088414902097,RJZ,,,,,,,,,,,,
E09000006,2015,325653,17.422225497692327,38.21490973520895,7.640034023945733,2.609004259,5.48090822485664,24,,,,,,,,,,,,,,,,,,,,,,,,,,,20.278088414902097,RJZ,,,,,,,,,,,,
E09000006,2016,327701,17.493080582604264,37.81465421222395,9.008211754007464,2.67955637,5.49057947838223,22,,,,,,,,,,,,,,,,,,,,,,,,,,,20.278088414902097,RJZ,,,,,,,,,,,,
E09000006,2017,329134,17.480722137488076,37.52544556320526,7.501503946720788,2.613964796,5.55637674628211,23,,,,,,,,,,,,,,,,,,,,,,,,,,,20.278088414902097,RJZ,,,,,,,,,,,,
E09000006,2018,330367,17.460279023025908,37.31456228981708,8.436072610157794,2.591400146,5.73145473960312,18,,,,,,,,,,,,,,,,,,,,,,,,,,,20.278088414902097,RJZ,,,,,,,,,,,,
E09000006,2019,331192,17.56322616488321,37.24455904731998,8.596222130969347,2.45843935,5.9681607848306,21,259618.36943827212,8295.735395929734,88.50625415436332,23829.9084488117,20065.76289741685,15300.774833355457,80075.77320989338,27407.51958150392,81115.80092630882,3637.362018486124,573214.1323965645,253097.4163619082,188826.0454550662,0.0,0.0,0.0,0.0,0.0,0.0,0.0,0.0,0.0,0.0,6218608.593821863,0.0,0.0,20.278088414902097,RJZ,0.06862497337082239,0.19712861544875268,2.0937026832584156,0.16599040094457354,0.12657289744404734,0.6710158187123573,1.5620293708294375,2.147646090305537,4.741810423557352,0.6624123771923994,0.22672375765068706,18776.445668439646
E09000006,2020,331247,17.559404311586217,37.137241997663374,6.786476556768816,2.519492388,6.03470612663583,13,245569.69717480344,6484.891594985239,71.28778657991732,20279.775608709406,20481.816675750626,19586.04135784027,94024.93190717488,25933.21945840587,73267.5893870259,4021.879900043799,494750.05307365244,252545.71093307194,188591.55606892682,0.0,0.0,0.0,0.0,0.0,0.0,0.0,0.0,0.0,0.0,5446221.467389033,0.0,0.0,20.278088414902097,RJZ,0.05363618776209533,0.16773292758864916,2.0887919206842085,0.1694039983303493,0.16199508910798938,0.6059922704455893,1.5598305636259,2.031093688063205,4.0920509392147295,0.7776751281380423,0.214492256003525,16441.57220258307
E09000006,2021,329899,17.69056590047257,37.1246957402114,7.638701541987093,2.47460413,6.20954842536784,16,267555.7884934392,7009.465688027453,74.16182023774562,24879.88802202162,29501.587797099604,25665.017482611325,123117.5734274019,28661.235544036022,75470.8118746534,4579.2869461725995,596676.3644387781,276888.576473619,240979.27385498476,0.0,0.0,0.0,0.0,0.0,0.0,0.0,0.0,0.0,0.0,6483705.729088278,0.0,0.0,20.278088414902097,RJZ,0.05821180295677423,0.2066210469648649,2.2994881453225093,0.24500307044658876,0.21314134444395394,0.626765608873595,2.0012706575157666,2.2219817505244692,4.955243167107792,1.0224596629545597,0.23802416193246712,19653.608313721103
E09000006,2022,330047,17.8447312049496,36.894139319551456,10.722715249646262,2.528762102,6.39257052101927,20,305289.0068071832,6976.696217576518,103.18200359092128,24334.306764501704,24793.581768317148,37477.61016771672,148529.1851129908,31825.25705647793,83025.26694277303,4763.362548858045,579537.7427101216,342279.409655814,271849.8614050596,0.0,0.0,0.0,0.0,0.0,0.0,0.0,0.0,0.0,0.0,6189655.1453013625,0.0,0.0,20.278088414902097,RJZ,0.057913679604839334,0.20199951401277555,2.841267477893157,0.2058119640022805,0.31110230973510344,0.6891942201405274,2.2566305430310822,2.534209484794284,4.8107531277726405,1.2329434119448641,0.26418202585159356,18753.859739071595
E09000006,2023,332418,17.929233675673398,36.92098502487831,12.851289641355162,2.569970369,6.54069969790202,20,328145.9741665304,7555.239163916541,73.94996577321605,23144.660058392517,26185.515121783643,56427.84278013219,169122.5122215349,35838.352698982846,98569.8626411406,4381.537601491971,584375.4266604142,378595.72084688244,286546.81211672997,0.0,0.0,0.0,0.0,0.0,0.0,0.0,0.0,0.0,0.0,6283792.738560168,0.0,0.0,20.278088414902097,RJZ,0.06226884639397766,0.19075389286151703,3.1203140331312724,0.21581604281343122,0.46506756413494077,0.8123940887524315,2.361664408136496,2.7045168017666685,4.8163112893793825,1.3938756281312998,0.2953728969804468,18903.28664079613
E09000006,2024,334641,18.02947038766917,36.84993769442477,11.54969056391775,2.860744476,6.72884214,19,340154.29604592756,7698.144280885096,194.39121693146768,26840.110902911892,25498.59429923375,77065.68947678834,188027.6021722179,33384.98399892644,113804.46121882007,3849.1694368450203,547594.6388364157,424607.1038233652,306352.37961846223,0.0,0.0,0.0,0.0,0.0,0.0,0.0,0.0,0.0,0.0,5882180.5523214135,0.0,0.0,20.278088414902097,RJZ,0.06302517100116323,0.219741604940628,3.4762839393936913,0.20875852768684686,0.6309414425574635,0.9317239801313153,2.508125388089884,2.7848637142729697,4.483190297911286,1.5393933066788679,0.273324875272605,17577.584791825906
E09000007,2011,220087,10.981566380567685,54.22719197408298,,8.609596252,,70,,,,,,,,,,,,,,,,,,,,,,,,,,,45.45117146609314,RRV,,,,,,,,,,,,
E09000007,2012,219647,11.208438995297,53.69297099436824,51.33236511311331,8.696547508,4.01472152180967,62,,,,,,,,,,,,,,,,,,,,,,,,,,,45.45117146609314,RRV,,,,,,,,,,,,
E09000007,2013,221348,11.270036322894263,53.52838064947503,53.31875598604912,8.567931175,3.85898942796896,45,,,,,,,,,,,,,,,,,,,,,,,,,,,45.45117146609314,RRV,,,,,,,,,,,,
E09000007,2014,221095,11.38831723919582,53.01521970193808,56.28349804382731,8.620102882,4.06073873904268,43,,,,,,,,,,,,,,,,,,,,,,,,,,,45.45117146609314,RRV,,,,,,,,,,,,
E09000007,2015,221032,11.416898910564989,52.74982807919216,59.01860364110174,8.473151207,4.0998092459605,38,,,,,,,,,,,,,,,,,,,,,,,,,,,45.45117146609314,RRV,,,,,,,,,,,,
E09000007,2016,221024,11.40690603735341,52.418741856088026,60.20613146083683,8.28476429,4.04473882877377,50,,,,,,,,,,,,,,,,,,,,,,,,,,,45.45117146609314,RRV,,,,,,,,,,,,
E09000007,2017,218833,11.522942152234808,51.945547517970326,54.1234640113694,7.896408558,4.07248207564659,44,,,,,,,,,,,,,,,,,,,,,,,,,,,45.45117146609314,RRV,,,,,,,,,,,,
E09000007,2018,217915,11.566436454580916,51.85278663699149,59.41307390496294,7.298776627,4.08534066286138,26,,,,,,,,,,,,,,,,,,,,,,,,,,,45.45117146609314,RRV,,,,,,,,,,,,
E09000007,2019,217136,11.667802667452657,51.74222607029696,65.57641293935598,7.374065399,4.11741752971207,46,134259.29733927897,4624.812773303748,134.33794477063182,11881.633739048857,11510.554341356361,3263.523219116869,40875.7986719611,9067.407175238706,46755.90514369642,1727.2416879877335,262881.4444311345,157476.2224243951,88480.72503011218,0.0,0.0,0.0,0.0,0.0,0.0,0.0,0.0,0.0,0.0,2867910.229042799,0.0,0.0,45.45117146609314,RRV,0.05835384241608754,0.14991720029324285,1.9869653363436524,0.1452350845497041,0.04117769280280459,0.5899453349822348,1.1164106610049858,1.6940244424714943,3.316921815948372,0.5157527517879218,0.11440853400177839,13207.89840948898
E09000007,2020,214768,11.713104373090964,51.506276540266704,58.56552186545481,6.637671947,4.10948946377947,32,145568.16369861207,4258.489800239431,279.9963279361106,10839.3132843993,17721.153523878354,7693.777028646248,71922.67846517185,14189.722108295602,72292.04782744999,3152.3317080911293,307509.1625194875,199846.44931217167,91362.81305580067,0.0,0.0,0.0,0.0,0.0,0.0,0.0,0.0,0.0,0.0,3403580.1679900135,0.0,0.0,45.45117146609314,RRV,0.0543241793149898,0.13827361955403805,2.549376623442431,0.2260630333423611,0.09814702923328095,0.9222063110273053,1.1654859050939028,1.856966060332603,3.9227950915302743,0.9174943853421169,0.18101370307323153,15847.706213169622
E09000007,2021,210968,11.856300481589624,51.11296499943119,48.55712714724508,8.129747391,3.90000484472651,30,151217.10114312317,4050.5304610681997,170.6770959834917,12118.111943223415,24016.55449038437,13326.28978282695,82553.62634622166,14075.959924759401,64470.70170966096,3670.03257171092,388029.02166764304,211599.88926614058,94923.89028129951,0.0,0.0,0.0,0.0,0.0,0.0,0.0,0.0,0.0,0.0,4245471.768435193,0.0,0.0,45.45117146609314,RRV,0.05260202366687825,0.1573712918251241,2.747932027685827,0.3118898573514021,0.1730612366171608,0.8372457409584544,1.2327246446166151,1.9637737845994585,5.039120672558573,1.0720787927873976,0.18279679271957885,20123.771228030757
E09000007,2022,219521,11.5847686553906,52.54121473572005,67.99349492759235,7.754846573,3.94157691892087,36,166939.01995354926,6585.665284401391,203.38808954280654,18606.469332163255,24110.943133317163,13819.674204469582,110381.64703519217,15356.236380475952,79254.04910541783,3629.2657392765445,415524.0438805057,233441.69748940592,98061.21020977938,0.0,0.0,0.0,0.0,0.0,0.0,0.0,0.0,0.0,0.0,4497133.450163656,0.0,0.0,45.45117146609314,RRV,0.082192221187955,0.23221754778493442,2.9134629237818848,0.300915987297089,0.17247607795215875,0.9891280611455568,1.2238503372789231,2.083478017843074,5.185936826220647,1.3776152228228444,0.19165310150033327,20486.11955195018
E09000007,2023,220879,11.728140746743692,52.8805364022836,59.43525640735425,7.151877403,4.03936263251826,30,164947.13678589516,4547.501040068597,238.66793071088307,15980.240722038609,25910.37546623427,17212.963159101077,140700.88040760587,16861.002569774362,88443.86512636428,2277.9902000781835,365388.18932667887,274022.40234786086,107727.14877894899,0.0,0.0,0.0,0.0,0.0,0.0,0.0,0.0,0.0,0.0,3978625.0226535113,0.0,0.0,45.45117146609314,RRV,0.05640602754943677,0.1982147756474937,3.3989030546242898,0.32138560046214193,0.21350514614616778,1.0970348437393918,1.3362197101896676,2.0459616522936677,4.532180661818733,1.7452173548885455,0.2091395179642379,18012.69030851059
E09000007,2024,220558,11.977801757360876,52.89493013175672,55.53641219089763,6.570076466,4.058245556,27,199325.1450727429,4797.272242145152,352.51890922218405,15447.90057092198,30240.3533924385,33480.032026525136,159569.98139991032,16904.64512076257,105684.94695456723,3605.843315411829,417100.66267164174,302315.46005536447,111240.60091457727,0.0,0.0,0.0,0.0,0.0,0.0,0.0,0.0,0.0,0.0,4546224.241543207,0.0,0.0,45.45117146609314,RRV,0.0595907272568462,0.19189063766809614,3.755300349106624,0.37563943845589276,0.4158820588741499,1.3127966334276093,1.381807822110188,2.475975878773513,5.181138483147932,1.9821454276545445,0.20998601828665164,20612.375164551762
E09000008,2011,364815,12.240724750901142,43.20107451722106,,4.771067619,,132,,,,,,,,,,,,,,,,,,,,,,,,,,,34.852172933735694,RJ6,,,,,,,,,,,,
E09000008,2012,369617,12.484274262276898,42.89764810601244,14.160604084768828,5.042505264,6.38535405222235,120,,,,,,,,,,,,,,,,,,,,,,,,,,,34.852172933735694,RJ6,,,,,,,,,,,,
E09000008,2013,374270,12.637400806904107,42.6446148502418,13.549042135356828,5.028346062,6.48370387542538,109,,,,,,,,,,,,,,,,,,,,,,,,,,,34.852172933735694,RJ6,,,,,,,,,,,,
E09000008,2014,378244,12.771385666395236,42.37714279671323,16.407398398917103,5.119008541,6.6013136243482,79,,,,,,,,,,,,,,,,,,,,,,,,,,,34.852172933735694,RJ6,,,,,,,,,,,,
E09000008,2015,381277,12.835812283457958,42.186389422913,16.489324034756883,5.319852352,6.7267994546096,90,,,,,,,,,,,,,,,,,,,,,,,,,,,34.852172933735694,RJ6,,,,,,,,,,,,
E09000008,2016,384382,12.913195727167246,41.85627838972689,17.274482155772123,5.407683849,6.93309767570125,84,,,,,,,,,,,,,,,,,,,,,,,,,,,34.852172933735694,RJ6,,,,,,,,,,,,
E09000008,2017,385567,13.1222329711827,41.48150645672477,14.28545492741858,5.648438931,7.03118195279157,70,,,,,,,,,,,,,,,,,,,,,,,,,,,34.852172933735694,RJ6,,,,,,,,,,,,
E09000008,2018,386999,13.24732105250918,41.40708373923447,15.434148408652218,5.804706573,7.14482437833173,69,,,,,,,,,,,,,,,,,,,,,,,,,,,34.852172933735694,RJ6,,,,,,,,,,,,
E09000008,2019,390643,13.359768381872962,41.6259858745709,17.059053918795424,5.874547482,7.24640287769784,71,287327.7907471128,12968.410185577686,152.83750247105456,46401.5446246186,23366.21832776966,49329.81184314186,57767.793468487165,24129.261519644988,90482.14588529931,2725.474726070254,695571.8852131291,280669.1976267429,84459.75268206083,0.0,0.0,0.0,0.0,0.0,0.0,0.0,0.0,0.0,0.0,7263649.539388674,0.0,0.0,34.852172933735694,RJ6,0.09095232967028956,0.3254314540885233,1.9684384612720383,0.1638760620680197,0.3459684915210701,0.6345852609587538,0.5923479562940527,2.015137674819256,4.878306786104421,0.40514722473184916,0.16922757046010434,18594.08600535188
E09000008,2020,392101,13.455971803183363,41.68160754499478,14.14176449435222,5.685326099,7.28722742171617,70,248093.59676631374,12055.793846275197,208.21739056543043,36800.74654231844,25270.30629989209,54055.743323059825,65071.56549350046,22512.905518550204,62714.90337913393,2546.144415121088,648121.6576890798,289882.7918070141,79044.86304866824,0.0,0.0,0.0,0.0,0.0,0.0,0.0,0.0,0.0,0.0,6851152.725713749,0.0,0.0,34.852172933735694,RJ6,0.08423740868188523,0.2571377352509674,2.0254970775597556,0.17657112807698863,0.3777035174929232,0.43820763806651253,0.5523099115444448,1.7335035725266463,4.528618326631734,0.45467433550546577,0.15730435066859663,17472.928469230505
E09000008,2021,390691,13.676793169026162,41.607306029573245,14.313101658343806,5.527861118,7.5295032768519,83,265777.00855485623,13651.688289745263,225.68305396423182,47384.00204082751,37784.20202902067,57375.673060068475,82198.20817313695,25486.333342018315,67219.60709754826,3046.0918695905098,815347.919883559,321166.96542233037,85930.0187754155,0.0,0.0,0.0,0.0,0.0,0.0,0.0,0.0,0.0,0.0,8676291.123870097,0.0,0.0,34.852172933735694,RJ6,0.09573265246788251,0.3322809680118048,2.2521877757812554,0.2649622379920303,0.4023476988773875,0.4713784221202192,0.6025854421364738,1.8637649390989912,5.717638536565221,0.5764160688046602,0.17872326416541506,22207.55308893754
E09000008,2022,393903,13.85315674163436,41.70138333549122,25.549437298014997,5.675331116,7.69445068268457,68,311013.6208602914,15703.087628106965,227.54624242715997,46651.78041446007,26875.909641438328,62325.44120820176,105688.21409737127,27342.946704904847,78400.89625016242,3684.0164250492608,777361.6546482615,357731.90526745946,94770.1089901265,0.0,0.0,0.0,0.0,0.0,0.0,0.0,0.0,0.0,0.0,8091146.3535322575,0.0,0.0,34.852172933735694,RJ6,0.1092201833578941,0.3244786077433226,2.488144065142103,0.18693086662103503,0.4334941177069687,0.5453042399469977,0.6591575444196277,2.1632029000693165,5.4068081683572915,0.7350965871082529,0.1901792643192968,20540.961489331785
E09000008,2023,402011,13.820019850203105,42.2918775854392,31.096164035312466,5.649302006,7.84113568797666,64,305181.6146207161,13600.65835389447,125.76589261160991,47897.4997226564,26483.87191177262,79997.84694123261,149408.80335466325,29868.472356061422,68143.53599406563,3236.1893046297514,826439.8811449126,421682.3186301319,101266.65228339151,0.0,0.0,0.0,0.0,0.0,0.0,0.0,0.0,0.0,0.0,8586327.239746721,0.0,0.0,34.852172933735694,RJ6,0.09268919925549962,0.32642397008394,2.8737870944929296,0.1804889746373574,0.5451895181988485,0.46440176801585936,0.6901375409334469,2.0798286928952097,5.6322310893279415,1.018228822776118,0.20355520399316696,21358.438549558898
E09000008,2024,408636,13.933672021065204,42.42186199943226,29.116377411681796,5.689058781,8.145572426,108,304814.56506184814,17815.85218172825,399.5333984053668,48912.3995670275,27572.86105562272,73759.90487589642,146427.0178118142,28998.502097342833,81216.84433789106,3486.837371976216,862171.2152248862,455225.3014186621,103764.68904633877,0.0,0.0,0.0,0.0,0.0,0.0,0.0,0.0,0.0,0.0,8960275.673685126,0.0,0.0,34.852172933735694,RJ6,0.11944751300067334,0.3279362908707009,3.052086959118803,0.1848639989719405,0.49452796906498575,0.5445234935140123,0.6956969510885916,2.0436486198712815,5.780481696239064,0.9817292451306043,0.19442229992370763,21927.27922572932
E09000009,2011,339314,10.744030602922368,48.539700690216144,,3.202791214,,242,,,,,,,,,,,,,,,,,,,,,,,,,,,50.81722046973833,R1K,,,,,,,,,,,,
E09000009,2012,344834,10.8344884785143,48.06109606361321,31.510813898861485,3.156363726,6.80112917155749,246,,,,,,,,,,,,,,,,,,,,,,,,,,,50.81722046973833,R1K,,,,,,,,,,,,
E09000009,2013,350650,10.910879794667046,47.69713389419649,30.09553686011693,3.189792633,6.90191247252145,212,,,,,,,,,,,,,,,,,,,,,,,,,,,50.81722046973833,R1K,,,,,,,,,,,,
E09000009,2014,354660,11.038741329724242,47.18434557040546,32.86527942254554,3.334136963,7.336763784052,210,,,,,,,,,,,,,,,,,,,,,,,,,,,50.81722046973833,R1K,,,,,,,,,,,,
E09000009,2015,359144,11.095270977657988,46.77121154745728,34.22025705566569,3.437712669,7.74404060545636,161,,,,,,,,,,,,,,,,,,,,,,,,,,,50.81722046973833,R1K,,,,,,,,,,,,
E09000009,2016,362163,11.2325113277723,46.35978827213161,36.25991611511944,3.6933465,8.0211539036123,118,,,,,,,,,,,,,,,,,,,,,,,,,,,50.81722046973833,R1K,,,,,,,,,,,,
E09000009,2017,362670,11.458074833871011,45.77880718008107,28.57970055422285,3.633337021,8.1704853238286,128,,,,,,,,,,,,,,,,,,,,,,,,,,,50.81722046973833,R1K,,,,,,,,,,,,
E09000009,2018,364208,11.659546193384,45.46385581865308,29.81538022229056,3.72961688,8.52074791022542,126,,,,,,,,,,,,,,,,,,,,,,,,,,,50.81722046973833,R1K,,,,,,,,,,,,
E09000009,2019,367284,11.797137909628516,45.25517038585944,30.646584114744996,3.840399504,8.87901958261784,133,255681.58028514963,15987.583228759588,563.3027390439067,51338.66659891441,13769.537004286756,7820.578471872448,73477.62392608862,27220.13078615639,106340.67695159954,2032.3581470724407,539425.6327225278,270392.7780937782,142485.78668029787,0.0,0.0,0.0,0.0,0.0,0.0,0.0,0.0,0.0,0.0,5764392.369268023,0.0,0.0,50.81722046973833,R1K,0.11925811602741358,0.3829567340066983,2.0169736001671073,0.10271277517085994,0.05833698823986789,0.7932398917876662,1.0628614867573485,1.9072365805025175,4.023802958514786,0.5481005399135619,0.20304641853168154,15694.646021247927
E09000009,2020,367936,11.94229431205427,44.989074186815095,26.773678030961904,3.767276764,8.95868230039084,94,237269.98561744243,14869.193671983325,817.9163275820772,46384.52085667562,15980.993772173842,12006.648731133384,94183.12406583916,23996.023832929117,85710.17788481302,1918.03635357975,444800.27368477185,281762.8503175774,155016.3476870226,0.0,0.0,0.0,0.0,0.0,0.0,0.0,0.0,0.0,0.0,4765729.826696803,0.0,0.0,50.81722046973833,R1K,0.1107190296941407,0.34538854327759516,2.098063289726217,0.1189977185741493,0.08940393989852154,0.6382153558332734,1.1542831428025495,1.7667604015814724,3.312072987714152,0.701306630350835,0.1786792568520636,12952.605416966002
E09000009,2021,366762,12.211461383676609,44.70855759320759,30.177608367279053,3.180771828,8.9595179242025,109,242575.69408841955,14640.283779252823,1218.1271614029943,46267.67614870721,25976.40872325396,18824.421294167427,125598.61487494376,26369.41917532219,90033.04085303971,2094.834451420923,539692.6303324008,319404.82542448083,156403.32035923155,0.0,0.0,0.0,0.0,0.0,0.0,0.0,0.0,0.0,0.0,5767538.06646074,0.0,0.0,50.81722046973833,R1K,0.10936347418353287,0.3456212927506137,2.3859661401446397,0.19404475675617458,0.14061913985178867,0.6725502242620384,1.168338725275624,1.8120496199388125,4.031524383976984,0.9382264088916739,0.1969805597144159,15725.560626402788
E09000009,2022,371951,12.410505684888602,44.837626461550045,36.28434928256679,3.274843931,8.97141642758474,124,264014.90602029226,15302.837207858332,1589.9866702747572,51847.42729029816,23477.479539969223,22498.650100717117,158566.0704906042,27493.251683913128,105813.73417433118,1920.5798795660528,524908.4752941207,333841.1181788575,163074.93701744967,0.0,0.0,0.0,0.0,0.0,0.0,0.0,0.0,0.0,0.0,5572555.216113316,0.0,0.0,50.81722046973833,R1K,0.11271802304979067,0.3818990834836225,2.4590153017199055,0.1729310090666253,0.16572112257323862,0.7794054635516777,1.2011814711154851,1.9446876326307398,3.8663840445776847,1.1679699486900612,0.20251048448908684,14981.960570379742
E09000009,2023,381747,12.392238838812093,45.59511928057064,44.00820438667495,3.220638514,8.98104074642485,118,277191.8504040076,15261.977114131383,1845.9776496507884,50829.90327959614,25632.58094181872,33624.74133251943,202935.98332440076,29912.327358959585,113629.74304854851,1809.428198200288,531015.3582424185,373480.721565755,180765.64502720855,0.0,0.0,0.0,0.0,0.0,0.0,0.0,0.0,0.0,0.0,5594922.494766861,0.0,0.0,50.81722046973833,R1K,0.10953232357851424,0.36479660347087184,2.680400510298204,0.18396018608048717,0.2413184098190789,0.8154991775091127,1.2973208500402031,1.9893534910143824,3.810996806587699,1.4564331753997206,0.21467511677987966,14656.100754601506
E09000009,2024,387680,12.595439537763104,45.91673545191911,42.45253817581511,3.278924227,9.130376108,140,291109.6513740072,16940.065497528023,1381.4240856122658,63123.82394685769,29819.68744990376,53865.36625130556,211459.1469256891,31814.467046344238,127443.42228627283,2020.3104748278329,561727.2851095669,417040.4967787161,179071.4181511511,0.0,0.0,0.0,0.0,0.0,0.0,0.0,0.0,0.0,0.0,5962931.12382129,0.0,0.0,50.81722046973833,R1K,0.11971507003041643,0.44609467451518897,2.947216011925639,0.2107350748951526,0.38066535775378624,0.900639860344309,1.2654937708203848,2.057265499112439,3.9697143605909044,1.4943771372356889,0.2248321383993029,15381.06459920886
E09000010,2011,313935,12.44302164460796,43.859397646009526,,3.97697854,,75,,,,,,,,,,,,,,,,,,,,,,,,,,,40.35606060606061,RAL,,,,,,,,,,,,
E09000010,2012,317780,12.61281389640632,43.29662030335452,15.117376801560829,4.128382206,6.83347447161613,79,,,,,,,,,,,,,,,,,,,,,,,,,,,40.35606060606061,RAL,,,,,,,,,,,,
E09000010,2013,321754,12.684846186838392,42.87747782467351,15.05187192700013,4.220368862,7.04238238365068,68,,,,,,,,,,,,,,,,,,,,,,,,,,,40.35606060606061,RAL,,,,,,,,,,,,
E09000010,2014,326340,12.701170558313416,42.57338971624686,19.32340503769075,5.283963203,7.13068284103292,68,,,,,,,,,,,,,,,,,,,,,,,,,,,40.35606060606061,RAL,,,,,,,,,,,,
E09000010,2015,330868,12.66758949188196,42.25793972218528,19.67854250033246,4.125445366,7.3669866335344,70,,,,,,,,,,,,,,,,,,,,,,,,,,,40.35606060606061,RAL,,,,,,,,,,,,
E09000010,2016,333295,12.719362726713571,41.938222895633,20.99941493271726,3.979572773,7.68609109152098,66,,,,,,,,,,,,,,,,,,,,,,,,,,,40.35606060606061,RAL,,,,,,,,,,,,
E09000010,2017,333077,12.909927734427775,41.27994427714913,17.557501718821772,4.370939255,8.02954008693503,53,,,,,,,,,,,,,,,,,,,,,,,,,,,40.35606060606061,RAL,,,,,,,,,,,,
E09000010,2018,334000,13.064670658682637,40.92844311377245,18.679640718562872,4.009923935,8.14320681735767,61,,,,,,,,,,,,,,,,,,,,,,,,,,,40.35606060606061,RAL,,,,,,,,,,,,
E09000010,2019,335151,13.22687385685855,40.88216952955533,22.109437238737165,4.101791859,9.96442071669487,51,292884.6475001621,9566.507206750144,188.82620514855464,24328.34244831154,21317.044663934616,6334.717340569309,81551.7283218931,15627.949194484225,60287.12505149522,2804.9370007676594,497593.90986228,269748.2382592261,205994.8205878303,0.0,0.0,0.0,0.0,0.0,0.0,0.0,0.0,0.0,0.0,5337856.642989379,0.0,0.0,40.35606060606061,RAL,0.0782023887310998,0.19887451628988936,2.2050844819301125,0.17425835546655552,0.05178379289980484,0.4928232516702467,1.683925667754259,2.394215418665813,4.067632159605835,0.6666529196174883,0.12775226439118628,15926.721516538453
E09000010,2020,333149,13.409015185397523,40.56923478683712,17.637753677783813,4.12855196,8.28366753765303,35,270590.68177594495,8586.94300214302,282.54470668170194,20469.17158434253,25112.79676901489,11728.974509149264,102921.66377810533,17855.522594104812,63690.661461160315,3377.2896348585614,467222.11835830344,311282.3396683399,200220.39988079487,0.0,0.0,0.0,0.0,0.0,0.0,0.0,0.0,0.0,0.0,5043941.319683382,0.0,0.0,40.35606060606061,RAL,0.0706166647318407,0.16833285451519783,2.5599006086119585,0.20652075476380813,0.09645587030846631,0.5237745360402959,1.6465576686986934,2.225263571653302,3.842306590270201,0.8463995420544711,0.14683892187534345,15140.196487707848
E09000010,2021,329876,13.737889388740012,40.379415295444346,17.821848209630286,4.182295799,8.42754256961766,38,283748.2967543555,7928.646926517542,164.6749426330524,21268.973317532356,39853.39440497585,22719.809906333037,120270.05418738585,19163.035263037094,49805.5554647964,3523.9590526598236,545309.6860034922,354364.25061811064,211109.74002451735,0.0,0.0,0.0,0.0,0.0,0.0,0.0,0.0,0.0,0.0,5886455.227588875,0.0,0.0,40.35606060606061,RAL,0.06584995679171386,0.17664564798306412,2.9431088063319653,0.33099522830227324,0.18869531138336443,0.41365111925657083,1.753334129740385,2.3566206509341368,4.528971915918694,0.998881391109568,0.15915515670759386,17844.448300539825
E09000010,2022,328898,14.014679323072809,40.0552754957464,15.393830306052331,4.180491924,8.61952933509018,39,293864.93207256787,10947.269793095971,359.2205762764446,25470.60090188185,32283.565777430023,25462.704420759015,141154.38897264047,21363.263568523318,67604.90041802949,3652.460804903849,535811.7039101118,363049.54101767286,216391.7401454106,0.0,0.0,0.0,0.0,0.0,0.0,0.0,0.0,0.0,0.0,5765900.83972367,0.0,0.0,40.35606060606061,RAL,0.09119094667977565,0.2121705459575122,3.024208954632584,0.2689226611825445,0.21210476813321075,0.5631499895252489,1.802546937318457,2.4478999657600293,4.463320758978795,1.1758185010237214,0.1779563549453965,17530.969600677625
E09000010,2023,330673,14.268779126206253,40.11455425752934,18.776858104532277,4.162748814,8.78852088835075,56,312158.71621703124,9490.79498126136,489.5409781398371,26906.536626595036,34924.066397759714,34621.55344728597,166827.7643349343,23955.369963012392,98326.44514353535,2994.270933099215,530611.52385339,407953.76891285635,244657.90290180192,0.0,0.0,0.0,0.0,0.0,0.0,0.0,0.0,0.0,0.0,5685930.0987076545,0.0,0.0,40.35606060606061,RAL,0.07863411294799709,0.22292881094918574,3.38002062056884,0.2893564751052924,0.2868500636231404,0.8146643993951509,2.0270648779564655,2.5863295748328885,4.396277296114453,1.3822185906950852,0.19847750068374376,17195.023780918476
E09000010,2024,331421,14.595635158906648,40.00712085232982,16.631414424553665,4.215394497,9.024654985,51,340005.31109986105,9735.011623233311,647.7778736647646,27789.630079439903,40380.77619621369,51554.44804588477,191586.09891596602,24669.969803783402,114954.41627392863,3723.007494064732,572632.2108539819,456348.2341800255,246992.9578358398,0.0,0.0,0.0,0.0,0.0,0.0,0.0,0.0,0.0,0.0,6172346.798037645,0.0,0.0,40.35606060606061,RAL,0.08047548200381735,0.22972585569527368,3.7724499495801287,0.3338118693482621,0.42618018514038136,0.9502825899081273,2.04179287120214,2.8106891243270398,4.733723488260219,1.5837663325123577,0.20393686087040308,18623.885625949006
E09000011,2011,255483,10.267219345318477,48.5280821033102,,5.550654888,,112,,,,,,,,,,,,,,,,,,,,,,,,,,,37.530399526753314,RJ2,,,,,,,,,,,,
E09000011,2012,260360,10.348363803963744,48.45905669073591,23.91688431402673,5.546615601,5.76798558852363,131,,,,,,,,,,,,,,,,,,,,,,,,,,,37.530399526753314,RJ2,,,,,,,,,,,,
E09000011,2013,264036,10.396309594146253,48.058219333727216,21.28118892878244,5.908290863,6.13117382974998,105,,,,,,,,,,,,,,,,,,,,,,,,,,,37.530399526753314,RJ2,,,,,,,,,,,,
E09000011,2014,268305,10.374387357671306,47.75721660051061,23.532919625053577,6.144919395,6.21695922685753,97,,,,,,,,,,,,,,,,,,,,,,,,,,,37.530399526753314,RJ2,,,,,,,,,,,,
E09000011,2015,274230,10.305947562265253,47.593990445976,24.308062575210588,7.325453758,6.67382366377341,91,,,,,,,,,,,,,,,,,,,,,,,,,,,37.530399526753314,RJ2,,,,,,,,,,,,
E09000011,2016,278768,10.238262641336163,47.26259828961717,25.544538827986,6.47381258,6.64098347250111,62,,,,,,,,,,,,,,,,,,,,,,,,,,,37.530399526753314,RJ2,,,,,,,,,,,,
E09000011,2017,282376,10.195271552823186,47.03905431056464,21.41470946539366,6.300080299,6.66559070367979,68,,,,,,,,,,,,,,,,,,,,,,,,,,,37.530399526753314,RJ2,,,,,,,,,,,,
E09000011,2018,285773,10.19235547095072,46.94915194927442,23.27021797020712,6.244226933,6.75275208594878,69,,,,,,,,,,,,,,,,,,,,,,,,,,,37.530399526753314,RJ2,,,,,,,,,,,,
E09000011,2019,288205,10.27012022692181,46.99502090525841,25.232039693967835,6.38489151,6.64862920897245,63,149219.26695147844,13193.155635415802,391.29167561601855,32794.46438047697,9435.335969665119,7969.725423680471,62788.38987665756,17013.230567886716,61696.62761560126,3357.308002781773,428816.19356104353,165408.903325358,84167.6188459222,0.0,0.0,0.0,0.0,0.0,0.0,0.0,0.0,0.0,0.0,4517035.322176737,0.0,0.0,37.530399526753314,RJ2,0.1254163941564217,0.31174978788620994,1.5724053281647457,0.08969391763962836,0.07576157309716017,0.5864986953075044,0.8001117816006843,1.4185038755611639,4.076400084900027,0.5968771741067829,0.16173067988740622,15672.994299809985
E09000011,2020,288384,10.353209609409676,46.74981968486463,20.84026853084776,6.064842224,6.71861775092666,47,137733.31699491985,10395.392039216,301.142102718855,24459.975122080858,10303.137472471119,10007.60086536528,76648.02537754578,16112.652377862982,53541.208281247236,3676.284751586046,373593.5277435581,166884.8053801323,80309.14302849589,0.0,0.0,0.0,0.0,0.0,0.0,0.0,0.0,0.0,0.0,4119126.292245798,0.0,0.0,37.530399526753314,RJ2,0.09875903702992662,0.2323763817391201,1.585450804750176,0.09788259368474378,0.09507491595457655,0.5086559651937375,0.7629585878312924,1.3085037776393258,3.5492395959074936,0.728176979567063,0.15307455715308607,14283.477211793295
E09000011,2021,289537,10.52369818019804,46.87483810359298,21.54474212276842,5.927483082,6.90903169336617,38,149753.77212371406,8381.024623421115,296.3490188608111,22450.86874815998,18374.575795461362,14134.710257876952,104275.65985144336,18075.589477324484,55334.34897318068,3435.5214531992797,483420.73830587114,200000.9143508871,84966.71192765047,0.0,0.0,0.0,0.0,0.0,0.0,0.0,0.0,0.0,0.0,5219092.637996018,0.0,0.0,37.530399526753314,RJ2,0.07930492923890263,0.2124399625851399,1.8924963322489894,0.17386829161457504,0.13374882513538694,0.5235978686347719,0.8039922777764128,1.4170358440829935,4.574338958130377,0.9867020080992165,0.17103915199637326,18025.65004816662
E09000011,2022,293348,10.560835594583908,47.179800100904046,29.681470471930947,5.882658958,7.23191520871608,42,167175.09953117403,7885.232150304595,340.3601331619808,22236.075978041205,13976.409234829425,20660.072092107483,122435.50957606993,20714.697174751265,59424.75275868777,3657.216644648078,441425.5762029452,226600.5216624377,93770.55958294866,0.0,0.0,0.0,0.0,0.0,0.0,0.0,0.0,0.0,0.0,4663428.014395696,0.0,0.0,37.530399526753314,RJ2,0.07364418968003589,0.20767401210924388,2.1163374116079785,0.13053278750909364,0.19295491102257606,0.5549979607995419,0.8757709024537751,1.5613331991978299,4.12269775243752,1.143487435616419,0.19346508242537372,15897.255186316921
E09000011,2023,297945,10.638205037842557,47.73129268824784,37.315611941801336,5.862322807,7.59609328221837,51,177955.72108527066,10136.837191750157,212.9897666748386,26656.573926875713,13048.556115419502,30976.63779384885,140000.8394855496,22422.470854143136,66923.6616067393,3525.999842994648,427645.45402489556,239746.7443074722,97816.25207565469,0.0,0.0,0.0,0.0,0.0,0.0,0.0,0.0,0.0,0.0,4477496.268101044,0.0,0.0,37.530399526753314,RJ2,0.09321236030047982,0.24511809021363204,2.2045692841394806,0.11998680564993036,0.2848428428235592,0.6153904161932922,0.8994604095189463,1.636375575295989,3.932374703016076,1.2873649290843152,0.20618378223380968,15027.92887311767
E09000011,2024,301259,10.797353772003492,48.080223329427504,34.08694843971467,5.701661587,7.861235845,61,193375.0562747195,11238.729553391235,699.8302646414622,33732.45724569121,14958.933669025875,43019.082491843605,158509.12141641742,24057.158551256427,72258.10091473431,3392.826507847797,424679.27668118087,303251.3732692215,103175.92462216529,0.0,0.0,0.0,0.0,0.0,0.0,0.0,0.0,0.0,0.0,4499312.032672915,0.0,0.0,37.530399526753314,RJ2,0.10220786722489537,0.3067715523323303,2.7578451770391856,0.13604035038003637,0.39122648610548966,0.657133562039293,0.9383081205478477,1.7586019827632,3.86214143849536,1.4415222965104153,0.21878192328893015,14935.02943537924
E09000012,2011,247182,7.04905697016773,55.904960717204325,,7.420009136,,182,,,,,,,,,,,,,,,,,,,,,,,,,,,39.718674024620846,RQX,,,,,,,,,,,,
E09000012,2012,251193,7.053938604977049,55.60982989175654,28.778668195371687,7.737739563,5.47925846304469,178,,,,,,,,,,,,,,,,,,,,,,,,,,,39.718674024620846,RQX,,,,,,,,,,,,
E09000012,2013,255646,7.033554211683343,55.46224075479374,29.439146319519963,8.044318199,5.77477024631814,176,,,,,,,,,,,,,,,,,,,,,,,,,,,39.718674024620846,RQX,,,,,,,,,,,,
E09000012,2014,258735,7.0744197731269445,55.17305351034842,30.475196629756315,8.026698112,5.74026164476464,148,,,,,,,,,,,,,,,,,,,,,,,,,,,39.718674024620846,RQX,,,,,,,,,,,,
E09000012,2015,261929,7.072527287929172,54.83508889813652,30.11503117256967,8.088941574,5.74774256528257,122,,,,,,,,,,,,,,,,,,,,,,,,,,,39.718674024620846,RQX,,,,,,,,,,,,
E09000012,2016,264892,7.096477054799692,54.59621279615843,32.7605212690455,7.846013069,5.83122255994596,140,,,,,,,,,,,,,,,,,,,,,,,,,,,39.718674024620846,RQX,,,,,,,,,,,,
E09000012,2017,264834,7.165998323478103,54.0874661108468,27.53045303850714,7.800588131,5.83218944443988,126,,,,,,,,,,,,,,,,,,,,,,,,,,,39.718674024620846,RQX,,,,,,,,,,,,
E09000012,2018,266210,7.290109312197138,53.79287029037226,29.76973066376169,7.487477779,5.97626927112761,112,,,,,,,,,,,,,,,,,,,,,,,,,,,39.718674024620846,RQX,,,,,,,,,,,,
E09000012,2019,265825,7.462428289288066,53.68381453964074,30.640458948556383,7.296459198,6.0284725076675,82,99938.51756931176,10028.508202769537,148.97547462870565,21217.95035800421,8734.951437743395,3423.216552651833,47494.679533971874,9511.191423556005,29713.936637788698,783.932582451376,243930.67186739438,147851.15473581685,36410.949776950045,0.0,0.0,0.0,0.0,0.0,0.0,0.0,0.0,0.0,0.0,2557645.827137328,0.0,0.0,39.718674024620846,RQX,0.10335884487574389,0.21868285843636662,1.523828296098776,0.09002679884148106,0.03528138996225844,0.3062467622796303,0.3752695449493634,1.0300165813002606,2.5140720797351683,0.48950403341339116,0.09802711819683622,9621.539836875118
E09000012,2020,263782,7.665799789219886,53.4869703012336,24.091863735963788,6.736229897,6.08377229913643,68,100315.4400103409,8406.30032107906,251.00983182379,19250.355100861223,10594.571473799298,6614.363321232905,64983.57366528691,11981.026217399396,37703.20232153424,1258.0376229760966,237395.31122566172,158111.00959780143,37445.538106198364,0.0,0.0,0.0,0.0,0.0,0.0,0.0,0.0,0.0,0.0,2571615.0922893845,0.0,0.0,39.718674024620846,RQX,0.08731058140350079,0.19994047700930734,1.6421925992416262,0.11003868048573628,0.06869893831210461,0.39159777663575285,0.38892159191850684,1.0419089321717911,2.4656652574740443,0.6749406256836089,0.12443885239606217,9749.016582971486
E09000012,2021,260082,7.970563130089741,53.38931567736329,20.147491944848166,6.789923668,6.09148270890674,100,106365.55022246705,10592.412009213353,171.35008289178808,20830.323346008983,14861.907292234244,10476.445850796305,84227.53588833069,11170.497295236057,36965.5364948209,1421.5486774200442,293181.4316578022,181525.83704142395,36564.854966208935,0.0,0.0,0.0,0.0,0.0,0.0,0.0,0.0,0.0,0.0,3157962.260815248,0.0,0.0,39.718674024620846,RQX,0.11158137385346593,0.21942840731062357,1.9122086895189319,0.15655660224582746,0.11035977642453022,0.38939812232897364,0.38517730884462814,1.120463801273919,3.0883982707856434,0.8872600652747841,0.11767097368802501,12142.179238914066
E09000012,2022,263254,8.092184734135094,53.802411359371554,23.49441983787521,6.802498817,6.06108077190707,54,115889.12776325842,8644.51825265339,236.54422177329405,25755.21955645161,13575.254837211665,14140.028657748615,117461.1970059426,12857.628098507343,42723.305965767904,1413.291451216899,282469.05580255477,213535.84521961663,41043.5045709837,0.0,0.0,0.0,0.0,0.0,0.0,0.0,0.0,0.0,0.0,2998696.2491455097,0.0,0.0,39.718674024620846,RQX,0.08996486910400289,0.26803864465550914,2.222301324691957,0.14127982483099727,0.14715751533415267,0.4446282044370493,0.42714624556026676,1.2060764874431746,2.9397001531471063,1.222437260768756,0.13381136982562433,11390.885795260507
E09000012,2023,267493,8.195728486352914,54.31843076267416,31.81017821027092,7.04967165,5.99998578455065,76,119020.57429232856,7829.214799240317,230.92019948204342,22569.60998559763,13798.657609567816,23186.031512632864,143666.16815183853,13991.081372218649,48993.707623912815,1077.393277010967,268885.08845490305,240826.95916639676,41951.8634254442,0.0,0.0,0.0,0.0,0.0,0.0,0.0,0.0,0.0,0.0,2860134.359774937,0.0,0.0,39.718674024620846,RQX,0.08018865375752829,0.2311632375641491,2.4666061845622664,0.14132908672778804,0.23747677138173084,0.5018050414624887,0.42968082201965907,1.2190366296854938,2.7539841237673977,1.4714625808601474,0.14329993602412175,10692.370864938286
E09000012,2024,268651,8.460791137944769,54.37761259031234,28.881336752887577,6.778830051,6.006626565,98,129129.3804864698,8180.3295255462945,241.60389520481002,25546.240991198552,15439.01410667011,33330.45489851334,158522.27427883368,14045.354313370935,55586.00636239588,1545.4383347103017,289284.50718439516,274659.0314930038,45158.81771535744,0.0,0.0,0.0,0.0,0.0,0.0,0.0,0.0,0.0,0.0,3085969.268353754,0.0,0.0,39.718674024620846,RQX,0.08342370478362435,0.26052276502134536,2.8009964498219113,0.15744839507538616,0.3399068486268337,0.5668708785380501,0.4605335109910377,1.3168725395418786,2.95014831009703,1.6166238010054974,0.14323573251675492,11486.907803632796
E09000013,2011,182445,9.0569760749815,56.8428841568692,,7.302942753,,68,,,,,,,,,,,,,,,,,,,,,,,,,,,45.5023393185677,RYJ,,,,,,,,,,,,
E09000013,2012,184439,9.179728799223591,56.498896654178345,41.910875682474966,7.579484463,4.25822698413166,46,,,,,,,,,,,,,,,,,,,,,,,,,,,45.5023393185677,RYJ,,,,,,,,,,,,
E09000013,2013,186056,9.30526293159049,56.12611256825902,42.6000773960528,7.81773138,4.41130118211868,48,,,,,,,,,,,,,,,,,,,,,,,,,,,45.5023393185677,RYJ,,,,,,,,,,,,
E09000013,2014,186659,9.44717372320649,55.57942558355075,46.5501261658961,8.165056229,4.39395245721907,36,,,,,,,,,,,,,,,,,,,,,,,,,,,45.5023393185677,RYJ,,,,,,,,,,,,
E09000013,2015,187246,9.550003738397615,55.14670540358672,46.05171806073294,8.219457626,4.4898614183698,40,,,,,,,,,,,,,,,,,,,,,,,,,,,45.5023393185677,RYJ,,,,,,,,,,,,
E09000013,2016,187472,9.641439788341726,54.4934710250064,47.17504480669113,8.116638184,4.55730976915933,34,,,,,,,,,,,,,,,,,,,,,,,,,,,45.5023393185677,RYJ,,,,,,,,,,,,
E09000013,2017,187720,9.782655018112084,53.69646281696143,38.72789260600895,7.85801363,4.2409062167607,34,,,,,,,,,,,,,,,,,,,,,,,,,,,45.5023393185677,RYJ,,,,,,,,,,,,
E09000013,2018,189037,9.829292678152957,53.30861154165586,41.36227299417574,7.65524435,3.88763717670844,20,,,,,,,,,,,,,,,,,,,,,,,,,,,45.5023393185677,RYJ,,,,,,,,,,,,
E09000013,2019,188562,10.033304695537808,53.0419702803322,40.61263669244068,7.974749088,3.61506900410295,19,127232.01513533777,5726.248708859557,308.5548976852048,20467.703274815234,8099.32020429992,3572.060361908028,32630.54476221428,13439.321100313138,61180.54751584436,1482.237538490387,296141.0099944963,117270.28760514352,125273.98047225027,0.0,0.0,0.0,0.0,0.0,0.0,0.0,0.0,0.0,0.0,3238116.4082675753,0.0,0.0,45.5023393185677,RYJ,0.08319996938414147,0.2973870630511738,1.7038876294914882,0.11767969351165657,0.05190052473432347,0.8889274530370571,1.8201778982800363,1.8486273129500486,4.3028034962592345,0.4741080004093603,0.19526764570314853,17172.688072186203
E09000013,2020,186555,10.180375760499585,52.62255099032457,33.34137385757551,7.857172012,3.46008763173656,19,115261.7197306036,5596.805463007972,402.0401055914433,19797.419644493704,8859.245928617545,5861.094194233943,42595.97398209543,12142.518753186645,51085.909937805765,1435.0955323759933,251305.97272873364,126778.21228402616,137086.87857892798,0.0,0.0,0.0,0.0,0.0,0.0,0.0,0.0,0.0,0.0,2736256.2575522857,0.0,0.0,45.5023393185677,RYJ,0.08219406393440067,0.2907427079162993,1.861850756621058,0.13010590256892982,0.08607537891222271,0.750242004180423,2.013242685842443,1.6927208250033663,3.690651627269694,0.6255597468901041,0.1783236829153053,14667.289847778326
E09000013,2021,183310,10.427690797010529,52.12808902951285,30.718455076100597,7.00592804,3.32151442112741,24,117184.13232622716,5038.174894709416,408.9641578947891,20051.125471241376,13509.298806243067,7726.401903358128,53278.4866788894,13200.70381259839,56714.80729110532,1479.5399060560003,309117.9971404673,138704.57791360022,138026.1689537936,0.0,0.0,0.0,0.0,0.0,0.0,0.0,0.0,0.0,0.0,3354819.227356444,0.0,0.0,45.5023393185677,RYJ,0.0752998684720683,0.29968136125780453,2.0730595288257145,0.20190812040451075,0.11547773930915932,0.8476517029854407,2.0629201218953686,1.7514179113639692,4.620035035200754,0.7962929281244423,0.1972959021075667,18301.34322926433
E09000013,2022,187187,10.405102918471902,52.54157607098784,35.061195489002976,6.815998554,3.4423055683686,23,125377.77503242265,5658.124629889899,458.4774907260463,21914.071715873724,13315.669796716511,8412.80234874541,67083.13649218804,13227.695054369065,66808.82341694692,1530.3501574153543,304369.6720830968,146331.7499350898,143815.37437190567,0.0,0.0,0.0,0.0,0.0,0.0,0.0,0.0,0.0,0.0,3264488.961292681,0.0,0.0,45.5023393185677,RYJ,0.08281403791271214,0.3207410378190226,2.141756125862121,0.19489220466320745,0.12313234123206528,0.9778343174216,2.1049256855796123,1.8350673578479633,4.45484735882529,0.9818492472612441,0.19360457950033363,17439.720500316158
E09000013,2023,189683,10.627204335654753,52.7643489400737,36.798237058671575,6.349085331,3.65008608070107,33,132349.83414587035,5459.75347740061,377.84311756118063,19434.388325851647,15183.201045327569,14011.444722933606,80644.41375467805,14878.281657461646,69622.90917515788,1358.741478060418,298456.27703585406,171126.65447816704,159907.6720426235,0.0,0.0,0.0,0.0,0.0,0.0,0.0,0.0,0.0,0.0,3184023.125414129,0.0,0.0,45.5023393185677,RYJ,0.07885908966648117,0.28070464682064933,2.4717035752031133,0.21930173543801618,0.20237722826431043,1.005613030004247,2.309659859216065,1.9116224718670183,4.310815572482598,1.1648044333329033,0.21489756857438422,16786.022603048925
E09000013,2024,190803,10.85360293077153,52.49393353353983,34.76360434584362,6.113510609,3.773689424,31,138520.98433350236,5282.693555385968,510.62094277018775,22383.143578193478,16994.1193622295,22254.87161711225,83044.91890563247,15952.263122905295,79554.06185512185,1514.6840768315565,313862.5513351287,192218.73263054935,157459.43484851168,0.0,0.0,0.0,0.0,0.0,0.0,0.0,0.0,0.0,0.0,3385087.900392388,0.0,0.0,45.5023393185677,RYJ,0.07585380223819703,0.32139788701512306,2.7600544265091806,0.24401729076270232,0.31955603950559996,1.14231083289911,2.2609482655604505,1.989012468982063,4.5067289346507176,1.1924357885822343,0.22905735483044362,17741.271889815085
E09000014,2011,255540,8.802535806527354,51.939031071456526,,6.462238789,,134,,,,,,,,,,,,,,,,,,,,,,,,,,,45.83077843132802,RAL,,,,,,,,,,,,
E09000014,2012,259312,8.897390016659468,51.626611957796015,36.5042882705004,6.553303242,5.71933360730786,100,,,,,,,,,,,,,,,,,,,,,,,,,,,45.83077843132802,RAL,,,,,,,,,,,,
E09000014,2013,265054,8.90761882484324,51.61816082760494,38.93546220770108,6.88668108,5.89087570977347,86,,,,,,,,,,,,,,,,,,,,,,,,,,,45.83077843132802,RAL,,,,,,,,,,,,
E09000014,2014,268901,9.017073197942738,51.23670049572147,42.658822391884,6.523117542,5.90407895219291,76,,,,,,,,,,,,,,,,,,,,,,,,,,,45.83077843132802,RAL,,,,,,,,,,,,
E09000014,2015,272938,9.038316394199414,51.03686551524522,41.54056965318131,7.138699532,6.12111860183023,64,,,,,,,,,,,,,,,,,,,,,,,,,,,45.83077843132802,RAL,,,,,,,,,,,,
E09000014,2016,276262,9.091369786651802,50.79091586971788,40.83080553966887,6.904962063,6.19025211748972,73,,,,,,,,,,,,,,,,,,,,,,,,,,,45.83077843132802,RAL,,,,,,,,,,,,
E09000014,2017,274463,9.400174158265411,49.95208825961969,33.5637226147058,6.84803915,6.21161788101852,59,,,,,,,,,,,,,,,,,,,,,,,,,,,45.83077843132802,RAL,,,,,,,,,,,,
E09000014,2018,274240,9.612018669778296,49.44209451575262,35.39600350058343,6.581599236,6.41027129308243,45,,,,,,,,,,,,,,,,,,,,,,,,,,,45.83077843132802,RAL,,,,,,,,,,,,
E09000014,2019,273716,9.831358049949582,49.086279209107246,35.34685586520335,7.053804874,6.46336262376713,43,170681.11103533392,12990.38030606747,219.7550526875962,25232.376410400226,12786.44674630005,4633.622094475632,60605.13547396168,11139.080973246515,45571.357161622116,1589.1015327501784,346449.7966964659,194418.66073139283,99318.62499361063,0.0,0.0,0.0,0.0,0.0,0.0,0.0,0.0,0.0,0.0,3680791.7278278847,0.0,0.0,45.83077843132802,RAL,0.1300255850236078,0.25256031209230795,1.9460092395677073,0.12798433759359065,0.046379660134438234,0.4561407930830227,0.9941173402369724,1.7084112082910246,3.467745857735014,0.6066195145769695,0.11149523617066259,13447.484720761244
E09000014,2020,269534,10.14788486795729,48.24882946121825,26.00414047949424,6.506110668,6.43505605067616,37,163597.45982771894,10852.60929704548,720.8929699651926,22079.064020201393,16284.790254478326,9493.93148141103,84347.40953278723,13892.296081714678,56748.173444841785,2295.5113651130837,334698.8107916162,227638.3103813524,98134.3692947669,0.0,0.0,0.0,0.0,0.0,0.0,0.0,0.0,0.0,0.0,3606949.3658480165,0.0,0.0,45.83077843132802,RAL,0.11031326718072297,0.22442655233371725,2.313869878325284,0.16552963155260383,0.09650274615428119,0.5768268485389119,0.9975041580620159,1.6629153231357798,3.402105275270288,0.857364166452147,0.1412107012673083,13382.168356674916
E09000014,2021,264317,10.58501723309511,47.34239568397038,25.18945054612454,6.486649513,6.43020198443492,38,171755.8432123406,9738.051173661423,329.213491316503,22791.164707282962,25068.604599066006,16929.915908173312,102104.79595041268,13985.324771035896,48209.80673148589,2573.604305170222,397513.65896875394,255157.5849587899,102593.70629492949,0.0,0.0,0.0,0.0,0.0,0.0,0.0,0.0,0.0,0.0,4277809.6698744,0.0,0.0,45.83077843132802,RAL,0.10093785967836588,0.23623734812078298,2.6447859070715256,0.2598437046826038,0.17548372316297986,0.49970929708661777,1.0634149426006216,1.7803015091969592,4.120349874289635,1.0583472383063972,0.14496214120473022,16184.390977025312
E09000014,2022,264831,10.804248747314324,47.19802440046672,21.91586332415767,6.430012226,6.59786507752835,36,182757.1207343165,12360.825685716052,203.85802114272047,29919.47046274635,21629.8831636776,18295.19572790716,125252.07837215852,16029.04406044984,61753.950479899926,2598.4253071897756,403556.28818962956,270741.86849638645,106092.18983757173,0.0,0.0,0.0,0.0,0.0,0.0,0.0,0.0,0.0,0.0,4317206.868020639,0.0,0.0,45.83077843132802,RAL,0.1278750442783392,0.3095224952997562,2.8008750630617874,0.22376517051662878,0.18926720781205528,0.6388561211655107,1.0975434665940407,1.8906564577711462,4.174864975297294,1.2957560825651233,0.16582344667622706,16301.74287761115
E09000014,2023,267204,10.921243693956676,47.43117617999731,24.198739539827248,6.351690769,6.66824718337768,44,192713.23451697794,10375.080729358668,416.5821540456864,30028.29919910084,23332.4733299796,24271.67737742323,153919.43152303048,18966.933578879067,73404.90350277486,1859.950219834601,382296.5328555795,307382.2692220199,118258.44257071296,0.0,0.0,0.0,0.0,0.0,0.0,0.0,0.0,0.0,0.0,4083014.0973944347,0.0,0.0,45.83077843132802,RAL,0.10637894159732525,0.30788952588377744,3.15168636453047,0.2392351329534645,0.24886508525140233,0.7526433910612738,1.212540729444344,1.9759489544695312,3.919805696202763,1.5781839817736145,0.194473891056908,15280.512632275097
E09000014,2024,268524,11.178889037851365,47.28255202514487,21.968241200041707,6.573905468,6.757949765,45,220978.22458565477,10705.983618416565,420.19586312114933,34856.15504731285,28020.343797212958,39303.209116612525,178235.25662437748,19147.409203782718,92079.16540239558,2564.675968599224,421610.3035867586,346717.2241446639,121124.76728544894,0.0,0.0,0.0,0.0,0.0,0.0,0.0,0.0,0.0,0.0,4519178.342600053,0.0,0.0,45.83077843132802,RAL,0.10923218024558164,0.35563418986056144,3.5375244042844045,0.2858890274159618,0.401007079356112,0.9394753766291299,1.235825019344195,2.2546207913831,4.30165170396502,1.8185181643861887,0.19535928018661036,16829.699924774148
E09000015,2011,240499,14.089871475557072,43.48833051280879,,1.959197879,,153,,,,,,,,,,,,,,,,,,,,,,,,,,,51.14358565981103,R1K,,,,,,,,,,,,
E09000015,2012,243800,14.223543888433142,43.34946677604594,21.829368334700572,2.11045146,8.16249816007047,184,,,,,,,,,,,,,,,,,,,,,,,,,,,51.14358565981103,R1K,,,,,,,,,,,,
E09000015,2013,247018,14.33984567926224,43.13936636196552,20.21715016719429,2.170999765,8.44940076813633,151,,,,,,,,,,,,,,,,,,,,,,,,,,,51.14358565981103,R1K,,,,,,,,,,,,
E09000015,2014,251618,14.389272627554467,43.01957729574196,27.593415415431327,2.321101189,8.8523915835575,111,,,,,,,,,,,,,,,,,,,,,,,,,,,51.14358565981103,R1K,,,,,,,,,,,,
E09000015,2015,255308,14.364218904225485,43.06484716499287,31.54621085120717,2.405998945,9.19836609650243,83,,,,,,,,,,,,,,,,,,,,,,,,,,,51.14358565981103,R1K,,,,,,,,,,,,
E09000015,2016,257317,14.459207903092295,42.89067570350968,33.48399056416793,2.404440165,9.52664663856,92,,,,,,,,,,,,,,,,,,,,,,,,,,,51.14358565981103,R1K,,,,,,,,,,,,
E09000015,2017,257881,14.65055587654771,42.55800155885854,26.962048386658964,2.392280102,9.71013263763836,82,,,,,,,,,,,,,,,,,,,,,,,,,,,51.14358565981103,R1K,,,,,,,,,,,,
E09000015,2018,259861,14.79598708540335,42.46577978226821,27.164522571682557,2.294444799,9.92007291937215,61,,,,,,,,,,,,,,,,,,,,,,,,,,,51.14358565981103,R1K,,,,,,,,,,,,
E09000015,2019,262065,14.93675233243661,42.44214221662565,28.428061740407912,2.369410753,10.1491133799033,66,185717.27823569498,12732.749483156214,350.40489408509757,39317.74576989642,8934.450708543909,4613.3210214665505,59217.76883491665,18643.781898912588,65275.48154414584,1229.497281946168,370393.18083049974,212583.32167501855,52040.77400494054,0.0,0.0,0.0,0.0,0.0,0.0,0.0,0.0,0.0,0.0,3889939.5362894824,0.0,0.0,51.14358565981103,R1K,0.13311294968550585,0.4110424948939147,2.2224259606724,0.09340410641136986,0.048229392231892175,0.6824144229003715,0.5440538149971739,1.941558242877577,3.872229553323718,0.6190848169782897,0.19490910467849099,14843.414940146462
E09000015,2020,262281,15.147494481109955,42.297002070298646,22.65890399990849,2.38814497,10.1491092360406,94,174261.4716986556,11842.098026143634,557.6927771914974,34362.35540185832,11161.331207775847,7474.551139764267,75552.67588932255,16784.0739300235,52354.88843637238,1181.8285157242083,309916.3093368488,221743.35613925205,53444.299556417944,0.0,0.0,0.0,0.0,0.0,0.0,0.0,0.0,0.0,0.0,3283464.0110634356,0.0,0.0,51.14358565981103,R1K,0.12369978832326947,0.3589411335824787,2.3162792738213174,0.11658865724297525,0.0780774143026907,0.546886928563675,0.5582666625136175,1.820294606110842,3.237313335716522,0.7892055946617804,0.17532251360885923,12518.878649476841
E09000015,2021,261159,15.510474461917836,42.096577180951066,25.348542458808616,2.263870239,10.1682357245065,76,178757.00848922873,11772.134109765508,1017.4776467884088,34087.5178838098,18879.675306742327,13895.301137828601,103259.55395440779,18419.396846154978,50656.98201558269,1375.7414982562618,365191.7154223254,257835.01899914548,54594.717540264246,0.0,0.0,0.0,0.0,0.0,0.0,0.0,0.0,0.0,0.0,3858771.2269364,0.0,0.0,51.14358565981103,R1K,0.12349726495558504,0.35760000595669034,2.7048553269327344,0.1980599474905759,0.14577065383858792,0.5314243510562027,0.5727337315714323,1.8752760913375106,3.8310961817605307,1.0832591928531,0.19323133014129248,14775.562882904283
E09000015,2022,263123,15.66985782314735,41.9290597933286,33.53564682676923,2.293868542,10.1847161414046,76,197968.63501900426,12261.979247764371,1421.1410526653438,38750.8868187195,15985.016036746863,17040.202094152526,130208.40680838001,19967.89976410623,58118.04117154208,1128.7589445984086,354598.0025955556,267226.1946163837,57135.30050901265,0.0,0.0,0.0,0.0,0.0,0.0,0.0,0.0,0.0,0.0,3740024.9701209315,0.0,0.0,51.14358565981103,R1K,0.12767589185477943,0.40348739259574884,2.782449883107262,0.16644141517175612,0.17742837072190182,0.6051447804221576,0.594912150924495,2.061316654073854,3.6921948175344803,1.3557741479036394,0.20791255305002398,14213.979660162478
E09000015,2023,267893,15.606230845897429,42.468074940367984,43.46884763692967,2.32806778,10.4699599585686,91,205692.49815803565,12490.122731470768,1814.5248838277857,40447.741188529435,16605.236964628533,25070.10141407867,171410.3994879848,20910.342802426814,65988.4692735407,1124.4411839837157,362514.60222909594,291927.0454616161,62717.048192718925,0.0,0.0,0.0,0.0,0.0,0.0,0.0,0.0,0.0,0.0,3787982.8178020245,0.0,0.0,51.14358565981103,R1K,0.12773575394951203,0.4136566811512144,2.985520803277326,0.16982078629561753,0.2563904594507516,0.6748602120130941,0.6414035801425209,2.1036051365430724,3.7074156138406713,1.7530041204652378,0.21384885165945997,14139.909657221444
E09000015,2024,270987,15.786735157037054,42.586175720606526,39.48528896220114,2.214413881,10.59409794,113,218755.8173313592,14475.808198226541,1141.0987986381556,51037.44838163241,19601.113861496462,41695.03658284581,180270.86667543196,21791.114364936893,73504.2807362238,1302.4312491681246,387479.9895471067,321532.8464943198,63801.50393048086,0.0,0.0,0.0,0.0,0.0,0.0,0.0,0.0,0.0,0.0,4069168.7777306032,0.0,0.0,51.14358565981103,R1K,0.14635295600265658,0.5159975412219128,3.250753387445213,0.19817069384257943,0.42154412181877204,0.7431411508970814,0.6450443781636279,2.2116596234774564,3.917490552896732,1.8225700325555925,0.2203119824626566,15016.103273332681
E09000016,2011,237927,17.88657865647867,38.40505701328559,,1.570432782,,18,,,,,,,,,,,,,,,,,,,,,,,,,,,19.410076554950884,RF4,,,,,,,,,,,,
E09000016,2012,239946,18.29870054095505,38.1694214531603,5.1594942195327285,1.612799644,5.75631873213938,27,,,,,,,,,,,,,,,,,,,,,,,,,,,19.410076554950884,RF4,,,,,,,,,,,,
E09000016,2013,242550,18.44485673057101,37.97856112141827,5.079365079365079,1.791175842,5.94519053070649,28,,,,,,,,,,,,,,,,,,,,,,,,,,,19.410076554950884,RF4,,,,,,,,,,,,
E09000016,2014,246771,18.433284300019046,37.982583042577936,6.609366578730888,1.856051326,6.03125965503104,24,,,,,,,,,,,,,,,,,,,,,,,,,,,19.410076554950884,RF4,,,,,,,,,,,,
E09000016,2015,250449,18.25641148497299,38.124328705644665,7.873858550044121,2.078129292,6.18951989998326,23,,,,,,,,,,,,,,,,,,,,,,,,,,,19.410076554950884,RF4,,,,,,,,,,,,
E09000016,2016,254487,18.114874237190897,38.14851053295453,9.607563451178253,2.057724953,6.40161527882092,25,,,,,,,,,,,,,,,,,,,,,,,,,,,19.410076554950884,RF4,,,,,,,,,,,,
E09000016,2017,257429,17.949415178554087,38.23345466128525,8.14205081789542,2.075849295,6.72644005010132,30,,,,,,,,,,,,,,,,,,,,,,,,,,,19.410076554950884,RF4,,,,,,,,,,,,
E09000016,2018,259229,17.852940836094728,38.31592915916043,8.868606521646884,2.104484558,7.2078500483684,25,,,,,,,,,,,,,,,,,,,,,,,,,,,19.410076554950884,RF4,,,,,,,,,,,,
E09000016,2019,261296,17.8349458085849,38.45676933439471,9.571520421284674,2.117465734,7.38604677766074,15,54893.98619915478,10591.012897954713,64.15113379945262,20607.246711149633,10738.060754445487,4531.305025881228,39356.099902881986,13571.871065874304,71747.25378088675,2088.49682806307,364142.6864993338,165127.3439597202,20241.759481845686,0.0,0.0,0.0,0.0,0.0,0.0,0.0,0.0,0.0,0.0,3791984.550061559,0.0,0.0,19.410076554950884,RF4,0.11104828888703466,0.2160699366524296,1.7313838791310439,0.11259010674762476,0.047511382943033253,0.7522802437762993,0.21223775064573475,0.575571316581235,3.8180882825936324,0.41265435077755713,0.14230301420479313,14512.218135989677
E09000016,2020,261906,17.750261544218155,38.52565424236176,7.945598802623842,2.057613134,7.46636995192651,11,40349.63629601555,8397.934205484757,88.85333665269673,16475.29234948742,11502.983225312817,7809.710454125032,51189.393064595424,12824.420810459082,45750.84627273883,2379.863588677858,310854.3940436995,169892.67219628888,20759.181544113413,0.0,0.0,0.0,0.0,0.0,0.0,0.0,0.0,0.0,0.0,3282654.884602399,0.0,0.0,19.410076554950884,RF4,0.08784846058943407,0.17234346391021832,1.7772001247785219,0.12032951721267786,0.08169521506801229,0.47858691404119613,0.2171560406553205,0.42208635447911463,3.2517616018431323,0.5354780436711678,0.13415270929535716,12533.71394547051
E09000016,2021,262086,17.62589379058782,38.64647482124188,8.481948673336234,2.175575495,7.61703427054706,14,40879.120243246056,9318.385915036424,67.64221117353621,18768.535823909915,17746.317734294964,11986.98496313379,64033.87418903923,15472.74055390562,57273.933938116206,2127.843656640249,363220.0161103258,184041.4903980121,20573.292673216933,0.0,0.0,0.0,0.0,0.0,0.0,0.0,0.0,0.0,0.0,3807758.357665842,0.0,0.0,19.410076554950884,RF4,0.09741010364825792,0.19619760724687269,1.9238847605916254,0.18551181134097008,0.12530640588782777,0.5987152595014165,0.2150637020141243,0.4273314473398939,3.7969343338030717,0.6693805535236236,0.16174488530749573,14528.659896621117
E09000016,2022,265111,17.53039292975395,38.825623983916174,12.37594818774023,2.09369278,7.94366536597121,17,44853.08477276928,9052.062942144876,186.963770190661,21853.443675685623,13785.717010409675,13746.156153400947,72511.07976813732,16347.238737819227,58846.756454165436,1678.955898291201,350090.49079341727,195982.3540030566,22215.678153661436,0.0,0.0,0.0,0.0,0.0,0.0,0.0,0.0,0.0,0.0,3634638.1348775197,0.0,0.0,19.410076554950884,RF4,0.09354637281830076,0.2258391708625291,2.0253326198187094,0.14246518514792872,0.1420563529621162,0.6081376868005657,0.22958259617242194,0.46352344399520096,3.6179261877892888,0.7493483579159096,0.16893661691170897,13709.872977271858
E09000016,2023,270756,17.415311202706494,39.32322829410983,16.742011257368258,2.136517048,8.47627274347689,25,45152.707781323785,10669.21123816478,101.13083273254863,20759.79807338356,13417.710592051002,17942.004320974724,83392.5707326457,18252.877622409313,59082.86428227516,1940.2330160753986,341829.63944016496,216263.26614479118,23632.64428132016,0.0,0.0,0.0,0.0,0.0,0.0,0.0,0.0,0.0,0.0,3560676.5190939535,0.0,0.0,19.410076554950884,RF4,0.10795962313300314,0.210064261198867,2.1883249088730263,0.13577114057352757,0.1815515675436502,0.5978477339277031,0.23913401968471193,0.4568912552850374,3.4589060264963325,0.8438328108252316,0.1846972325526002,13150.868379995101
E09000016,2024,277042,17.299543029576743,39.63911609070105,15.113231928732828,2.210879087,9.102190569,24,45738.06112296898,12296.458668467874,105.93782313839176,24014.179181532618,14313.857495001228,32285.378714380324,87216.34471445209,18091.68639514708,63505.77945613429,2679.1954774603587,348035.08631425136,239563.5825966164,25229.928572768164,0.0,0.0,0.0,0.0,0.0,0.0,0.0,0.0,0.0,0.0,3632302.7929105265,0.0,0.0,19.410076554950884,RF4,0.1216022403058601,0.23748121848032555,2.3690941534369636,0.14155271739126274,0.3192768330006471,0.6280218770660092,0.24950401736988162,0.4523132106369608,3.441791441090544,0.8625005942371043,0.17891245405495693,13111.018520334557
E09000017,2011,275499,12.853404186585069,44.86223180483414,,2.531018019,,131,,,,,,,,,,,,,,,,,,,,,,,,,,,38.46058296096051,RAS,,,,,,,,,,,,
E09000017,2012,281263,13.010954160341033,44.60771591002016,20.67815532082073,2.591127872,6.43308233816164,139,,,,,,,,,,,,,,,,,,,,,,,,,,,38.46058296096051,RAS,,,,,,,,,,,,
E09000017,2013,285982,13.061311551076642,44.38041555062906,19.742501276304104,2.614532232,6.36347348155046,101,,,,,,,,,,,,,,,,,,,,,,,,,,,38.46058296096051,RAS,,,,,,,,,,,,
E09000017,2014,290225,13.1091394607632,44.19329830304074,22.375742958049788,2.612542391,6.69973094968879,122,,,,,,,,,,,,,,,,,,,,,,,,,,,38.46058296096051,RAS,,,,,,,,,,,,
E09000017,2015,294011,13.038627806442616,44.00957787293672,23.06376292043495,2.663375378,6.99759814546702,98,,,,,,,,,,,,,,,,,,,,,,,,,,,38.46058296096051,RAS,,,,,,,,,,,,
E09000017,2016,297451,13.017606261199324,43.648533708072925,23.667763766132907,2.704984665,7.28106790097946,87,,,,,,,,,,,,,,,,,,,,,,,,,,,38.46058296096051,RAS,,,,,,,,,,,,
E09000017,2017,299469,13.08683035639749,43.30598492665351,19.374292497720965,2.724167347,7.43389356997121,66,,,,,,,,,,,,,,,,,,,,,,,,,,,38.46058296096051,RAS,,,,,,,,,,,,
E09000017,2018,302263,13.114406989939225,43.12932777084857,22.751709603888003,2.629005671,7.66493533433862,74,,,,,,,,,,,,,,,,,,,,,,,,,,,38.46058296096051,RAS,,,,,,,,,,,,
E09000017,2019,305641,13.203725939909894,43.08813280940712,25.14387794831191,2.666794777,7.97605893905024,74,154161.06920169087,15245.032513398051,152.77342540565257,36565.62383824349,14057.695902141893,18941.285836261082,47739.81855332076,20267.774019574885,82858.66671046306,1598.5265942217225,397599.8675389578,225151.78154525923,52410.92132211355,0.0,0.0,0.0,0.0,0.0,0.0,0.0,0.0,0.0,0.0,4140205.8655847097,0.0,0.0,38.46058296096051,RAS,0.13665448145201106,0.3277694790216411,2.0182311797645243,0.1260113510567429,0.16978721375069303,0.7427342725030037,0.4698046573138569,1.3818797010324617,3.564033312239476,0.4279335018330509,0.1816776806738471,13545.97670333728
E09000017,2020,306460,13.353455589636496,42.92044638778307,23.47451543431443,2.553376675,8.09551634139691,56,153387.88990573364,11241.901760397266,228.92533397137157,30126.86630518499,16277.389457288393,23874.755936030073,58802.855036456785,16616.24174168042,70287.19392889207,1918.9850025044148,317695.48111306876,221189.39482136982,54700.41214598719,0.0,0.0,0.0,0.0,0.0,0.0,0.0,0.0,0.0,0.0,3350259.2833631467,0.0,0.0,38.46058296096051,RAS,0.10050163430921971,0.2693315921824475,1.9774141551143891,0.14551846098745277,0.21343826351138429,0.6283614651168319,0.4890169773077019,1.3712745358685765,2.840170261671896,0.525692463710268,0.14854777124977692,10932.125834898998
E09000017,2021,305107,13.546722952931267,42.77843510637252,23.175476144434576,2.478571177,8.13034728588982,68,163854.84498616937,14219.332401036016,344.5441033561629,31346.14109478483,22696.012827573264,34370.59956250399,74230.67442846645,19126.145536891036,75171.39627129819,2108.8685269808216,412846.10574574646,237816.76808218478,54604.62090201483,0.0,0.0,0.0,0.0,0.0,0.0,0.0,0.0,0.0,0.0,4356420.271715998,0.0,0.0,38.46058296096051,RAS,0.12768332116710385,0.2814744945735393,2.13548948161222,0.20380016539064838,0.30863279504777363,0.6750059188424685,0.4903253648766187,1.4713440973945262,3.7071755850282795,0.6665586524167645,0.1717443347127674,14278.33603200188
E09000017,2022,312493,13.422380661326814,43.23616849017418,40.66971100152644,2.359274864,8.1796590450148,72,162883.96837789787,13665.668428879424,467.2543162167191,37954.57829815044,18871.117379647992,44600.76576355164,92339.6168880419,20146.121090544402,96201.78096477514,2452.074934460866,392401.7486486719,255375.70089245553,57038.49010923583,0.0,0.0,0.0,0.0,0.0,0.0,0.0,0.0,0.0,0.0,4090058.958485791,0.0,0.0,38.46058296096051,RAS,0.11981128369717717,0.3327599210936884,2.2389604071127294,0.1654491187037482,0.3910291712270389,0.8434317670833099,0.5000746766030426,1.4280558208045593,3.4403115716798904,0.8095709399828477,0.1766274838247941,13088.481849147951
E09000017,2023,322383,13.203549814971634,44.20735584692741,47.72894352369697,2.38100028,8.35761225537329,64,177304.76616463743,11741.242168033239,551.9026452685691,33576.43088521354,20940.105914356573,52921.43178416437,115628.03299425574,24164.328412742132,103726.03866930523,2229.239992592741,425108.2475806316,290823.43634776125,61733.87323957019,0.0,0.0,0.0,0.0,0.0,0.0,0.0,0.0,0.0,0.0,4455371.031289558,0.0,0.0,38.46058296096051,RAS,0.09978127494853917,0.28534451755621343,2.4715215688763736,0.17795650884202335,0.4497452535220646,0.8815009720149952,0.5246365325916492,1.506799312131354,3.6127219188291404,0.9826483762825943,0.2053571047076451,13820.117783163374
E09000017,2024,327886,13.225938283427777,44.49686781381334,43.39618037976614,2.399404049,8.512751392,99,178782.82784678828,14772.304085080996,408.9592553957321,47727.442260046875,26777.94430189354,64693.076123000836,134569.73418279033,26884.199896293605,105823.28521824944,1989.3572582597783,448490.8293209115,359808.08891548694,62732.276454425584,0.0,0.0,0.0,0.0,0.0,0.0,0.0,0.0,0.0,0.0,4675127.688504211,0.0,0.0,38.46058296096051,RAS,0.12343334569491615,0.3987974960228566,3.0064582997438962,0.22374920235719697,0.540557707393965,0.8842305216359398,0.5241737999184781,1.4938605695379783,3.747467101796001,1.1244280122985473,0.2246370451364996,14258.393735945452
E09000018,2011,254927,10.597151341364391,48.85045522835949,,3.407063961,,181,,,,,,,,,,,,,,,,,,,,,,,,,,,49.48956222413457,RQM,,,,,,,,,,,,
E09000018,2012,260584,10.65261105823842,48.53598072022841,29.3302735394345,3.600774527,6.30926381704878,190,,,,,,,,,,,,,,,,,,,,,,,,,,,49.48956222413457,RQM,,,,,,,,,,,,
E09000018,2013,265547,10.74047155494131,48.1835607255966,27.93479120457019,3.682634592,6.51864200027313,162,,,,,,,,,,,,,,,,,,,,,,,,,,,49.48956222413457,RQM,,,,,,,,,,,,
E09000018,2014,270773,10.831212860957333,47.906918341193546,32.492161330708754,3.637194157,6.88359178608593,152,,,,,,,,,,,,,,,,,,,,,,,,,,,49.48956222413457,RQM,,,,,,,,,,,,
E09000018,2015,275097,10.923056231074858,47.45017212110638,32.57759990112579,3.928928375,7.41149640870436,112,,,,,,,,,,,,,,,,,,,,,,,,,,,49.48956222413457,RQM,,,,,,,,,,,,
E09000018,2016,278601,11.01072860470709,46.83077232314313,34.64452747836512,3.835186481,7.8246997865991,119,,,,,,,,,,,,,,,,,,,,,,,,,,,49.48956222413457,RQM,,,,,,,,,,,,
E09000018,2017,281117,11.137711344386856,46.11496280907949,28.75315260194154,3.705318213,8.117036921087,89,,,,,,,,,,,,,,,,,,,,,,,,,,,49.48956222413457,RQM,,,,,,,,,,,,
E09000018,2018,285430,11.255999719721125,45.79967067231896,32.00784780856953,3.669270039,8.39654564115722,71,,,,,,,,,,,,,,,,,,,,,,,,,,,49.48956222413457,RQM,,,,,,,,,,,,
E09000018,2019,289652,11.360183944871777,45.624749699639565,33.76465551765568,3.86614728,8.79091386452479,92,141994.66741532835,8583.16425011602,163.7941175362259,26288.605292990258,11314.062827780075,3750.761435922915,58808.954861656865,15026.038994334584,65335.30471133814,1930.0292163926729,355271.1947053391,193441.63516450924,68810.86773474839,0.0,0.0,0.0,0.0,0.0,0.0,0.0,0.0,0.0,0.0,3762917.700663067,0.0,0.0,49.48956222413457,RQM,0.08118541730583095,0.24865554577623766,1.82970282491573,0.10701611728859776,0.03547725798045907,0.6179858410284892,0.6508600848628028,1.3430823404271084,3.3603970934733307,0.556255176137268,0.14212651775739374,12991.167679363743
E09000018,2020,289773,11.579408709576116,45.11980067156015,26.858955113140286,3.845535755,8.82372228844322,92,129103.36370586076,8338.35339826686,225.57451173875612,26168.856823731257,13970.657233890764,7490.210243693367,77343.44318914128,14849.966711979025,49509.63902752547,1589.2239322836942,300210.7094788738,217004.0604557034,72403.8370595448,0.0,0.0,0.0,0.0,0.0,0.0,0.0,0.0,0.0,0.0,3202807.555199033,0.0,0.0,49.48956222413457,RQM,0.0788368958835644,0.24741952544650095,2.0517152132233827,0.13208881863919808,0.07081792974267546,0.46810036356304663,0.6845588680638472,1.2206376914670503,2.8384117721895,0.7312615197199592,0.14040245401328574,11052.815670193679
E09000018,2021,288164,11.892533418470038,44.574964256465066,26.92216932024819,3.420172453,8.91711345799534,66,139496.04652086104,7770.583817387116,251.86830924860828,26471.873199598394,18342.31457457063,12718.818476200791,94597.95894757552,15851.94534260402,56566.066097794384,1594.1715164613274,375618.1902842677,231551.57732897968,72998.5938059548,0.0,0.0,0.0,0.0,0.0,0.0,0.0,0.0,0.0,0.0,4012841.2366668773,0.0,0.0,49.48956222413457,RQM,0.07387900894132314,0.2516819588807058,2.2014820834423974,0.17438998848801124,0.12092446668212709,0.5378032077414286,0.6940358525477672,1.3262619528193045,3.5711988044504688,0.8993923261314051,0.1507127442706619,13925.546691005391
E09000018,2022,290151,12.072334749837154,44.272809674962346,36.219072138300405,3.503876686,9.08611586337089,91,151322.88398721276,8605.239656665079,399.00870807156286,27065.029046221738,18554.616759268327,14668.324342939011,117784.8236421318,16996.339877242353,63484.934343367124,1618.671197700784,365340.9606102932,248550.3856878589,76831.48060172137,0.0,0.0,0.0,0.0,0.0,0.0,0.0,0.0,0.0,0.0,3847496.847801776,0.0,0.0,49.48956222413457,RQM,0.08125424023820832,0.25555922437005746,2.346915781054191,0.17520038346843142,0.1385043993667257,0.5994510684716893,0.7254746912056266,1.4288534032299833,3.449700806333039,1.112173133867347,0.16048648714693672,13260.325995091438
E09000018,2023,297085,12.043691199488364,44.824545163842,46.824982749044885,3.354359627,9.20953246269882,84,160651.00213962293,7525.7824112538665,300.4835796546005,23845.415533832806,20372.86778346931,24423.537283672944,139549.21255224312,18216.261180862915,67383.70632172536,1473.6050402211588,376387.08251687273,286589.4329013273,86388.03906755729,0.0,0.0,0.0,0.0,0.0,0.0,0.0,0.0,0.0,0.0,3930589.4734879234,0.0,0.0,49.48956222413457,RQM,0.06940297204046227,0.21990307680342217,2.6429356194247005,0.18787914609991754,0.22523453145458758,0.6214143899292265,0.7966728683346452,1.481527952907006,3.4710520098544073,1.2869266699165993,0.16799086079430628,13230.521478660732
E09000018,2024,300047,12.269077844471031,44.80231430409236,42.66998170286655,3.14699316,9.448446064,103,171718.23308237718,8453.400288633122,322.07436198570105,33989.306561160876,20848.594320272692,35685.185814132514,143319.25206091104,19212.534688799387,74873.5694525191,1819.8127286868355,399766.9425552756,320464.45902127447,86767.77909274606,0.0,0.0,0.0,0.0,0.0,0.0,0.0,0.0,0.0,0.0,4225746.282977082,0.0,0.0,49.48956222413457,RQM,0.07718790986337365,0.31035600368874516,2.9261576327587626,0.1903682972797521,0.32584105945897257,0.683669781711542,0.7922756858753869,1.5679573951896137,3.6502677827530814,1.3086465956946292,0.17542945384948494,14083.61451031699
E09000019,2011,206285,8.772814310298859,57.326514288484375,,8.439549446,,82,,,,,,,,,,,,,,,,,,,,,,,,,,,39.877088162232546,RRV,,,,,,,,,,,,
E09000019,2012,208762,8.819133750395187,57.240302353876665,44.289669575880666,8.34201622,4.89531121902821,69,,,,,,,,,,,,,,,,,,,,,,,,,,,39.877088162232546,RRV,,,,,,,,,,,,
E09000019,2013,212604,8.829561061880304,57.07841809185152,45.15437150759158,8.456161499,5.00814850546492,63,,,,,,,,,,,,,,,,,,,,,,,,,,,39.877088162232546,RRV,,,,,,,,,,,,
E09000019,2014,214986,8.863832993776338,56.97952424809057,45.86810303926767,8.293045998,5.06106005695019,59,,,,,,,,,,,,,,,,,,,,,,,,,,,39.877088162232546,RRV,,,,,,,,,,,,
E09000019,2015,218255,8.818583766694921,56.85688758562232,48.88318709766099,8.171825409,5.14893988139075,48,,,,,,,,,,,,,,,,,,,,,,,,,,,39.877088162232546,RRV,,,,,,,,,,,,
E09000019,2016,220620,8.831928202338863,56.71335327712809,49.9592058743541,7.950357437,5.05590848355564,42,,,,,,,,,,,,,,,,,,,,,,,,,,,39.877088162232546,RRV,,,,,,,,,,,,
E09000019,2017,221535,8.86180513237186,56.3035186313675,45.60904597467669,7.837164879,4.95294858571937,43,,,,,,,,,,,,,,,,,,,,,,,,,,,39.877088162232546,RRV,,,,,,,,,,,,
E09000019,2018,221453,8.964881938831265,55.9915648015606,47.88374959923776,7.236664295,4.99102557267509,29,,,,,,,,,,,,,,,,,,,,,,,,,,,39.877088162232546,RRV,,,,,,,,,,,,
E09000019,2019,221994,9.04664090020451,55.92403398290044,55.10959755669072,7.343711853,4.93514710534641,31,88524.61829781927,9486.162808129593,174.76311154862367,16889.72709157019,8613.269333854028,2952.499667607515,40129.07705780639,7613.421806200467,40965.79619696968,1147.9446751452867,228767.94670267584,146343.55090645808,33526.42373202795,0.0,0.0,0.0,0.0,0.0,0.0,0.0,0.0,0.0,0.0,2450345.917063803,0.0,0.0,39.877088162232546,RRV,0.11707292605007581,0.2084435836482584,1.8060904139758691,0.10630016205367057,0.03643810276505703,0.5055769889001033,0.4137644067145336,1.0925214231733433,2.8233262962762518,0.49525066835456105,0.09396060199825797,11037.892542428188
E09000019,2020,221018,9.13545503081197,55.58597037345375,43.96474495289976,6.698384285,4.79818763769381,22,105233.30483100914,7890.854311641731,664.7755878707845,15484.108996169765,14740.304254812669,7785.354208816232,74393.21874147406,13292.0679559301,71072.4863446321,2658.640010323435,275846.54439220374,187389.491600223,36598.38723889825,0.0,0.0,0.0,0.0,0.0,0.0,0.0,0.0,0.0,0.0,3036948.051443958,0.0,0.0,39.877088162232546,RRV,0.09781456232526194,0.1919400973127183,2.3228690305670634,0.1827199378270767,0.09650678930404147,0.881010327983354,0.45367143888358996,1.3044658090949406,3.4193774137803907,0.9221739299417882,0.1647676865087676,13740.727232370025
E09000019,2021,217050,9.427781617138908,54.883206634416034,34.31467403824004,7.642765999,4.5275518391652,35,110163.83579639555,7218.709615439942,298.6605235742114,16698.033720976866,19145.291742814843,12816.925810128218,88495.77260607942,12475.363997277345,64403.14052140003,3261.563431273295,351418.06108504016,196927.25466989868,36998.52377362001,0.0,0.0,0.0,0.0,0.0,0.0,0.0,0.0,0.0,0.0,3824020.3967478825,0.0,0.0,39.877088162232546,RRV,0.09111857460328808,0.21077188478100642,2.4857255246395304,0.2416625389997866,0.1617823784069477,0.8129323212743738,0.4670159804554851,1.3905493121829204,4.435794556333401,1.1170429464340257,0.15747099490714334,17618.154327334174
E09000019,2022,221663,9.343462824197092,55.71069596639944,42.79469284454329,7.005607128,4.57304654905822,28,127135.73044512526,9860.00619565853,118.02319256411337,25776.018023791297,20420.80180087108,12909.968438979808,119595.81726304298,14146.261800015582,77672.92797721773,3170.61332353031,385571.1924394118,224008.25752718654,39313.528393116045,0.0,0.0,0.0,0.0,0.0,0.0,0.0,0.0,0.0,0.0,4143692.699121417,0.0,0.0,39.877088162232546,RRV,0.12186840205421708,0.31858825091441473,2.768713107280607,0.25239847062508103,0.1595655411374481,0.9600273496403832,0.48591012919360116,1.57138119448294,4.765610098847595,1.478188842176662,0.17484596727409765,18693.65974078406
E09000019,2023,225529,9.32429975745913,56.602920245289965,48.98261420925912,6.547105312,4.54859516190667,31,123670.70583255505,7218.991838742049,258.1951020114015,23001.524272509785,21744.227859830455,15708.603705335594,154833.9374733414,16341.459133964769,78488.30420133875,1768.525578374662,329064.8715358575,263917.8322148267,40602.281168869406,0.0,0.0,0.0,0.0,0.0,0.0,0.0,0.0,0.0,0.0,3563624.206928774,0.0,0.0,39.877088162232546,RRV,0.08769630438732932,0.2794224898758248,3.206073516103135,0.26414885452972403,0.19082809938223896,0.9534758273511676,0.4932364640026478,1.502351589356762,3.99747967334101,1.880922490766657,0.19851602638672616,15801.179479928407
E09000019,2024,226183,9.610359752943411,56.731938297750055,44.38883558888157,6.227846146,4.472177349,27,161450.48077971677,7640.662736447442,258.71719331536116,26077.368043224713,26230.852924611492,32630.318179578357,177874.7796647741,16056.22617519931,99154.54345139246,3085.1131496107064,382544.1617698198,293594.24429443304,45163.781244944505,0.0,0.0,0.0,0.0,0.0,0.0,0.0,0.0,0.0,0.0,4138056.773369214,0.0,0.0,39.877088162232546,RRV,0.09255037984998621,0.31587185577183213,3.5562698902547396,0.31773099869746024,0.3952469106822565,1.2010464244813823,0.5470631611237392,1.9556292220369842,4.63370897295395,2.1545746738929736,0.19448703374688067,18295.17149109002
E09000020,2011,158251,12.20655793644274,49.84360288402601,,8.915539742,,47,,,,,,,,,,,,,,,,,,,,,,,,,,,53.91762285076553,RQM,,,,,,,,,,,,
E09000020,2012,157240,12.660264563724244,49.18404986008649,43.2396336809972,9.23112011,4.26207736017303,33,,,,,,,,,,,,,,,,,,,,,,,,,,,53.91762285076553,RQM,,,,,,,,,,,,
E09000020,2013,156823,12.935602558298209,48.80597871485688,43.628804448327095,9.055095673,4.18018887922993,35,,,,,,,,,,,,,,,,,,,,,,,,,,,53.91762285076553,RQM,,,,,,,,,,,,
E09000020,2014,156178,13.090191960455378,48.36020438217931,47.337012895542266,9.067121506,4.17821808502731,36,,,,,,,,,,,,,,,,,,,,,,,,,,,53.91762285076553,RQM,,,,,,,,,,,,
E09000020,2015,156149,13.251445734522797,48.08163997207795,47.04480976503211,9.278400421,4.21176211615365,21,,,,,,,,,,,,,,,,,,,,,,,,,,,53.91762285076553,RQM,,,,,,,,,,,,
E09000020,2016,152708,13.6305890981481,46.937946931398486,47.50897137019672,9.51086998,4.35740469870163,22,,,,,,,,,,,,,,,,,,,,,,,,,,,53.91762285076553,RQM,,,,,,,,,,,,
E09000020,2017,149651,13.863589284401709,45.803235527995135,40.788233957674855,9.287274361,4.40636474908201,28,,,,,,,,,,,,,,,,,,,,,,,,,,,53.91762285076553,RQM,,,,,,,,,,,,
E09000020,2018,148471,14.011490459416317,45.429747223363485,45.81366058018064,8.977330208,4.39486216036735,22,,,,,,,,,,,,,,,,,,,,,,,,,,,53.91762285076553,RQM,,,,,,,,,,,,
E09000020,2019,146805,14.224311161063996,44.89560982255373,47.45069990804128,9.425695419,4.43051546391753,15,95638.10878690507,4247.597110500073,185.8177665803791,14599.7455596672,6263.018913663964,2446.2951500437343,26821.545044233175,9876.46297245951,47783.61882814305,1246.50540075843,261832.32447206788,92923.69311262053,80605.89549453021,0.0,0.0,0.0,0.0,0.0,0.0,0.0,0.0,0.0,0.0,2825856.3661575243,0.0,0.0,53.91762285076553,RQM,0.07927013628646466,0.27246553525559625,1.7341743168320016,0.11688263974555688,0.045653611888358744,0.8917545327931153,1.5042952886347738,1.7848316873031191,4.8864060091280885,0.5005530128585105,0.18431799096946722,19249.047145243858
E09000020,2020,144874,14.345569253282164,44.5877107003327,42.19528693899526,9.506923676,4.2415174936824,18,85981.4174964295,4166.290621265484,243.0863568759566,14331.637799819839,7338.129134903473,4267.637843220831,35627.352417855654,9319.106871548522,39877.858069932176,1203.7829940965526,227190.0174391284,102641.78611116292,87457.70174500825,0.0,0.0,0.0,0.0,0.0,0.0,0.0,0.0,0.0,0.0,2447799.000985554,0.0,0.0,53.91762285076553,RQM,0.07878911918482369,0.27102696892055733,1.9410686038025848,0.1387720597436199,0.08070570616244198,0.7541339762210407,1.6539209365872818,1.6260027844021567,4.296412081828469,0.6737522585588431,0.1762345186029111,16896.05450933607
E09000020,2021,144266,14.425436346748368,44.91286928312977,43.00389558177256,8.932929993,4.08794330438385,14,88605.88077137474,3768.9528755347737,243.04951929933156,14519.818300204195,10485.688468022949,6089.095202876943,43827.97181755815,10071.187928295862,45051.33617167235,1312.1720563590645,273071.9576434841,111024.12949393303,88013.03122839138,0.0,0.0,0.0,0.0,0.0,0.0,0.0,0.0,0.0,0.0,2943371.212263466,0.0,0.0,53.91762285076553,RQM,0.07157541131754097,0.2757428923665207,2.1084364801384394,0.19913155983406886,0.11563675856141961,0.8555606884404807,1.6714374309023037,1.6826961150222075,5.185853560147058,0.8323280268157269,0.19125986506842407,20402.39011453472
E09000020,2022,147887,14.46036500841859,45.53611879340307,52.27640022449573,8.774360657,4.1922658139913,20,96091.66431658476,4295.3054701072415,290.95733701208457,15704.430272384216,10688.135287517707,6715.718047829983,55214.88644849857,10292.556369287508,51531.62621092685,1403.414244280093,272434.78233990166,117850.4314832326,91885.60145534821,0.0,0.0,0.0,0.0,0.0,0.0,0.0,0.0,0.0,0.0,2902027.2635492627,0.0,0.0,53.91762285076553,RQM,0.07957400036564832,0.2909372450769606,2.1832743545721387,0.19800633207486368,0.12441409676510663,0.954664964223922,1.7022549233554611,1.7801756323684155,5.047074211694984,1.0229003327049422,0.19067791336216455,19623.274956887777
E09000020,2023,149049,14.753537427289013,45.75273903213037,48.52095619561352,8.43350029,4.46695740354979,16,101033.54589306616,3964.7691958968408,227.95658732793646,13736.989850629932,11968.79545829826,11187.878212168434,65863.14482907177,11353.61497447688,53000.74993673091,1215.0480520720691,263338.0694281257,137438.24148631393,101932.36058562118,0.0,0.0,0.0,0.0,0.0,0.0,0.0,0.0,0.0,0.0,2790178.297850824,0.0,0.0,53.91762285076553,RQM,0.0728779217480257,0.25250480467405234,2.5263042848980146,0.22000295495906627,0.20564861977758045,0.9742268252268407,1.8736572625812247,1.8571358098576234,4.840516627530428,1.2106553692707982,0.20869508987394475,18719.87264490754
E09000020,2024,147255,15.365861940171811,45.29829207836746,42.28718889002072,8.092558861,4.535925479,9,106712.80433497683,3970.3987650534223,311.2178765923506,16689.249970204237,13076.742390769396,17512.51279749412,67994.8463565732,12081.790317636194,59723.324591074015,1344.9220145585352,278422.0844269657,154641.65522975643,101126.53980372948,0.0,0.0,0.0,0.0,0.0,0.0,0.0,0.0,0.0,0.0,2976750.189164064,0.0,0.0,53.91762285076553,RQM,0.07387052959670504,0.3105087944117857,2.877157093156479,0.2432969439513768,0.32582586069350616,1.1111714157404524,1.8814913799932274,1.9854256051956616,5.180131277761403,1.2650657043358893,0.2247855447406478,20214.93456360778
E09000021,2011,160436,12.780797327283151,46.45715425465606,,1.94597733,,30,,,,,,,,,,,,,,,,,,,,,,,,,,,33.70504367695714,RAX,,,,,,,,,,,,
E09000021,2012,162562,13.004884290301549,46.15531304979024,20.76746103025307,2.005634785,4.80318114793095,28,,,,,,,,,,,,,,,,,,,,,,,,,,,33.70504367695714,RAX,,,,,,,,,,,,
E09000021,2013,164418,13.141505187996447,45.81980075174251,20.137697818973592,2.113925457,4.85551121495036,25,,,,,,,,,,,,,,,,,,,,,,,,,,,33.70504367695714,RAX,,,,,,,,,,,,
E09000021,2014,165791,13.379495871307851,45.207520311717765,22.43185697655482,2.09179616,4.85188006956314,26,,,,,,,,,,,,,,,,,,,,,,,,,,,33.70504367695714,RAX,,,,,,,,,,,,
E09000021,2015,167594,13.443798704010884,45.00041767605045,22.124897072687567,2.127405882,4.90216813110047,21,,,,,,,,,,,,,,,,,,,,,,,,,,,33.70504367695714,RAX,,,,,,,,,,,,
E09000021,2016,168617,13.579295088870042,44.45815072027138,23.63344146794214,2.180410862,4.99913176021146,11,,,,,,,,,,,,,,,,,,,,,,,,,,,33.70504367695714,RAX,,,,,,,,,,,,
E09000021,2017,168781,13.719553741238649,43.79165901375155,20.802104502284024,2.139202833,5.09604295581652,5,,,,,,,,,,,,,,,,,,,,,,,,,,,33.70504367695714,RAX,,,,,,,,,,,,
E09000021,2018,168729,13.91402781975831,43.02224276798891,21.958288142524403,1.985518456,5.16388617481597,18,,,,,,,,,,,,,,,,,,,,,,,,,,,33.70504367695714,RAX,,,,,,,,,,,,
E09000021,2019,169797,14.098011154496252,42.725136486510365,24.31727297891011,1.987748265,5.24270460095905,14,61702.18752886703,2515.9799940937055,59.02771519946467,9735.72286449098,3137.9573998934925,7758.225337139466,38511.630773295416,6470.339187141961,41925.60060898688,1388.1966996133838,264828.42930178624,110778.34529371622,22704.488427995548,0.0,0.0,0.0,0.0,0.0,0.0,0.0,0.0,0.0,0.0,2786590.6426533256,0.0,0.0,33.70504367695714,RAX,0.04059609930816993,0.1570888374198163,1.7874421566529157,0.05063189315095104,0.12518131582168046,0.6764822653091856,0.36634379809371964,0.9955834856928193,4.273086924697368,0.6213968279010273,0.10440088268403601,16411.30669360074
E09000021,2020,169770,14.240442952229486,42.32667726924663,21.78830182010956,1.919799089,5.32437784829758,15,54351.51228356302,2096.0765945375642,84.03764325370969,6744.686955929573,4144.857656081083,12270.300531181192,46482.95995424215,6631.315708618606,29835.10546909162,1346.9498168603277,261451.13697018957,119397.76873872464,21392.62494133867,0.0,0.0,0.0,0.0,0.0,0.0,0.0,0.0,0.0,0.0,2808388.4419353805,0.0,0.0,33.70504367695714,RAX,0.033826209586339036,0.10884487482951669,1.9268255559088348,0.06688917005491044,0.19801650308808116,0.4814750249385207,0.3452313797851996,0.8771175875106291,4.219264209517785,0.7501359204635788,0.10701530448719267,16542.312787508865
E09000021,2021,167992,14.591766274584504,41.691271012905375,18.846135530263343,2.008492947,5.50943795273093,19,57297.48300112451,2795.15673526148,90.7372402981134,9029.370930131861,6968.890538317222,14224.860490722771,55472.35229742642,7224.537967143383,32242.842669443788,1401.824884766767,318637.8299305989,134980.2607948221,20992.551490349528,0.0,0.0,0.0,0.0,0.0,0.0,0.0,0.0,0.0,0.0,3385911.4688296723,0.0,0.0,33.70504367695714,RAX,0.04558528774138429,0.14725702740789126,2.2013484790016435,0.11365333343200984,0.23198855018410486,0.5258378688196468,0.3423605868112038,0.934445720525578,5.1965590978989695,0.9046802668591919,0.11782260288884244,20155.194704686368
E09000021,2022,169429,14.744819363863328,41.59559461485342,29.36923431053716,1.951600313,5.65952177477022,7,67220.16976986073,2593.5904778497916,89.8744945785714,8609.580482891402,4638.537112460529,16098.378851056797,61654.82216194961,8991.431170328826,34394.98328609426,1447.5205985623672,309748.5101824978,149149.53357758286,21501.03169099153,0.0,0.0,0.0,0.0,0.0,0.0,0.0,0.0,0.0,0.0,3216533.891032915,0.0,0.0,33.70504367695714,RAX,0.041939262679793726,0.13921991945858767,2.4117999818016123,0.07500676304561936,0.2603164011895361,0.5561788768204156,0.3476791820745139,1.0869735917968586,5.008741450958894,0.9969799797652278,0.1453945782652373,18984.55335882827
E09000021,2023,171356,14.890053455963024,41.81528513737482,31.35577394430309,1.931775331,5.78972619170008,18,70871.73960114723,3183.235957043868,50.01641429184125,8391.752656034314,5233.438069836795,23169.289683264637,78254.06922118273,8358.084415263691,38146.38052616193,1735.5559790402551,310469.77217022143,181223.45676848778,24762.184335124817,0.0,0.0,0.0,0.0,0.0,0.0,0.0,0.0,0.0,0.0,3218237.4836687637,0.0,0.0,33.70504367695714,RAX,0.05089517964273158,0.13417156777245792,2.897491895723104,0.08367484355787685,0.37044227212088837,0.6099035433747627,0.39591027403855233,1.1331330656188532,4.963947078216423,1.25116546951972,0.1336332629828039,18781.002612507084
E09000021,2024,172964,15.084641890798084,41.7352743923591,29.12744848639023,1.97437048,5.92359591,17,73251.68656745224,4371.886840344621,154.02471520460546,10880.535451009091,6027.821627208365,29924.083897311808,91808.79018949857,8884.466767307273,38291.50919784913,1699.797185415137,326873.49038914574,207234.02538486567,24238.280148941805,0.0,0.0,0.0,0.0,0.0,0.0,0.0,0.0,0.0,0.0,3399436.366361342,0.0,0.0,33.70504367695714,RAX,0.06925008767909929,0.17234618861235976,3.2825585272612856,0.09547986749017634,0.47399338301313804,0.6065322516689534,0.38393103179506843,1.1602966642746189,5.177631237051241,1.4542386394048674,0.14072873454555707,19654.01104484946
E09000022,2011,304481,7.628062177935569,56.46821969186912,,13.8048439,,97,,,,,,,,,,,,,,,,,,,,,,,,,,,38.58344561836521,RJ1,,,,,,,,,,,,
E09000022,2012,310449,7.615743648715248,56.42794790770787,31.344922998624572,14.36633968,4.71110689859892,98,,,,,,,,,,,,,,,,,,,,,,,,,,,38.58344561836521,RJ1,,,,,,,,,,,,
E09000022,2013,314375,7.624652087475149,56.30823061630219,31.856858846918488,14.73166084,4.99338849656364,76,,,,,,,,,,,,,,,,,,,,,,,,,,,38.58344561836521,RJ1,,,,,,,,,,,,
E09000022,2014,318196,7.660372851952884,56.15972545223698,32.272561565827345,15.07302666,5.17645203525727,77,,,,,,,,,,,,,,,,,,,,,,,,,,,38.58344561836521,RJ1,,,,,,,,,,,,
E09000022,2015,322881,7.67248614814746,56.06337938745234,31.835258191098266,14.43178844,5.31207574755457,62,,,,,,,,,,,,,,,,,,,,,,,,,,,38.58344561836521,RJ1,,,,,,,,,,,,
E09000022,2016,326613,7.674832293876851,55.93561799438479,32.21243490001929,14.62569141,5.50526498783092,57,,,,,,,,,,,,,,,,,,,,,,,,,,,38.58344561836521,RJ1,,,,,,,,,,,,
E09000022,2017,327227,7.759750876302995,55.61063115207486,26.70011948891748,14.46115112,5.45921606084516,48,,,,,,,,,,,,,,,,,,,,,,,,,,,38.58344561836521,RJ1,,,,,,,,,,,,
E09000022,2018,328923,7.90276143656722,55.43546665937013,29.025030174235308,14.01305008,5.58616035118282,52,,,,,,,,,,,,,,,,,,,,,,,,,,,38.58344561836521,RJ1,,,,,,,,,,,,
E09000022,2019,329513,8.034887849644779,55.41298825842986,31.0579552248318,13.94856262,5.52570882088209,47,281599.0928950129,7325.941568757201,169.35149912497155,24250.11576742904,16285.106990957374,17495.15391790595,101343.54681491325,20703.227422472173,75189.38017531659,7085.073455747305,615940.7599491768,265255.884495031,253686.44172030952,0.0,0.0,0.0,0.0,0.0,0.0,0.0,0.0,0.0,0.0,6737103.973549239,0.0,0.0,38.58344561836521,RJ1,0.06091132304678607,0.20162686551189793,2.205462153758176,0.1354020371945113,0.1454629363400172,0.6251598627373803,2.109268366282757,2.341347273388078,5.121221109235774,0.8426179025336499,0.172136367974774,20445.639393739366
E09000022,2020,325527,8.27488964049065,54.84737057141189,23.985721614489734,13.18247604,5.57671813708818,51,257656.52610126886,6239.723804398352,171.81073509210904,19505.80545809403,18114.45485497041,23634.645255744508,114885.18685293553,19486.968574735052,67921.35852963036,7435.116272527186,562402.0129013392,278539.5487918324,242007.22478130242,0.0,0.0,0.0,0.0,0.0,0.0,0.0,0.0,0.0,0.0,6267704.951540939,0.0,0.0,38.58344561836521,RJ1,0.05251525591020227,0.16416629925901002,2.3442665323751095,0.15245630451014844,0.19891576660450408,0.5716450978868396,2.036800303973291,2.168509188756717,4.733332204721601,0.9669057761211358,0.16400776279471171,19254.024862886763
E09000022,2021,317691,8.663764475543847,54.286083017775134,23.151427015559143,12.51020908,5.56558437811683,48,271755.0804601882,7053.606776056989,201.80692738836632,24766.31704552927,25177.55428650163,32642.59590574815,149970.5687422453,21481.36246979729,72363.92948554517,7264.106392976603,669192.1231242022,318601.31929714594,252917.72267340176,0.0,0.0,0.0,0.0,0.0,0.0,0.0,0.0,0.0,0.0,7342205.068775994,0.0,0.0,38.58344561836521,RJ1,0.060829391047870454,0.21358150974503198,2.747576503084745,0.21712796643573776,0.2815055182702357,0.6240571531969371,2.1811296750564573,2.343580608245793,5.771026176544532,1.2933267562716584,0.18525248704703098,23111.15224786347
E09000022,2022,318862,8.904479053634487,54.429188802679526,27.322164447315767,12.23062229,5.63088517320717,48,303409.9969636611,7187.861638436145,294.22209344616283,26504.58514181183,21948.44888618877,43378.76131205787,180713.37209213883,23811.367478926008,82055.73481477072,7450.372714444161,653379.2058041699,359771.076560856,279368.23358204163,0.0,0.0,0.0,0.0,0.0,0.0,0.0,0.0,0.0,0.0,7016899.110271053,0.0,0.0,38.58344561836521,RJ1,0.061759543665139846,0.22773269238224864,3.0912249887365366,0.1885854591468716,0.37271898627901184,0.7050392720651406,2.4003876936502837,2.6069593292830944,5.613964711699215,1.5527254079180286,0.20459202799309503,22006.06880177335
E09000022,2023,320532,9.137621204747107,54.771442476882186,30.998465051851294,12.17010212,5.72764109218994,46,324084.3302027919,7090.243958184088,213.16094228957348,23666.599237745824,22622.176465068525,63030.688000606395,206465.7316876892,26610.95118445261,92147.91242820848,7598.419671188765,679185.9982656395,401468.9536922664,293505.3957159416,0.0,0.0,0.0,0.0,0.0,0.0,0.0,0.0,0.0,0.0,7315629.972344144,0.0,0.0,38.58344561836521,RJ1,0.06060339034116131,0.20228868852917148,3.431529275150836,0.19336155409669545,0.5387506284552479,0.787628174565679,2.5087179184121946,2.770089334382205,5.805297308512607,1.764752158506425,0.2274553416627443,22823.399761472003
E09000022,2024,318864,9.473945004766923,54.71360830949872,28.397686788097747,11.85179996,5.849092265,47,334620.51438125415,7474.679596830288,500.95271516530534,25652.26491846996,26130.58036175701,78704.25876030528,229818.49575810245,24207.3444254599,107245.12629193152,7556.551005841981,689564.6923301447,485458.2573022731,307972.0772860867,0.0,0.0,0.0,0.0,0.0,0.0,0.0,0.0,0.0,0.0,7411060.362526122,0.0,0.0,38.58344561836521,RJ1,0.06422353805349992,0.22040800422381265,4.171128201195349,0.22451776032446874,0.6762384784504277,0.9214657779288694,2.6461410377223276,2.8751082986833922,5.924840481054875,1.9746340584254107,0.2079930364563026,23242.072992015786
E09000023,2011,276938,9.467462031212763,49.9956669001726,,7.733960152,,106,,,,,,,,,,,,,,,,,,,,,,,,,,,35.62411828901488,RJ2,,,,,,,,,,,,
E09000023,2012,281011,9.499983986391992,49.64716683688539,22.51157428001039,7.941917896,5.67473338627305,85,,,,,,,,,,,,,,,,,,,,,,,,,,,35.62411828901488,RJ2,,,,,,,,,,,,
E09000023,2013,286056,9.42542718908186,49.32600609670833,21.85236457197192,8.139529228,6.05701471075457,70,,,,,,,,,,,,,,,,,,,,,,,,,,,35.62411828901488,RJ2,,,,,,,,,,,,
E09000023,2014,291086,9.295878194073229,49.22187944456277,24.08222999388497,8.345214844,6.25577112505123,69,,,,,,,,,,,,,,,,,,,,,,,,,,,35.62411828901488,RJ2,,,,,,,,,,,,
E09000023,2015,295364,9.188323560081797,49.11397462114543,22.504435205373703,7.985936642,6.40159331382934,63,,,,,,,,,,,,,,,,,,,,,,,,,,,35.62411828901488,RJ2,,,,,,,,,,,,
E09000023,2016,298809,9.176765090743585,48.90481879729192,23.03478141555308,8.420833588,6.4721236085109,63,,,,,,,,,,,,,,,,,,,,,,,,,,,35.62411828901488,RJ2,,,,,,,,,,,,
E09000023,2017,300924,9.131209208969707,48.68106232802967,19.935266047241164,8.330783844,6.44075860296121,48,,,,,,,,,,,,,,,,,,,,,,,,,,,35.62411828901488,RJ2,,,,,,,,,,,,
E09000023,2018,303127,9.163156036908624,48.46318539753965,21.245220650090555,8.243188858,6.38120010897189,54,,,,,,,,,,,,,,,,,,,,,,,,,,,35.62411828901488,RJ2,,,,,,,,,,,,
E09000023,2019,305906,9.22374847175276,48.55576549659045,22.26827849077821,8.049311638,6.27345864005354,47,177502.34222098315,12550.621043419427,353.3077136083831,32061.7270659502,11265.105051813269,9691.7840780155,70271.00089089629,18640.834951644996,65274.59709183191,3896.9696061584796,463647.45747713046,185383.32914121402,114187.74433551333,0.0,0.0,0.0,0.0,0.0,0.0,0.0,0.0,0.0,0.0,4927308.6766984705,0.0,0.0,35.62411828901488,RJ2,0.11240467049569464,0.2871481701107234,1.6603124224230223,0.10089145525689974,0.08680062859327187,0.5846060965798688,1.022677342601289,1.5897294819545975,4.152474965468669,0.6293544098907659,0.1669492611764344,16107.26391995734
E09000023,2020,304169,9.343161203146934,48.28072551772205,17.35877094641466,7.824534416,6.26691981721183,42,163885.72725260895,9934.9396255338,267.94296793582424,24292.94104192328,12141.739515171124,12210.04437653539,84541.48943864318,17536.283979398995,57018.93354148191,4221.522962075278,402051.95461307187,187252.59174159385,109462.84221425271,0.0,0.0,0.0,0.0,0.0,0.0,0.0,0.0,0.0,0.0,4448576.238251506,0.0,0.0,35.62411828901488,RJ2,0.08948647847971142,0.2188125773980397,1.6866307851623208,0.10936367535019058,0.10997891426828363,0.5135837520524204,0.9859591143320577,1.4761596101933505,3.6213822066659485,0.7614862757545355,0.15795368246661898,14625.343931339177
E09000023,2021,300013,9.619249832507258,47.83992693649942,17.75923043334789,7.55838871,6.43221548593152,27,177428.5614028817,8287.409379016684,267.81877868559945,23401.115374756293,20305.672603673745,17058.568052266448,113642.48403694948,19559.364863566396,59264.77806708968,4043.7740393129766,510181.82489403745,221103.84233831477,119190.19244356548,0.0,0.0,0.0,0.0,0.0,0.0,0.0,0.0,0.0,0.0,5527856.007128753,0.0,0.0,35.62411828901488,RJ2,0.07568082441556925,0.21369955589373127,2.0191256765934185,0.18543189707143506,0.155779259175175,0.5412073976071967,1.0884477420915912,1.6202819467127354,4.658992858200231,1.0377859337232325,0.178616596601055,18425.388256938044
E09000023,2022,300122,9.883980514590734,47.89219050919293,21.501256155829964,7.775309563,6.61806821140328,39,198657.15284038696,7852.791729012164,316.5079027354798,23255.535888921902,15984.33705469417,24740.114268574587,133655.92721176476,22244.77773289289,64213.16598498809,4271.8358414378445,470349.13677237247,253104.36532783962,132047.64496563037,0.0,0.0,0.0,0.0,0.0,0.0,0.0,0.0,0.0,0.0,4991667.293977639,0.0,0.0,35.62411828901488,RJ2,0.07168584071712357,0.21229299070361524,2.3105157813707318,0.14591634155255556,0.2258452728636892,0.5861832259902716,1.205424359989772,1.8134830907612363,4.293679810140885,1.220105898594524,0.2030660748911232,16632.12724817787
E09000023,2023,301374,10.09111602195279,48.11231227644057,26.448864201955047,8.267008781,6.99990407805306,33,211975.48062211435,9853.832879363943,201.0289397804146,26721.006700346432,15396.269247089176,36883.02441957745,152041.279831486,24317.432090822498,72987.17635430208,4144.9651225766775,460593.2475519849,270340.6011068475,137925.94708058864,0.0,0.0,0.0,0.0,0.0,0.0,0.0,0.0,0.0,0.0,4859574.845063001,0.0,0.0,35.62411828901488,RJ2,0.08957906922699464,0.24291490817122813,2.457608091987533,0.1399641627382131,0.3352956193017482,0.6635106768470913,1.2538550341771548,1.9270233710620368,4.187153863178651,1.3821744795274722,0.22106452984893116,16124.731546394183
E09000023,2024,302432,10.356046979155645,48.14305364511692,23.509416992910804,7.760855198,7.220174917,39,227308.12729102722,10875.50503517078,650.9375975044794,33367.99256693222,17322.516002028355,50300.977256771635,171757.39104054062,25231.49505531729,80355.38500780812,3958.4500912411127,454116.9368529239,337884.9574404681,145974.57372092345,0.0,0.0,0.0,0.0,0.0,0.0,0.0,0.0,0.0,0.0,4835029.699271925,0.0,0.0,35.62411828901488,RJ2,0.0985210037494291,0.3022800421834413,3.0608937287246913,0.15692435969329507,0.45567564475285316,0.7279379819179832,1.3223810276737717,2.059180220936134,4.113837131579574,1.555947104246965,0.22857165813537605,15987.163062347652
E09000024,2011,200543,11.577068259674984,48.20911226021352,,3.838406801,,64,,,,,,,,,,,,,,,,,,,,,,,,,,,40.8632484988195,RJ7,,,,,,,,,,,,
E09000024,2012,205166,11.597925582211476,47.92753185225622,23.93671466032384,3.925976038,5.36828694612761,72,,,,,,,,,,,,,,,,,,,,,,,,,,,40.8632484988195,RJ7,,,,,,,,,,,,
E09000024,2013,208529,11.649698603071997,47.637978410676695,22.33262519841365,4.147556305,5.57344073977074,60,,,,,,,,,,,,,,,,,,,,,,,,,,,40.8632484988195,RJ7,,,,,,,,,,,,
E09000024,2014,211025,11.703352683331358,47.25222130079374,25.92583817083284,4.070946693,6.00081481597534,47,,,,,,,,,,,,,,,,,,,,,,,,,,,40.8632484988195,RJ7,,,,,,,,,,,,
E09000024,2015,213791,11.694598930731416,46.99917208862861,25.95993283159721,4.137066841,5.93075057478514,51,,,,,,,,,,,,,,,,,,,,,,,,,,,40.8632484988195,RJ7,,,,,,,,,,,,
E09000024,2016,215514,11.811297641916534,46.55985226017799,27.11192776339356,4.194300652,6.07760503224562,47,,,,,,,,,,,,,,,,,,,,,,,,,,,40.8632484988195,RJ7,,,,,,,,,,,,
E09000024,2017,215431,11.916112351518583,45.99802256871109,21.426814153951845,4.310311794,6.15022760906385,35,,,,,,,,,,,,,,,,,,,,,,,,,,,40.8632484988195,RJ7,,,,,,,,,,,,
E09000024,2018,216171,12.084414653214353,45.38675400493128,21.92245953435012,4.304834843,6.27451845884761,26,,,,,,,,,,,,,,,,,,,,,,,,,,,40.8632484988195,RJ7,,,,,,,,,,,,
E09000024,2019,217219,12.259056528204257,45.08537466796183,22.0652889480202,4.200026035,6.2640123904732,32,101152.67921570275,5202.037702591198,270.1814328535182,17143.543334999886,6449.358090426216,12695.710970965793,51085.47954171752,12757.011365122416,51712.77386567373,1182.6820875924336,393427.18830628635,151238.47706593442,67589.60003634825,0.0,0.0,0.0,0.0,0.0,0.0,0.0,0.0,0.0,0.0,4200678.845796865,0.0,0.0,40.8632484988195,RJ7,0.06561193122742924,0.2162269961500238,1.9075310721505216,0.08134405471135489,0.16012765818583055,0.6522395946427114,0.8524898208764154,1.2758120974142535,4.962193489927012,0.6443276965758692,0.16090082390964208,19338.450346410144
E09000024,2020,217101,12.378109727730411,44.70223536510656,16.766389836988314,3.981157303,6.31861193652909,27,92288.07624152568,4774.325979981012,386.3680858412087,13180.623935393689,8278.879239830943,20290.80147625412,53061.40936298258,12249.279769624494,41949.35463210911,1234.8386946083278,457283.47141341557,162750.85449282077,62204.67865209478,0.0,0.0,0.0,0.0,0.0,0.0,0.0,0.0,0.0,0.0,4845607.959638682,0.0,0.0,40.8632484988195,RJ7,0.06025004560381071,0.16633409543545813,2.0538493698100213,0.10447607763687722,0.25606163454449393,0.5293837371458776,0.7849976606695815,1.164637862088754,5.77073080515477,0.6696133333432092,0.15458091211791258,22319.60221113068
E09000024,2021,215426,12.668851484964677,44.177583021548,18.26613315013044,3.902113438,6.51083907031791,28,95727.30213357204,6042.620510744875,421.7305244204925,18047.292292263985,12945.91416054357,26207.036567385603,75757.93815254325,14528.693122276323,44633.64672799163,1627.780917534398,588186.5456917498,186682.56967051217,60267.576057826285,0.0,0.0,0.0,0.0,0.0,0.0,0.0,0.0,0.0,0.0,6212256.6120486,0.0,0.0,40.8632484988195,RJ7,0.07684831304936386,0.22952028268250632,2.3741753316113403,0.1646424200147242,0.33329356802158555,0.5676379064659476,0.7664657317769008,1.2174323488709282,7.480387642144286,0.9634677102043145,0.18477174849446218,28837.07914573264
E09000024,2022,216028,12.916844112800192,43.75821652748718,22.182309700594367,3.803086281,6.6119262633108,25,102006.9167514684,5788.119213651549,397.9703985550637,20260.581511277705,9290.993067097586,31853.8802280155,97495.44295159951,15831.556560714638,48489.50920536341,2048.1630351948343,573070.3886050372,206477.78973107756,65295.901363656245,0.0,0.0,0.0,0.0,0.0,0.0,0.0,0.0,0.0,0.0,5974563.42706869,0.0,0.0,40.8632484988195,RJ7,0.07340650683855479,0.2569502217150149,2.618607655515451,0.11783090861506267,0.4039795986367,0.6149571834468364,0.828100433501089,1.293679545237393,7.2678349991291995,1.2364638037991462,0.20078011907531312,27656.430773180746
E09000024,2023,218697,12.96999958847172,44.06964887492741,26.438405647997,3.783092976,6.78865270315866,31,109935.12092662527,5704.004975478927,200.68599483461574,18976.500107320142,8813.462481860455,47123.42950896589,126563.60305214737,15624.466402552067,51861.05947156024,2124.227630467503,640526.767513818,246294.95939714322,78535.78298050932,0.0,0.0,0.0,0.0,0.0,0.0,0.0,0.0,0.0,0.0,6669843.224300035,0.0,0.0,40.8632484988195,RJ7,0.07145690563529947,0.23772804955226592,3.085459382968695,0.11041062544544436,0.5903386252483296,0.6496892707381939,0.9838567914224894,1.3772119056399514,8.02419720527598,1.58552516679764,0.19573545712682816,30498.10113673272
E09000024,2024,220020,13.213798745568583,43.97918371057177,23.893282428870105,3.756536245,6.994434901,32,109861.49831424725,6709.446182153116,713.5641567174267,19210.18447870303,10166.664356189793,51450.678199203954,131971.38184378404,14886.211306388568,53010.562128059064,2211.363061509631,689959.6882679086,266101.0974531897,70654.4393545336,0.0,0.0,0.0,0.0,0.0,0.0,0.0,0.0,0.0,0.0,7160412.891683941,0.0,0.0,40.8632484988195,RJ7,0.08354715178013848,0.2392084465385218,3.313535599543126,0.1265970136735987,0.6406724942714294,0.660096431184451,0.8798009565074857,1.3680138457431297,8.591494026917958,1.6433298323288672,0.1853656056969736,32544.372746495505
E09000025,2011,310460,6.667525607163563,55.26058107324615,,6.178004742,,370,,,,,,,,,,,,,,,,,,,,,,,,,,,53.720500928700844,R1H,,,,,,,,,,,,
E09000025,2012,313750,6.681434262948208,54.54820717131474,51.2,6.38045454,7.14658391845569,367,,,,,,,,,,,,,,,,,,,,,,,,,,,53.720500928700844,R1H,,,,,,,,,,,,
E09000025,2013,316952,6.707324768419193,53.87030212776698,47.48353062924354,6.377608776,7.64623488707578,335,,,,,,,,,,,,,,,,,,,,,,,,,,,53.720500928700844,R1H,,,,,,,,,,,,
E09000025,2014,322984,6.673085973298987,53.47137938721423,55.42689421147797,6.598667145,8.0032466663995,252,,,,,,,,,,,,,,,,,,,,,,,,,,,53.720500928700844,R1H,,,,,,,,,,,,
E09000025,2015,330322,6.638976513825903,53.216558388481545,58.5882865809725,6.542205811,8.50861116211712,248,,,,,,,,,,,,,,,,,,,,,,,,,,,53.720500928700844,R1H,,,,,,,,,,,,
E09000025,2016,335337,6.650623104518738,52.749622022025605,60.61066926703585,6.445598125,8.58305759323132,188,,,,,,,,,,,,,,,,,,,,,,,,,,,53.720500928700844,R1H,,,,,,,,,,,,
E09000025,2017,338333,6.802469756127839,52.30143083884812,50.80497616253809,5.995542526,8.56668624565248,162,,,,,,,,,,,,,,,,,,,,,,,,,,,53.720500928700844,R1H,,,,,,,,,,,,
E09000025,2018,344570,6.818643526714456,52.28458658617988,52.53794584554662,5.968901634,8.67424815823998,161,,,,,,,,,,,,,,,,,,,,,,,,,,,53.720500928700844,R1H,,,,,,,,,,,,
E09000025,2019,349786,6.914227556277266,52.468080483495626,58.209876896159365,5.862355709,8.59570683542466,156,155514.56907264868,17201.708543686247,757.2444636496544,39509.51237078311,20958.957246137143,7141.5297105897025,83658.0655713427,19924.565164665928,86665.06706167843,1845.5293311726275,570810.7458318667,278721.89606714755,125276.70105841485,0.0,0.0,0.0,0.0,0.0,0.0,0.0,0.0,0.0,0.0,5998034.0225432245,0.0,0.0,53.720500928700844,R1H,0.13473371893912,0.3094613259879141,2.1831109108445683,0.16416266138252628,0.05593658643723143,0.67881087263358,0.9812394964812917,1.2180799475330764,4.470919525291485,0.6552582997819073,0.1560607050202353,17147.724673209403
E09000025,2020,350025,7.053210484965359,52.18570102135562,52.11342046996644,5.797318935,8.64222527251668,140,146496.24388197673,15523.862544400385,942.2646543144986,33839.120817988725,18884.852735173426,11085.129675171791,91864.16851189887,20429.18825105176,81447.73097964172,2452.297285126353,491837.70936558215,274793.68672817654,118468.30350294567,0.0,0.0,0.0,0.0,0.0,0.0,0.0,0.0,0.0,0.0,5315002.594852015,0.0,0.0,53.720500928700844,R1H,0.12150883582210183,0.2648665668146109,2.1508732681769427,0.14781607760051133,0.08676585469078463,0.6375100876719508,0.9272786073241005,1.1466597308174795,3.8497266583939282,0.7190419354539166,0.15990394620385634,15184.637082642712
E09000025,2021,351256,7.257100234586741,51.97007310907145,50.95713667524541,5.828397274,8.72881854306861,144,159211.61792987512,17247.79849356845,786.1225069588885,33174.82631987732,30045.66494390944,16458.17201293988,121055.23657346042,22355.161507521083,86102.68115384212,2949.653659982039,566650.4119508124,335830.1693702438,99415.03224902255,0.0,0.0,0.0,0.0,0.0,0.0,0.0,0.0,0.0,0.0,6115856.757068727,0.0,0.0,53.720500928700844,R1H,0.13452935308758496,0.25875696108522434,2.619407656549318,0.23435013282986233,0.12837042563609602,0.6715835646533264,0.775417220964724,1.2418185411964697,4.419759042000765,0.9442064545318577,0.17436575554246728,17411.394416234107
E09000025,2022,360868,7.304332886263121,52.782457851624415,61.66520722258554,5.403350353,8.69798903009602,149,177949.9379089702,16012.953006154406,1286.8063244570405,36292.74387477249,23007.914506605634,20714.029416928573,135448.78916405738,23944.96112013488,92640.3393513732,2934.429996055331,549809.6849882344,355310.27902436367,115431.2548614117,0.0,0.0,0.0,0.0,0.0,0.0,0.0,0.0,0.0,0.0,5818060.876761433,0.0,0.0,53.720500928700844,R1H,0.1215710568031813,0.2755361378658586,2.6975315606948578,0.17467711797631946,0.15726183958076556,0.7033296078008352,0.8763592596709494,1.3510039029864993,4.1741797667772,1.0283332771323919,0.18179121785763488,16122.407297852491
E09000025,2023,373886,7.273340002032705,54.01539506694554,71.17142658457391,5.360430241,8.80964464321587,142,196223.98379030026,15550.239895788689,1169.7329567242755,33690.91710386583,22268.10776327265,38435.59926928666,155720.9506209363,25875.50422390055,108962.00187030004,2994.9982998855976,562025.654412095,396046.3369327739,121195.44644125688,0.0,0.0,0.0,0.0,0.0,0.0,0.0,0.0,0.0,0.0,5964794.512345186,0.0,0.0,53.720500928700844,R1H,0.11394755881408647,0.24687707610433324,2.902110422294671,0.16317410766898216,0.2816447037243324,0.7984413230807518,0.8880843867305599,1.437871317968214,4.11835777070496,1.1410770700888044,0.18960804200812037,15953.511263714572
E09000025,2024,379479,7.441782022193586,54.32843451152765,68.86810600850113,5.365803242,9.131209401,164,210280.21420302126,16766.91433843544,1124.1596929861398,34439.563731451606,26405.288502724194,60231.12726874749,172050.71734146727,26284.346743988503,128705.55314559536,2805.794217968385,576123.0967293291,436521.54956814,130613.8908073723,0.0,0.0,0.0,0.0,0.0,0.0,0.0,0.0,0.0,0.0,6123166.138156033,0.0,0.0,53.720500928700844,R1H,0.1210521573318995,0.2486434535962851,3.1515563466532175,0.19063836515814342,0.4348509062099994,0.9292159877715208,0.9429936206867353,1.5181608887413751,4.159438185233049,1.2421552400338018,0.18976520146737957,16135.718019063066
E09000026,2011,281395,11.930915616837542,44.84017128946854,,2.72922039,,161,,,,,,,,,,,,,,,,,,,,,,,,,,,43.60862754704089,RF4,,,,,,,,,,,,
E09000026,2012,285437,12.009305030532133,44.79797643613127,20.68407389371385,2.714064121,7.56327979551141,154,,,,,,,,,,,,,,,,,,,,,,,,,,,43.60862754704089,RF4,,,,,,,,,,,,
E09000026,2013,289976,12.024443402212595,44.63610781581924,19.025712472756364,2.747252703,7.9478751393277,150,,,,,,,,,,,,,,,,,,,,,,,,,,,43.60862754704089,RF4,,,,,,,,,,,,
E09000026,2014,295837,11.96131653579505,44.70198115854339,23.979421100132843,2.849814653,7.96832354638464,131,,,,,,,,,,,,,,,,,,,,,,,,,,,43.60862754704089,RF4,,,,,,,,,,,,
E09000026,2015,301022,11.890160852030748,44.72729567938556,26.174166672203363,2.835283041,8.14827656191861,113,,,,,,,,,,,,,,,,,,,,,,,,,,,43.60862754704089,RF4,,,,,,,,,,,,
E09000026,2016,304369,11.891815526548369,44.62182416737578,29.1849695599749,2.749604225,8.3908727039675,124,,,,,,,,,,,,,,,,,,,,,,,,,,,43.60862754704089,RF4,,,,,,,,,,,,
E09000026,2017,305937,11.98253235143183,44.44052206826896,26.776754691325337,2.787590981,8.62581185505918,107,,,,,,,,,,,,,,,,,,,,,,,,,,,43.60862754704089,RF4,,,,,,,,,,,,
E09000026,2018,308841,11.988369419863297,44.44519995725956,27.939943207022385,2.758569241,8.85986952813444,91,,,,,,,,,,,,,,,,,,,,,,,,,,,43.60862754704089,RF4,,,,,,,,,,,,
E09000026,2019,311780,12.066521264994549,44.43100904483931,28.52331772403618,2.752093315,9.02396184759347,88,91380.98046177841,13443.412770126133,285.8037141179788,27992.27258125025,14704.339717050221,5588.352969397362,55919.666546701534,16487.856636738565,81346.95175061644,2102.6150789855556,452691.095710829,212282.1725161073,54914.55575936004,0.0,0.0,0.0,0.0,0.0,0.0,0.0,0.0,0.0,0.0,4731697.41606254,0.0,0.0,43.60862754704089,RF4,0.11813223382949282,0.2459784391457117,1.865401864118335,0.1292124646818069,0.04910692180557033,0.7148257135178426,0.48255448616613256,0.8029984302399604,3.977963876098346,0.49138676592909764,0.14488488666260602,15176.398152744052
E09000026,2020,311750,12.13504410585405,44.09366479550922,23.906976744186046,2.685086727,8.99693265236231,80,77937.17052006474,11250.552674798839,364.51268675012875,23097.49351673888,14702.650038733591,9340.101312612429,67816.11842608296,16163.698877541106,60214.89198543828,2529.6889106800054,388959.28014109825,215381.9496584978,53288.66352551715,0.0,0.0,0.0,0.0,0.0,0.0,0.0,0.0,0.0,0.0,4145503.062296331,0.0,0.0,43.60862754704089,RF4,0.09887227581636004,0.20298573907120765,1.8928228815106747,0.12921004966425584,0.08208281849139241,0.5291814171914031,0.46831223232100844,0.6849286113088047,3.418257781556597,0.5959826294434465,0.14205006099057338,13297.523856604108
E09000026,2021,310130,12.30612968755038,43.72714668042434,25.39257730629091,2.594510555,9.2401001496489,88,82150.14269326502,12506.191827318262,298.19448444171377,24655.673743208245,22985.656162304054,14235.037308432782,86579.62038578026,18768.450202859327,70307.77942221813,2497.5181959265938,452005.2356339786,245085.628453769,47377.051789715355,0.0,0.0,0.0,0.0,0.0,0.0,0.0,0.0,0.0,0.0,4794177.416728467,0.0,0.0,43.60862754704089,RF4,0.11048121514502547,0.21781121167666095,2.165116161660612,0.2030580738550564,0.12575404577075527,0.6211074491714975,0.4185346206095221,0.7257243223523588,3.9930690632516774,0.764854865421264,0.16580276501687385,15458.605799917668
E09000026,2022,313152,12.464234620886982,43.60119047619048,35.06603821786225,2.567480326,9.45100909756353,81,91023.36334425112,11963.673388489502,547.4341269679254,28081.69677935291,17829.15333861373,16848.382336765273,97704.81035394451,19919.001476773323,73750.66228257121,2137.758325993789,437077.23481108015,260185.3454124588,53499.18700629417,0.0,0.0,0.0,0.0,0.0,0.0,0.0,0.0,0.0,0.0,4574777.092862833,0.0,0.0,43.60862754704089,RF4,0.10466861896371303,0.24568310456222853,2.276327670823944,0.15598493845882128,0.14740430081103134,0.6452349306194621,0.46805741328727724,0.7963515406431462,3.823931752614514,0.8548066495778891,0.17426874739960255,14608.806882481458
E09000026,2023,318749,12.451490043890336,44.23166817778252,45.55935861759566,2.609879494,9.68879959681428,92,96974.12930867718,13037.107881382115,446.84586636537625,26415.105845977694,17341.97506386742,25480.731406397732,112456.12703786259,21975.525915658527,79093.11642168062,2341.938011251387,433476.9563621404,288256.18973204185,56552.639897809866,0.0,0.0,0.0,0.0,0.0,0.0,0.0,0.0,0.0,0.0,4551663.392681215,0.0,0.0,43.60862754704089,RF4,0.11205714773884322,0.22704432955924134,2.47763282572569,0.14905853963134577,0.2190131515117747,0.6798247826610909,0.4860838447996838,0.8335164849181341,3.7258410210614072,0.9665880620360375,0.18888504847661539,14279.773090052722
E09000026,2024,323006,12.517104945418971,44.52270236466196,42.71437682272156,2.564587831,10.23671258,111,102124.7279358957,14650.767801099058,436.1428543387588,29100.536498673802,19363.879867326523,43381.29095974293,120562.12040391713,21962.799139400533,88697.56883220137,2852.305886852087,443190.9366587541,317162.73521013634,60643.886910351706,0.0,0.0,0.0,0.0,0.0,0.0,0.0,0.0,0.0,0.0,4662394.689968946,0.0,0.0,43.60862754704089,RF4,0.12426731969692456,0.24682977175854492,2.6901636519932013,0.16424377771282353,0.3679586507510733,0.752329795410742,0.5143794089609066,0.8662185072934792,3.759130617606358,1.0226038500486494,0.18628772356152454,14434.390351785869
E09000027,2011,187527,13.598041881968996,42.74637785492222,,2.236446381,,16,,,,,,,,,,,,,,,,,,,,,,,,,,,28.781632036383563,RAX,,,,,,,,,,,,
E09000027,2012,189934,13.972748428401443,42.13990122884792,13.573135931428812,2.338236094,3.68556507501686,13,,,,,,,,,,,,,,,,,,,,,,,,,,,28.781632036383563,RAX,,,,,,,,,,,,
E09000027,2013,192375,14.218583495776478,41.61975308641976,13.369720597790772,2.365418673,3.69002365521228,12,,,,,,,,,,,,,,,,,,,,,,,,,,,28.781632036383563,RAX,,,,,,,,,,,,
E09000027,2014,194492,14.424243670690826,41.04796084157703,13.995434259506816,2.444697142,3.74819477989781,9,,,,,,,,,,,,,,,,,,,,,,,,,,,28.781632036383563,RAX,,,,,,,,,,,,
E09000027,2015,194966,14.626652852292194,40.31626027102161,14.520480494034857,2.482381105,3.82090678563304,14,,,,,,,,,,,,,,,,,,,,,,,,,,,28.781632036383563,RAX,,,,,,,,,,,,
E09000027,2016,196293,14.856872124833794,39.66417549275828,16.01177831099428,2.510018826,3.83869716944552,11,,,,,,,,,,,,,,,,,,,,,,,,,,,28.781632036383563,RAX,,,,,,,,,,,,
E09000027,2017,196849,15.095326874914274,38.85262307657138,13.75165736173412,2.508432865,3.91375825360464,10,,,,,,,,,,,,,,,,,,,,,,,,,,,28.781632036383563,RAX,,,,,,,,,,,,
E09000027,2018,197119,15.358742688426789,38.11403264018182,14.0980828839432,2.512111902,3.97338312030255,14,,,,,,,,,,,,,,,,,,,,,,,,,,,28.781632036383563,RAX,,,,,,,,,,,,
E09000027,2019,198185,15.535989101092412,37.53008552614981,14.88508212024119,2.519515514,4.06512627166839,14,83682.22522067773,3972.647668120922,91.33705458173615,13654.380578874023,5183.990577225986,6497.626080527905,42799.764817244606,8669.506863079347,47944.507165926116,1560.9610116808824,295702.2625400939,127463.25293715134,37870.13055180498,0.0,0.0,0.0,0.0,0.0,0.0,0.0,0.0,0.0,0.0,3124785.8611407257,0.0,0.0,28.781632036383563,RAX,0.05491821386093763,0.1887592999466601,1.7620626768354506,0.071663919621607,0.0898237267659891,0.6627888798507569,0.5235198543467581,1.1568300853627178,4.087812826608236,0.5916675310254892,0.11984798848287036,15767.014966524843
E09000027,2020,197797,15.786387053393126,37.00763914518421,11.759531236570828,2.27889967,4.09152862235269,5,74621.27827052506,3657.2860694669544,127.23628895600181,11587.839755125198,6701.633140265499,10732.732062516343,53229.68167159476,8792.28070668623,35424.92689852587,1451.2251784685075,281286.8383301176,140329.58983674808,38006.42888149665,0.0,0.0,0.0,0.0,0.0,0.0,0.0,0.0,0.0,0.0,3014824.4240022786,0.0,0.0,28.781632036383563,RAX,0.05065780489166185,0.1605054989632057,1.9437333715360736,0.0928256684401352,0.14866123033593587,0.4906777870368946,0.5264346901877143,1.0335943329545498,3.896160569358021,0.7372950262427592,0.1217836483480085,15242.01289201696
E09000027,2021,195315,16.205104574661444,36.394030156414,13.97742108901006,2.193359613,4.22806926316884,14,79309.94514908394,3965.951289115662,133.7274526355734,13250.510367741836,9827.045212554083,13495.766193564657,64290.028734972686,9507.779430127306,39348.51608563773,1500.7945379323637,344231.2560381989,155197.17139669418,37651.62601291439,0.0,0.0,0.0,0.0,0.0,0.0,0.0,0.0,0.0,0.0,3666020.4206620655,0.0,0.0,28.781632036383563,RAX,0.055631262167165324,0.18586779372193407,2.1769845114505113,0.13784610266105554,0.18930805058585948,0.5519502017729385,0.5281475552897078,1.1124978673240373,4.828606771684222,0.9018102297689498,0.1333676920229991,18769.784300550727
E09000027,2022,195674,16.553042305058412,35.7860523114977,19.07764955998242,2.085034609,4.34445987168436,9,89848.39877874426,4050.5194522679694,169.24541704067065,13136.336866396705,8377.55258951631,15388.150049681415,75379.49111525128,11043.222244616052,42701.50874597355,1549.5346135691477,336142.39157827187,169958.64259734857,39338.65380818752,0.0,0.0,0.0,0.0,0.0,0.0,0.0,0.0,0.0,0.0,3510394.494925125,0.0,0.0,28.781632036383563,RAX,0.05671327599914884,0.18392818676740508,2.3796729085369774,0.11729815343575105,0.21545690896392272,0.5978844144877474,0.550799460945561,1.2580107559210414,4.706491711308365,1.055424602861977,0.15462147965446094,17940.01499905519
E09000027,2023,196764,16.763229045963694,35.617287715232465,19.7647943729544,2.027127028,4.45360740148112,8,94978.55527682831,4175.710640704232,104.2676061993416,12020.941038391691,9267.228692063229,23186.588012278266,92925.89743699116,10895.465073117273,46160.66209575478,1686.7408929798287,338846.85470985324,202734.516604851,44566.29368005008,0.0,0.0,0.0,0.0,0.0,0.0,0.0,0.0,0.0,0.0,3525179.220506311,0.0,0.0,28.781632036383563,RAX,0.05814225735000851,0.16737861111122748,2.8228590178798574,0.12903614304185876,0.32284817681982514,0.6427373268770179,0.6205374699633228,1.3224737245457294,4.7180762088099595,1.2938926827436577,0.15170757476681299,17915.773314764443
E09000027,2024,196975,17.08440157380378,35.33037187460338,16.271100393450947,1.986777902,4.5553035,10,99597.53895314761,5210.548175246818,206.42682170588742,16346.42109031876,9951.844898578167,30789.512676686412,103157.96518135542,11475.120700133179,48377.98360300815,1753.9068996605404,358477.53856296727,230076.6735827753,44213.68534317117,0.0,0.0,0.0,0.0,0.0,0.0,0.0,0.0,0.0,0.0,3750682.4629200227,0.0,0.0,28.781632036383563,RAX,0.07247353447255239,0.22736243338465192,3.2001373317005366,0.13842024870798453,0.4282514494285856,0.6728895587265354,0.6149683183238422,1.3853025497380427,4.9860654531705375,1.4348245317461594,0.15960749765036145,19041.413696763662
E09000028,2011,288717,7.766775077324854,55.09616683465124,,11.7064867,,118,,,,,,,,,,,,,,,,,,,,,,,,,,,40.71735032178378,RJ1,,,,,,,,,,,,
E09000028,2012,293078,7.775404499825985,54.67793556664096,38.30720831996943,12.14490032,4.93708493530193,115,,,,,,,,,,,,,,,,,,,,,,,,,,,40.71735032178378,RJ1,,,,,,,,,,,,
E09000028,2013,297868,7.744705708568897,54.48352961714585,38.8729235768864,12.59617233,5.45255534611335,92,,,,,,,,,,,,,,,,,,,,,,,,,,,40.71735032178378,RJ1,,,,,,,,,,,,
E09000028,2014,299685,7.779501810234079,54.254300348699466,40.66936950464655,12.94047356,5.61098754765588,76,,,,,,,,,,,,,,,,,,,,,,,,,,,40.71735032178378,RJ1,,,,,,,,,,,,
E09000028,2015,304048,7.758972267536705,54.1657896121665,40.84552439088565,14.33112335,5.88538350856146,80,,,,,,,,,,,,,,,,,,,,,,,,,,,40.71735032178378,RJ1,,,,,,,,,,,,
E09000028,2016,306720,7.756585811163276,53.80183881064163,40.649452269170574,12.8698616,6.08357105692807,79,,,,,,,,,,,,,,,,,,,,,,,,,,,40.71735032178378,RJ1,,,,,,,,,,,,
E09000028,2017,307640,7.842608243401378,53.45631257313743,33.285658561955536,12.43004131,6.1868443127854,70,,,,,,,,,,,,,,,,,,,,,,,,,,,40.71735032178378,RJ1,,,,,,,,,,,,
E09000028,2018,310492,7.88522731664584,53.27898947476908,37.659585432152845,12.05594349,6.28942275631881,44,,,,,,,,,,,,,,,,,,,,,,,,,,,40.71735032178378,RJ1,,,,,,,,,,,,
E09000028,2019,312591,7.997351171338906,53.40620811219773,38.85588516623959,12.13258076,6.30034141287178,49,294531.7311468574,7070.956113618268,113.4503447644158,23029.80501405748,17098.249087685035,15853.21199095954,103792.45944737359,20444.153343187616,73593.11650324313,7871.692584309007,608368.483103859,267919.69792448316,272425.6820426389,0.0,0.0,0.0,0.0,0.0,0.0,0.0,0.0,0.0,0.0,6671117.094368534,0.0,0.0,40.71735032178378,RJ1,0.06197389721093617,0.20184636218860175,2.3482012267023626,0.14985881886699282,0.13894660277960083,0.6450120979849517,2.3876942446317018,2.581444282520666,5.332088791448995,0.909696384718511,0.17918423442271797,21341.360097918794
E09000028,2020,312055,8.138308951947574,53.23548733396356,32.62565893832818,11.52350235,6.35173008515684,43,269792.2172389192,5780.430124405016,73.86188257135963,18541.223190983816,18532.7907235317,20721.277942916717,119521.61027285163,19181.540759938925,67849.03084272092,8282.639042497525,519651.11481168366,279200.96023362235,260546.94832142087,0.0,0.0,0.0,0.0,0.0,0.0,0.0,0.0,0.0,0.0,5866337.500536698,0.0,0.0,40.71735032178378,RJ1,0.05075001157290735,0.16278499545310937,2.4512798629291717,0.16271096154705517,0.18192505968865003,0.5956890795964878,2.2875046247460404,2.3686746232512945,4.5623421653733205,1.0493549742864667,0.16840674389317942,18799.049848701983
E09000028,2021,306762,8.482145767728728,52.84455049843201,30.99797236945906,11.37645531,6.30368491642608,45,285431.3927159436,6375.578056230602,93.37555754136602,23220.7327275044,25472.94263160392,29366.463640639126,153463.50027521086,20789.351263702385,72448.23029622278,8022.201658058489,602412.4059522256,319260.8740424349,274784.65850625106,0.0,0.0,0.0,0.0,0.0,0.0,0.0,0.0,0.0,0.0,6679773.800745373,0.0,0.0,40.71735032178378,RJ1,0.05694100684034467,0.20738698348810863,2.851354881450953,0.2275017242103081,0.26227519956472545,0.6470433175602985,2.4541327831968887,2.549219967467025,5.380213154870279,1.3705998329632803,0.18567204135411017,21775.10187293528
E09000028,2022,311089,8.637399586613476,53.415582036008985,37.15978385606692,10.85294914,6.41038784624552,49,320232.23292755964,6574.340581004083,207.65201127795862,24543.404280110954,22661.819193369436,40084.56626100072,181194.0470042598,23245.270939787486,82449.82911506624,8156.874883150622,588389.7067372027,360353.0731505556,303776.35417681705,0.0,0.0,0.0,0.0,0.0,0.0,0.0,0.0,0.0,0.0,6372254.574441253,0.0,0.0,40.71735032178378,RJ1,0.057899482150609353,0.2161510162916506,3.173589209400416,0.19958010688981298,0.3530202915634875,0.7261264229239973,2.6753243735589307,2.820249457110914,5.181882335282043,1.595755705238736,0.20471850116087983,20483.702652428252
E09000028,2023,316080,8.785117691723615,54.00847886610985,42.04948114401417,10.98430157,6.57615812928086,37,342538.28057269414,6610.05700427545,181.52443254142779,21870.94330616858,23596.26147983904,58096.07781482744,201752.29844555876,26563.79111054174,93917.24461427607,8345.81527424691,593240.2073693979,397169.3088838407,315852.81528037455,0.0,0.0,0.0,0.0,0.0,0.0,0.0,0.0,0.0,0.0,6458461.428072621,0.0,0.0,40.71735032178378,RJ1,0.057294815291043445,0.18957350234004033,3.4425939408771202,0.20452825780051384,0.5035666175619441,0.8140582115007825,2.737756830075744,2.9690617649484796,5.142102115377396,1.7487535533362348,0.2302502843960237,20432.996165757468
E09000028,2024,317058,9.08855792946401,54.13552094569448,38.96132568804446,10.87758636,6.718464351,56,355534.049642998,6743.642799434773,347.11738688381445,24003.420430018068,27332.283521816025,75974.50027883373,228791.3386706231,24189.79150742668,110964.99117508488,8225.46808062696,587236.7983443926,490090.84312099614,335606.6183691713,0.0,0.0,0.0,0.0,0.0,0.0,0.0,0.0,0.0,0.0,6388203.357572634,0.0,0.0,40.71735032178378,RJ1,0.05827240977070936,0.20741566432223643,4.2349180234772845,0.23618066269553398,0.6565023302752846,0.9588582355666389,2.900006267978723,3.072200951979989,5.074364755563868,1.977006053778701,0.20902611317238512,20148.374611498948
E09000029,2011,191123,14.41061515359219,41.91070671766349,,2.252405405,,32,,,,,,,,,,,,,,,,,,,,,,,,,,,27.757450279788,RVR,,,,,,,,,,,,
E09000029,2012,193982,14.792094111824808,41.4151828520172,8.810095782082874,2.334145069,5.70766279074146,29,,,,,,,,,,,,,,,,,,,,,,,,,,,27.757450279788,RVR,,,,,,,,,,,,
E09000029,2013,196678,14.909140829172555,41.03051688546762,7.911408495103672,2.444844961,5.85601956109508,25,,,,,,,,,,,,,,,,,,,,,,,,,,,27.757450279788,RVR,,,,,,,,,,,,
E09000029,2014,199144,14.938938657453903,40.749909613144254,9.05375005021492,2.410197258,6.10973310175476,24,,,,,,,,,,,,,,,,,,,,,,,,,,,27.757450279788,RVR,,,,,,,,,,,,
E09000029,2015,201208,14.889070017096737,40.47801280267186,9.502604270207945,2.420709372,6.37115591244032,22,,,,,,,,,,,,,,,,,,,,,,,,,,,27.757450279788,RVR,,,,,,,,,,,,
E09000029,2016,203299,14.933177241403056,40.12464399726511,10.41815257330336,2.604785204,6.62367485608229,26,,,,,,,,,,,,,,,,,,,,,,,,,,,27.757450279788,RVR,,,,,,,,,,,,
E09000029,2017,204824,14.922567667851425,39.716537124555714,8.924735382572356,2.539172888,6.7339335610059,14,,,,,,,,,,,,,,,,,,,,,,,,,,,27.757450279788,RVR,,,,,,,,,,,,
E09000029,2018,206286,14.958358783436587,39.58484822043183,9.448047855889396,2.540289402,6.85209311472186,24,,,,,,,,,,,,,,,,,,,,,,,,,,,27.757450279788,RVR,,,,,,,,,,,,
E09000029,2019,208516,15.030021676993613,39.5072800168812,10.219839244950029,2.541739702,6.92752851158624,30,79762.58819183511,4096.211730679205,86.33595572012621,13630.975364088059,8404.8177935116,8285.000474828052,43823.085501482485,11410.572988580623,53237.97585710474,1051.3439789837068,422938.3309488221,162384.1390221243,41912.19543736963,0.0,0.0,0.0,0.0,0.0,0.0,0.0,0.0,0.0,0.0,4410164.101342298,0.0,0.0,27.757450279788,RVR,0.05382079980563503,0.1790996277686264,2.1335919167613473,0.1104322836828605,0.10885798422128314,0.6995025230757199,0.5506912309133221,1.048013768160429,5.557056308793782,0.5757987298301669,0.14992539567385946,21150.243153246265
E09000029,2020,209921,15.06328571224413,39.230472415813566,8.303123556004401,2.529449463,6.93228591202147,18,69563.2660345903,3156.6175506540153,123.65520730872245,10966.109411020727,9336.090310152464,13302.312823226499,49163.684159042095,10793.764083692273,42251.28342313399,1073.021527234173,398049.60170501,170210.30348415373,36663.72245547722,0.0,0.0,0.0,0.0,0.0,0.0,0.0,0.0,0.0,0.0,4175245.286244899,0.0,0.0,27.757450279788,RVR,0.04119772324858302,0.14312115211274493,2.2214528255235186,0.12184740743830329,0.17361146653442946,0.5514309711048375,0.47850646039481676,0.9078857784867966,5.195034579610085,0.6416462626095818,0.14087183461243732,19889.60268979711
E09000029,2021,209617,15.20248834779622,39.18670718500885,9.464881188071578,2.300094604,7.17551564818765,24,74336.1848616852,4789.553151206431,133.5737564365959,17209.041683184434,13318.69938876813,17855.376551178626,62506.11498714279,12219.929663432427,49382.17820472994,2066.787732491184,474521.9645710068,187178.34134324352,39033.67034779338,0.0,0.0,0.0,0.0,0.0,0.0,0.0,0.0,0.0,0.0,4989134.761067489,0.0,0.0,27.757450279788,RVR,0.06260018714113276,0.22492478857146486,2.4464493506878395,0.17407742390401554,0.2333724834638546,0.6454325694818088,0.510176000022394,0.971585226594089,6.20207414907602,0.8169644165395034,0.15971633670871,23801.193419748823
E09000029,2022,210281,15.33471878105963,38.77811119406889,15.702797685002448,2.279810905,7.4162750491626,22,79259.77177372173,5424.430621484897,128.7681392378683,19290.71986834887,10014.845570286103,20006.17275697712,68397.7014971763,13399.130358901482,53213.27281412904,3023.053766087542,470789.04963699135,184249.1376540736,39411.168333094014,0.0,0.0,0.0,0.0,0.0,0.0,0.0,0.0,0.0,0.0,4912798.358340773,0.0,0.0,27.757450279788,RVR,0.07067425852784069,0.251336484563726,2.4005600028360434,0.13048222649348726,0.2606580347767807,0.6933093742747104,0.5134834038848606,1.0326660975267956,6.133854284048896,0.8911454815506986,0.1745756686946095,23363.01595646194
E09000029,2023,212059,15.329224413960263,38.68498861165996,18.961704054060423,2.419496059,7.6592334331711,24,86387.09412768185,4621.280758110494,67.27173893054255,18631.148858088716,9812.89941396377,28419.758153372873,85752.91038743372,13732.852217694459,55238.76969391625,3253.082347564555,489609.2556786744,219095.98784509554,46282.5990709578,0.0,0.0,0.0,0.0,0.0,0.0,0.0,0.0,0.0,0.0,5087613.361934931,0.0,0.0,27.757450279788,RVR,0.05970528566533589,0.24070774382043864,2.830641379981618,0.12677913188625745,0.36717305610764533,0.7136650415772278,0.5979545376064932,1.1160901928841829,6.325575528685244,1.107896767001245,0.17742351256592598,23991.499356004373
E09000029,2024,213672,15.423171964506349,38.55161181624172,16.108802276386236,2.386448145,7.909870074,16,90363.39539026895,5387.1602128007435,229.38811172028815,16754.00172226515,11516.547766342232,33728.9639200168,92382.15740911703,14396.85919836773,57030.54964895143,3151.4804869596305,513525.56024317886,235447.5418327231,44175.4253803741,0.0,0.0,0.0,0.0,0.0,0.0,0.0,0.0,0.0,0.0,5305750.713453843,0.0,0.0,27.757450279788,RVR,0.06907476435269554,0.21482166395947228,3.018934434300314,0.14766644979787522,0.4324765075855197,0.7312520181867719,0.5664221923600492,1.1586494546534383,6.584481556460354,1.1845342446407043,0.18459812169372555,24831.286801517483
E09000030,2011,256012,6.0961986156898895,61.33501554614627,,5.95990324,,140,,,,,,,,,,,,,,,,,,,,,,,,,,,46.80233307553493,R1H,,,,,,,,,,,,
E09000030,2012,261936,6.032007818703805,61.0931677967137,55.52883147028282,6.232025623,6.34015726288683,120,,,,,,,,,,,,,,,,,,,,,,,,,,,46.80233307553493,R1H,,,,,,,,,,,,
E09000030,2013,270294,5.908011276609914,61.01097323654983,55.73190673858836,6.345677853,6.64996466970404,100,,,,,,,,,,,,,,,,,,,,,,,,,,,46.80233307553493,R1H,,,,,,,,,,,,
E09000030,2014,277060,5.780697321879737,61.00230996895979,58.730960802714215,6.511921406,6.75953713199512,94,,,,,,,,,,,,,,,,,,,,,,,,,,,46.80233307553493,R1H,,,,,,,,,,,,
E09000030,2015,282674,5.688531665452076,60.95466862887991,57.27799514635234,6.455108643,6.83993901168943,82,,,,,,,,,,,,,,,,,,,,,,,,,,,46.80233307553493,R1H,,,,,,,,,,,,
E09000030,2016,289011,5.598056821366661,60.95961745400694,57.39573926251942,6.635158539,6.77605700106119,90,,,,,,,,,,,,,,,,,,,,,,,,,,,46.80233307553493,R1H,,,,,,,,,,,,
E09000030,2017,293526,5.640386200881694,60.7561170049672,50.915421461812585,6.363866806,6.74337520096847,67,,,,,,,,,,,,,,,,,,,,,,,,,,,46.80233307553493,R1H,,,,,,,,,,,,
E09000030,2018,300050,5.607732044659223,60.69621729711714,56.8938510248292,6.023514271,6.65372182566388,61,,,,,,,,,,,,,,,,,,,,,,,,,,,46.80233307553493,R1H,,,,,,,,,,,,
E09000030,2019,305066,5.595838277618614,60.749477162318975,56.75165374050206,5.804896832,6.70254332593212,71,145849.00735367308,15409.49136318454,701.0938473514897,35761.29303173737,19233.060419638,6680.892954838641,77476.68340342368,18076.21815245286,79158.01613517717,1855.8195486027967,522947.74370058795,255541.4216095489,121061.1674681902,0.0,0.0,0.0,0.0,0.0,0.0,0.0,0.0,0.0,0.0,5504410.200868498,0.0,0.0,46.80233307553493,R1H,0.13838901928326974,0.3211637655210058,2.2949574317091312,0.17272759408844743,0.059999529002335274,0.7108995334867771,1.087221884509251,1.3098356470957517,4.6964707452983045,0.6957998794909206,0.1623382656513211,18043.34209931129
E09000030,2020,306780,5.617706499771823,60.51111545733099,47.60088662885455,5.271599293,6.68153772806837,53,137865.05741592872,13966.682462733306,868.3001000474211,30601.091006789844,17447.26827762104,10299.828169450382,85457.06090985585,18648.9571747212,76044.5625831441,2460.983646952173,451986.9238849289,252624.98816023255,113811.69768904193,0.0,0.0,0.0,0.0,0.0,0.0,0.0,0.0,0.0,0.0,4895101.023764282,0.0,0.0,46.80233307553493,R1H,0.12473069776238119,0.27328576014751405,2.2560898860209724,0.15581437840530973,0.09198352993533702,0.6791227177491352,1.0164054709594392,1.2312161355728455,4.03650935331757,0.763181869742503,0.1665461677925567,15956.389020680233
E09000030,2021,312715,5.635482787841965,60.56153366483859,44.88431958812337,6.137615204,6.73913883237619,65,149608.2882361964,15477.691137738146,726.8645508387074,29981.357455525846,27576.266921995135,15260.364966536124,112227.90278217853,20345.569224927312,79895.3106895373,2930.6664854628857,521053.9319732398,308594.33282292314,95661.78154363639,0.0,0.0,0.0,0.0,0.0,0.0,0.0,0.0,0.0,0.0,5633731.822622054,0.0,0.0,46.80233307553493,R1H,0.1356015325586464,0.26266954050047187,2.7036244681011627,0.2415983122800128,0.13369751718465803,0.6999704592460096,0.8381020185225891,1.3107325238477803,4.565003338838133,0.9832393913069214,0.17824947811184647,18015.54713596103
E09000030,2022,327674,5.6376154348529335,61.46291741181784,52.75365149508353,5.821365356,6.85253600500939,72,167757.64937059695,14486.861178179917,1187.706710334145,32881.9082071649,21337.25233081508,19173.180449250307,125632.93254495479,21791.587073054314,86356.47681257145,2927.209174253458,507480.906027432,326384.6903730597,110811.74899617236,0.0,0.0,0.0,0.0,0.0,0.0,0.0,0.0,0.0,0.0,5375647.254908151,0.0,0.0,46.80233307553493,R1H,0.12112657893256852,0.2749300211358157,2.7289459376058756,0.17840361323717152,0.16030951953708675,0.7220380230281621,0.9265118162143643,1.4026440861209861,4.243115555858868,1.0504337090878648,0.1822023666276256,16405.47390060899
E09000030,2023,333985,5.70444780454212,61.9186490411246,54.20902136323488,5.686778545,7.06981348015713,59,184472.41625496003,13937.223542735283,1081.2410006515252,30386.43090208901,20669.446087386943,35399.967824722735,144418.0761286375,23557.81841638506,101289.87487276553,2941.438179879355,517227.8041985822,364312.90535434027,116144.68484427499,0.0,0.0,0.0,0.0,0.0,0.0,0.0,0.0,0.0,0.0,5497065.531774383,0.0,0.0,46.80233307553493,R1H,0.11432900905635195,0.24926417540357107,2.9885101094839612,0.1695543794406889,0.290390925396106,0.830895119543475,0.9527512194012075,1.513253230386321,4.242892576781561,1.184681833005276,0.19324810474742476,16459.0192127622
E09000030,2024,336153,5.844660020883348,61.78049876098086,51.98525671346084,5.197122574,7.202963908,68,198637.37254969424,15008.059767313622,1044.5376222462046,30826.333132746757,24686.381162360012,55522.53464147464,160185.7603821126,23888.089188679733,120169.21644185037,2778.12575775423,531794.3057116125,402352.6896462898,125084.49243479596,0.0,0.0,0.0,0.0,0.0,0.0,0.0,0.0,0.0,0.0,5660149.675596736,0.0,0.0,46.80233307553493,R1H,0.12231921763376438,0.2512418666886948,3.2792690709802748,0.20119981375375845,0.45252171857551204,0.9794073828812244,1.0194680385044494,1.6189413141878948,4.334248692053203,1.3055516295772902,0.19469354637624225,16838.01624735384
E09000031,2011,259742,9.92138352673037,49.41364892855218,,4.393187523,,122,,,,,,,,,,,,,,,,,,,,,,,,,,,38.553217168288455,R1H,,,,,,,,,,,,
E09000031,2012,263575,9.973631793607131,48.967466565493694,31.52044010243764,4.707830906,6.26323048800016,124,,,,,,,,,,,,,,,,,,,,,,,,,,,38.553217168288455,R1H,,,,,,,,,,,,
E09000031,2013,267963,9.953239812959252,48.69702160372887,33.250859260420285,4.760591984,6.41358532766545,119,,,,,,,,,,,,,,,,,,,,,,,,,,,38.553217168288455,R1H,,,,,,,,,,,,
E09000031,2014,270606,9.941390804342843,48.41688654353562,38.15140832058417,5.161327362,6.59273403218919,86,,,,,,,,,,,,,,,,,,,,,,,,,,,38.553217168288455,R1H,,,,,,,,,,,,
E09000031,2015,274579,9.824494954093357,48.34929109655145,41.6674254039821,5.043056011,6.69528115430617,99,,,,,,,,,,,,,,,,,,,,,,,,,,,38.553217168288455,R1H,,,,,,,,,,,,
E09000031,2016,277081,9.808323197909637,48.03721655400406,40.0496605685702,4.974035263,6.73081328751432,85,,,,,,,,,,,,,,,,,,,,,,,,,,,38.553217168288455,R1H,,,,,,,,,,,,
E09000031,2017,278105,9.816795814530485,47.75426547527013,31.261573865985863,4.78259182,6.76282971778059,80,,,,,,,,,,,,,,,,,,,,,,,,,,,38.553217168288455,R1H,,,,,,,,,,,,
E09000031,2018,279795,9.8779463535803,47.77176146821781,31.0334351936239,4.689174175,6.91995889934385,47,,,,,,,,,,,,,,,,,,,,,,,,,,,38.553217168288455,R1H,,,,,,,,,,,,
E09000031,2019,281015,9.966371901855773,47.80741241570735,29.84538191911464,4.737016678,6.89413386575395,44,125577.27907800663,12788.332611131513,525.7453427886937,29299.03644475911,15908.065586727493,5234.173665191841,63857.49852948328,14779.54552424145,62628.78624068408,1337.4629338477885,418532.093832206,212155.2692864197,95628.33645736042,0.0,0.0,0.0,0.0,0.0,0.0,0.0,0.0,0.0,0.0,4403536.597193295,0.0,0.0,38.553217168288455,R1H,0.12467849652769486,0.285647857677944,2.0683853641744343,0.15509400328630138,0.051030022676524026,0.6105927289571788,0.9323183543545102,1.2243024035718526,4.080434392374667,0.6225719294902677,0.14409161626912081,15670.112261599186
E09000031,2020,279527,10.11780615110526,47.40043001212763,19.944406085995272,4.603024483,6.9205559504067,53,119753.70611548836,11505.259863029645,667.3021775139694,25255.504298839533,14999.592149965274,8464.898645115489,72388.57526513326,15622.283342058525,61079.66226825289,1837.2140882622189,368308.39070986403,213207.43759919947,91252.74996295878,0.0,0.0,0.0,0.0,0.0,0.0,0.0,0.0,0.0,0.0,3979753.7601315402,0.0,0.0,38.553217168288455,R1H,0.11276642291696816,0.24753659740409356,2.089708564915747,0.14701539748791168,0.08296695180538091,0.5986596660106781,0.8943949391117587,1.1737411610394914,3.6098984503701392,0.7095016357635976,0.15311857630787867,14237.457419610771
E09000031,2021,278147,10.28125415697455,47.16067403207656,18.964791998475626,4.308450222,7.08520249281892,57,129234.32590680658,12839.22397634137,546.708809770472,24981.092835570387,23617.035740755895,12989.991516323607,94260.28084656065,16831.085218561013,62862.32155875609,2213.015622207576,426941.5689318016,257842.0467012289,79292.25759697845,0.0,0.0,0.0,0.0,0.0,0.0,0.0,0.0,0.0,0.0,4609075.998890251,0.0,0.0,38.553217168288455,R1H,0.12646534422289435,0.24606179550539609,2.5397238377718856,0.23262594063182512,0.12795039260873348,0.6191889127588648,0.7810224877835461,1.272947924370991,4.205340803892468,0.9284563370631272,0.1657848628337998,16570.647890828415
E09000031,2022,278274,10.468099786541323,46.98318923075817,20.84995364281248,4.313589573,7.22259257014726,52,142503.52563461591,12026.900422441755,894.6315215148214,27830.06043062164,18459.899767926378,16218.752507703506,108459.22399196021,18166.895999866876,68861.56358676734,2212.060683733167,414545.5781509172,274176.4248119696,90415.83077874403,0.0,0.0,0.0,0.0,0.0,0.0,0.0,0.0,0.0,0.0,4395422.280032977,0.0,0.0,38.553217168288455,R1H,0.11840995607307468,0.273998795812087,2.6993836548009558,0.18174557399301602,0.1596805248685464,0.6779714168263578,0.8901823557834052,1.403007892138791,4.081377742809291,1.0678272453843434,0.17886082712669693,15795.303477985644
E09000031,2023,281983,10.491767234194969,47.19468904153796,25.02633137458641,4.240797997,7.35698967253259,54,155334.75730195112,11482.732001359935,826.9914013850497,25855.902083883717,18166.508586311815,29251.504261965947,126159.40762408872,19668.6504478389,82198.38230343422,2151.939359559057,420458.79970292485,306288.21865956386,95933.81475274282,0.0,0.0,0.0,0.0,0.0,0.0,0.0,0.0,0.0,0.0,4468065.177870228,0.0,0.0,38.553217168288455,R1H,0.11156537709632583,0.2512140373747753,2.975873739008204,0.17650445736393428,0.2842054576589014,0.7986334190595501,0.9320858675366839,1.5092210436075655,4.0851466825812714,1.225755498270237,0.19109915688436185,15845.157962963114
E09000031,2024,283782,10.68813384922229,47.238020734225564,21.872423198088672,4.288225174,7.484677746,51,167512.95349811204,12309.700536382974,803.2365781840788,26592.59303518109,21365.248096190844,45569.05853526825,139842.89324617042,20008.238718430457,96912.71227884138,2122.500769206143,435013.93367155065,337636.42055419483,102464.93824992614,0.0,0.0,0.0,0.0,0.0,0.0,0.0,0.0,0.0,0.0,4631386.185045964,0.0,0.0,38.553217168288455,R1H,0.118841952445872,0.2567337578650821,3.2596545559252346,0.20626722727633823,0.4399388816523377,0.9356276304205474,0.989230670792988,1.6172258939078747,4.1997695285832535,1.3500899083559552,0.1931662063811712,16320.225331578338
E09000032,2011,307710,8.800168990283058,57.56134022293718,,4.755419254,,87,,,,,,,,,,,,,,,,,,,,,,,,,,,37.9115224766622,RJ7,,,,,,,,,,,,
E09000032,2012,312262,8.900538650236019,57.29099282013181,30.118938583625287,4.904242992,4.24572889190688,92,,,,,,,,,,,,,,,,,,,,,,,,,,,37.9115224766622,RJ7,,,,,,,,,,,,
E09000032,2013,316810,8.90691581705123,57.04333827846343,28.98898393358796,4.989599228,4.19856854849696,63,,,,,,,,,,,,,,,,,,,,,,,,,,,37.9115224766622,RJ7,,,,,,,,,,,,
E09000032,2014,319898,8.970671901668657,56.65555895941832,30.450331043019965,5.148881435,4.34458874958791,48,,,,,,,,,,,,,,,,,,,,,,,,,,,37.9115224766622,RJ7,,,,,,,,,,,,
E09000032,2015,322658,9.00148144474955,56.184257015167766,29.46463438067552,5.399018288,4.33692686945623,63,,,,,,,,,,,,,,,,,,,,,,,,,,,37.9115224766622,RJ7,,,,,,,,,,,,
E09000032,2016,326413,9.041000205261431,55.886867250997966,31.012857943770623,5.455742359,4.34314305663839,52,,,,,,,,,,,,,,,,,,,,,,,,,,,37.9115224766622,RJ7,,,,,,,,,,,,
E09000032,2017,329493,9.101559061952758,55.41817276846549,26.197825143478013,5.445736885,4.33184603049277,48,,,,,,,,,,,,,,,,,,,,,,,,,,,37.9115224766622,RJ7,,,,,,,,,,,,
E09000032,2018,331069,9.18781281243487,55.09214091322352,27.19976802418831,5.323720932,4.33885782030249,46,,,,,,,,,,,,,,,,,,,,,,,,,,,37.9115224766622,RJ7,,,,,,,,,,,,
E09000032,2019,334558,9.243838138678496,55.03410469933464,27.543804063869345,5.446020603,4.34749489486498,45,178310.41961004407,8557.407805269728,415.62732745940923,27611.87365667583,10275.325967363875,16511.645437503965,81427.96657311132,19674.539066110818,79836.43858167817,2668.271465417519,583866.205330186,225780.47592663867,128396.4779213412,0.0,0.0,0.0,0.0,0.0,0.0,0.0,0.0,0.0,0.0,6284231.421582812,0.0,0.0,37.9115224766622,RJ7,0.07007739432669355,0.22611615601001778,1.8489369447879067,0.08414558310600177,0.13521537300045083,0.6537878894449587,1.0514504880685445,1.4602003167216584,4.78133369777672,0.6668210575696506,0.16111659788876068,18783.68301335736
E09000032,2020,333678,9.342539813832497,54.63290957150306,20.63666169181067,5.15829277,4.46669096793122,25,163101.77175911336,8202.006958743441,582.840453318846,22841.35653529327,13621.969533606294,27007.551124487178,88332.99159585034,19107.650541108265,65781.14591686203,2693.7310299838628,665331.768603814,247741.48467987258,122169.2169927492,0.0,0.0,0.0,0.0,0.0,0.0,0.0,0.0,0.0,0.0,7099707.293793863,0.0,0.0,37.9115224766622,RJ7,0.06734412200313732,0.18754325727438872,2.0341280924828324,0.11184574492664691,0.22175058215411164,0.5401084805724199,1.0030933520992653,1.3391777977662607,5.462831721893923,0.7252746544663257,0.15688696141155742,21277.121337918183
E09000032,2021,328429,9.635263633844758,53.9471240359408,19.70593339808604,4.982676506,4.6056808295516,38,169565.6553863571,9265.195901786978,633.4031162084954,27861.00597851318,20255.853422105403,36129.03020269567,123629.0327598992,22270.192860148836,70422.38262928,2912.8423205202203,853828.0181611688,282775.3398247344,117995.82551436727,0.0,0.0,0.0,0.0,0.0,0.0,0.0,0.0,0.0,0.0,9068476.92034887,0.0,0.0,37.9115224766622,RJ7,0.07728945483212571,0.232414078016263,2.3588871823862383,0.16897255975472944,0.3013852138238312,0.5874573639988159,0.9843108686685333,1.4145018844702417,7.122558739566771,1.0313025914101506,0.1857760033800499,27611.681429925095
E09000032,2022,331675,9.767694279038215,54.16326222959222,24.90992688625914,4.879571438,4.65704914226002,31,182133.01751849838,8941.255893771775,650.3606888428241,30806.73071764239,16608.3758588517,44786.20158693497,161909.0929309675,24106.31767697054,77150.82475298944,3241.8005219307734,832855.5621931996,317923.28174767335,128537.78023352197,0.0,0.0,0.0,0.0,0.0,0.0,0.0,0.0,0.0,0.0,8720762.768811552,0.0,0.0,37.9115224766622,RJ7,0.07385721410955208,0.25447200411892223,2.6261330812381187,0.13718971768536167,0.36994624905701734,0.6372868700110951,1.061757147839449,1.5044684361010965,6.879614263370127,1.3374132990887269,0.19912476359177764,26293.096461329773
E09000032,2023,335863,9.834366988921078,54.49930477605452,26.44828397292944,4.648497105,4.66198854667174,39,195366.9653792248,8746.929334778919,346.5294951620926,27840.4018834387,16485.49880181654,67666.027457872,204106.9286502038,24214.890545391885,82511.879648443,3208.161292974237,923486.1518257067,374335.7736935282,148962.89918106588,0.0,0.0,0.0,0.0,0.0,0.0,0.0,0.0,0.0,0.0,9653218.224161569,0.0,0.0,37.9115224766622,RJ7,0.07135108647960153,0.22710174581081188,3.053558927818932,0.1344767066987525,0.5519702277324671,0.6730718901525611,1.2151309670994428,1.5936615820828182,7.533128228169898,1.6649558444814667,0.19752746172631694,28741.535162139233
E09000032,2024,339727,9.95387472882638,54.66624672163237,24.198842011379725,4.555249691,4.755617643,42,198025.16905119794,10001.07295092954,1072.3987039369854,31478.891982980083,18392.643823635648,76131.74093298064,212043.11707979077,22954.36329810873,86910.845222281,3458.32337697914,996293.8509160571,413780.7861107731,139832.01400711475,0.0,0.0,0.0,0.0,0.0,0.0,0.0,0.0,0.0,0.0,10400103.378570596,0.0,0.0,37.9115224766622,RJ7,0.08065358321699594,0.25386130534045714,3.336932270159816,0.1483273481244118,0.6139638949661124,0.7008919064972112,1.1276743038930395,1.5969725977897233,8.034604827672124,1.7100202421177808,0.18511530308206559,30613.119883231524
E09000033,2011,226994,11.310431112716635,53.927416583698246,,9.7123007765,,67,,,,,,,,,,,,,,,,,,,,,,,,,,,55.3517983414382,RYJ,,,,,,,,,,,,
E09000033,2012,227053,11.40218363113458,53.49367768758836,59.49271755933637,9.7882285135,3.52878646705196,53,,,,,,,,,,,,,,,,,,,,,,,,,,,55.3517983414382,RYJ,,,,,,,,,,,,
E09000033,2013,223444,11.673618445785074,52.50711587690876,60.35516729023827,11.976645948000002,3.495775273343385,59,,,,,,,,,,,,,,,,,,,,,,,,,,,55.3517983414382,RYJ,,,,,,,,,,,,
E09000033,2014,221908,11.889161274041497,51.95576545234962,62.6430773113182,13.930847169,3.482056857490875,52,,,,,,,,,,,,,,,,,,,,,,,,,,,55.3517983414382,RYJ,,,,,,,,,,,,
E09000033,2015,223544,11.746680742940988,52.09041620441613,63.8174140214007,13.976320265,3.55007352154836,37,,,,,,,,,,,,,,,,,,,,,,,,,,,55.3517983414382,RYJ,,,,,,,,,,,,
E09000033,2016,220930,11.804191372833024,51.64214909699905,65.75838500882634,13.3273015,3.630014336937315,41,,,,,,,,,,,,,,,,,,,,,,,,,,,55.3517983414382,RYJ,,,,,,,,,,,,
E09000033,2017,218336,12.036036201084569,50.858768137183056,58.78554155063755,14.00423956,3.567610958457495,37,,,,,,,,,,,,,,,,,,,,,,,,,,,55.3517983414382,RYJ,,,,,,,,,,,,
E09000033,2018,218033,12.0550558860356,50.65976251301409,68.76482000431128,11.0706076645,3.628028389428585,31,,,,,,,,,,,,,,,,,,,,,,,,,,,55.3517983414382,RYJ,,,,,,,,,,,,
E09000033,2019,217180,12.128188599318538,50.67962059121466,74.31623538079013,10.1199955955,3.58695963658709,32,161001.1376907261,6021.73897885237,367.5503807325085,21819.534543352158,10347.317024014197,5040.691449593539,40329.512963263056,15326.733278382539,74676.73764996976,2344.9322661859296,372725.1677633624,147043.21597451816,164750.0148040373,0.0,0.0,0.0,0.0,0.0,0.0,0.0,0.0,0.0,0.0,4098385.067252299,0.0,0.0,55.3517983414382,RYJ,0.07596424629595007,0.2752534611571761,1.8549503911851184,0.1305314198564438,0.06358833023542795,0.9420471580290039,2.078321685112372,2.031029594676546,4.7019285532152795,0.508756866828009,0.19334676341173396,18870.913837610733
E09000033,2020,213955,12.265663340422051,50.55829496856816,62.639340048140966,9.488082888,3.5396455551579,24,152503.9014909026,5816.347147365321,487.4987492432763,20529.347271346134,12466.61614275708,8246.412006728555,57420.85978806876,15256.07629451179,73476.2015391815,2821.1619048090192,339954.36747584434,164254.63423126301,177442.15734842868,0.0,0.0,0.0,0.0,0.0,0.0,0.0,0.0,0.0,0.0,3749322.350438131,0.0,0.0,55.3517983414382,RYJ,0.07447920200048878,0.2628813864821291,2.1033053517048366,0.15963689897353375,0.10559654884193169,0.940873836793635,2.272173573157954,1.9528354476140013,4.353166921553333,0.7352827654268455,0.1953563567106742,17523.88282787563
E09000033,2021,214448,12.24026337387152,51.29122211445199,63.82433037379691,10.754923345000002,3.3695821264767547,32,154180.94185042405,5397.044152014456,475.4026501152649,21371.5353578943,18386.24438905661,11010.804999316457,70787.45190787214,16239.532786192714,77527.03322562503,3001.122029581741,416619.94279744045,179655.45706129284,177325.0291719177,0.0,0.0,0.0,0.0,0.0,0.0,0.0,0.0,0.0,0.0,4557475.331355307,0.0,0.0,55.3517983414382,RYJ,0.06895108527142328,0.2730365947244266,2.295226496282432,0.2348973751155769,0.1406708807693388,0.9904630994699744,2.265453619205035,1.9697714099279557,5.322616675440691,0.9043601451406827,0.20747160452465552,21252.123271633718
E09000033,2022,225029,11.909576099080564,52.72609308133618,79.50530820472028,8.710397005499999,3.366150993866136,33,167677.62557401974,6483.678658454418,521.9677729610207,25370.093557113134,18475.984214880067,12001.43313700436,91024.65201044994,16388.284674879236,91921.14207379805,3056.1097479743735,422434.779054816,193067.2734389592,185439.11885733614,0.0,0.0,0.0,0.0,0.0,0.0,0.0,0.0,0.0,0.0,4558235.252406513,0.0,0.0,55.3517983414382,RYJ,0.0789387286698502,0.30888065820817046,2.35059229734541,0.2249449396979405,0.14611733923858167,1.11913906833193,2.257719584724893,2.0414735656173844,5.143139591138432,1.1082243099680842,0.19952721679500104,20256.212543301146
E09000033,2023,230857,11.916467770091442,53.49588706428655,77.40722611833299,7.4371347425,3.44697174152316,24,172902.28443390253,5939.653886207005,449.66546087768785,22045.403123886965,20619.3348347187,17909.19077957011,111377.1867117527,18512.66924497752,95605.18329299559,2528.433484544191,395970.6424068276,226095.5112458091,203531.13429386364,0.0,0.0,0.0,0.0,0.0,0.0,0.0,0.0,0.0,0.0,4273091.076232462,0.0,0.0,55.3517983414382,RYJ,0.07048962927601336,0.2616267417621211,2.683218428888156,0.2447026874398342,0.21253969387287916,1.134607176832003,2.415432696476976,2.0519407635896116,4.699234050027502,1.3217835166032357,0.21970155449937276,18509.688145615954
E09000033,2024,231191,12.193813773027497,53.597242107175454,66.25257903638116,6.940075158999999,3.504839064,34,187536.51027635683,5635.485617305765,630.5992902893522,22887.876107306656,24133.5299140887,30311.28625886392,120110.21560548563,19415.63178572379,110932.30385953689,3014.3445385726777,424226.8120923793,257309.6642599288,202838.7776171562,0.0,0.0,0.0,0.0,0.0,0.0,0.0,0.0,0.0,0.0,4609106.552321134,0.0,0.0,55.3517983414382,RYJ,0.06678325117654026,0.27123248691788143,3.0492449285386436,0.2859940916324562,0.3592035152203088,1.3146018666951342,2.40373837391234,2.222399047936073,5.027294482091683,1.4233645939965032,0.23008469941178078,19936.35804300831
E10000003,2011,622312,16.286203704894007,41.09273162015195,,0.972538352,,38,,,,,,,,,,,,,,,,,,,,,,,,,,,18.712133152834387,RGT,,,,,,,,,,,,
E10000003,2012,628779,16.86554417370809,40.72591482858047,13.855424560934765,1.076271772,5.32595778306759,37,,,,,,,,,,,,,,,,,,,,,,,,,,,18.712133152834387,RGT,,,,,,,,,,,,
E10000003,2013,634996,17.250817327983167,40.44545162489212,15.51663317564205,1.059102178,5.38231576564724,44,,,,,,,,,,,,,,,,,,,,,,,,,,,18.712133152834387,RGT,,,,,,,,,,,,
E10000003,2014,643025,17.58842968780374,40.13016601220792,15.338439407488046,1.097371817,5.46885241404528,39,,,,,,,,,,,,,,,,,,,,,,,,,,,18.712133152834387,RGT,,,,,,,,,,,,
E10000003,2015,651011,17.750391314432473,39.92743594194261,16.569612495026966,1.120316744,5.53955271975019,32,,,,,,,,,,,,,,,,,,,,,,,,,,,18.712133152834387,RGT,,,,,,,,,,,,
E10000003,2016,657286,17.90377400401043,39.69215836028761,17.14017946525561,1.175454378,5.6266450131601,38,,,,,,,,,,,,,,,,,,,,,,,,,,,18.712133152834387,RGT,,,,,,,,,,,,
E10000003,2017,661465,18.085159456660595,39.45409054144966,15.258554874407563,1.225296021,5.6872150819594,39,,,,,,,,,,,,,,,,,,,,,,,,,,,18.712133152834387,RGT,,,,,,,,,,,,
E10000003,2018,665676,18.22388068670044,39.29899831149088,15.74940361377006,1.303918839,5.76869423181304,39,,,,,,,,,,,,,,,,,,,,,,,,,,,18.712133152834387,RGT,,,,,,,,,,,,
E10000003,2019,668649,18.464994339332,39.11588890434294,16.048778955775003,1.362050533,5.87025261244436,52,292183.16046759975,15685.851400789797,852.2081536730512,42651.47419387559,49998.955760402336,19639.930574227856,166394.53550456619,35213.385761896934,311169.96840357716,4362.275188865001,1291470.1464816649,640768.7606290255,416681.5320914192,0.0,0.0,0.0,0.0,0.0,0.0,0.0,0.0,0.0,0.0,13997873.503619606,0.0,0.0,18.712133152834387,RGT,0.06427129232920349,0.1747603809410072,2.6254893838746876,0.20486599163306676,0.08047275771067822,1.2749895107592526,1.7073131622220745,1.1971928612774017,5.291676760037582,0.6817858693253672,0.14428351718861337,20934.56133729297
E10000003,2020,671281,18.652546400091765,38.98218480785245,13.83921189486966,1.358634353,5.90096106696429,45,298586.3658351225,13650.278042835964,856.5386881783885,38764.58946892308,59171.06194313571,32609.845730776415,197527.34892314798,35205.55379482861,265468.72548083286,3418.473371134627,1135540.5649589922,741840.6754810194,446900.88030984293,0.0,0.0,0.0,0.0,0.0,0.0,0.0,0.0,0.0,0.0,12365243.076156387,0.0,0.0,18.712133152834387,RGT,0.05571142641482036,0.15821147136501448,3.0277040565684317,0.2414972246709566,0.13309186927384742,1.0834681402569357,1.823954459386791,1.2186324920628546,4.634527181587949,0.8061762793338835,0.143685836543305,18420.368036867403
E10000003,2021,680747,18.746759074957364,39.150521412507146,13.764291285896228,1.366306901,5.97218408257548,33,318348.01198413834,11985.72636738115,471.161841581308,46597.38416344397,74787.25698683894,51259.82466093491,237984.7158380825,36555.21417497885,261576.9216464702,4013.1936902413404,1311418.3751137026,878115.5005622748,455783.04607702827,0.0,0.0,0.0,0.0,0.0,0.0,0.0,0.0,0.0,0.0,14249022.329003982,0.0,0.0,18.712133152834387,RGT,0.04823760734307424,0.18753526082555833,3.5340528741976653,0.3009878772649608,0.20629966167075772,1.0527392708323184,1.8343388574369615,1.2812195047545105,5.277918309013531,0.9577903686749051,0.14711966664894716,20931.45078715585
E10000003,2022,691686,18.830798946342703,39.261023065379376,16.383156518998508,1.373224139,6.17344687820377,42,337889.29518618813,10761.375721773851,287.1268943310416,39215.9838794399,73615.94492809923,59325.84109698856,260571.8148139386,42249.055547549004,268364.7972975658,3746.3602275836042,1320056.9626951606,950333.4072245324,484297.42432856,0.0,0.0,0.0,0.0,0.0,0.0,0.0,0.0,0.0,0.0,14322669.585601697,0.0,0.0,18.712133152834387,RGT,0.04262515238929918,0.15533211851113493,3.7642126202903787,0.2915882645462779,0.2349860354997117,1.062976581849757,1.918272537588459,1.338358874403292,5.2286650566050294,1.0321090538942332,0.167345930258199,20706.895304519243
E10000003,2023,703197,18.842514970911424,39.536858092398006,19.50378059064529,1.412714481,6.38227548979482,36,390719.7584221715,11890.22091828673,1217.3352946614284,38097.13460877998,83697.07319111294,90188.17495712539,368241.1539487929,43110.30646157083,320868.4158492666,4614.0667469948285,1286453.3773218417,1173818.0208343926,524489.9207024848,0.0,0.0,0.0,0.0,0.0,0.0,0.0,0.0,0.0,0.0,14138844.691472976,0.0,0.0,18.712133152834387,RGT,0.04632549302874373,0.1484302567515667,4.573312717642318,0.3260921901524972,0.3513821735495092,1.2501355242868828,2.043465326012657,1.5222833595245615,5.012151361399093,1.4347044623801144,0.1679620770023733,20106.520209092152
E10000003,2024,713218,18.969375422381376,39.575978172171766,17.883732603495705,1.462346911,6.584827405,63,427607.24593103904,16135.9019684051,2275.284814161142,46358.57010399783,85824.17468022382,144992.92474308552,385624.9280179747,42925.273899737615,386542.1792744826,7768.44033258171,1351184.9062727687,1253079.1743746912,530299.7874945778,0.0,0.0,0.0,0.0,0.0,0.0,0.0,0.0,0.0,0.0,14711301.739104582,0.0,0.0,18.712133152834387,RGT,0.06198378419833787,0.17807988736521427,4.813526338964821,0.32968142300292214,0.5569698040530155,1.4848470863679235,2.037071596793871,1.6425927292650058,5.190385626192597,1.4813235954561443,0.1648913658043788,20626.655158877908
E10000007,2011,770688,18.69070233349942,36.29380501577811,,0.512328446,,36,,,,,,,,,,,,,,,,,,,,,,,,,,,4.583029740174593,RTG,,,,,,,,,,,,
E10000007,2012,772590,19.44330110407849,35.69953015182697,1.7266596771897125,0.586776614,6.55499234676511,32,,,,,,,,,,,,,,,,,,,,,,,,,,,4.583029740174593,RTG,,,,,,,,,,,,
E10000007,2013,774002,19.99180880669559,35.26205358642484,1.9496073653556447,0.575019896,6.70761183083207,22,,,,,,,,,,,,,,,,,,,,,,,,,,,4.583029740174593,RTG,,,,,,,,,,,,
E10000007,2014,776326,20.47567645550967,34.81527090423353,1.9334660954289824,0.655134499,6.85902547390328,28,,,,,,,,,,,,,,,,,,,,,,,,,,,4.583029740174593,RTG,,,,,,,,,,,,
E10000007,2015,777373,20.834399959864825,34.38002091659988,2.179134083638099,0.664196849,7.00930534516338,18,,,,,,,,,,,,,,,,,,,,,,,,,,,4.583029740174593,RTG,,,,,,,,,,,,
E10000007,2016,779957,21.15411490633458,33.86955947571469,2.3924395832077923,0.761597514,7.18299832560199,9,,,,,,,,,,,,,,,,,,,,,,,,,,,4.583029740174593,RTG,,,,,,,,,,,,
E10000007,2017,782882,21.37512422050833,33.464557877176894,2.0169067624495134,0.787292063,7.39905508146325,10,,,,,,,,,,,,,,,,,,,,,,,,,,,4.583029740174593,RTG,,,,,,,,,,,,
E10000007,2018,784926,21.64165793972935,33.14210511564148,1.8651439753556385,0.841837764,7.60450021240345,7,,,,,,,,,,,,,,,,,,,,,,,,,,,4.583029740174593,RTG,,,,,,,,,,,,
E10000007,2019,788880,21.904218639083258,32.982582902342564,1.859598418010344,0.821150303,7.74612898046237,10,577485.6037791604,8197.85196636174,39.22633184743473,33745.41773107042,35733.66026600202,26493.055788355403,128778.50034337229,39808.05164848978,271626.7036723244,6389.328803486864,1282298.8288145044,578959.6621415253,136501.76617597352,0.0,0.0,0.0,0.0,0.0,0.0,0.0,0.0,0.0,0.0,13277922.395453896,0.0,0.0,4.583029740174593,RTG,0.028470576514794482,0.11719551676200009,2.0106871199450627,0.12410054645185206,0.09200856212433443,0.9433408754020767,0.47406125339469835,2.0055678165512973,4.453335711647046,0.4472388819084323,0.1382506277270838,16831.35888278813
E10000007,2020,790833,22.06508833091184,32.9876219125909,1.82718728227072,0.787830353,7.79957136268685,15,566605.1061111327,8476.358827228594,85.44471790181095,30301.263064503746,44748.543336825256,38132.034646429915,185879.99613706488,39368.56324981872,221552.92043004258,6001.075441049381,1093660.3235864,653038.4810753823,127351.65493274789,0.0,0.0,0.0,0.0,0.0,0.0,0.0,0.0,0.0,0.0,11373179.821905244,0.0,0.0,4.583029740174593,RTG,0.029365113616296613,0.10497432337906004,2.2623569369186645,0.15502482681933405,0.13210289378217416,0.767537903132598,0.44119130543536256,1.9629210673667596,3.7888272918067023,0.6439542398827803,0.13638666747184755,14381.266110424382
E10000007,2021,796710,22.19000640132545,33.24095342094363,1.636731056469732,0.842704952,7.96997973302678,10,642090.2419621594,9380.907182824501,54.775562523014756,36131.60799634906,60610.45677295091,50560.50685277564,247310.4123890118,44182.57409122095,223730.62510609883,6599.528183910475,1261442.325582275,706699.0671420996,133799.45965205596,0.0,0.0,0.0,0.0,0.0,0.0,0.0,0.0,0.0,0.0,13183006.453921523,0.0,0.0,4.583029740174593,RTG,0.03225905984534171,0.12424935903818517,2.4301964677066614,0.20842721436067094,0.1738674506193558,0.7693647835837857,0.46010952800947313,2.2080196656770124,4.3378473615974285,0.850450946603564,0.1519350180054548,16546.80681040971
E10000007,2022,803202,22.35626903319464,33.32661024250438,3.1324623195659376,0.915054023,8.18811476931072,23,727731.9820629868,10293.684770612579,74.30978159423108,40124.85493194045,49009.82298888599,77734.07064652204,302161.86887568614,50473.927404394984,234719.75191348785,7121.095647485327,1321540.2586330436,742376.2712187924,140296.49868959663,0.0,0.0,0.0,0.0,0.0,0.0,0.0,0.0,0.0,0.0,13768413.327066204,0.0,0.0,4.583029740174593,RTG,0.035111810084972495,0.13686608026695224,2.53224916319961,0.16717275061663633,0.2651513026185366,0.8006302442743052,0.47855205665896433,2.4822974198612067,4.507780412437041,1.0306756415518332,0.17216681807911433,17141.906179349906
E10000007,2023,813152,22.490383101806305,33.71190134193853,4.940035811262839,0.963623226,8.40335146086115,29,788020.4300023305,11370.176905896778,180.29094843852965,41711.00698809606,55943.638873827775,99998.81846410083,371103.57759495056,55171.50141756149,237417.14945987822,6907.035953290997,1315779.2541968995,849707.7389859594,140947.10985976114,0.0,0.0,0.0,0.0,0.0,0.0,0.0,0.0,0.0,0.0,13734205.294139747,0.0,0.0,4.583029740174593,RTG,0.03830915942553994,0.1405355105493632,2.8628920646825082,0.18848904447131545,0.336922697915114,0.7999217166356276,0.47488841615000466,2.655051063267588,4.433211341831049,1.2503469589906004,0.18588750738395535,16890.083642590496
E10000007,2024,820913,22.722139861349497,33.90359270714436,3.983369735891624,1.071637034,8.794939187,14,812535.4151623938,9542.104312894924,253.80006778056685,43751.36387769602,66251.2341148537,135661.7149115491,420322.7378406378,58074.238303638944,252783.69992079443,8768.212725687812,1398042.692081386,900758.9011892923,160267.413563816,0.0,0.0,0.0,0.0,0.0,0.0,0.0,0.0,0.0,0.0,14766220.967291394,0.0,0.0,4.583029740174593,RTG,0.03184594657677229,0.1460163870591063,3.0062048061098574,0.2211077549650864,0.452759222066794,0.8436437015551944,0.5348786098946263,2.711766563694872,4.665846381903938,1.4027907278467642,0.1938177397626186,17987.558934127483
E10000008,2011,747709,22.714719229004867,33.60465100727689,,0.689215481,,26,,,,,,,,,,,,,,,,,,,,,,,,,,,7.121197746155394,RH8,,,,,,,,,,,,
E10000008,2012,751136,23.499206535168064,33.1662974481319,6.512801942657521,0.684701204,6.00087593822363,30,,,,,,,,,,,,,,,,,,,,,,,,,,,7.121197746155394,RH8,,,,,,,,,,,,
E10000008,2013,754431,24.07072349890182,32.84554849946516,6.786571601644153,0.746838808,6.30048501323137,27,,,,,,,,,,,,,,,,,,,,,,,,,,,7.121197746155394,RH8,,,,,,,,,,,,
E10000008,2014,760234,24.45681198157409,32.54747880257921,6.876830028649074,0.799191058,6.6791761941558,29,,,,,,,,,,,,,,,,,,,,,,,,,,,7.121197746155394,RH8,,,,,,,,,,,,
E10000008,2015,766810,24.721899818729543,32.41911294844877,7.1073668835826345,0.814300776,6.77480136921772,33,,,,,,,,,,,,,,,,,,,,,,,,,,,7.121197746155394,RH8,,,,,,,,,,,,
E10000008,2016,773800,24.96381493926079,32.15339881106229,7.437322305505298,0.852387667,6.84540288958107,20,,,,,,,,,,,,,,,,,,,,,,,,,,,7.121197746155394,RH8,,,,,,,,,,,,
E10000008,2017,783352,25.15535799997957,31.86843207140596,6.782391568541345,0.86763531,6.76493464899571,19,,,,,,,,,,,,,,,,,,,,,,,,,,,7.121197746155394,RH8,,,,,,,,,,,,
E10000008,2018,789834,25.37748438279436,31.756166485615964,6.403877270413783,0.881546378,6.88730054165966,22,,,,,,,,,,,,,,,,,,,,,,,,,,,7.121197746155394,RH8,,,,,,,,,,,,
E10000008,2019,796542,25.648113972646765,31.67692350183669,6.592244978921388,0.905611932,7.02335396904047,20,613810.7860787472,7764.84176880805,290.5223611839793,24457.93082023567,42906.196193875134,73130.62231042303,214127.51822044599,45632.86678182482,314426.6888852942,6988.818176432912,1381551.5337883856,629405.8985190069,234139.2816677256,0.0,0.0,0.0,0.0,0.0,0.0,0.0,0.0,0.0,0.0,14454275.499594986,0.0,0.0,7.121197746155394,RH8,0.026707366457292638,0.08412366158279322,2.1648572479164714,0.14757692933828093,0.2515345949662726,1.081478419527635,0.8053278848085424,2.1112174706633366,4.75188087421711,0.736496926528089,0.1569553806665779,18146.281677042753
E10000008,2020,800796,25.84078841552655,31.77238647545692,6.702081428978167,0.883219063,7.13370241276595,13,641494.8817475488,5342.465125348693,237.7776715411032,22342.775613213187,51407.62203723371,103138.04591568692,279121.7414049501,45876.32183504078,281219.68325013,7837.692831234015,1097034.029269671,728746.2556254456,234353.69146984836,0.0,0.0,0.0,0.0,0.0,0.0,0.0,0.0,0.0,0.0,11499285.798865888,0.0,0.0,7.121197746155394,RH8,0.0182779269057038,0.0764402967445104,2.493225595414226,0.1758785010189988,0.35286138893064045,0.9621237938461162,0.8017833607267904,2.1947165370030413,3.7532313884317676,0.9549462032023004,0.15695452146703337,14359.819228450051
E10000008,2021,814435,25.900532270838067,32.0287070177485,5.955048591968665,0.881511688,7.19713617250267,12,638702.0489987965,3857.815127949028,57.70792485506025,21724.651087099646,61371.26108464625,139753.2104005545,359034.27742272726,57447.943974692935,280724.09226115077,8800.251591375409,1269851.617748411,790429.9300428249,189063.4221362901,0.0,0.0,0.0,0.0,0.0,0.0,0.0,0.0,0.0,0.0,13368727.823340055,0.0,0.0,7.121197746155394,RH8,0.012977532295307598,0.07308083765979002,2.6589739539338595,0.20645041203754497,0.47012408350172163,0.9443443639889549,0.6360016188591959,2.148567568184033,4.271728901726765,1.2077766237733085,0.19325253375398388,16414.726556864643
E10000008,2022,825600,26.0124757751938,32.30874515503876,9.83890503875969,0.854194343,7.20189392961717,10,582054.9503351004,4699.170589271409,180.7849030784902,21613.80033501729,48196.71459406279,157398.50077658423,426069.8375540165,51841.39687419028,270824.790943318,8565.524781145892,1266923.2981386953,814098.2464054754,225783.0083892701,0.0,0.0,0.0,0.0,0.0,0.0,0.0,0.0,0.0,0.0,13267049.897896038,0.0,0.0,7.121197746155394,RH8,0.01559404066207195,0.07172467457462996,2.701557842218446,0.1599391877524118,0.5223216681818262,0.8987230239968873,0.7492533728538484,1.9315299137699784,4.204242653375196,1.4138985264482336,0.17203394417738624,16069.585632141518
E10000008,2023,833930,26.14044344249517,32.53126761238953,11.56212152099097,0.941015124,7.25775097552323,11,618287.2415807339,5044.139490808819,225.85981923788435,26874.569820951583,54964.14042130679,213979.05448470495,525289.6599314034,60631.95276622862,304911.07515492215,8031.21365748281,1436909.381657827,904952.7077342685,222289.0218939875,0.0,0.0,0.0,0.0,0.0,0.0,0.0,0.0,0.0,0.0,15134582.125342289,0.0,0.0,7.121197746155394,RH8,0.01657160702791755,0.08829153335839457,2.973058274607223,0.18057473179496122,0.7029894414274611,1.0017301315981226,0.730290334785458,2.0312707879155254,4.720705613108117,1.7257440711291374,0.1991953030656744,18148.504221388233
E10000008,2024,842043,26.42394747061611,32.667927884917994,10.40564436733041,1.042869687,7.335182492,25,617149.7496430182,7580.523917428184,164.89219523296777,30617.20261055727,50210.21297320373,234418.93599425905,518651.63595907134,53757.397589069944,360859.0184814644,9367.866773900858,1457408.519089901,936633.1108708517,223825.06776508363,0.0,0.0,0.0,0.0,0.0,0.0,0.0,0.0,0.0,0.0,15386371.81028905,0.0,0.0,7.121197746155394,RH8,0.024664487060500995,0.09961812743320601,3.047490581805129,0.16336722391118486,0.7627207402213949,1.1741144397075887,0.7282518395615842,2.007998679282032,4.741919417774506,1.6875187920204036,0.1749085751439269,18272.66756007597
E10000011,2011,527209,22.89831926237981,33.006075389456555,,1.572772622,,25,,,,,,,,,,,,,,,,,,,,,,,,,,,9.855537132544912,RXC,,,,,,,,,,,,
E10000011,2012,530358,23.667786664856568,32.56328743980481,4.547871437783535,1.684286356,5.81541290362559,34,,,,,,,,,,,,,,,,,,,,,,,,,,,9.855537132544912,RXC,,,,,,,,,,,,
E10000011,2013,533183,24.187755423560017,32.24802741272696,4.448753992531645,1.694218159,6.03465935196868,20,,,,,,,,,,,,,,,,,,,,,,,,,,,9.855537132544912,RXC,,,,,,,,,,,,
E10000011,2014,537577,24.615636457660948,31.95653831916172,4.834656244593798,1.683384061,6.12271265455039,25,,,,,,,,,,,,,,,,,,,,,,,,,,,9.855537132544912,RXC,,,,,,,,,,,,
E10000011,2015,540620,24.86755946875809,31.632570012208205,4.837038955273575,1.746548653,6.37707636337456,23,,,,,,,,,,,,,,,,,,,,,,,,,,,9.855537132544912,RXC,,,,,,,,,,,,
E10000011,2016,543389,25.140553084438583,31.318079681406875,5.537469473986407,1.795686841,6.48874946450307,20,,,,,,,,,,,,,,,,,,,,,,,,,,,9.855537132544912,RXC,,,,,,,,,,,,
E10000011,2017,544697,25.40311402486153,30.950418305957257,4.910987209402658,1.827023268,6.66561582566548,15,,,,,,,,,,,,,,,,,,,,,,,,,,,9.855537132544912,RXC,,,,,,,,,,,,
E10000011,2018,544719,25.64882076813917,30.64974785164461,4.6923276037736885,1.81308198,6.91406666188305,11,,,,,,,,,,,,,,,,,,,,,,,,,,,9.855537132544912,RXC,,,,,,,,,,,,
E10000011,2019,545261,25.92409873436758,30.50869216760414,4.451079391337359,1.784139991,7.0269813552639,14,152651.82945376757,5712.748360478663,8.442046367446684,17291.44128912937,50992.85973215261,31235.02793240154,153396.35818378252,24620.09705623854,323881.5105482712,6353.608005022983,780065.8094097081,527515.2796424147,40515.03979696314,0.0,0.0,0.0,0.0,0.0,0.0,0.0,0.0,0.0,0.0,8302063.458814892,0.0,0.0,9.855537132544912,RXC,0.028704355109157666,0.08688281712985042,2.6505606333225145,0.2562194343985654,0.1569439571010597,1.6273795562892612,0.2035724341788166,0.7670165118801724,3.919529548459339,0.7707574813237361,0.12370648313747619,15225.852314423535
E10000011,2020,544582,26.11746256762067,30.416539657939484,3.8212794400108714,1.882995725,7.07084832108497,17,146961.7489870009,3279.4851143436836,9.023504144435666,12549.530403683655,49724.33635117717,48836.7880408381,183082.9843751122,23356.493722149255,250226.0959385329,6593.782296322461,694052.0259918851,498823.61581047025,39218.93189972068,0.0,0.0,0.0,0.0,0.0,0.0,0.0,0.0,0.0,0.0,7468642.945347159,0.0,0.0,9.855537132544912,RXC,0.016498692068833105,0.06313516619826832,2.5095211434023836,0.2501571085646896,0.2456919606045874,1.25885715608816,0.19730569224172928,0.7393467443498121,3.4916916093035897,0.9210683009465256,0.11750368862597924,13714.450615971808
E10000011,2021,546861,26.225128506146905,30.55950232325948,3.9918736205361145,1.977631807,7.33764186633039,8,159633.70098357255,3213.9581622048436,8.683181232785795,14533.215274437758,55251.16849629021,63012.22651696971,253912.2989568839,27816.332073020774,243282.302805416,7697.095970677397,796576.4268800912,618301.3424601906,39057.66937359404,0.0,0.0,0.0,0.0,0.0,0.0,0.0,0.0,0.0,0.0,8509025.298452217,0.0,0.0,9.855537132544912,RXC,0.016101650744811707,0.072810143983836,3.0976359270689464,0.27680354673929536,0.3156857721300179,1.2188231689609235,0.195675525137672,0.7997509521330747,3.990778588223509,1.272078524759398,0.13935740337522734,15559.758875568412
E10000011,2022,550876,26.439343881381653,30.60652488037235,7.646003819371328,1.983796597,7.50554255775567,11,154592.98022307045,4824.571842975106,15.613643549303854,15275.340692144815,59784.43319695616,61153.261580837134,327081.517058941,30210.481154638215,243083.419251004,10526.289006661993,816007.0446842004,651424.3441137543,39170.85038068908,0.0,0.0,0.0,0.0,0.0,0.0,0.0,0.0,0.0,0.0,8688060.90570283,0.0,0.0,9.855537132544912,RXC,0.0239945197272106,0.07597036079195613,3.2397930395381938,0.29733182724042,0.3041395566574917,1.2089507812115539,0.1948122595706797,0.7688525395371301,4.058328442082834,1.62670681853441,0.15024877017614993,15771.354906917037
E10000011,2023,556481,26.51608949811404,30.93654590183672,10.309426557240949,1.958587885,7.67387748519824,16,166084.6303753235,5755.24106597721,27.965484830431674,17661.346674971657,66541.40655497518,79588.46974752261,382476.4716148634,31572.131377068672,279443.76016616006,10610.097639954958,849986.756217199,708137.2465579264,39971.35313647536,0.0,0.0,0.0,0.0,0.0,0.0,0.0,0.0,0.0,0.0,9190767.660581654,0.0,0.0,9.855537132544912,RXC,0.028334810608813807,0.08695220710914822,3.486376076387481,0.32760367997881,0.391838359347412,1.3757870312211675,0.19679118700959897,0.8176853919359823,4.184744562619802,1.883048557184002,0.15543925142845982,16515.86965337838
E10000011,2024,560334,26.788308401774657,31.014716222824244,8.189758251328671,2.000904083,7.884428867,25,131589.70501246484,7052.706940227137,66.61919670805406,18958.41162854229,71118.47805606548,112923.82492190844,415024.44448349567,30299.729646141255,326185.71782032325,12551.8037154072,886364.0899905664,757182.5487775725,42999.69480353898,0.0,0.0,0.0,0.0,0.0,0.0,0.0,0.0,0.0,0.0,9599200.42045343,0.0,0.0,9.855537132544912,RXC,0.03448386991998626,0.09269623791672144,3.7022074983436855,0.3477303632459988,0.5521355874385705,1.5948693116562584,0.2102449307437965,0.6434015065303509,4.333834404297154,2.029241974532194,0.1481490645483472,17131.211778070632
E10000012,2011,1396599,18.48612235867275,37.12447166294692,,0.998410761,,82,,,,,,,,,,,,,,,,,,,,,,,,,,,10.213284152965485,RAJ,,,,,,,,,,,,
E10000012,2012,1407607,19.18788411822334,36.72182647571375,4.9225387483864464,1.064157367,5.932649876495,60,,,,,,,,,,,,,,,,,,,,,,,,,,,10.213284152965485,RAJ,,,,,,,,,,,,
E10000012,2013,1418900,19.677214743815632,36.35245612798647,5.165268870251603,1.150376439,6.17475614022246,70,,,,,,,,,,,,,,,,,,,,,,,,,,,10.213284152965485,RAJ,,,,,,,,,,,,
E10000012,2014,1436516,19.946662619838555,36.22451820933425,6.061888624978768,1.178327084,6.27180050599756,66,,,,,,,,,,,,,,,,,,,,,,,,,,,10.213284152965485,RAJ,,,,,,,,,,,,
E10000012,2015,1447710,20.13027470971396,35.90290873172113,6.329997029791879,1.247092724,6.38357810758843,45,,,,,,,,,,,,,,,,,,,,,,,,,,,10.213284152965485,RAJ,,,,,,,,,,,,
E10000012,2016,1460525,20.25059482035569,35.642388867017,6.84137553277075,1.275429606,6.46601297948567,68,,,,,,,,,,,,,,,,,,,,,,,,,,,10.213284152965485,RAJ,,,,,,,,,,,,
E10000012,2017,1469674,20.355194417265327,35.4192834601415,5.819657964963659,1.276041865,6.57140017430203,65,,,,,,,,,,,,,,,,,,,,,,,,,,,10.213284152965485,RAJ,,,,,,,,,,,,
E10000012,2018,1478385,20.463816935372044,35.26753856404117,5.891564105425853,1.314097047,6.70867674011456,37,,,,,,,,,,,,,,,,,,,,,,,,,,,10.213284152965485,RAJ,,,,,,,,,,,,
E10000012,2019,1489341,20.587964744138517,35.284464739774165,6.718407671580921,1.370326996,6.89192754665098,59,461612.0616348871,20414.90597108745,316.4431329334352,64340.391460490675,82202.4170101704,29763.75064574604,228712.00367242415,63007.86829210743,419898.4858329266,14247.38691166169,2444954.215640948,1025579.7425990221,197902.00998290186,0.0,0.0,0.0,0.0,0.0,0.0,0.0,0.0,0.0,0.0,25568795.047055457,0.0,0.0,10.213284152965485,RAJ,0.03755436077826101,0.11835774688082497,1.8866112689907306,0.15121594141148811,0.05475208318116028,0.7724267380681582,0.3640518105822566,0.8491611926493721,4.497629958744276,0.42072851633005354,0.1159064960211968,17167.858164822872
E10000012,2020,1495515,20.63670374419514,35.2633708120614,5.27778056388602,1.366627574,6.94971169107749,55,383250.0568921793,21225.411405151204,425.5193347504799,59321.750634520715,87227.9412096683,45247.5770310488,272723.88292958104,64599.69961607632,358548.04281075846,16523.083025506403,2130491.47608,1091471.4100808399,219647.44299040147,0.0,0.0,0.0,0.0,0.0,0.0,0.0,0.0,0.0,0.0,22432215.701297853,0.0,0.0,10.213284152965485,RAJ,0.038884138286080325,0.1086751682224293,1.999533692646657,0.15979823729511658,0.0828918228627776,0.6568462402322827,0.40238567745028225,0.7020993810620317,3.9029785379380235,0.4996196764024544,0.11834416799578013,14999.659449285264
E10000012,2021,1506726,20.69360985341728,35.41798575188853,6.035603022712823,1.369960666,7.19278152911328,42,443777.44962463016,19517.825758701536,268.0417623329343,66095.34449989261,115529.50833100559,66189.59768188078,338305.6205455565,74201.44196850153,374155.6271991849,17884.32262593972,2515215.198014888,1222814.9857541227,225425.1343665931,0.0,0.0,0.0,0.0,0.0,0.0,0.0,0.0,0.0,0.0,26369891.46304828,0.0,0.0,10.213284152965485,RAJ,0.035489860286023654,0.12018318899132567,2.22348193577464,0.21007084294481188,0.12035457243852044,0.6803386349839009,0.40989742518127364,0.8069341267812302,4.573492819866746,0.6151514700240405,0.13492275425758304,17501.451135142208
E10000012,2022,1519798,20.827241514990806,35.3859526068596,8.48665414745907,1.40488863,7.36379734970606,44,484688.0732941612,19998.63313310375,385.5428738748098,65930.14953152231,97468.83769940012,75212.57266038319,393540.1510160609,82440.07302653373,369838.0453083077,19540.116072569796,2493956.2898230324,1321703.7135408712,239247.36020896118,0.0,0.0,0.0,0.0,0.0,0.0,0.0,0.0,0.0,0.0,25991091.412017737,0.0,0.0,10.213284152965485,RAJ,0.036051354000422135,0.11885168072448114,2.382623259469704,0.1757061869440582,0.1355850204469011,0.6667036794711519,0.4312890395635332,0.8737427800096094,4.495832313517498,0.7094312497875048,0.14861396960077938,17101.674967342857
E10000012,2023,1541131,20.83489333483007,35.708061157682245,12.21505504723479,1.461675644,7.59806279619015,49,529341.4388939727,20742.666962818636,519.5778222508263,75675.87136822964,101813.37462944502,109770.48174521224,486867.46663820214,85354.43324559365,426422.5520959429,19120.80022421277,2594720.1634428166,1520951.3651776758,267914.76473370614,0.0,0.0,0.0,0.0,0.0,0.0,0.0,0.0,0.0,0.0,27134614.34902525,0.0,0.0,10.213284152965485,RAJ,0.03687501228361995,0.134531817498646,2.7038519383379307,0.18099743137308796,0.19514307730964714,0.7580672666025269,0.4762820643183145,0.9410300081678541,4.612730757863385,0.8655224443876931,0.15173775773551693,17606.94862995115
E10000012,2024,1558928,20.966266562663574,35.783435796906595,11.54062278694077,1.481110096,7.871206793,70,582677.114789533,24640.036151576427,742.1495137416003,78008.06685646938,107013.40947732845,149793.49610756693,536913.2751961418,94539.83797343214,464152.97296921804,21860.90642020528,2706045.063506418,1854729.9498394786,279590.0426348026,0.0,0.0,0.0,0.0,0.0,0.0,0.0,0.0,0.0,0.0,28334488.25238625,0.0,0.0,10.213284152965485,RAJ,0.0433034420835878,0.13709467731262426,3.259580889796344,0.1880698936869165,0.2632534280099731,0.8157220735900463,0.4913633707314759,1.0240214153300375,4.755718090763913,0.9435941073032093,0.16614831135352745,18175.62341069392
E10000013,2011,598289,18.78791019056008,37.08057477239261,,0.801963925,,30,,,,,,,,,,,,,,,,,,,,,,,,,,,10.002449263050849,RTE,,,,,,,,,,,,
E10000013,2012,601301,19.449161069081875,36.437491372873154,5.145509486929175,0.862884998,6.09474364611534,29,,,,,,,,,,,,,,,,,,,,,,,,,,,10.002449263050849,RTE,,,,,,,,,,,,
E10000013,2013,605213,19.86474183469291,35.97097220317475,5.341920943535581,0.887306333,6.11997449609125,48,,,,,,,,,,,,,,,,,,,,,,,,,,,10.002449263050849,RTE,,,,,,,,,,,,
E10000013,2014,611331,20.22030618437475,35.62080116990632,5.7661070680204345,0.963313818,6.13404799192299,26,,,,,,,,,,,,,,,,,,,,,,,,,,,10.002449263050849,RTE,,,,,,,,,,,,
E10000013,2015,617671,20.50460520244596,35.347134639638256,5.974054148567765,1.030233502,6.40895751816657,29,,,,,,,,,,,,,,,,,,,,,,,,,,,10.002449263050849,RTE,,,,,,,,,,,,
E10000013,2016,624076,20.71911113390036,35.015607073497456,6.369416545420751,1.036626577,6.65395009972703,16,,,,,,,,,,,,,,,,,,,,,,,,,,,10.002449263050849,RTE,,,,,,,,,,,,
E10000013,2017,629712,20.911305485682345,34.73397362603857,5.710547043727926,1.079901338,6.68599811847418,20,,,,,,,,,,,,,,,,,,,,,,,,,,,10.002449263050849,RTE,,,,,,,,,,,,
E10000013,2018,634653,21.159751864404644,34.55951519964453,5.358833882452301,1.091879487,6.84205612284757,18,,,,,,,,,,,,,,,,,,,,,,,,,,,10.002449263050849,RTE,,,,,,,,,,,,
E10000013,2019,638676,21.40866417400998,34.50168786677439,5.141887279309071,1.08761394,6.83824281714769,26,99971.37617565483,5744.383930466901,369.3304402805983,21811.425956907584,37724.40145058793,28750.86478199142,224147.53125844695,33483.253244021915,191959.08571967334,5463.138495591457,950096.1408101141,528517.5999579595,112487.64332071472,0.0,0.0,0.0,0.0,0.0,0.0,0.0,0.0,0.0,0.0,10050087.146194475,0.0,0.0,10.002449263050849,RTE,0.024641662072260023,0.093564391630166,2.267179954378049,0.16182622256380186,0.12333247617477586,0.8234461657265513,0.48253781912322,0.42884683517646494,4.075623830404089,0.9615248191032826,0.14363298510446704,15735.814632449747
E10000013,2020,640572,21.572906714623805,34.51259187101528,4.0854111637723785,1.092486858,6.82600821834695,21,92056.20505571773,5127.794311797399,277.23134280452155,18714.677971250978,40858.83327787051,43487.45764751125,259067.55452425187,32925.74797577028,163167.9398122181,7841.934391899092,835041.3834047596,560030.755777409,110226.8416366497,0.0,0.0,0.0,0.0,0.0,0.0,0.0,0.0,0.0,0.0,8822804.774299538,0.0,0.0,10.002449263050849,RTE,0.021931572936642496,0.08004266551175271,2.395251178238084,0.1747532033564801,0.18599582807588,0.6978691724588705,0.4714401299927646,0.39372432915358324,3.571471453744208,1.1080317622129154,0.1408234026787629,13773.322552811453
E10000013,2021,646485,21.77823151349219,34.586726683527075,4.085168256030689,1.110385776,6.95126859745374,19,92246.73732952535,4743.01893390628,21.214804922238212,18422.47062953625,61706.3980232728,63742.02658287173,354613.2854946098,34632.07424826434,170239.3799935041,7597.073384988911,862930.7540281872,638622.9930868748,104822.01229553754,0.0,0.0,0.0,0.0,0.0,0.0,0.0,0.0,0.0,0.0,9096865.297139974,0.0,0.0,10.002449263050849,RTE,0.020100346367914242,0.07807222483538219,2.7064077834047993,0.26150432681546415,0.2701310769285316,0.7214541099270293,0.4442231379386062,0.39093062824996566,3.6569972182688972,1.5028086466514117,0.14676658422194516,14071.270481356836
E10000013,2022,652645,21.949605068605443,34.6030384052586,8.517647419347425,1.143900394,7.25860668742706,13,90906.82024738289,3736.8253110785367,21.220791619625903,16105.237988841825,52906.99047792909,68399.96786810663,404826.66952930315,37194.707432595096,152530.61883916153,8743.826572815628,862071.1271009125,677460.2509506233,109178.72009270944,0.0,0.0,0.0,0.0,0.0,0.0,0.0,0.0,0.0,0.0,9043892.435484083,0.0,0.0,10.002449263050849,RTE,0.015686747871505535,0.0676078721134109,2.8438974971944964,0.22209724864764357,0.2871349236436164,0.6403053825719369,0.4583192716958166,0.381616011000895,3.6188719815306354,1.6994141732396344,0.15613895461469424,13857.292150378971
E10000013,2023,661406,22.02580563224404,34.9884942077937,12.326770546381496,1.336188316,7.58784474590908,24,97087.99074675926,4455.01334283484,52.63515901325666,18198.20218078408,60383.384209103264,107661.37574745013,487822.48678231053,38545.589158395494,177593.04056275616,8933.743916093048,919858.62020312,753156.7590664855,114926.71128859247,0.0,0.0,0.0,0.0,0.0,0.0,0.0,0.0,0.0,0.0,9727843.52263376,0.0,0.0,10.002449263050849,RTE,0.01845389368673203,0.07538197138600454,3.1197829707087896,0.2501246274451834,0.44596310478085366,0.7356393433298163,0.47605812792827296,0.40216522861389337,3.8103080457332097,2.0206952519135783,0.15966645881443137,14707.82472888628
E10000013,2024,668109,22.252207349399573,35.021231565508025,11.4023310567587,1.373753905,8.143625501,31,99176.06775944337,5536.507996558554,52.834694676280115,23867.311808434268,68577.58050052189,163058.68397676913,472548.7279637014,36954.86444659827,179223.15940935336,8145.748021010419,932799.9225540374,832706.2845805538,110279.53873616211,0.0,0.0,0.0,0.0,0.0,0.0,0.0,0.0,0.0,0.0,9822475.909120176,0.0,0.0,10.002449263050849,RTE,0.022703653234823255,0.09787309460817523,3.414692933402503,0.2812172597483504,0.6686575401383591,0.7349434815968257,0.4522251946386408,0.406693000895754,3.825148630201726,1.9377886680401255,0.15154144602644617,14701.906289423096
E10000014,2011,1322118,18.604163924853907,36.496288530978326,,0.882895172,,79,,,,,,,,,,,,,,,,,,,,,,,,,,,10.71907844206571,RN5,,,,,,,,,,,,
E10000014,2012,1331572,19.30823117338004,36.015401345176976,4.783068433400522,0.885413289,5.45738146873535,67,,,,,,,,,,,,,,,,,,,,,,,,,,,10.71907844206571,RN5,,,,,,,,,,,,
E10000014,2013,1339946,19.80318609854427,35.659123576621745,4.583766808513179,0.955420673,5.63007453531105,53,,,,,,,,,,,,,,,,,,,,,,,,,,,10.71907844206571,RN5,,,,,,,,,,,,
E10000014,2014,1349948,20.23100149042778,35.36617706756112,5.435764933167795,0.960034311,5.78713448744848,44,,,,,,,,,,,,,,,,,,,,,,,,,,,10.71907844206571,RN5,,,,,,,,,,,,
E10000014,2015,1358341,20.528055915267228,35.041200994448374,5.366104682108542,1.031635523,5.94372323795283,58,,,,,,,,,,,,,,,,,,,,,,,,,,,10.71907844206571,RN5,,,,,,,,,,,,
E10000014,2016,1368397,20.7640034288295,34.73107585006398,5.881334144988625,1.105714679,6.10680877640893,59,,,,,,,,,,,,,,,,,,,,,,,,,,,10.71907844206571,RN5,,,,,,,,,,,,
E10000014,2017,1373783,21.01430866446884,34.398591335021614,5.085956078944054,1.137289286,6.28661606831833,58,,,,,,,,,,,,,,,,,,,,,,,,,,,10.71907844206571,RN5,,,,,,,,,,,,
E10000014,2018,1378177,21.270417370192654,34.14953231696654,5.25549330746341,1.108969808,6.33113565766535,63,,,,,,,,,,,,,,,,,,,,,,,,,,,10.71907844206571,RN5,,,,,,,,,,,,
E10000014,2019,1384378,21.51392177569999,34.021632819937906,5.150327439471012,1.169152856,6.72189674349386,64,331525.6714482079,18434.522196381975,511.2801479072523,63331.61628531132,99955.2668108079,64203.02451967876,363457.06881582923,52723.570117862175,389598.3305675139,11719.643586579137,2149500.1172926277,1335296.8119182459,280405.84809575684,0.0,0.0,0.0,0.0,0.0,0.0,0.0,0.0,0.0,0.0,24241319.841521773,0.0,0.0,10.71907844206571,RN5,0.036482478242257685,0.12533518843408636,2.6425928683589324,0.1978145030165229,0.1270597317453675,0.7710269062975138,0.5549316734752701,0.656099353512558,4.253925891078937,0.7192925568567576,0.10434154350127743,17510.621984401496
E10000014,2020,1391311,21.679121346701063,34.038399753901174,4.207542382687983,1.170785785,6.79713083868846,50,313039.5781182759,17608.90451376406,770.4056097046248,57603.953688665046,113708.9880793258,96977.16929924436,487793.4409810395,54377.80844138309,319328.98318041494,14539.794552987169,2064206.885245237,1434901.8628353586,309964.92883224046,0.0,0.0,0.0,0.0,0.0,0.0,0.0,0.0,0.0,0.0,25929997.224971306,0.0,0.0,10.71907844206571,RN5,0.034674903030531994,0.11343190070503435,2.8255637886646805,0.22391217649392098,0.19096440320852082,0.6288126281770825,0.6103732257575976,0.6164277287939924,4.064771520845451,0.9605475599987517,0.10707907656855993,18637.09639683098
E10000014,2021,1406110,21.79480979439731,34.24440477629773,4.425685045977911,1.145271778,7.04952123112488,58,333592.32234442956,15532.85437835519,278.0487992377873,64252.56930880715,136531.1993227691,133524.79129339877,632643.2249463382,67845.80354539047,344552.3322817091,13197.240389952023,2199772.9930236796,1595584.1251269227,291190.1236327648,0.0,0.0,0.0,0.0,0.0,0.0,0.0,0.0,0.0,0.0,24955374.43930402,0.0,0.0,10.71907844206571,RN5,0.030264890670112014,0.12519250731627352,3.10890567346233,0.2660233412296006,0.26016552475219695,0.6713407859645601,0.5673675321544629,0.6499858247697052,4.286133605018488,1.2326696413808467,0.13219372156018205,17747.810938905222
E10000014,2022,1417419,22.0987583770219,34.16145825616843,7.5997288028451715,1.185960054,7.27877242229221,36,363262.1155057358,16607.039224668715,149.44238741868926,59483.631763514095,129686.33329114056,160406.19373846432,757368.3384587549,66332.07060552685,381723.52406714176,13617.908231421135,2056389.619401699,1659409.5160615377,294009.0154260147,0.0,0.0,0.0,0.0,0.0,0.0,0.0,0.0,0.0,0.0,21461769.14456029,0.0,0.0,10.71907844206571,RN5,0.03209970912047327,0.11497577931903971,3.2074689567901142,0.2506704247053649,0.3100487745267971,0.7378325492719886,0.568289370928494,0.7021485337916694,3.974790914150566,1.4639155741541974,0.12821311149992673,15141.443105080634
E10000014,2023,1432948,22.274011338862262,34.35393328997284,9.65143187331292,1.35647738,7.49355279900383,40,406279.6027844415,18714.73452592411,328.0154899982521,80814.59222779334,145452.35568546964,233410.45229189514,859857.5376212306,79200.8003017299,425921.9260490479,14323.451563145072,2175256.08458879,1810487.1491840228,322138.8832111254,0.0,0.0,0.0,0.0,0.0,0.0,0.0,0.0,0.0,0.0,22707807.03626623,0.0,0.0,10.71907844206571,RN5,0.03578165102746534,0.15451352157927695,3.461562293180027,0.2780977429869926,0.4462692932406979,0.8143417531101949,0.6159136847744695,0.7767865980825226,4.158982538935232,1.6440052784013126,0.15142803086877,15846.916312571168
E10000014,2024,1445170,22.537971311333614,34.420587197353946,8.147830359058105,1.406611085,7.712230604,58,493201.28799353313,23339.011352392954,155.49282986346648,85081.51105982541,172372.55933519054,334144.1424447741,1013277.1108134576,79419.163132079,452779.038382812,15442.983426901907,2251160.2533283494,2149381.957496789,385692.29497159715,0.0,0.0,0.0,0.0,0.0,0.0,0.0,0.0,0.0,0.0,23666385.3032109,0.0,0.0,10.71907844206571,RN5,0.044245657504564245,0.16129592387116504,4.074757773668167,0.3267806467195556,0.6334641626647973,0.8583699607086316,0.7311881779308083,0.9350016990815854,4.267707147177072,1.9209516343831714,0.15056135147219063,16376.19470595909
E10000015,2011,1119824,15.658621354784325,39.88876823500836,,1.33095789,,110,,,,,,,,,,,,,,,,,,,,,,,,,,,17.944286184992553,RWH,,,,,,,,,,,,
E10000015,2012,1131536,16.068688932565998,39.48111239942874,8.123471104763789,1.396350265,5.05618125952672,80,,,,,,,,,,,,,,,,,,,,,,,,,,,17.944286184992553,RWH,,,,,,,,,,,,
E10000015,2013,1143681,16.285135452980334,39.17762033294249,8.100160796585762,1.517122746,5.18084633733889,73,,,,,,,,,,,,,,,,,,,,,,,,,,,17.944286184992553,RWH,,,,,,,,,,,,
E10000015,2014,1156321,16.46938869051068,38.868878105647134,9.512929368229065,1.546464682,5.29256989759399,80,,,,,,,,,,,,,,,,,,,,,,,,,,,17.944286184992553,RWH,,,,,,,,,,,,
E10000015,2015,1167308,16.5467040404075,38.68901780849613,10.16184246145833,1.594746351,5.46006803085765,82,,,,,,,,,,,,,,,,,,,,,,,,,,,17.944286184992553,RWH,,,,,,,,,,,,
E10000015,2016,1180234,16.585948210270168,38.4833007691695,11.037641688004245,1.618562937,5.65114740202752,99,,,,,,,,,,,,,,,,,,,,,,,,,,,17.944286184992553,RWH,,,,,,,,,,,,
E10000015,2017,1185014,16.66984525077341,38.14326244246904,9.615920149466588,1.660880446,5.81778528956993,74,,,,,,,,,,,,,,,,,,,,,,,,,,,17.944286184992553,RWH,,,,,,,,,,,,
E10000015,2018,1188182,16.76620248413122,37.86886184103109,10.10451260833778,1.721165419,6.01548859141714,66,,,,,,,,,,,,,,,,,,,,,,,,,,,17.944286184992553,RWH,,,,,,,,,,,,
E10000015,2019,1193394,16.92500548854779,37.740511515895,10.894138901318424,1.693676233,6.10085643893473,77,404527.17051092436,21402.41954696266,262.8968316879827,56224.47998270866,51310.67535160233,13284.992214963397,173903.684342443,53761.279668343115,322323.2563893712,7988.424766426048,1773927.7171210612,858064.5026321091,282557.4594898872,0.0,0.0,0.0,0.0,0.0,0.0,0.0,0.0,0.0,0.0,18491121.384407513,0.0,0.0,17.944286184992553,RWH,0.04913445675283225,0.12907696132668942,1.9698956514335366,0.1177961283064235,0.030498929058722594,0.7399713881294865,0.6486793347374722,0.9286904558244377,4.072482296138556,0.3992381813996622,0.12342208622931136,15494.565402882461
E10000015,2020,1198052,16.981733681008837,37.64369159268546,9.431143222497855,1.696834207,6.11681687634825,67,378724.14457480615,20728.78061319697,341.2940341750455,55434.25155342376,58170.988282842874,27911.82908106744,236087.41572161685,58602.60833388003,258440.62032398526,9637.77846800862,1564933.5326860663,977703.6004267321,288654.7772847075,0.0,0.0,0.0,0.0,0.0,0.0,0.0,0.0,0.0,0.0,16478709.466417495,0.0,0.0,17.944286184992553,RWH,0.047402933897847076,0.12676800488643403,2.2358294975252564,0.13302642175625573,0.06382925332595264,0.5910064788826492,0.6601007354100429,0.8660729217891706,3.578717059565659,0.5398887841207819,0.1340134579514902,13754.586166892168
E10000015,2021,1200899,17.118342175320322,37.71208069954259,9.357156596849526,1.717109084,6.27448791328091,61,418977.08465144725,17597.11302853774,272.0747096422664,65914.71580157794,78550.9984112629,46577.00686017418,303451.8580741334,58507.0167408254,242426.93207543017,10584.692257494811,1828495.2728934088,1120372.7621145125,306615.8858498517,0.0,0.0,0.0,0.0,0.0,0.0,0.0,0.0,0.0,0.0,19147532.253559805,0.0,0.0,17.944286184992553,RWH,0.040145981111930545,0.15037756086904608,2.556013800288025,0.17920592391648074,0.10626059141782944,0.5530718033316072,0.6995122178270663,0.9558525935175191,4.171521576851116,0.6922938179045555,0.13347766677314793,15944.331915972787
E10000015,2022,1206101,17.34000718016153,37.50216607066904,12.513048243886706,1.759310842,6.46573450782051,72,440419.9887141241,21678.90374444488,420.5283178085184,76975.29331485569,68972.16506170185,61653.15892134271,392906.09464959847,67733.92237214014,248079.97459009147,11750.939445912885,1850497.4187100756,1178148.0049427275,330332.8907203991,0.0,0.0,0.0,0.0,0.0,0.0,0.0,0.0,0.0,0.0,19425348.403958805,0.0,0.0,17.944286184992553,RWH,0.049244845028812316,0.17485369348110022,2.676229232268066,0.1566741390526038,0.14004860635059768,0.563527567973598,0.7503696775079801,1.0004386913418473,4.2035086130195065,0.8925082176654495,0.15386140137572055,16105.905230124843
E10000015,2023,1220700,17.41771114934054,37.73425083968215,16.032604243466864,1.820908189,6.6714457475153,71,448074.70095072075,23575.458519703432,590.9655508312511,81282.80702784429,74590.9764828918,88477.26024668387,528371.9716266742,71727.07390394286,314011.6672223397,11773.543745876248,1890733.2418410287,1359510.1248801672,345952.04629541293,0.0,0.0,0.0,0.0,0.0,0.0,0.0,0.0,0.0,0.0,19867768.00828193,0.0,0.0,17.944286184992553,RWH,0.05291250701585645,0.18243026295903492,3.0512699874205733,0.16741119003781077,0.19857741683512797,0.7047644282751301,0.7764510735372202,1.0056540676766883,4.243541470907729,1.1858724033856032,0.16098347771252483,16275.717218220638
E10000015,2024,1233983,17.591085128401282,37.8158370090998,15.418364758671716,1.832919002,6.90434794,77,489249.12448710896,24234.78201995674,787.3625451462606,88311.55396141254,77344.35648166681,140945.69353079447,579917.2343071682,73940.02118033837,347123.8352894668,11225.646579781735,2004818.7774034545,1493703.592205559,356235.613332217,0.0,0.0,0.0,0.0,0.0,0.0,0.0,0.0,0.0,0.0,21128005.877401512,0.0,0.0,17.944286184992553,RWH,0.053806789127868564,0.19607195796698948,3.3163654675812824,0.17172225753929718,0.3129318515861849,0.7706947391272908,0.790924981731597,1.0862455643543345,4.451158715044696,1.2875496182423776,0.16416385030756317,17121.796554248733
E10000016,2011,1466466,18.06594902302542,37.449419215992734,,0.985740662,,112,,,,,,,,,,,,,,,,,,,,,,,,,,,12.309381117206064,RVV,,,,,,,,,,,,
E10000016,2012,1478262,18.72239156522998,37.06041283615489,7.186141563538804,1.045690179,6.01453321807814,115,,,,,,,,,,,,,,,,,,,,,,,,,,,12.309381117206064,RVV,,,,,,,,,,,,
E10000016,2013,1490021,19.163622526125472,36.79813908663032,7.250233385972412,1.104824424,6.17867766579094,107,,,,,,,,,,,,,,,,,,,,,,,,,,,12.309381117206064,RVV,,,,,,,,,,,,
E10000016,2014,1506187,19.47812589007872,36.58416916358991,8.238684837938449,1.154968381,6.22230811677887,101,,,,,,,,,,,,,,,,,,,,,,,,,,,12.309381117206064,RVV,,,,,,,,,,,,
E10000016,2015,1517016,19.68291698966919,36.27364510328171,8.27611574301128,1.215055585,6.37155402704263,90,,,,,,,,,,,,,,,,,,,,,,,,,,,12.309381117206064,RVV,,,,,,,,,,,,
E10000016,2016,1531022,19.823033241847604,36.039913208301385,8.837887371964609,1.281859994,6.54223493057002,92,,,,,,,,,,,,,,,,,,,,,,,,,,,12.309381117206064,RVV,,,,,,,,,,,,
E10000016,2017,1542707,19.901186680296387,35.828060675163854,7.558791137915366,1.340268135,6.61797243201672,95,,,,,,,,,,,,,,,,,,,,,,,,,,,12.309381117206064,RVV,,,,,,,,,,,,
E10000016,2018,1552853,20.014579615713785,35.60414282614001,7.681989215978589,1.328315973,6.7743395967642,91,,,,,,,,,,,,,,,,,,,,,,,,,,,12.309381117206064,RVV,,,,,,,,,,,,
E10000016,2019,1562840,20.15644595735968,35.5219984131453,7.706483069284124,1.365067601,6.87606896332199,73,414497.2529768816,18157.458448445675,61.69462731034179,57498.93172984747,109136.0950281845,36066.01945676556,233876.14921774014,65093.66681333651,506349.14686894335,16293.719320289341,2198434.3994514314,1206171.4695285275,334347.17844705406,0.0,0.0,0.0,0.0,0.0,0.0,0.0,0.0,0.0,0.0,23055442.049555495,0.0,0.0,12.309381117206064,RVV,0.03183080897762464,0.10079811100803747,2.114470687064132,0.19132028875458637,0.0632252899915005,0.8876519263822542,0.5861250460560455,0.7266315888161481,3.853950464348591,0.4099949919372988,0.11411200966651948,14752.272817150506
E10000016,2020,1567971,20.28258175693301,35.43974984231213,6.477160610751092,1.400849342,6.91718782045984,63,403420.0689080281,16521.071898579903,59.667369131255555,48765.19406406407,104125.57526934794,51676.349835826026,276487.529003429,67603.42616999244,393454.94974571234,15301.24531422031,1922405.2847695674,1135047.562163586,340578.4179589647,0.0,0.0,0.0,0.0,0.0,0.0,0.0,0.0,0.0,0.0,20566984.44961604,0.0,0.0,12.309381117206064,RVV,0.028867377445782372,0.08520774389857638,1.9832760608412952,0.18193930160898708,0.09029442550027945,0.6874864180693452,0.5950949067629172,0.7048985362367802,3.3590313812495425,0.483108475514821,0.11812391059474783,13116.94186283805
E10000016,2021,1578552,20.354983554548724,35.53503463934036,5.994100922871088,1.404610515,7.1604837619961,70,419858.3483362315,16771.750432591944,56.371281944638845,52420.60408733665,123126.14983956105,65731.33919369041,334539.8707465658,69417.96563169941,382681.98710386973,13454.46086547053,2371164.071718587,1244784.9401003965,330334.9177057544,0.0,0.0,0.0,0.0,0.0,0.0,0.0,0.0,0.0,0.0,25309732.355180725,0.0,0.0,12.309381117206064,RVV,0.02910895629994033,0.0909809074328647,2.1604417839293197,0.21369705740999373,0.1140829448789975,0.664180717698609,0.573327436661312,0.7287038024447714,4.11537910852267,0.5806255296540638,0.12048143311727164,16033.511949673326
E10000016,2022,1595912,20.450375709938893,35.49456361002361,9.870218408032525,1.480466723,7.45895975935649,76,438636.6733596877,18388.04749973716,111.13713479030591,62310.3817819466,105856.71048263395,76425.7190062244,395521.6522549758,82641.26464695767,421928.5085086783,13074.12904147371,2445434.383395903,1326463.3419745055,335275.2626510388,0.0,0.0,0.0,0.0,0.0,0.0,0.0,0.0,0.0,0.0,25562623.581959635,0.0,0.0,12.309381117206064,RVV,0.03156703648324407,0.10696916543334418,2.2771594814726033,0.18172579997138225,0.13120117620764957,0.7243309884643591,0.5755720637651096,0.7530141452501683,4.198113823620553,0.6789979429204902,0.1418714964799406,16017.564616319469
E10000016,2023,1619302,20.443684995139883,35.779057890374986,13.720726584664256,1.522830725,7.72028989356208,84,468324.5532851751,16272.639241847544,228.82851930612355,64035.95549565799,113564.06262391641,101597.63538931572,511581.9118783317,91188.87685306484,449595.84080793394,15748.169613121436,2519144.4462369853,1592412.3361206795,381146.40448646416,0.0,0.0,0.0,0.0,0.0,0.0,0.0,0.0,0.0,0.0,26417812.38160931,0.0,0.0,12.309381117206064,RVV,0.027531969493853364,0.10834357887577908,2.6942309239526043,0.1921410695149615,0.1718948571656956,0.7606792475221125,0.6448684214682929,0.7923666912685771,4.262185562747855,0.8655545902609377,0.1542840923579822,16314.32085034744
E10000016,2024,1639077,20.56681900850296,35.88397616463412,12.561947974378263,1.620824099,8.071387198,89,492419.4977352812,17495.228307764017,169.16246068147498,65331.98268499694,123344.41556436151,155889.08349980606,603706.0415920402,96651.30156889214,521036.41360416193,17004.120074408198,2612478.863750757,1661788.6651200075,419559.56531273545,0.0,0.0,0.0,0.0,0.0,0.0,0.0,0.0,0.0,0.0,27408100.12311351,0.0,0.0,12.309381117206064,RVV,0.02924336827985409,0.10920276069004278,2.777688697884867,0.20617085448443542,0.2605694421015751,0.8709151696796711,0.7012960715883282,0.8230818407818767,4.366772481734031,1.009097897808758,0.16155317077240144,16721.667208504245
E10000017,2011,1171558,18.175113822789825,37.939222812698986,,0.651051223,,128,,,,,,,,,,,,,,,,,,,,,,,,,,,9.055885888681559,RXN,,,,,,,,,,,,
E10000017,2012,1174321,18.80865623624205,37.554893423518784,5.833158054739718,0.712769926,6.20012103076737,106,,,,,,,,,,,,,,,,,,,,,,,,,,,9.055885888681559,RXN,,,,,,,,,,,,
E10000017,2013,1178586,19.2520528837098,37.12898337499343,6.189620443480577,0.709979355,6.49142457500925,98,,,,,,,,,,,,,,,,,,,,,,,,,,,9.055885888681559,RXN,,,,,,,,,,,,
E10000017,2014,1183512,19.64635762037056,36.67339241173727,6.542392472573155,0.777665794,6.70420358287489,69,,,,,,,,,,,,,,,,,,,,,,,,,,,9.055885888681559,RXN,,,,,,,,,,,,
E10000017,2015,1189153,19.905344392185025,36.2378936940831,6.829230553175243,0.831521153,6.89950502038884,56,,,,,,,,,,,,,,,,,,,,,,,,,,,9.055885888681559,RXN,,,,,,,,,,,,
E10000017,2016,1195310,20.1675715923066,35.79824480678652,7.171361404154571,0.882630765,7.01282071141265,69,,,,,,,,,,,,,,,,,,,,,,,,,,,9.055885888681559,RXN,,,,,,,,,,,,
E10000017,2017,1202420,20.315530347133283,35.477287470268294,6.166730426972272,0.930984676,7.01399510592496,71,,,,,,,,,,,,,,,,,,,,,,,,,,,9.055885888681559,RXN,,,,,,,,,,,,
E10000017,2018,1208672,20.50490124698843,35.26829445871171,6.546027375499722,0.988318384,6.91376014004137,78,,,,,,,,,,,,,,,,,,,,,,,,,,,9.055885888681559,RXN,,,,,,,,,,,,
E10000017,2019,1217384,20.71236355989565,35.221014897517954,8.422979109303228,0.989106596,7.20017826546498,64,452674.8787643095,15508.441403123437,165.27690441279796,77724.17958441813,42800.44729801335,42960.576715033836,230328.06287626084,72357.75518415167,345404.7000170224,5967.789488059517,2018095.1388758842,795625.7483411692,255389.15883981241,0.0,0.0,0.0,0.0,0.0,0.0,0.0,0.0,0.0,0.0,20727592.68697619,0.0,0.0,9.055885888681559,RXN,0.034901789867866316,0.17491847910398786,1.790557926502832,0.0963225239091461,0.09668289560087442,0.7773342237305395,0.5747540016860146,1.0187460549009006,4.541728639231458,0.5183539365574744,0.1628413262882208,17026.339008050203
E10000017,2020,1224128,20.795210958331158,35.35234877398442,8.4215049406598,1.002681613,7.15960205349713,60,569430.6171944377,15522.861031723533,343.8542502486315,57738.377725176295,47478.052386394476,68990.84279481335,288543.36387217406,71165.77458395492,290280.1515681108,6993.075063194434,1728037.4356231957,863774.1194686192,265800.3407340923,0.0,0.0,0.0,0.0,0.0,0.0,0.0,0.0,0.0,0.0,17828774.996597238,0.0,0.0,9.055885888681559,RXN,0.03474178058853621,0.1292245061246534,1.9332164911678573,0.1062608288129473,0.1544086955424783,0.6496772285969888,0.5948888609689942,1.274445060258802,3.8675278554968817,0.6457901167470669,0.15927641953092136,14564.469562494476
E10000017,2021,1236228,20.8650831400033,35.565769421174735,8.170013945647568,0.994967341,7.29961121318428,81,694796.709008087,17168.06143716679,254.42582525516525,69477.53505321156,71853.19340584657,94840.52897934508,373259.85257577087,83290.91653162405,294629.08611571183,6781.266234974115,2017302.863306823,969861.4139965563,270015.9611643216,0.0,0.0,0.0,0.0,0.0,0.0,0.0,0.0,0.0,0.0,20987341.15902025,0.0,0.0,9.055885888681559,RXN,0.038047823507768044,0.15397597458129825,2.149404930882228,0.15924090388310813,0.21018539112270218,0.6529563928818021,0.5984088344662795,1.5398070804248218,4.470742581259056,0.8272177406467931,0.18458916305686587,16976.9178169563
E10000017,2022,1255035,20.99503201105945,35.869676941280524,13.241064990219396,0.986835063,7.51837288500419,65,719718.2259460904,15837.513043942541,608.9690796124748,66624.0874104121,53196.45230236491,101446.85469494601,462919.2282296396,86179.96808824647,299421.24203160324,6424.6367032333355,2042831.891304162,971662.4186035935,268260.609933545,0.0,0.0,0.0,0.0,0.0,0.0,0.0,0.0,0.0,0.0,21220551.810471628,0.0,0.0,9.055885888681559,RXN,0.034573096922183834,0.14543956649009485,2.1211271542961248,0.1161272035743912,0.22145724079832957,0.6536329026278931,0.5856096245605877,1.5711360687285103,4.4594769884530585,1.01054700320182,0.18812981439691656,16908.33467630116
E10000017,2023,1274073,21.041886924846537,36.28983582573369,13.704081320301114,1.040894747,7.75826860352685,74,749207.449144541,15182.552139082369,261.56365337869056,64678.08948796169,58386.19715754139,142820.66610233678,601246.0069998007,89888.92340222491,341255.4879515288,6907.407054090765,2145440.152959019,1128965.011898041,275470.89102128654,0.0,0.0,0.0,0.0,0.0,0.0,0.0,0.0,0.0,0.0,22420517.395660657,0.0,0.0,9.055885888681559,RXN,0.03264807688237637,0.13908170502985134,2.4276904283490195,0.1255518200238637,0.30711701462222785,0.7338249396486352,0.59236383623335,1.611071852508615,4.613486218831246,1.2929002767078726,0.19329427985664424,17597.51395380065
E10000017,2024,1292439,21.158677508184137,36.51189727329491,13.548028185469487,1.117996573,7.971056614,69,774686.4504266048,17004.643438718882,395.6527202012214,60644.55634302754,62773.873803571485,175513.74368130355,622618.250068828,98776.26129702975,386743.17354934645,10052.08372637437,2267470.3654427165,1166910.5415954061,294899.803089025,0.0,0.0,0.0,0.0,0.0,0.0,0.0,0.0,0.0,0.0,23628043.4410861,0.0,0.0,9.055885888681559,RXN,0.03604662519133837,0.12855497971892846,2.4736294575242375,0.13306872966553612,0.37205591268106175,0.8198223192671841,0.625131759407855,1.642188630415646,4.806607953300223,1.319832831449766,0.2093869760696366,18281.74748756893
E10000018,2011,651179,17.894465269918104,37.63266321549067,,0.64009738,,32,,,,,,,,,,,,,,,,,,,,,,,,,,,9.668598252588545,RWE,,,,,,,,,,,,
E10000018,2012,655098,18.607750290796183,37.14543472884973,4.643580044512424,0.662294984,6.18240616390894,35,,,,,,,,,,,,,,,,,,,,,,,,,,,9.668598252588545,RWE,,,,,,,,,,,,
E10000018,2013,658881,19.123180058310982,36.66231079663854,4.911357286065313,0.715528011,6.37924379092559,36,,,,,,,,,,,,,,,,,,,,,,,,,,,9.668598252588545,RWE,,,,,,,,,,,,
E10000018,2014,665412,19.53346197543777,36.448395881048135,5.357582971151707,0.728985906,6.4814194587244,23,,,,,,,,,,,,,,,,,,,,,,,,,,,9.668598252588545,RWE,,,,,,,,,,,,
E10000018,2015,671115,19.87528217965624,36.111843722759886,5.291194504667605,0.795749843,6.64344747643593,22,,,,,,,,,,,,,,,,,,,,,,,,,,,9.668598252588545,RWE,,,,,,,,,,,,
E10000018,2016,678088,20.13160533736034,35.75273415839832,5.683628083670556,0.865410686,6.65326444140046,22,,,,,,,,,,,,,,,,,,,,,,,,,,,9.668598252588545,RWE,,,,,,,,,,,,
E10000018,2017,687456,20.284643671740447,35.618715961457895,5.030140110785272,0.898679554,6.79517474255273,32,,,,,,,,,,,,,,,,,,,,,,,,,,,9.668598252588545,RWE,,,,,,,,,,,,
E10000018,2018,695090,20.475909594441006,35.51712727848192,5.035319167302076,0.948272586,6.89040095866448,25,,,,,,,,,,,,,,,,,,,,,,,,,,,9.668598252588545,RWE,,,,,,,,,,,,
E10000018,2019,700817,20.686570103179573,35.49443007232987,5.253867985508342,0.970140159,6.95975567958011,35,467422.56701453426,15847.932302011035,886.6747840519655,49722.40055933343,20831.510942612036,25117.969744697326,132117.88863962863,33482.98114237982,211181.64292043363,6986.8501534475445,1161617.3393480838,514319.9186174644,206874.04113678314,0.0,0.0,0.0,0.0,0.0,0.0,0.0,0.0,0.0,0.0,12362483.004047269,0.0,0.0,9.668598252588545,RWE,0.061954822169338654,0.19438135056238345,2.0106470982369262,0.08143728351265027,0.09819447225869832,0.8255790650307089,0.8087392213592083,1.827309800764764,4.541147344439278,0.5164926338698453,0.13089607545283524,17640.101487331598
E10000018,2020,705536,20.7790956095791,35.5361030478955,5.388810776487663,1.024851441,6.97845146208327,31,493456.6348570568,16049.472065956776,727.5583916974708,49369.29297917661,27404.951463721045,35823.72365606457,171332.98109095235,32655.88980736483,161174.4761813312,7103.495481889193,1022061.7215737848,558872.8538976588,213314.72190219478,0.0,0.0,0.0,0.0,0.0,0.0,0.0,0.0,0.0,0.0,10892415.071969837,0.0,0.0,9.668598252588545,RWE,0.06232305133272726,0.19171004304422595,2.170206061532228,0.10641846596731448,0.13911010649889877,0.6258701290169643,0.8283402911013067,1.9161828537590493,3.96885360945742,0.6653174716051978,0.126808825138695,15438.496507576987
E10000018,2021,712632,20.91780891119119,35.741448601802894,4.427249969128526,1.036545038,7.19516416797593,25,532684.3699842154,15856.5233594479,388.34773311284533,54472.36307206307,46054.48447348106,46025.78125807724,233264.08100035385,35271.284723002354,178309.75756026548,7334.068808238197,1139232.4121675096,614076.5854555217,199823.720636795,0.0,0.0,0.0,0.0,0.0,0.0,0.0,0.0,0.0,0.0,12168546.026076166,0.0,0.0,9.668598252588545,RWE,0.060960677813951744,0.20941994028104907,2.3608280346486414,0.17705726067642075,0.17694691066924756,0.6855149414098086,0.7682257438902356,2.047914257054787,4.379798677115102,0.8967877866466454,0.1356010630667005,17075.497628616402
E10000018,2022,722843,20.98477816067943,35.96783810592342,7.729202606928475,1.089723825,7.51331001100327,32,542350.8243043519,15216.871131756883,752.7145460938647,56852.94178740896,33305.870733837466,73980.98011279695,282199.64014604513,39978.42131263427,208699.7462852392,7295.064984330838,1183928.5397511143,601654.6827157357,203092.0527533734,0.0,0.0,0.0,0.0,0.0,0.0,0.0,0.0,0.0,0.0,12578228.415239818,0.0,0.0,9.668598252588545,RWE,0.057675121561977266,0.21548453031856937,2.280396979346472,0.12623621023461967,0.28040337493396067,0.7910156518204846,0.769761321457017,2.0556229628383917,4.487336579221989,1.069595609323547,0.15152657133634476,17401.051701738576
E10000018,2023,733723,21.05413078232521,36.307162239700816,9.990146145071096,1.177970529,7.7931501233186,32,577999.8893612595,16668.828632246787,1760.6890784176212,54901.71797047092,35670.89893523657,104538.62286912226,335988.7826267803,44330.41425636274,217009.39777672937,6989.620480429581,1228215.0082028825,771673.2439470864,216983.98148418838,0.0,0.0,0.0,0.0,0.0,0.0,0.0,0.0,0.0,0.0,13029662.127156947,0.0,0.0,9.668598252588545,RWE,0.062241504832193074,0.20500334005138596,2.881432463052007,0.13319534788131873,0.39034783691229624,0.8103143765136305,0.8102194719267573,2.158255010018467,4.586162114603709,1.2545841041866077,0.16553002937547215,17758.284975606526
E10000018,2024,744477,21.183596000951,36.48615068027622,8.20038765468913,1.184505224,8.067576942,39,634235.8327402683,19605.660023530003,1704.167556334499,71276.60837931214,42516.82433113461,113153.01044549691,395730.26105491386,48352.80929549577,242659.89919975662,9613.98542127468,1287530.1676269774,817938.9248077604,241544.00033243358,0.0,0.0,0.0,0.0,0.0,0.0,0.0,0.0,0.0,0.0,13722601.40246036,0.0,0.0,9.668598252588545,RWE,0.07215016320284862,0.26230276975837147,3.0100709103399454,0.1564648071361326,0.41641077937381804,0.8930049439313356,0.8888983601540691,2.334031029120428,4.7381986432177055,1.456314293176095,0.1779416289887343,18432.53908778963
E10000019,2011,714768,20.86705056745685,35.34433550466725,,0.524817646,,23,,,,,,,,,,,,,,,,,,,,,,,,,,,9.992177544998636,RWD,,,,,,,,,,,,
E10000019,2012,719807,21.544386203524,35.014941505153466,7.035219162914504,0.626578927,6.92326266989023,31,,,,,,,,,,,,,,,,,,,,,,,,,,,9.992177544998636,RWD,,,,,,,,,,,,
E10000019,2013,725901,22.013056876901945,34.860538833807915,8.290386705625147,0.599866569,7.188774508121,26,,,,,,,,,,,,,,,,,,,,,,,,,,,9.992177544998636,RWD,,,,,,,,,,,,
E10000019,2014,732981,22.32499887445923,34.70158162353458,8.562295612028143,0.684576035,7.47039618704536,34,,,,,,,,,,,,,,,,,,,,,,,,,,,9.992177544998636,RWD,,,,,,,,,,,,
E10000019,2015,738351,22.607269442311317,34.4124948703259,9.257114841044435,0.717340648,7.61311686695868,36,,,,,,,,,,,,,,,,,,,,,,,,,,,9.992177544998636,RWD,,,,,,,,,,,,
E10000019,2016,746141,22.78590775738098,34.196485650835434,9.861406892262991,0.742909253,7.70633863809453,30,,,,,,,,,,,,,,,,,,,,,,,,,,,9.992177544998636,RWD,,,,,,,,,,,,
E10000019,2017,753031,22.908353042570624,33.880278501150684,8.560072560093808,0.76377362,7.78974956319161,28,,,,,,,,,,,,,,,,,,,,,,,,,,,9.992177544998636,RWD,,,,,,,,,,,,
E10000019,2018,757281,23.098295084651536,33.65817972456723,7.188877048281946,0.813468277,7.81966208081726,26,,,,,,,,,,,,,,,,,,,,,,,,,,,9.992177544998636,RWD,,,,,,,,,,,,
E10000019,2019,761263,23.307976349829165,33.493812256736504,6.5732867616053845,0.851880491,7.87478149734229,21,533939.2671147113,7280.27354407136,44.27827665384241,28311.68816174274,56381.05761579319,42207.31983691945,129029.40194454108,39467.74067272084,269481.62703250354,5138.422379580435,1301267.0913385625,645227.2323001826,76735.73366725659,0.0,0.0,0.0,0.0,0.0,0.0,0.0,0.0,0.0,0.0,13397326.252212457,0.0,0.0,9.992177544998636,RWD,0.026201135370120445,0.10189155250719065,2.322122370216743,0.202911018927983,0.15190084465406686,0.9698433097186006,0.2761659068674126,1.9216056831391946,4.683158538817449,0.46436673108631565,0.14204131340104373,17598.814407389375
E10000019,2020,763610,23.464726758423804,33.51029976034887,6.668325454093058,0.80630976,7.91164299777844,25,516282.0965193612,6386.931490846863,80.37615347201142,29668.418536425386,62215.30113469278,60481.84929913978,174074.54850966184,38619.88534596348,219896.22455707876,4797.921822619748,1125895.899292911,680007.7116427282,71770.9984573981,0.0,0.0,0.0,0.0,0.0,0.0,0.0,0.0,0.0,0.0,11756107.689354397,0.0,0.0,9.992177544998636,RWD,0.022915418133178374,0.10644614195199116,2.439772693414745,0.22321981092583404,0.21700042784925813,0.7889569410372066,0.25750431828554127,1.8523480537359627,4.039557233971049,0.6245551672442052,0.13856275462269246,15395.43443558151
E10000019,2021,769440,23.577147016011644,33.52685069661052,6.107038885423165,0.924434125,8.14363695430357,15,556431.0154366405,6128.019214578036,51.96667148200679,27865.44074523631,83974.92130264759,67617.6266364532,210642.74838466468,40661.74274650921,239839.9539558597,6929.7186159721205,1255306.6306963882,740530.7185698978,75253.68511849704,0.0,0.0,0.0,0.0,0.0,0.0,0.0,0.0,0.0,0.0,13143452.914701888,0.0,0.0,9.992177544998636,RWD,0.021819886850917496,0.09921978747481287,2.6367894621453845,0.2990074307827775,0.24076441516781177,0.8539922076609344,0.2679539402379708,1.981270190583867,4.4697393539239645,0.7500304380224033,0.14478326435062258,17081.842527944853
E10000019,2022,777140,23.74848804591193,33.49422240522943,7.787528630619965,1.029601693,8.39701677985934,33,600734.0819647051,8411.933800122904,43.02696790000663,36588.36364564006,70212.49597318315,79427.03378131485,238738.24681651534,41779.509040373436,250844.6521617648,8616.232380488322,1305537.5998632668,783886.9987911503,79958.84177382427,0.0,0.0,0.0,0.0,0.0,0.0,0.0,0.0,0.0,0.0,13499368.908710977,0.0,0.0,9.992177544998636,RWD,0.02965539538942721,0.1289884604830993,2.7635118680372126,0.2475268325736099,0.2800117246952025,0.8843266623272504,0.28188655831418497,2.117825359527629,4.602536662752068,0.8416467927765888,0.14728930222326767,17370.575325824146
E10000019,2023,785707,23.88027598074091,33.816931757003566,11.48137919097068,1.10472405,8.55154176080994,28,620200.6479127008,7553.07903197552,161.01172594351038,39016.37704866764,75418.77993004002,98711.43718235112,314241.7619781855,51422.09353984592,275645.93906647153,8590.817004936474,1362866.4180775152,897479.8892583268,85340.53032405821,0.0,0.0,0.0,0.0,0.0,0.0,0.0,0.0,0.0,0.0,14296890.114757454,0.0,0.0,9.992177544998636,RWD,0.026337257032063906,0.13604840442426988,3.1294732154182783,0.2629819949788875,0.34420247452329816,0.9611653626692537,0.297578705701626,2.1626125989650986,4.752255735882008,1.095747313167389,0.17930659654855105,18196.21069273591
E10000019,2024,790533,24.20303769735103,33.82856882634881,9.394927219989553,1.172447443,8.808812066,34,670332.7049156391,9635.580394593373,205.40218235947094,40944.52794070691,83244.71120274345,117404.07698968024,348901.32266799785,54759.375520852336,326104.78987983236,9723.999417182582,1496250.517268677,940323.6701497077,94319.19324454389,0.0,0.0,0.0,0.0,0.0,0.0,0.0,0.0,0.0,0.0,15770218.40002971,0.0,0.0,9.992177544998636,RWD,0.033393736119992745,0.14190019756120117,3.2588509692661414,0.28849864828580785,0.4068837170000224,1.1301713913178721,0.32687914181342054,2.323151542912167,5.185509631688504,1.2091766374165829,0.18977789207850848,19948.842616348353
E10000020,2011,859426,21.75044739163116,35.634597975858306,,0.873520553,,42,,,,,,,,,,,,,,,,,,,,,,,,,,,9.654735785003988,RM1,,,,,,,,,,,,
E10000020,2012,864776,22.49380186314144,35.36256787884955,7.021471456192123,0.989628851,6.16568369171665,34,,,,,,,,,,,,,,,,,,,,,,,,,,,9.654735785003988,RM1,,,,,,,,,,,,
E10000020,2013,870771,22.95838974885475,35.14023778926951,7.666768874939565,1.083541751,6.3602751310043,31,,,,,,,,,,,,,,,,,,,,,,,,,,,9.654735785003988,RM1,,,,,,,,,,,,
E10000020,2014,876986,23.335264188938023,34.82564145835851,7.727603405299515,1.119362473,6.43798042820858,32,,,,,,,,,,,,,,,,,,,,,,,,,,,9.654735785003988,RM1,,,,,,,,,,,,
E10000020,2015,882938,23.576287349734635,34.532662542556785,8.445666626648757,1.207513571,6.69308976723724,40,,,,,,,,,,,,,,,,,,,,,,,,,,,9.654735785003988,RM1,,,,,,,,,,,,
E10000020,2016,891150,23.770521236604388,34.3157717555967,9.24535712281883,1.212226748,6.80717441055937,37,,,,,,,,,,,,,,,,,,,,,,,,,,,9.654735785003988,RM1,,,,,,,,,,,,
E10000020,2017,898548,23.922372538807053,33.98549660118324,7.590023014908497,1.214239955,7.06335184919915,27,,,,,,,,,,,,,,,,,,,,,,,,,,,9.654735785003988,RM1,,,,,,,,,,,,
E10000020,2018,903527,24.07487546027955,33.82787675409811,7.218378642807576,1.265309811,7.37914479713405,36,,,,,,,,,,,,,,,,,,,,,,,,,,,9.654735785003988,RM1,,,,,,,,,,,,
E10000020,2019,906964,24.322244322817664,33.58181802144297,7.629850798929175,1.286313534,7.53443753743211,42,211318.81640938643,9751.265609938093,54.23686477609103,34818.86364374434,35362.72936378697,17339.370169882997,155405.96968834067,42450.20106761509,362430.47916792857,7997.87732760951,1475319.8640845988,962681.5172562947,135528.41259818492,0.0,0.0,0.0,0.0,0.0,0.0,0.0,0.0,0.0,0.0,15558155.10250858,0.0,0.0,9.654735785003988,RM1,0.029456291750952865,0.10517963995170986,2.908035609926475,0.10682253103515964,0.052378180118620034,1.0948176740184112,0.40939962274917413,0.6383446987924319,4.456596105654429,0.46944507165450516,0.12823212468542525,17154.10435530912
E10000020,2020,909883,24.44545067882354,33.593659844177765,6.489845397704979,1.284655333,7.53272567734541,40,190514.20385497148,9690.79742353579,77.87277371665904,33799.076264251715,38325.11453726847,35915.312627832194,188305.24791319098,45323.55337912761,328991.897456176,8532.611679138796,1335706.552518435,977096.251908374,151767.08518321786,0.0,0.0,0.0,0.0,0.0,0.0,0.0,0.0,0.0,0.0,14165606.237138512,0.0,0.0,9.654735785003988,RM1,0.029179718631401307,0.10177155628048373,2.9421101752925183,0.115399797337389,0.10814370285913832,0.9906193040901917,0.45698208822307823,0.5736525716936494,4.021912715041189,0.5670012395036097,0.1364726221359504,15568.601937983798
E10000020,2021,918462,24.526436586380274,33.70133984857294,5.361136334437353,1.285490394,7.72189165225928,38,216636.69896657506,8849.565516555014,42.09473529398125,40781.62507864103,56581.3561057804,54939.59002130812,236224.9082296121,45818.16024377078,331472.5887971797,8292.8078073105,1488071.6239634475,1131562.2889839374,164835.92776099895,0.0,0.0,0.0,0.0,0.0,0.0,0.0,0.0,0.0,0.0,15769130.18873727,0.0,0.0,9.654735785003988,RM1,0.026397809573899686,0.12164953984760356,3.3753934890616195,0.16877934415189685,0.16388203835968465,0.9887660881956821,0.4916972956278904,0.6462163950693125,4.438842933952593,0.7046470397209657,0.1366732713463564,17169.061092061806
E10000020,2022,925745,24.680554580365005,33.76620991741786,7.560397301632738,1.272763252,8.04498454993423,34,214564.14633489551,7781.815723049781,282.2435843197916,35838.4236703779,51686.586452034506,64074.284094667055,276877.51678052737,50779.73730697781,337578.74721743976,8579.276622694157,1461361.16969287,1205649.589279037,175132.89156451714,0.0,0.0,0.0,0.0,0.0,0.0,0.0,0.0,0.0,0.0,15529291.637291448,0.0,0.0,9.654735785003988,RM1,0.023030146613644917,0.10606318382559388,3.5680987309341066,0.1529655425305646,0.18962671558691174,0.9990583584548445,0.5183027089237854,0.6349988131288722,4.324872650714031,0.8194141357768419,0.15028173845316234,16774.912786233195
E10000020,2023,934300,24.779835170716044,33.97506154340148,10.804880659317137,1.325098157,8.3628442857767,50,220251.06999513495,10042.68871225363,513.1787725130263,43112.40447854085,56775.66091219842,87365.28105823495,330652.8259826287,50462.167868598604,362354.32128482754,10469.274713178807,1500962.66310935,1370503.2611403463,181505.14010594453,0.0,0.0,0.0,0.0,0.0,0.0,0.0,0.0,0.0,0.0,15954514.45288326,0.0,0.0,9.654735785003988,RM1,0.029449016001295028,0.12642210922994387,4.018841330599413,0.16648801875610758,0.2561885201820862,1.0625618807277224,0.5322427019743579,0.6458606325888547,4.401398345576572,0.9696009347929625,0.1479744350941767,17076.436319044482
E10000020,2024,940468,25.04721053773228,33.98765295576245,9.916339524577126,1.382096529,8.88201289,35,228229.08224982157,11988.969949997227,371.23828621964384,36340.46038782168,66032.88740551323,135542.54657683554,361910.6606574141,53043.34985383023,378909.75362493796,13407.530165920543,1619137.17125126,1506859.9680366693,201948.4261224576,0.0,0.0,0.0,0.0,0.0,0.0,0.0,0.0,0.0,0.0,17111905.554420944,0.0,0.0,9.654735785003988,RM1,0.034925689139546516,0.105865276832507,4.389711796757642,0.19236382342522804,0.39485601070558674,1.103821622895118,0.5883064168473674,0.6648659570010104,4.71679233105587,1.0543006849734975,0.15452332899670945,18195.096010093854
E10000024,2011,786796,18.26750517287836,36.99904422493251,,0.618692815,,25,,,,,,,,,,,,,,,,,,,,,,,,,,,8.015907175809456,RX1,,,,,,,,,,,,
E10000024,2012,789611,18.92260872758865,36.51810828369919,3.8297338816201902,0.674136162,6.09902753054042,38,,,,,,,,,,,,,,,,,,,,,,,,,,,8.015907175809456,RX1,,,,,,,,,,,,
E10000024,2013,795119,19.379614875257666,36.19395335792504,4.54900461440363,0.640501916,6.3641409822007,31,,,,,,,,,,,,,,,,,,,,,,,,,,,8.015907175809456,RX1,,,,,,,,,,,,
E10000024,2014,799367,19.81242658253343,35.80495567117482,4.526081261798398,0.730393529,6.59753352344294,38,,,,,,,,,,,,,,,,,,,,,,,,,,,8.015907175809456,RX1,,,,,,,,,,,,
E10000024,2015,802650,20.090574970410515,35.501152432567125,5.008409643057372,0.752445459,6.81712417116675,18,,,,,,,,,,,,,,,,,,,,,,,,,,,8.015907175809456,RX1,,,,,,,,,,,,
E10000024,2016,807422,20.350944115964143,35.12970912360575,5.7875559496768725,0.818903208,6.92469591278474,23,,,,,,,,,,,,,,,,,,,,,,,,,,,8.015907175809456,RX1,,,,,,,,,,,,
E10000024,2017,812333,20.561641592795077,34.790166101832625,4.487076112874892,0.878090322,7.08539276190937,32,,,,,,,,,,,,,,,,,,,,,,,,,,,8.015907175809456,RX1,,,,,,,,,,,,
E10000024,2018,816749,20.789251042854048,34.59802215858238,4.400372697119923,0.957688749,7.29516712363009,20,,,,,,,,,,,,,,,,,,,,,,,,,,,8.015907175809456,RX1,,,,,,,,,,,,
E10000024,2019,819900,21.075984876204416,34.51469691425783,4.209049884132211,0.944401324,7.47768967919583,12,457284.8392532449,7726.931625391293,18.782589787011084,25366.988072112952,22558.28282858683,10937.843332351107,66097.38696540022,53392.613548463014,235781.6275733549,5654.356819792052,1255182.968385253,487368.8268344831,204360.19218678,0.0,0.0,0.0,0.0,0.0,0.0,0.0,0.0,0.0,0.0,13096343.598037189,0.0,0.0,8.015907175809456,RX1,0.025819826425178122,0.08476472430521247,1.6285608730583017,0.07537933235622396,0.03654920607541884,0.7878729867603463,0.6828771039127058,1.5280341212785553,4.194240087365325,0.22086685133803557,0.17841338335100343,15973.098668175619
E10000024,2020,822118,21.18807762389341,34.617415018282045,3.7622336452917953,0.857173026,7.49604483817609,15,576535.6286919431,7883.252957465917,218.9245666633004,28212.851366685423,37203.55522029111,22001.604543889887,151755.9970174255,47563.95310062805,229611.56379911248,6788.344507241599,1173520.7035272673,728081.8663524595,171691.64546350946,0.0,0.0,0.0,0.0,0.0,0.0,0.0,0.0,0.0,0.0,12262019.257398663,0.0,0.0,8.015907175809456,RX1,0.026271111091261592,0.09401993776610951,2.426348576873158,0.12398165293637017,0.07332082330443677,0.7651855056473829,0.5721661242826938,1.9213174600837828,3.910783142010269,0.5057301443859175,0.15850790309382995,14915.157261364748
E10000024,2021,826132,21.33194211094595,34.738274270939755,3.6568006081352618,0.940243483,7.71127493610481,14,689470.2826717212,9304.883348508964,187.6839562279176,29261.554324204957,58343.009254111916,39831.86432120802,217746.49975680487,53483.26730009526,219864.19288644433,8851.046041972055,1356317.9635386285,917195.2776345989,201667.11732675773,0.0,0.0,0.0,0.0,0.0,0.0,0.0,0.0,0.0,0.0,14079516.333907971,0.0,0.0,8.015907175809456,RX1,0.030858060324264622,0.09704095953688172,3.041721872946898,0.1934846501166516,0.1320955917463189,0.729142136781632,0.6687946359786271,2.2865107253473544,4.4979974460900065,0.7221191683149539,0.17736814389506256,17042.6957603724
E10000024,2022,835059,21.44459253777278,34.90328228304826,6.991122782941086,1.066496253,7.81751366593791,26,709280.1834246081,12119.434757064946,116.08418149386898,40015.77158206902,52176.86025214759,107083.71480527245,247684.49806446538,61225.643595362846,223166.84857605095,8783.970386025203,1377739.1125485185,973840.0921235008,226507.06724205,0.0,0.0,0.0,0.0,0.0,0.0,0.0,0.0,0.0,0.0,14288747.629823577,0.0,0.0,8.015907175809456,RX1,0.03976237707907324,0.13128683231936683,3.1950497472797736,0.17118587077162012,0.3513285175806623,0.7321830235899859,0.7431418708288465,2.3270611768096643,4.520192831419552,0.8126224206074567,0.2008738176612239,17111.063565357148
E10000024,2023,846144,21.47802265335451,35.19578227819378,8.9003762952878,1.185809731,7.92156919118228,27,715738.4109608454,11839.101915173302,277.30460159290294,42984.205872287566,59830.07378514079,130029.9072135139,299305.78234875016,68474.06800805686,236499.2899543027,6692.620363738938,1354945.9936252313,1086515.154501634,209788.81655794755,0.0,0.0,0.0,0.0,0.0,0.0,0.0,0.0,0.0,0.0,14123451.011622196,0.0,0.0,8.015907175809456,RX1,0.0383337772979647,0.13917837577919173,3.518022757296255,0.19372353922056854,0.4210232787006878,0.7657600362926102,0.6792743090782163,2.3174863301251145,4.387173819648534,0.9691209085585554,0.2217118910297106,16691.545424445718
E10000024,2024,855350,21.640381130531363,35.392646285146434,7.809668556731163,1.189815879,8.059099877,29,709454.4675264962,14057.31867621996,122.98230884775003,45217.471806926296,79598.14549286757,173949.54395659524,392348.8310310682,72742.47014976991,269427.239041067,8140.639853948474,1403645.9708196523,1200338.766847984,208176.26040151462,0.0,0.0,0.0,0.0,0.0,0.0,0.0,0.0,0.0,0.0,14648519.76123028,0.0,0.0,8.015907175809456,RX1,0.045026248731697464,0.14483367557437052,3.844741171716085,0.25495658027633505,0.557168519356717,0.862988039154258,0.666798291820026,2.2724158180108796,4.4959436482210755,1.2567116434146344,0.23299753173144666,17125.76110508012
E10000025,2011,654791,15.98051897475683,41.461779407475056,,1.129534125,,71,,,,,,,,,,,,,,,,,,,,,,,,,,,18.712591569220336,RTH,,,,,,,,,,,,
E10000025,2012,662243,16.42312565025225,41.09186507067648,15.27686966868657,1.282318354,4.68811241889428,71,,,,,,,,,,,,,,,,,,,,,,,,,,,18.712591569220336,RTH,,,,,,,,,,,,
E10000025,2013,669390,16.725675615112266,40.78310103228312,16.41046325759273,1.295593262,4.77088752301677,64,,,,,,,,,,,,,,,,,,,,,,,,,,,18.712591569220336,RTH,,,,,,,,,,,,
E10000025,2014,676621,16.963410831174322,40.56170293266097,18.14605222125828,1.231609941,4.86710657802185,74,,,,,,,,,,,,,,,,,,,,,,,,,,,18.712591569220336,RTH,,,,,,,,,,,,
E10000025,2015,682571,17.179311749253923,40.29646732720845,18.2310704673946,1.041894555,4.92550797763535,50,,,,,,,,,,,,,,,,,,,,,,,,,,,18.712591569220336,RTH,,,,,,,,,,,,
E10000025,2016,690541,17.2925286116248,40.11000070958857,20.055289982781616,1.119231701,4.97086035856208,38,,,,,,,,,,,,,,,,,,,,,,,,,,,18.712591569220336,RTH,,,,,,,,,,,,
E10000025,2017,696188,17.442414979861763,39.88534706142594,17.449309669227276,1.199755549,4.97476143586657,40,,,,,,,,,,,,,,,,,,,,,,,,,,,18.712591569220336,RTH,,,,,,,,,,,,
E10000025,2018,702259,17.575851644478746,39.74701641417198,17.325516654111944,1.225219727,5.0319799399286,40,,,,,,,,,,,,,,,,,,,,,,,,,,,18.712591569220336,RTH,,,,,,,,,,,,
E10000025,2019,708513,17.789652412870335,39.64853150189199,18.153513061863368,1.233991623,5.0529896555555,48,222747.48121855513,10577.43302426797,288.9595581978283,40184.794340008964,33497.16075387445,19528.92940184722,256375.4403441162,47018.43352214568,137973.14715101224,7788.224141867962,984696.9571324161,759586.8403641797,350699.81662740716,0.0,0.0,0.0,0.0,0.0,0.0,0.0,0.0,0.0,0.0,10351138.037209293,0.0,0.0,18.712591569220336,RTH,0.04090153400098273,0.15538928284862616,2.937221810487868,0.12952908861418191,0.07551578611746637,0.5335239047576267,1.356109789682834,0.8613350380750359,3.807692847632386,0.9913699066865518,0.18181406140475945,14609.665647926422
E10000025,2020,714766,17.895087343270387,39.60988631244352,14.572601382830186,1.015786767,5.16610720809221,41,270739.6742728563,10907.903080974327,479.01075850828454,40328.16332724796,40936.696349666556,21113.454513257835,353564.9136879848,45836.23421746044,106220.59984016106,6960.644975945231,888812.4079737542,884277.0206420321,424955.46404276363,0.0,0.0,0.0,0.0,0.0,0.0,0.0,0.0,0.0,0.0,9423203.24376752,0.0,0.0,18.712591569220336,RTH,0.04181041903961874,0.15457942698000315,3.389468397884454,0.15691195785031728,0.08092869674584499,0.4071477127169431,1.6288709106513741,1.037755758184358,3.406852714873576,1.3552281395665684,0.1756920780835312,13183.619875270397
E10000025,2021,726727,18.006486617395527,39.83132593119562,15.407436355054925,0.963966548,5.30853869430354,53,275454.42784480716,11087.786240962241,568.626072567199,44429.196485714805,56408.7431254722,40232.4749139852,506091.7184165278,49438.5678712989,108780.77025649004,8625.617915378089,981618.6302447203,926611.7716952082,440059.5462403706,0.0,0.0,0.0,0.0,0.0,0.0,0.0,0.0,0.0,0.0,10382270.691066304,0.0,0.0,18.712591569220336,RTH,0.04180042375002096,0.16749594550396468,3.493282055305569,0.21265826330055507,0.15167450592650694,0.4100983003961976,1.6590034393099082,1.0384500167576527,3.7006552808131628,1.9079415697998927,0.18638103600697864,14286.342314330284
E10000025,2022,740061,18.1295866151574,39.979407102928,19.61459933708167,0.9587093,5.48849780857307,54,228618.25876225313,10556.565691643857,517.8536085323055,42602.56782749966,49122.11020763723,54240.46924066856,590297.9534083501,56856.6823433005,135855.5631853544,10062.214586098822,1003157.8163463705,936295.6685568232,353485.63896463445,0.0,0.0,0.0,0.0,0.0,0.0,0.0,0.0,0.0,0.0,10516399.705674635,0.0,0.0,18.712591569220336,RTH,0.039080694409414404,0.15771586924720796,3.466192128060318,0.18185139313724188,0.2007996980207039,0.5029410040869989,1.308613486432281,0.8463510357513592,3.7137176246703336,2.185299140033311,0.21048499035538776,14210.17957394679
E10000025,2023,754028,18.235662336146667,40.21283029277427,22.902332539375195,1.044010401,5.60718939061944,56,142812.40600191554,11792.189144375965,1143.893904701132,46450.17725305176,48685.44676548019,80125.64437211606,637833.3124784771,58636.88412998302,123395.41246851977,11229.984420493856,1011458.7150270818,935583.3531107572,205154.0875497389,0.0,0.0,0.0,0.0,0.0,0.0,0.0,0.0,0.0,0.0,10670125.448643634,0.0,0.0,18.712591569220336,RTH,0.042846376419494056,0.16877458078135305,3.3993990452836536,0.1768963296573202,0.29113284035641007,0.4483515508726786,0.7454179331363767,0.518902303042689,3.6750886799926317,2.3175379791444,0.21305441922102605,14150.83451628273
E10000025,2024,765123,18.384102948153437,40.23954318455987,21.41877841863334,1.153651237,5.707605556,53,138538.89573470922,12069.417974309983,1391.2337864561644,48689.15629883941,51003.423723857326,130959.7738651291,671196.1856892849,55856.68051997336,156888.20806931902,9943.895399549938,1072586.3552395534,1047469.9634486431,179202.84574275324,0.0,0.0,0.0,0.0,0.0,0.0,0.0,0.0,0.0,0.0,11353605.39998459,0.0,0.0,18.712591569220336,RTH,0.04321775526255697,0.17434445019159478,3.750744287881954,0.1826312991017429,0.4689362377034198,0.561779879887587,0.641683364197753,0.4960752956730593,3.8406801966232464,2.4033961329390157,0.2000096735094678,14838.928381429641
E10000028,2011,849546,18.631363104528774,37.02036146365235,,0.590997338,,30,,,,,,,,,,,,,,,,,,,,,,,,,,,6.392690415587088,RJE,,,,,,,,,,,,
E10000028,2012,850682,19.445809362370422,36.4862545581075,2.818914706082884,0.632823825,6.39706752767031,35,,,,,,,,,,,,,,,,,,,,,,,,,,,6.392690415587088,RJE,,,,,,,,,,,,
E10000028,2013,854573,19.979217691174423,36.11663368723328,2.9886270687232104,0.667750478,6.68254562587561,38,,,,,,,,,,,,,,,,,,,,,,,,,,,6.392690415587088,RJE,,,,,,,,,,,,
E10000028,2014,856391,20.487954684250536,35.63979537384209,3.7634678552203376,0.715471864,6.86047498922115,26,,,,,,,,,,,,,,,,,,,,,,,,,,,6.392690415587088,RJE,,,,,,,,,,,,
E10000028,2015,857167,20.87609532331506,35.15977633296662,4.245380421784787,0.726661325,7.05480917060594,43,,,,,,,,,,,,,,,,,,,,,,,,,,,6.392690415587088,RJE,,,,,,,,,,,,
E10000028,2016,861230,21.1552082486676,34.82228905170512,4.800111468481125,0.793545842,7.07795454705514,35,,,,,,,,,,,,,,,,,,,,,,,,,,,6.392690415587088,RJE,,,,,,,,,,,,
E10000028,2017,863528,21.41783474305408,34.39564206372,3.794897212366015,0.824692726,7.27997251608434,31,,,,,,,,,,,,,,,,,,,,,,,,,,,6.392690415587088,RJE,,,,,,,,,,,,
E10000028,2018,866810,21.67741488907604,34.14081517287526,3.443661240640971,0.863568425,7.4892931348853,28,,,,,,,,,,,,,,,,,,,,,,,,,,,6.392690415587088,RJE,,,,,,,,,,,,
E10000028,2019,870117,21.9773892476529,34.01956288637045,3.0811948278220056,0.902885795,7.6367323836049,41,569549.1406258629,9101.351650725861,33.28921621424274,38410.48870098814,45206.712647708606,27604.670800919823,165829.98271953498,53175.38400362195,325278.89275165746,6843.936937308232,1439772.326111708,536632.4921809108,247904.55508877983,0.0,0.0,0.0,0.0,0.0,0.0,0.0,0.0,0.0,0.0,15213956.42086945,0.0,0.0,6.392690415587088,RJE,0.028657307008124952,0.12094260383275537,1.689687715531472,0.14234178536219405,0.08691846621892597,1.0242013989321872,0.7805738330443699,1.7933319363423756,4.533392308591307,0.5221466995582754,0.16743263672766648,17484.954805927762
E10000028,2020,872087,22.130704849401493,34.01747761404539,2.755459031037041,0.867691338,7.58912529750707,29,545308.0889513933,7892.764041588705,55.691370493023136,34042.37628121357,45411.28951706674,39705.19135776641,205678.78301320583,51274.77033913402,248138.9630659709,8048.977929373032,1232577.8206397255,554321.5263931636,231156.71541808065,0.0,0.0,0.0,0.0,0.0,0.0,0.0,0.0,0.0,0.0,12997988.913425554,0.0,0.0,6.392690415587088,RJE,0.024795703952525113,0.10694665134567076,1.7414422109330006,0.14266293595430285,0.12473680514175925,0.7795469666709949,0.7261959754457722,1.7131258283295043,3.8722346921800783,0.6461551600983313,0.1610834960811737,14904.463560889628
E10000028,2021,877808,22.26044875416948,34.12887556276544,2.687375827060132,0.919314682,7.73709866829017,28,608432.4679393321,10932.470373267706,420.1636680082955,37573.722014033854,66090.44599654662,58320.723087845174,276060.6593958423,56751.623523260314,255194.6245907967,8427.681695282841,1398887.0522256808,601611.3333781282,235175.69926876717,0.0,0.0,0.0,0.0,0.0,0.0,0.0,0.0,0.0,0.0,14794960.66678581,0.0,0.0,6.392690415587088,RJE,0.03412132678830789,0.11727132145986133,1.87768877525977,0.20627485174324206,0.18202477418797475,0.7964877912291511,0.7340067352974594,1.8989782142871074,4.3660655477869055,0.8616127600651158,0.17712745846896688,16854.43817644156
E10000028,2022,886397,22.389741842537823,34.29772438309245,4.060257424156444,0.931643248,7.99312484789487,36,645706.2807502509,9802.874837131949,344.66257726165475,41688.51731918218,50442.95049958002,67182.87663711177,345372.3838571215,61487.44132713306,282813.5433809204,8294.24167148193,1432130.596492626,649329.7847974637,232403.04816127926,0.0,0.0,0.0,0.0,0.0,0.0,0.0,0.0,0.0,0.0,15098741.641946012,0.0,0.0,6.392690415587088,RJE,0.030299280496897077,0.1288532293576861,2.0069852580433745,0.15591192702864634,0.20765263839804787,0.874136110231817,0.7183244978197306,1.9957855266041569,4.42651032194695,1.0674965158925327,0.1900488645178271,17033.83657880838
E10000028,2023,897673,22.45561579773481,34.664404521468285,6.589259117741093,1.012871623,8.2157629250878,36,689284.1735696356,11267.07680050358,312.30615210926106,42586.4451989261,54075.115800649335,85555.88379166223,407826.17203290155,68495.54996725162,283180.08988751326,7152.935747124308,1465229.8019297984,729825.3444784695,249710.4508187897,0.0,0.0,0.0,0.0,0.0,0.0,0.0,0.0,0.0,0.0,15428420.780586801,0.0,0.0,6.392690415587088,RJE,0.034387470229163074,0.12997516058277894,2.22744974141122,0.16503894201291544,0.26111922896309947,0.8642744771264321,0.7621240935411243,2.1037168218290416,4.471927109833092,1.244698212124385,0.2090505573924679,17187.128030571046
E10000028,2024,906397,22.651663674968034,34.875446410347784,5.281350225122105,1.064799547,8.414216501,40,735752.9600965639,12058.108618135579,259.795497498321,45896.500797620385,57329.61354138357,133102.2506885027,432302.47935909615,73124.92785232773,284353.4871914853,8497.24510361269,1551749.2170079474,756184.1847099094,281226.9919270303,0.0,0.0,0.0,0.0,0.0,0.0,0.0,0.0,0.0,0.0,16404285.509365955,0.0,0.0,6.392690415587088,RJE,0.036447510331884654,0.13872931817040401,2.285684410204266,0.17328768118159593,0.4023222721571737,0.859502679112669,0.8500523604878703,2.2239278533701388,4.690403562489718,1.3067015385184224,0.22103147747462662,18098.344885702354
E10000029,2011,730133,20.042649763810157,36.06630572786054,,0.725118756,,29,,,,,,,,,,,,,,,,,,,,,,,,,,,10.679914090656961,RDE,,,,,,,,,,,,
E10000029,2012,732697,20.861283723012377,35.67245396118723,4.744116599358262,0.799601674,5.79896273474707,33,,,,,,,,,,,,,,,,,,,,,,,,,,,10.679914090656961,RDE,,,,,,,,,,,,
E10000029,2013,734875,21.457390712706243,35.30001700969552,4.844361285932981,0.910628319,6.0774239289841,25,,,,,,,,,,,,,,,,,,,,,,,,,,,10.679914090656961,RDE,,,,,,,,,,,,
E10000029,2014,740175,21.91049413989935,34.900935589556525,5.416286688958692,0.903019607,6.17495319460819,32,,,,,,,,,,,,,,,,,,,,,,,,,,,10.679914090656961,RDE,,,,,,,,,,,,
E10000029,2015,744501,22.214745178314065,34.6089528422393,6.184007811943839,0.980573893,6.34434860323944,28,,,,,,,,,,,,,,,,,,,,,,,,,,,10.679914090656961,RDE,,,,,,,,,,,,
E10000029,2016,747783,22.5256524954432,34.124605667687014,6.987321188098687,1.020378232,6.53850891870019,30,,,,,,,,,,,,,,,,,,,,,,,,,,,10.679914090656961,RDE,,,,,,,,,,,,
E10000029,2017,753590,22.703592138961504,33.91233960110936,5.970089836648576,1.043948531,6.62315706703362,19,,,,,,,,,,,,,,,,,,,,,,,,,,,10.679914090656961,RDE,,,,,,,,,,,,
E10000029,2018,755345,22.97519676439243,33.66130708484203,6.205111571533537,1.087135673,6.84358807047173,20,,,,,,,,,,,,,,,,,,,,,,,,,,,10.679914090656961,RDE,,,,,,,,,,,,
E10000029,2019,757321,23.2951416902476,33.494647580088234,5.221035729895249,1.11981535,7.10396054655907,21,429619.25710921845,7441.914782991305,132.86282526835782,23578.254610992553,38707.17411287265,21091.287024038946,101998.6937247286,32652.83438235242,271941.0674276056,6045.476899874191,1340429.997316405,535976.07068778,130180.6057314571,0.0,0.0,0.0,0.0,0.0,0.0,0.0,0.0,0.0,0.0,14081103.215720475,0.0,0.0,10.679914090656961,RDE,0.02692227948866295,0.08529798835412693,1.9389764590252017,0.14002919813927603,0.07630099787417172,0.9837889354046758,0.47094850635967306,1.5542142111115382,4.849213149446264,0.3689960742646256,0.11812668633990484,18593.30880263518
E10000029,2020,756668,23.50740351118324,33.45826703389069,4.0810500774447975,1.120273232,7.25163850513451,26,352002.66251174704,7530.617028895051,160.69073839898988,21801.789689198326,41258.28583155517,29565.1559153213,130077.71651156901,33694.05378939159,234356.00204583042,6417.573408576529,1157192.8371305503,603856.4281961798,147885.6193040932,0.0,0.0,0.0,0.0,0.0,0.0,0.0,0.0,0.0,0.0,12272714.064874735,0.0,0.0,10.679914090656961,RDE,0.027266684300677173,0.07893941683187063,2.186429415728191,0.14938704892833754,0.107048834053064,0.8485508023092388,0.5354608365692575,1.2745231147564946,4.189937111922596,0.47098239321756435,0.12199865216359014,16219.41732024446
E10000029,2021,763349,23.643313870850687,33.65472411701594,3.981140998416189,1.148852944,7.47561973353399,19,368560.87043414306,6478.27619749751,89.45668507437989,25665.781037705307,52886.07172987685,44136.651813710574,174369.98119194945,35241.44071181892,240986.25545815227,6480.404778421309,1340276.1472335786,672509.1184492749,153203.1297584769,0.0,0.0,0.0,0.0,0.0,0.0,0.0,0.0,0.0,0.0,14141135.674525522,0.0,0.0,10.679914090656961,RDE,0.02325109734990428,0.09211672291766976,2.413693782892839,0.1898127163396324,0.15841028643018246,0.8649206540176313,0.5498593724207654,1.3227970553555597,4.81036779307441,0.6258290452576143,0.12648459926082004,18525.1250404802
E10000029,2022,769034,23.91961863844772,33.514252945903564,6.371629862918934,1.186259747,7.67434293236308,30,383659.587501897,7346.299970163713,70.7574708416989,25247.86526696197,49765.31737322868,48637.255062125165,212725.0355602822,41981.32735633638,259902.06762231482,6635.536513778155,1400320.0266958836,764582.9976464936,161035.55909274315,0.0,0.0,0.0,0.0,0.0,0.0,0.0,0.0,0.0,0.0,14712477.885845121,0.0,0.0,10.679914090656961,RDE,0.02617159869826983,0.08994691211066738,2.7238690860969954,0.1772916870634064,0.1732729028818797,0.9259154461821176,0.5736980583210338,1.3668084343987963,4.988717304858223,0.7578446682507054,0.14956079344065332,19131.11499081331
E10000029,2023,778217,24.073491069971485,33.6425444316945,8.487349929389874,1.21251142,8.02696796419114,33,414972.751813171,8530.022399535468,368.90742422699526,29381.727906473192,50555.13909969268,61505.21662555562,258868.0640169933,43351.745130455456,274213.4157324969,7433.32552648534,1426824.4513311756,843632.536461095,181256.2365950664,0.0,0.0,0.0,0.0,0.0,0.0,0.0,0.0,0.0,0.0,15066699.774020853,0.0,0.0,10.679914090656961,RDE,0.030030087215119888,0.10343886689094305,2.97002252289738,0.17798021684198229,0.2165301488013516,0.965372938581176,0.6381156271677171,1.4609185468875752,5.023159460457478,0.9113493699691689,0.15262054731135566,19360.537965658492
E10000029,2024,785501,24.3322414611821,33.67239507015268,6.973893094980146,1.289362192,8.327298848,31,421208.27888197923,9785.430208452064,616.6360105234387,29553.95601589565,57142.26012518678,91373.84587851106,296751.2594170496,40603.58905659296,292498.2829278409,9864.277453758508,1494808.02624366,954777.2029691752,181280.02447821395,0.0,0.0,0.0,0.0,0.0,0.0,0.0,0.0,0.0,0.0,15762721.250267437,0.0,0.0,10.679914090656961,RDE,0.03413031661496996,0.10308038119531757,3.3301395584985967,0.19930482243724562,0.31870017196253425,1.020196229802907,0.6322813100303821,1.4691200706404732,5.213697316059536,1.0350300624541624,0.14162007399620152,20067.092531094724
E10000030,2011,1135367,17.275559356578093,38.06716242413246,,1.31403482,,100,,,,,,,,,,,,,,,,,,,,,,,,,,,17.922433920219692,RTK,,,,,,,,,,,,
E10000030,2012,1145011,17.722973840425986,37.64470385000668,9.95536287424313,1.315470099,4.88591385650351,98,,,,,,,,,,,,,,,,,,,,,,,,,,,17.922433920219692,RTK,,,,,,,,,,,,
E10000030,2013,1156631,17.99320613056368,37.36680064774332,9.894253223370288,1.390975952,4.93959937642321,57,,,,,,,,,,,,,,,,,,,,,,,,,,,17.922433920219692,RTK,,,,,,,,,,,,
E10000030,2014,1166995,18.23298300335477,37.14651733726365,11.328240480893236,1.424817562,5.04627728786844,77,,,,,,,,,,,,,,,,,,,,,,,,,,,17.922433920219692,RTK,,,,,,,,,,,,
E10000030,2015,1174418,18.3397223135204,36.9361675314922,11.554659414280096,1.47112751,5.20803082224933,68,,,,,,,,,,,,,,,,,,,,,,,,,,,17.922433920219692,RTK,,,,,,,,,,,,
E10000030,2016,1182180,18.43754758158656,36.615997563822766,12.717183508433571,1.523542285,5.31612329777616,62,,,,,,,,,,,,,,,,,,,,,,,,,,,17.922433920219692,RTK,,,,,,,,,,,,
E10000030,2017,1185103,18.53965435915697,36.29169785242296,11.278344582707158,1.437013865,5.42041128338723,61,,,,,,,,,,,,,,,,,,,,,,,,,,,17.922433920219692,RTK,,,,,,,,,,,,
E10000030,2018,1186752,18.674836865663597,36.031790972334576,11.447210537669202,1.381418705,5.57073072678622,43,,,,,,,,,,,,,,,,,,,,,,,,,,,17.922433920219692,RTK,,,,,,,,,,,,
E10000030,2019,1192224,18.83010239686502,35.921018197922535,11.64797890329334,1.577618718,5.77746429829178,47,262785.84919730487,15528.326383938997,173.53130362802156,53731.122210646514,36516.70289224062,40038.70024215611,188864.07447765386,49340.1557796343,324865.74288713536,6390.242288766602,1777974.8749168324,779013.3181879956,99357.65710666995,0.0,0.0,0.0,0.0,0.0,0.0,0.0,0.0,0.0,0.0,18461403.321484026,0.0,0.0,17.922433920219692,RTK,0.03568403249389146,0.12347390591178442,1.7901695180844834,0.08391523853621839,0.0920087744891833,0.7465401897610107,0.2283235022918143,0.6038808400749756,4.085779216714338,0.4340088947099898,0.11338348245405178,15484.844560656407
E10000030,2020,1195847,18.91596500221182,35.80692178848967,9.821490541850252,1.542544961,5.74926985781081,45,238741.92337524597,14420.77929615548,247.54942090517065,47064.17465571616,41233.22497713497,61525.9616298895,236570.24344572859,49082.348560444916,259739.5739239197,6443.260926421234,1628224.3954600117,814467.6565063599,93280.32410069484,0.0,0.0,0.0,0.0,0.0,0.0,0.0,0.0,0.0,0.0,17127800.348014254,0.0,0.0,17.922433920219692,RTK,0.03303849436677829,0.10782562005192643,1.8659730191267994,0.0944667166145698,0.1409580643995874,0.5950721714604272,0.2137083855900676,0.546965842036685,3.7303173020335914,0.5419904496779009,0.11244932490263,14322.735557319837
E10000030,2021,1205994,18.95390856007576,36.01203654412874,9.777826423680382,1.506150365,5.84509641870609,65,270587.01606176235,17229.68352593924,254.74064162914038,56396.70255019682,56616.251461648266,85067.57556962418,307057.15841538075,56291.54347363975,273866.92252355395,7723.668528696942,1957095.4975391289,914836.7820542523,94351.04814241925,0.0,0.0,0.0,0.0,0.0,0.0,0.0,0.0,0.0,0.0,20578288.526805606,0.0,0.0,17.922433920219692,RTK,0.03914166438625195,0.1281196372752731,2.078287406582777,0.12861839918204065,0.193252910773754,0.6221592608926494,0.21434271008644984,0.6147081084816101,4.446046558034237,0.697559431314967,0.12788074134456326,17063.34237716407
E10000030,2022,1218503,19.061011749663315,35.94082246822536,15.747191430796642,1.587975144,6.00023202456776,57,257979.05805642932,19012.79786656929,266.29136730902417,61807.35708879376,42559.598696660905,92758.35171027885,358755.7284165954,59740.67583142597,295976.50343330816,9476.3138600939,1937034.1226102738,963882.3471727647,96591.8345893704,0.0,0.0,0.0,0.0,0.0,0.0,0.0,0.0,0.0,0.0,20042213.246148426,0.0,0.0,17.922433920219692,RTK,0.042749059434964855,0.1389698875594109,2.167227781874961,0.09569253441708751,0.20856121851084497,0.6654842293816831,0.2171805594721958,0.5800494047865523,4.355297280082185,0.8066392997151498,0.13432308699253115,16448.226427139227
E10000030,2023,1236445,19.07792097505348,36.28353869359333,17.648985599844714,1.627214074,6.1526295128228,57,256681.76715409587,17268.412429103933,174.04455487781746,71790.34999256059,45535.926164013545,123734.23002160367,440493.7886015789,66189.20474018174,274845.70244541037,10220.720996682701,2031958.5338413883,1096055.230863945,108801.09344403414,0.0,0.0,0.0,0.0,0.0,0.0,0.0,0.0,0.0,0.0,20977167.046294805,0.0,0.0,17.922433920219692,RTK,0.03826350463129892,0.15907370759765047,2.4286491056722,0.10089891753631403,0.27417142733412886,0.6090055962925756,0.2410824480813152,0.56875778399395,4.502432119307554,0.9760501255927861,0.14666263922730247,16965.70979404244
E10000030,2024,1247792,19.2479996666111,36.31286304127611,15.408016720735509,1.676805496,6.326488826,62,282900.8078716427,21341.95085616682,445.3997848050331,73248.39317037901,52751.08687755847,162827.76165430807,514547.4029020144,65773.54110732055,290325.9020720454,11238.806143396017,2132937.229161292,1237519.502880897,107906.65006937909,0.0,0.0,0.0,0.0,0.0,0.0,0.0,0.0,0.0,0.0,22035723.30361931,0.0,0.0,17.922433920219692,RTK,0.046859651477228155,0.1608285108687306,2.7171711242374625,0.11582341102679053,0.35751427849124323,0.637456747866929,0.23692623267686141,0.6211537712196034,4.683203323581003,1.1297707567129085,0.14441628291078137,17659.772865685394
E10000031,2011,546554,18.35134314267209,37.74192486012361,,0.882063985,,45,,,,,,,,,,,,,,,,,,,,,,,,,,,12.51949993046212,RJC,,,,,,,,,,,,
E10000031,2012,550276,18.962666007603456,37.37578960376248,5.996990601080185,0.906509876,5.69597197395412,53,,,,,,,,,,,,,,,,,,,,,,,,,,,12.51949993046212,RJC,,,,,,,,,,,,
E10000031,2013,553178,19.418523513227207,36.9436239329836,6.187881658345053,0.963729024,5.96549089579246,44,,,,,,,,,,,,,,,,,,,,,,,,,,,12.51949993046212,RJC,,,,,,,,,,,,
E10000031,2014,557454,19.82495416662182,36.53270045600175,7.966576614393294,1.052312255,6.13081035198233,54,,,,,,,,,,,,,,,,,,,,,,,,,,,12.51949993046212,RJC,,,,,,,,,,,,
E10000031,2015,561471,20.04716183026372,36.278454274575175,8.354839341657895,1.094661355,6.30467059589472,25,,,,,,,,,,,,,,,,,,,,,,,,,,,12.51949993046212,RJC,,,,,,,,,,,,
E10000031,2016,566625,20.23331127288771,36.04853298036621,9.814251047871169,1.208147407,6.37615048393456,28,,,,,,,,,,,,,,,,,,,,,,,,,,,12.51949993046212,RJC,,,,,,,,,,,,
E10000031,2017,572303,20.37854073803562,35.81581784474308,7.946839349086061,1.239091516,6.45137729549249,41,,,,,,,,,,,,,,,,,,,,,,,,,,,12.51949993046212,RJC,,,,,,,,,,,,
E10000031,2018,578389,20.45854952289895,35.75724987854195,7.69032606083449,1.256429553,6.56729813236284,22,,,,,,,,,,,,,,,,,,,,,,,,,,,12.51949993046212,RJC,,,,,,,,,,,,
E10000031,2019,584155,20.61884260170674,35.65817291643485,6.508546533026337,1.21811676,6.72586101173193,21,364935.64142927993,4839.129943571136,423.74638032326413,21079.10129754751,18478.81753852462,40997.37432940923,142980.77449503093,39542.27684593475,153679.55536413565,3495.7337748992372,926920.773929645,374492.142806075,57370.066143814205,0.0,0.0,0.0,0.0,0.0,0.0,0.0,0.0,0.0,0.0,9661936.928347105,0.0,0.0,12.51949993046212,RJC,0.022695843151833463,0.09886239518455593,1.756393201635825,0.08666689040720509,0.19228042814874607,0.720767395143345,0.2690694480192931,1.7115725708907947,4.347320436648253,0.6705893971659141,0.18545592361163643,16540.022645268986
E10000031,2020,589253,20.61508384344246,35.71963146560136,5.4900017479758265,1.234549046,6.75685720657103,40,345984.64988391014,7055.931459383522,198.92640705783808,17909.434403910156,18760.93789773992,41337.595803062795,198955.1733325508,34363.15135341934,77559.88248924921,3610.3221551407196,775368.7471024091,409512.62190714566,51171.09448165361,0.0,0.0,0.0,0.0,0.0,0.0,0.0,0.0,0.0,0.0,8037872.085410636,0.0,0.0,12.51949993046212,RJC,0.032806483915744464,0.08326973909739381,1.90402490744502,0.08722879621626314,0.19219874507499987,0.3606139107270885,0.23791950045530647,1.6086522264067846,3.605069362849021,0.9250401214156275,0.15977113420950653,13640.782627174805
E10000031,2021,599115,20.607562821828864,36.01278552531651,5.6182869732855965,1.295985341,6.91940526054904,24,403419.7696517135,6467.460630800565,225.3584891077111,18896.899277992263,30932.613911834236,55576.66698049045,252748.82031450214,36413.264274840396,125730.56955021889,4531.0019075529035,902643.2249557322,422312.72517790203,80226.68336586826,0.0,0.0,0.0,0.0,0.0,0.0,0.0,0.0,0.0,0.0,9413061.7742725,0.0,0.0,12.51949993046212,RJC,0.029575407428242342,0.0864146729576457,1.931217153419568,0.1414534562307451,0.254149605739198,0.5749602561047815,0.3668730252275909,1.8448205150620611,4.127746988249368,1.1558090206547906,0.1665162245583487,15711.610916556087
E10000031,2022,609185,20.625097466286924,36.23086582893538,8.550768649917513,1.269494772,7.16932132290909,18,446222.2575459159,6440.4755170865055,482.5477134349151,19057.54945070151,31320.550188367302,72631.03717723169,365547.9164297436,43326.21047066966,114210.65646964386,6113.61334390401,949547.4196567831,501813.11407451326,107003.73199292355,0.0,0.0,0.0,0.0,0.0,0.0,0.0,0.0,0.0,0.0,9881405.231946312,0.0,0.0,12.51949993046212,RJC,0.028965155745753306,0.08570871615108266,2.2568356895183146,0.14085988089574114,0.3266481330816085,0.5136467709086904,0.48123461603561085,2.006823432951417,4.2704593512341855,1.6440016430204405,0.1948536922199092,16220.696885094529
E10000031,2023,621265,20.5784970986616,36.50068811215826,10.279027468149662,1.365687251,7.41790327012916,32,507308.1974855131,7735.767677446894,298.7370498237534,19585.22642970296,34388.9293009603,94465.61048833453,428348.17202477454,44823.4958956914,165787.51755573705,4197.217356795977,957068.7915440947,559285.865033927,107317.467234956,0.0,0.0,0.0,0.0,0.0,0.0,0.0,0.0,0.0,0.0,10000474.191995382,0.0,0.0,12.51949993046212,RJC,0.0341140802198735,0.08636918964037234,2.4664032919749883,0.1516522653942604,0.4165853407947683,0.7311089098291921,0.4732609404649572,2.237186180716843,4.220592304737912,1.8889791565343512,0.19766782024475868,16096.954104923636
E10000031,2024,633002,20.604990189604457,36.70699302687827,9.568690146318652,1.283418179,7.58900289,25,543662.7260737466,7034.423900270525,418.44931001136166,20624.43451897708,39363.267312682416,111996.12537433767,441340.1113464352,46775.55312449064,165535.23506547028,4826.573798477709,1020817.5287961201,589302.3395024987,118416.77449254073,0.0,0.0,0.0,0.0,0.0,0.0,0.0,0.0,0.0,0.0,10570925.1288127,0.0,0.0,12.51949993046212,RJC,0.030446024257927317,0.08926559481959298,2.5505874508154673,0.17037002723522487,0.48473575068596886,0.7164609147525483,0.512525267151835,2.353052471793123,4.4182488410243295,1.9101851020853542,0.2024514935830696,16699.670978626767
E10000032,2011,808919,20.7752568551363,35.5463278770804,,1.451555729,,77,,,,,,,,,,,,,,,,,,,,,,,,,,,12.902706842560828,RYR,,,,,,,,,,,,
E10000032,2012,817521,21.34611832601242,35.15151292749666,6.863432254339644,1.560334444,5.75900320447751,46,,,,,,,,,,,,,,,,,,,,,,,,,,,12.902706842560828,RYR,,,,,,,,,,,,
E10000032,2013,825301,21.735827292103124,34.8461955092748,6.766016277697471,1.651179552,6.09052790597099,66,,,,,,,,,,,,,,,,,,,,,,,,,,,12.902706842560828,RYR,,,,,,,,,,,,
E10000032,2014,833969,22.071443902591103,34.455117636267055,7.460708971196771,1.701427817,6.22894313221285,41,,,,,,,,,,,,,,,,,,,,,,,,,,,12.902706842560828,RYR,,,,,,,,,,,,
E10000032,2015,842534,22.183674486726947,34.30769559448046,7.733812522699381,1.772017717,6.48271555851734,38,,,,,,,,,,,,,,,,,,,,,,,,,,,12.902706842560828,RYR,,,,,,,,,,,,
E10000032,2016,851868,22.293242615053035,34.073354087722514,9.075349702066518,1.733019829,6.65317942447307,42,,,,,,,,,,,,,,,,,,,,,,,,,,,12.902706842560828,RYR,,,,,,,,,,,,
E10000032,2017,859537,22.377396202839435,33.82181337161751,7.927523771518853,1.817007303,6.87825871058512,33,,,,,,,,,,,,,,,,,,,,,,,,,,,12.902706842560828,RYR,,,,,,,,,,,,
E10000032,2018,866248,22.47901293855801,33.68665786241353,7.574043460995004,1.845145702,7.05855154620842,30,,,,,,,,,,,,,,,,,,,,,,,,,,,12.902706842560828,RYR,,,,,,,,,,,,
E10000032,2019,871740,22.678895083396423,33.53258999242894,6.886227544910179,1.884352922,7.36891565808253,33,333515.90658180474,9922.415911310936,47.92780158546253,34476.58109231847,54747.370571472784,35069.33799453641,178599.170207485,42793.38404231435,284412.36823527294,10506.291680934224,1254630.673412784,680046.8826611545,151372.35764467707,0.0,0.0,0.0,0.0,0.0,0.0,0.0,0.0,0.0,0.0,13199148.293359328,0.0,0.0,12.902706842560828,RYR,0.03118441407630633,0.10835385155470344,2.1372681582549102,0.1720613899628637,0.11021678260401385,0.8938582235160382,0.47573678856953727,1.04818203800808,3.943084303484934,0.5613058883256475,0.13449210551441393,15141.152514923404
E10000032,2020,875354,22.78883743034247,33.54894134258826,5.381822668314761,1.946580291,7.37590367921739,31,328610.09332113713,8124.829961673761,68.18538968787543,24915.742948629326,61132.54906704697,56725.0670227014,221443.60794622422,40658.388700987096,213802.93618729204,11908.905883657517,1052919.2276062043,726848.5539654074,147066.45249068982,0.0,0.0,0.0,0.0,0.0,0.0,0.0,0.0,0.0,0.0,11194437.350596521,0.0,0.0,12.902706842560828,RYR,0.02542949265574235,0.07798251844202406,2.2749263741013226,0.1913356605443383,0.1775409063395484,0.6691709514165464,0.46029582048602685,1.0285000417400982,3.295478415155169,0.6930851019028019,0.12725462584980365,12788.468837289282
E10000032,2021,885048,22.90350353879112,33.72958302826513,5.251692563567174,1.894171715,7.47660082687462,39,343206.1712847055,9656.309146692147,53.637979279642046,32629.17699297075,68425.38352441837,69239.29336118684,271242.1703505708,47962.319969891054,211772.7756419191,11063.081882587683,1238067.9724238664,827215.3058331492,137823.0282608638,0.0,0.0,0.0,0.0,0.0,0.0,0.0,0.0,0.0,0.0,13142692.085179066,0.0,0.0,12.902706842560828,RYR,0.029891758975543366,0.10100582732257893,2.5607010056544546,0.2118154090811896,0.21433492210618846,0.6555569701534,0.426640518594468,1.062417948215317,3.8325232617175793,0.8396485092754069,0.14847060990575187,14849.694124136844
E10000032,2022,893408,23.073892331387228,33.63569612092124,9.084315340807336,1.883743167,7.61616684558873,37,315614.55382626527,10981.065516735298,56.07626248595869,34795.344368996615,47830.76048035804,71543.88657451911,318968.8296911956,52233.65406327964,252709.93882708641,10945.517321924446,1268686.7081536923,796141.6104899012,134126.41179964985,0.0,0.0,0.0,0.0,0.0,0.0,0.0,0.0,0.0,0.0,13234716.148217954,0.0,0.0,12.902706842560828,RYR,0.03367454847589706,0.10670344411510836,2.441448802510336,0.14667786654948375,0.21939656702130206,0.7749605967111757,0.41131221275039365,0.9678639633215648,3.8905561568081133,0.9781501896484167,0.1601797852081377,14813.74259937
E10000032,2023,904579,23.17884894519992,33.831318215435026,12.158142074932096,1.98407793,7.76714043074108,35,341946.85097949655,11046.375429100819,42.59569184547294,40199.613013999304,72781.22046135634,93918.95341248749,400825.71811507485,52520.333435913766,259966.2164283232,12762.281899963835,1289424.1203330152,992876.4161734207,134967.72744101545,0.0,0.0,0.0,0.0,0.0,0.0,0.0,0.0,0.0,0.0,13460934.672755145,0.0,0.0,12.902706842560828,RYR,0.03345649442614641,0.12175379493195344,3.0071551068278555,0.22043470388292896,0.28445520085045384,0.7873676145396548,0.40878087566570687,1.0356648646663906,3.905318189821098,1.213993086695654,0.15906993693414898,14880.883452694728
E10000032,2024,914100,23.4012690077672,33.873755606607595,11.080844546548516,2.00325799,7.936006127,49,355706.4200897075,12263.302796331493,292.6967649210863,38092.85512232006,63726.45025695773,116234.66976866103,457194.1727733355,51101.189158999,282410.9013329216,15682.78726518805,1330346.1057150722,997097.2610825076,154211.41787518095,0.0,0.0,0.0,0.0,0.0,0.0,0.0,0.0,0.0,0.0,13930213.695379972,0.0,0.0,12.902706842560828,RYR,0.03675537671257302,0.11417130142926739,2.9884841024332864,0.19099990635884906,0.3483767093875135,0.8464374759900721,0.46220001670984395,1.0661176427437649,3.9872922560706385,1.3702951260490832,0.15315967396330846,15239.266705371372
E10000034,2011,566557,19.445527987475224,36.05780177457873,,0.567882061,,21,,,,,,,,,,,,,,,,,,,,,,,,,,,8.021696919090504,RWP,,,,,,,,,,,,
E10000034,2012,570119,20.111590738073986,35.606250624869546,4.344706982226517,0.61784935,6.27309675316965,39,,,,,,,,,,,,,,,,,,,,,,,,,,,8.021696919090504,RWP,,,,,,,,,,,,
E10000034,2013,573870,20.612682314809973,35.265826755188456,4.53064282851517,0.692230582,6.73899803306047,35,,,,,,,,,,,,,,,,,,,,,,,,,,,8.021696919090504,RWP,,,,,,,,,,,,
E10000034,2014,578732,21.109252641982817,34.925837866231696,5.131909070174105,0.717186391,6.93054918671204,23,,,,,,,,,,,,,,,,,,,,,,,,,,,8.021696919090504,RWP,,,,,,,,,,,,
E10000034,2015,582465,21.49159176946254,34.55795627205068,5.61407123174783,0.732803166,7.03034888191594,20,,,,,,,,,,,,,,,,,,,,,,,,,,,8.021696919090504,RWP,,,,,,,,,,,,
E10000034,2016,587962,21.76807344692344,34.179759916457186,6.551443800789848,0.763204813,7.02562922409825,19,,,,,,,,,,,,,,,,,,,,,,,,,,,8.021696919090504,RWP,,,,,,,,,,,,
E10000034,2017,592040,22.03263293020742,33.87220458077157,5.3036956962367405,0.773567498,7.23192221506033,16,,,,,,,,,,,,,,,,,,,,,,,,,,,8.021696919090504,RWP,,,,,,,,,,,,
E10000034,2018,594992,22.313913464382715,33.60549385537957,4.280729824938822,0.829318285,7.34726111279257,27,,,,,,,,,,,,,,,,,,,,,,,,,,,8.021696919090504,RWP,,,,,,,,,,,,
E10000034,2019,598250,22.64254074383619,33.45691600501463,4.427914751358128,0.881880581,7.54494189612189,12,101928.18090704315,4068.8769154734405,40.27827586021287,20636.12158625137,25458.85390891498,10575.660909563012,103112.36350847555,28828.81687247497,203497.33831976168,6001.140304487137,833458.3530235862,403541.02115985856,53507.06840710673,0.0,0.0,0.0,0.0,0.0,0.0,0.0,0.0,0.0,0.0,8942533.542275868,0.0,0.0,8.021696919090504,RWP,0.018633694922855777,0.09450450382680706,1.848043190629558,0.11659053018296509,0.048431948935825433,0.9319297188478344,0.24503921097313155,0.46678694551823247,3.816878466410987,0.47220998921958707,0.13202350175443203,14947.820379901159
E10000034,2020,599819,22.82938686503762,33.4282508556748,3.729458386613295,0.897221684,7.52887731641783,15,85783.04405836794,3162.7519391656506,35.875053762177465,17378.606150348893,27406.508773699396,13844.368191881738,137515.05734986314,25112.854173587126,169132.32904730667,6787.652307008325,747009.3727677432,423237.68172793556,48130.99140680372,0.0,0.0,0.0,0.0,0.0,0.0,0.0,0.0,0.0,0.0,8036475.128507348,0.0,0.0,8.021696919090504,RWP,0.01444614759774747,0.07937831177404678,1.9331753285662892,0.12518163880669936,0.06323536911663209,0.7725267855223389,0.21984253563433973,0.3918215970419019,3.4120309981535897,0.6281121167893097,0.11470516972888248,13398.166994555604
E10000034,2021,604902,22.97049770045396,33.59568988034425,3.481555690012597,0.848598003,7.67051628173779,15,90002.18510265827,3467.3772602548106,188.7985913457682,17376.40833751797,44230.223517376246,18815.20540623494,158079.70268633933,27446.48187909587,168767.58941475357,5128.257116857321,851233.923840029,457741.23991058196,49942.166306697276,0.0,0.0,0.0,0.0,0.0,0.0,0.0,0.0,0.0,0.0,8981042.182735423,0.0,0.0,8.021696919090504,RWP,0.01570446737938626,0.07870134035757981,2.073204566683719,0.2003278127170254,0.08521794929143482,0.7643832510070965,0.22619838072127557,0.40763847540325343,3.8554141605549734,0.7159756057228848,0.12431078218396735,14847.102807951409
E10000034,2022,609487,23.17719656038603,33.589887889323315,5.821289051284113,0.91694808,7.8065992973867,15,88798.07139269322,4037.1022014489536,244.03824117921653,18682.12151619727,32605.496779377336,24099.9149624034,199648.23655169574,27963.22985240459,202415.09349998113,5570.796780919062,882019.5195609664,530613.5294285519,48153.6225916136,0.0,0.0,0.0,0.0,0.0,0.0,0.0,0.0,0.0,0.0,9399929.457510745,0.0,0.0,8.021696919090504,RWP,0.018147317295647773,0.08397864854365068,2.3851791704573286,0.14656609273483706,0.10833235865663626,0.9098830655944233,0.21645700913671417,0.39915927226871406,3.964796352364541,0.8974456715313794,0.12569847861681202,15422.690652156232
E10000034,2023,615797,23.286894869575526,33.928875912029454,9.15723850554647,1.003904104,7.95853984828099,19,94613.76111559299,4477.066533091675,50.934311898984035,23369.72271966505,33639.864698568716,36175.52655861612,223416.59902717258,30165.13235981939,220792.47617645905,4958.540442147877,917882.9863551239,584766.1077018997,52867.109310857275,0.0,0.0,0.0,0.0,0.0,0.0,0.0,0.0,0.0,0.0,9797987.421876905,0.0,0.0,8.021696919090504,RWP,0.019918797439903865,0.10397361076478681,2.6016673111604702,0.14966622583869524,0.16094757146826214,0.9823219236763647,0.2352096476147362,0.42094356399647437,4.083728741488278,0.9939968387428358,0.13420688675989087,15911.067156671606
E10000034,2024,620714,23.517755359150915,34.01824350667135,7.834526045811758,1.023504853,8.15546177,29,96405.39302066326,6920.913704234403,103.56957781329048,23605.06690885499,40002.660915233806,59855.713707854164,253087.6646677761,33329.537392871636,239106.99475091422,5935.96679750643,961079.6960499234,642414.5313275597,54599.78977029323,0.0,0.0,0.0,0.0,0.0,0.0,0.0,0.0,0.0,0.0,10052759.838247068,0.0,0.0,8.021696919090504,RWP,0.03054773600863099,0.10418875067848288,2.835508481935848,0.1765649417841601,0.26419294028142914,1.0553776084506228,0.2409941859279653,0.4255170085420553,4.242042321698919,1.1170859076861424,0.14711090949513084,16195.477850100158
