scenario,seed,log_irr_10pct,p,rejected_two_sided,detected_correct_direction
No effect,0,0.0019049748506938995,0.8985598578185963,False,False
No effect,1,-0.022492615941605565,0.117473151218868,False,False
No effect,2,-0.004085275984670443,0.8404706044579395,False,False
No effect,3,-0.007821431347845817,0.6303648379049769,False,False
No effect,4,-0.02665581139114645,0.1176574335212225,False,False
No effect,5,-0.031410573872041485,0.034667145214147814,True,False
No effect,6,0.027282123438747027,0.0863458245943522,False,False
No effect,7,-0.012888813046435455,0.45972327166173865,False,False
No effect,8,0.008866342545138598,0.6207242728574003,False,False
No effect,9,0.003882616179172907,0.8084756356867875,False,False
No effect,10,0.03877252991865454,0.031441105522625315,True,True
No effect,11,-0.020397247140710843,0.23867352419841603,False,False
No effect,12,0.0052558361984588065,0.7490426437333759,False,False
No effect,13,0.005961176049841696,0.7307732469489892,False,False
No effect,14,-0.011379102231409142,0.4812681831326958,False,False
No effect,15,-0.015133275786156263,0.40843277509856235,False,False
No effect,16,0.021574765817680402,0.22286419238929545,False,False
No effect,17,0.008780442360773038,0.620861727708198,False,False
No effect,18,-0.02738505742588805,0.11987562804862464,False,False
No effect,19,-0.008373173337514566,0.5382871037029539,False,False
No effect,20,0.00496446277226906,0.8002586951532932,False,False
No effect,21,0.032698062123803225,0.009346064127283508,True,True
No effect,22,-0.00749105317848787,0.6029681147806433,False,False
No effect,23,-0.015029344152195956,0.3339758370012621,False,False
No effect,24,0.001005947067159531,0.9484912049445862,False,False
No effect,25,-0.016301394729588473,0.28211260040778074,False,False
No effect,26,0.009299392232511352,0.5765377365909091,False,False
No effect,27,0.009197459466719092,0.5728156264903652,False,False
No effect,28,-0.0005610556288732373,0.9766209687231023,False,False
No effect,29,-0.02948424360267075,0.03344393613050107,True,False
No effect,30,0.005539054767465254,0.695827097885864,False,False
No effect,31,0.005635385694893568,0.7541527525585546,False,False
No effect,32,-0.03515653555969011,0.012314576053177255,True,False
No effect,33,-0.008262648348401421,0.6558851306817397,False,False
No effect,34,-0.0060601938457461105,0.6743761656579119,False,False
No effect,35,0.014910103768173264,0.4170376101794352,False,False
No effect,36,0.029084475489713508,0.04780724759190295,True,True
No effect,37,-0.006979687750445906,0.6365048769334637,False,False
No effect,38,0.01649891035505255,0.3669531315954838,False,False
No effect,39,0.020339006183861905,0.16714935041406598,False,False
No effect,40,-0.004861149287783854,0.7480845455986513,False,False
No effect,41,0.031095780182795806,0.04847083548180256,True,True
No effect,42,0.024728975366850158,0.05549654676442821,False,False
No effect,43,0.015093304535390383,0.3321680350175963,False,False
No effect,44,0.006207368134518102,0.6933874112676301,False,False
No effect,45,-0.03442926693684385,0.007292651984161244,True,False
No effect,46,-0.01135890673054174,0.4512947167791699,False,False
No effect,47,0.0039315848729646885,0.8312360945953987,False,False
No effect,48,0.013037617899088428,0.37082977563954267,False,False
No effect,49,-0.002500084167796042,0.8568537396491991,False,False
No effect,51,0.014847685626957891,0.3408338302834433,False,False
No effect,50,0.013934073130101034,0.3704528469573002,False,False
No effect,52,0.017375557905268332,0.33276947267471635,False,False
No effect,53,0.008190000607171635,0.6634031538126075,False,False
No effect,54,0.009986713713949973,0.5070874494447304,False,False
No effect,55,-0.0012759021876983339,0.934145806257054,False,False
No effect,56,0.041574902190991116,0.0068073304064671675,True,True
No effect,57,0.00667792907990212,0.6501846594683218,False,False
No effect,58,-0.007473188528800856,0.6670841401771712,False,False
No effect,59,0.016537722099655844,0.2814670435643435,False,False
No effect,60,-0.011878109151009184,0.46962800862841214,False,False
No effect,61,-0.04344656217581481,0.0009596016101559347,True,False
No effect,62,6.044282857684639e-05,0.9970858613294878,False,False
No effect,63,-0.004391136367433704,0.7999419944064539,False,False
No effect,64,0.009210852078955813,0.6068835581162576,False,False
No effect,65,-0.024137560600160844,0.13465606148900677,False,False
No effect,66,-0.014379769094134845,0.3880817013236365,False,False
No effect,67,-0.0013559912044422899,0.9273500035156221,False,False
No effect,68,0.004839492475935576,0.7754958024008225,False,False
No effect,69,-0.010136065979023466,0.46703636706680296,False,False
No effect,70,0.009983827823112757,0.5358189046959256,False,False
No effect,71,0.003625272313739089,0.8069392424046893,False,False
No effect,72,-0.0039122790342950966,0.8105846195275371,False,False
No effect,73,0.006197351389119359,0.7208907344329964,False,False
No effect,74,0.003032889946163855,0.86440936553384,False,False
No effect,75,0.004795706895515422,0.7381815213217238,False,False
No effect,76,-0.028769676184927744,0.046764655777370254,True,False
No effect,77,0.017325720639149465,0.3495129643914462,False,False
No effect,78,-0.007671521015788837,0.5762661119642729,False,False
No effect,79,-0.002222288083124057,0.9033199966598976,False,False
No effect,80,0.002627231401267433,0.8650519077726996,False,False
No effect,81,0.003609967395950134,0.8271079726643719,False,False
No effect,82,-0.00041055479953303764,0.9823759685828263,False,False
No effect,83,0.00360123647385135,0.823725882688724,False,False
No effect,84,0.007360737518093918,0.6775631687768635,False,False
No effect,85,-0.02508959588962647,0.13075642943271787,False,False
No effect,86,-0.0017969168412369885,0.9117044180115302,False,False
No effect,87,0.004796970283357527,0.7731030519995606,False,False
No effect,88,0.008706965005615328,0.5430218038535839,False,False
No effect,89,-0.01467418530378561,0.4333916853595303,False,False
No effect,90,0.006364862278317065,0.7346742501254284,False,False
No effect,91,-0.019716848453771394,0.17255045080614573,False,False
No effect,92,-0.018338648768385965,0.17403808288351486,False,False
No effect,93,-0.010326200866839183,0.5269061748644243,False,False
No effect,94,0.00910763364827765,0.5659368377409968,False,False
No effect,95,0.005493558151789843,0.7521086083260949,False,False
No effect,96,0.010052151331134702,0.553811942638679,False,False
No effect,97,-0.017579102898234725,0.2670476864670722,False,False
No effect,98,0.020718531672177513,0.17273282361752273,False,False
No effect,99,0.02330677332354828,0.15716686286351567,False,False
No effect,100,-0.0016933792555434623,0.917810731288232,False,False
No effect,101,0.009887386871351194,0.5798197072982447,False,False
No effect,102,0.011969879568625625,0.5085932185200654,False,False
No effect,103,0.03520112596364491,0.01588362639089031,True,True
No effect,104,0.021655915588576456,0.17601003123364223,False,False
No effect,105,0.03692295162518795,0.01565129491972598,True,True
No effect,106,0.021214069087756506,0.12654374623439285,False,False
No effect,107,-0.014425021554563626,0.323264866327728,False,False
No effect,108,0.014236867148609996,0.37991580812563563,False,False
No effect,109,-0.016506986896833498,0.29934182967712974,False,False
No effect,110,-0.0072118181583194635,0.6261389392405847,False,False
No effect,111,0.007720647808518702,0.69409218905426,False,False
No effect,112,0.015008914606359619,0.38276922577482586,False,False
No effect,113,0.00335000317270007,0.8164438130327764,False,False
No effect,114,0.019607022234264426,0.3085457175705145,False,False
No effect,115,0.010136258040684167,0.5515625863132382,False,False
No effect,116,-0.022647779964378518,0.12310272470538937,False,False
No effect,117,-0.01607092058649926,0.37746082670393477,False,False
No effect,118,-0.025089445204667594,0.2010648551543952,False,False
No effect,119,0.02294623282217913,0.10847139818592828,False,False
No effect,120,0.0008309955698776254,0.9540893729263227,False,False
No effect,121,0.022766186888542244,0.17470408362075318,False,False
No effect,122,-0.03813442315380478,0.010301303794529744,True,False
No effect,123,0.03455204785437756,0.036937125119998485,True,True
No effect,124,0.0009268152648702066,0.9574872137442589,False,False
No effect,125,0.008229292692717433,0.6010592080625199,False,False
No effect,126,0.0060375596523560195,0.7363187849177757,False,False
No effect,127,-0.005169758064052215,0.7486889669794419,False,False
No effect,128,-0.020315896045363033,0.20840528785308887,False,False
No effect,129,0.009911727628074733,0.4316689869868561,False,False
No effect,130,-0.022875840338448177,0.17292842403745234,False,False
No effect,131,-0.007770221276397204,0.6607343135206187,False,False
No effect,132,0.005573388802739848,0.699331245565179,False,False
No effect,133,-0.012947598326875259,0.4336361014166866,False,False
No effect,134,0.034957289731668034,0.02305602964320181,True,True
No effect,135,0.00849254531894255,0.5973347188790377,False,False
No effect,136,0.004448112101598293,0.77324930759026,False,False
No effect,137,-0.01602805692854384,0.2884134710670768,False,False
No effect,138,0.0033988193744494744,0.8371578954789991,False,False
No effect,139,0.014674419904389398,0.48500403491941313,False,False
No effect,140,0.012127250085414211,0.4683102192220352,False,False
No effect,141,0.016527861570685105,0.2837561934791014,False,False
No effect,142,-0.02128245881670419,0.18767025652789138,False,False
No effect,143,-0.013740744431801039,0.4087478325978109,False,False
No effect,144,-0.000845603765578883,0.9490754704704473,False,False
No effect,145,-0.00907695368268912,0.5671531395067088,False,False
No effect,146,0.00545477204310319,0.7316206502334662,False,False
No effect,147,-0.0073167508102867426,0.6541733693373909,False,False
No effect,148,-0.004205141786987583,0.8198058500882752,False,False
No effect,149,0.01097364745437018,0.42529279228020633,False,False
No effect,150,0.0036489412213186498,0.8136460755571973,False,False
No effect,151,0.017998088555973644,0.20772502542685511,False,False
No effect,152,-0.003318758378106773,0.8620187275758121,False,False
No effect,153,-0.00898022521390742,0.5201739733528885,False,False
No effect,154,0.0062534065766725756,0.6857165433070982,False,False
No effect,155,0.0006870995068284751,0.9698094648079051,False,False
No effect,156,-0.010310809920662531,0.5260489098244374,False,False
No effect,157,0.004690953746982985,0.7662794383705545,False,False
No effect,158,0.004956430592286479,0.7295646447844368,False,False
No effect,159,0.011829009357052854,0.5647753908210308,False,False
No effect,160,-0.015470848380845267,0.2695071611715677,False,False
No effect,161,0.0077885744836557564,0.6769022672292788,False,False
No effect,162,-0.0065143187543314504,0.6927853496395069,False,False
No effect,164,0.01799932197188737,0.196792865879296,False,False
No effect,163,-0.009054238448768601,0.5124740646084649,False,False
No effect,165,0.014957125628267332,0.41842163095919216,False,False
No effect,166,0.010158400841516944,0.5017839798570625,False,False
No effect,167,-0.020374871030130935,0.2014641701582831,False,False
No effect,168,0.0010148501956225393,0.9535490907817479,False,False
No effect,169,0.0009286345767554158,0.9523242186957592,False,False
No effect,170,-0.010113591833470308,0.42226825222678555,False,False
No effect,171,0.012077036190409333,0.507267588968603,False,False
No effect,172,0.0016302579247090324,0.9304869290860658,False,False
No effect,173,-0.0024024910951115238,0.8843125259093605,False,False
No effect,174,-0.009318629900657953,0.5610062791824525,False,False
No effect,175,0.010851080065091697,0.5413484931003636,False,False
No effect,176,-0.03397426243285962,0.025404042524320353,True,False
No effect,177,-0.004430677441540476,0.7878012071288608,False,False
No effect,178,-0.051434557825274965,0.0005009472585774389,True,False
No effect,179,0.011026771253591399,0.4545979514274835,False,False
No effect,180,0.03743045520983047,0.015434182286248245,True,True
No effect,181,-0.00649087594456399,0.7013304040676506,False,False
No effect,182,0.007395898921674269,0.6367249625390685,False,False
No effect,183,-0.008099070467254966,0.6319436343983803,False,False
No effect,184,-0.0025210742875051715,0.8830967005217537,False,False
No effect,185,0.010583437858532654,0.5360279922380522,False,False
No effect,186,-0.004257396094497391,0.7854405115040253,False,False
No effect,187,-0.0062434648613030825,0.6700928055331755,False,False
No effect,188,0.0023310503797734266,0.8824760139477141,False,False
No effect,189,0.025238384757440387,0.1461859145054615,False,False
No effect,190,0.02246896278467223,0.21736033928968146,False,False
No effect,191,0.015904851408299232,0.3473167303913228,False,False
No effect,192,0.022384060060322467,0.17355045190166074,False,False
No effect,193,0.025320199620284464,0.0663534894508631,False,False
No effect,194,-0.012493531027991472,0.499998969893362,False,False
No effect,195,0.004338759122486307,0.7905792854247198,False,False
No effect,196,0.01642003930296272,0.3609141543819119,False,False
No effect,197,-0.008368843221711116,0.5320028282130059,False,False
No effect,198,-0.005076845457195408,0.7445089208167623,False,False
No effect,199,0.00044975746275713546,0.977484225784966,False,False
No effect,200,0.0008985398637742678,0.9531947425631001,False,False
No effect,201,-0.007991695199358445,0.609463465091551,False,False
No effect,202,-0.003221732848910517,0.8228367978949332,False,False
No effect,204,0.005155294836450552,0.7753695072171158,False,False
No effect,203,0.00170181008823732,0.9047538203508434,False,False
No effect,205,-0.0005446013496120232,0.9745170407482961,False,False
No effect,206,-0.006390495214975796,0.6710008346750616,False,False
No effect,207,-0.012707338641476652,0.3550950570873014,False,False
No effect,208,-0.009448613938739333,0.5394530612594572,False,False
No effect,209,-0.006586923891917303,0.7046118614035783,False,False
No effect,210,0.005985634738324059,0.6881450575267638,False,False
No effect,211,0.018387920198648704,0.22548152419703926,False,False
No effect,212,0.018608455027271032,0.15391847739178224,False,False
No effect,213,0.008553190760153567,0.5547167487954603,False,False
No effect,214,0.027018379938041386,0.0548725620354334,False,False
No effect,215,0.0068861580969945034,0.705936771063802,False,False
No effect,216,0.0005589903242391862,0.9750419148237899,False,False
No effect,217,0.005929118381442416,0.6806708130578468,False,False
No effect,218,-0.03429728875475607,0.023955424516314158,True,False
No effect,219,-0.0016040724827381253,0.9229820776666602,False,False
No effect,220,-0.007136260562780949,0.7082497561419223,False,False
No effect,221,0.01344361155584369,0.27828966652386555,False,False
No effect,222,0.0022289848111590915,0.8862417671760504,False,False
No effect,223,0.0024158850997197797,0.8934722076901028,False,False
No effect,224,0.010938322306806563,0.5057584755968272,False,False
No effect,225,0.01125800283262618,0.4933754515595672,False,False
No effect,226,0.009755344051359695,0.4972274190458873,False,False
No effect,227,-0.004728468877988532,0.8041219066242409,False,False
No effect,228,-0.0041410818282859784,0.7974348893711303,False,False
No effect,229,-0.006553941484307316,0.6971691335662196,False,False
No effect,230,-0.023156149367949706,0.1725611854459731,False,False
No effect,231,0.018811363369817802,0.1832640201840916,False,False
No effect,232,-0.02127760655646804,0.15031618080626813,False,False
No effect,233,-0.02064490545168096,0.2012023501892788,False,False
No effect,234,-0.0035329105254421644,0.8295988191623477,False,False
No effect,235,0.02610203769785438,0.09590822271702878,False,False
No effect,236,0.017835006651115023,0.29961878020538435,False,False
No effect,237,-0.02241932082544171,0.1174629133098829,False,False
No effect,238,0.015159373200287606,0.33143257187486874,False,False
No effect,239,0.0027401883720395235,0.853086253812861,False,False
No effect,240,-0.011010929786457391,0.45700485792787104,False,False
No effect,241,0.016231661447438126,0.22873367397693223,False,False
No effect,242,0.010581549007895283,0.550235956030374,False,False
No effect,243,-0.02836210511648441,0.021741986820598427,True,False
No effect,244,0.0016583792513639977,0.9263506069680916,False,False
No effect,245,0.008887766624633517,0.5473715630433242,False,False
No effect,246,-0.018008993093514798,0.33519030034575314,False,False
No effect,247,-0.020879585721666864,0.16163768530677203,False,False
No effect,248,0.01966581002865079,0.2705291734812685,False,False
No effect,249,0.0009668370436864568,0.9550895753724753,False,False
No effect,250,0.003523405277818645,0.8334695442771634,False,False
No effect,251,0.008495194726957733,0.6047176039329188,False,False
No effect,252,0.03895921809320936,0.008840066888940512,True,True
No effect,253,0.0003435476781451022,0.9842288089003333,False,False
No effect,254,0.016341804115658633,0.37800097248869946,False,False
No effect,255,0.0032994285977528807,0.8238548024024672,False,False
No effect,256,0.020881352081382726,0.20390984053837202,False,False
No effect,257,-0.003825847865696949,0.8208748932752348,False,False
No effect,258,0.021643132024444144,0.20550695457618695,False,False
No effect,259,-0.013477347127059336,0.4294664292576914,False,False
No effect,260,-0.003089570462762663,0.8437414314256864,False,False
No effect,261,0.004363126481732404,0.7700917312142167,False,False
No effect,262,0.004580043127224796,0.7807856091214797,False,False
No effect,264,-0.010978631560403181,0.45470662839083564,False,False
No effect,263,0.0031314923979995288,0.8344161819940441,False,False
No effect,265,-0.0051348931957177196,0.7675208664090664,False,False
No effect,266,-0.0039716257248967385,0.8353716132512029,False,False
No effect,267,0.04590958331314834,0.0027448212023568376,True,True
No effect,268,-0.005746099113470919,0.7619537993759193,False,False
No effect,269,-0.006950170781798537,0.6372019152625474,False,False
No effect,270,-0.01933467074033405,0.2871496453447867,False,False
No effect,271,0.009551996189331217,0.5372169413012899,False,False
No effect,272,0.017308372146897042,0.2657895278484743,False,False
No effect,273,0.02835970340610662,0.12033712760811065,False,False
No effect,274,-0.007126133769475945,0.6379480847676513,False,False
No effect,275,0.006570417996610406,0.7138010520899272,False,False
No effect,276,0.023953197562688565,0.11879949782178645,False,False
No effect,277,0.010709073165889557,0.5291950171644888,False,False
No effect,278,-0.01380478170621251,0.3501775885244107,False,False
No effect,279,0.008660547695278268,0.5991051437969694,False,False
No effect,280,-0.02006072801259145,0.30652721903199376,False,False
No effect,281,-0.0014427847910784078,0.9156759669392722,False,False
No effect,282,-0.0026114242572444148,0.8568261965014861,False,False
No effect,283,-0.0012870250985341294,0.9419007226673521,False,False
No effect,284,0.017139524739152586,0.328925476892882,False,False
No effect,285,-0.00351574011275555,0.8128653644612196,False,False
No effect,286,-0.027719575616995656,0.09061891961935674,False,False
No effect,287,0.010827874220041642,0.48508287367420566,False,False
No effect,288,-0.017280139772232733,0.40302714000447737,False,False
No effect,289,-0.003492207571762035,0.8287571867345609,False,False
No effect,290,0.006521932725211863,0.707898719710359,False,False
No effect,291,0.010086902818063447,0.5077752427784041,False,False
No effect,292,-0.002203534989583634,0.8858931265019481,False,False
No effect,293,0.007197222887538181,0.6914359337895816,False,False
No effect,294,-0.006182745095803356,0.617994250275575,False,False
No effect,295,0.0030158351837112065,0.8528611924258329,False,False
No effect,296,0.03259956770621932,0.04724404558565628,True,True
No effect,297,-0.010620273160587702,0.41426775696598783,False,False
No effect,298,-0.015076836858754905,0.29201075973350543,False,False
No effect,299,-0.03308113166054096,0.03636826541508726,True,False
No effect,300,-0.0003844765413794631,0.9838181918610245,False,False
No effect,301,-0.021467933906116413,0.20098682522462208,False,False
No effect,302,0.007703883796740087,0.6508561848481672,False,False
No effect,303,-0.022812685903331877,0.1769183140046443,False,False
No effect,304,-0.012738330594052504,0.4791920564011988,False,False
No effect,305,0.007334519021452046,0.7181312737624879,False,False
No effect,306,0.0344331762941353,0.02990918446935477,True,True
No effect,308,-0.011732240401959313,0.4751368758603912,False,False
No effect,307,-0.0007601879523764924,0.9556070597763129,False,False
No effect,310,-0.016638677090696944,0.36034360829721923,False,False
No effect,309,0.014082714033499978,0.39355651244035095,False,False
No effect,312,0.015052825258194416,0.2681086371377073,False,False
No effect,311,0.025745379021067348,0.16475645708050846,False,False
No effect,314,-0.012007374409868979,0.4338671296292754,False,False
No effect,313,-0.035574841759431444,0.048636368287797306,True,False
No effect,315,-0.02477908329504359,0.1902514983165875,False,False
No effect,316,0.0032649702505194076,0.832870575980907,False,False
No effect,317,0.01852331512328493,0.055070167937577554,False,False
No effect,318,0.01760756698503703,0.3141872585180042,False,False
No effect,319,0.037258674424776525,0.010520937520823262,True,True
No effect,320,-0.009000906097806042,0.6216844120578331,False,False
No effect,321,0.011418848805033372,0.5335645310770498,False,False
No effect,322,0.00409053883586632,0.802254007886608,False,False
No effect,324,0.004333003934380915,0.7573059046075407,False,False
No effect,323,0.01746016333483011,0.2517022969030446,False,False
No effect,325,0.0011092018612937867,0.9462245168265516,False,False
No effect,326,-0.01796825997447607,0.30474056681477113,False,False
No effect,327,-0.015687839524464956,0.31510387617328006,False,False
No effect,328,-0.025512119053169,0.1226806163666215,False,False
No effect,330,-0.026774758741447652,0.12259908754267526,False,False
No effect,329,0.004690855422831875,0.7831860865776736,False,False
No effect,331,-0.030317644697485817,0.05765215476047794,False,False
No effect,332,0.0063409005414888165,0.6687665533569734,False,False
No effect,333,0.006287610891850476,0.7239701125369615,False,False
No effect,334,0.023800268646336234,0.12423708022507847,False,False
No effect,335,-0.05225588945897886,0.0009566743838168225,True,False
No effect,336,-0.020877188729776435,0.18761211310457238,False,False
No effect,337,-0.011517624902836698,0.5682574304289765,False,False
No effect,338,-0.010341463857817888,0.5186894870257936,False,False
No effect,339,0.03548522393737719,0.035071296795870704,True,True
No effect,340,0.005178151061362755,0.7382237676230126,False,False
No effect,341,-0.012132098029125042,0.512637331449681,False,False
No effect,342,0.015817523444331762,0.38302671491378204,False,False
No effect,343,0.002390480081656878,0.8826350531464621,False,False
No effect,344,0.007256391674155769,0.6646366840619711,False,False
No effect,345,0.01109540399576214,0.5407976692977539,False,False
No effect,346,0.01569893630571224,0.40087737134601764,False,False
No effect,347,-0.005151532693634137,0.7756567451839751,False,False
No effect,348,0.006327859858411513,0.7154711997419778,False,False
No effect,349,0.013104557986113192,0.422355052883541,False,False
No effect,350,-0.010096832082648178,0.5700063514402061,False,False
No effect,351,0.022993482269732045,0.2223472864848851,False,False
No effect,352,0.012790056506848904,0.42443491888892937,False,False
No effect,354,-0.00582648140770612,0.7301905149821613,False,False
No effect,353,-0.03031199619294504,0.05379043618659922,False,False
No effect,355,0.015471776455250915,0.3563654155476359,False,False
No effect,356,-0.03017732777324753,0.008879336266598686,True,False
No effect,357,0.02229254232417489,0.13276060473627577,False,False
No effect,358,-0.007141130322128928,0.6170455712825131,False,False
No effect,359,-0.002693330065152735,0.8512853791635933,False,False
No effect,360,0.01359408603057421,0.3027068430009423,False,False
No effect,361,0.017769098512401226,0.2803298098885092,False,False
No effect,362,-0.012306165339367457,0.4008063809927539,False,False
No effect,363,0.0021829617298572183,0.901371222887616,False,False
No effect,364,0.0012305428556320817,0.9371540296913317,False,False
No effect,365,-0.017268721667041995,0.3144875334892123,False,False
No effect,366,-0.00492259475482183,0.7001915265715996,False,False
No effect,367,-0.011550386300259547,0.3898727929859408,False,False
No effect,368,-0.022553173801005157,0.1494195558432885,False,False
No effect,369,0.00034824647619703344,0.9784351782005324,False,False
No effect,370,-0.03936843319524641,0.0026179431279879733,True,False
No effect,371,-0.011641257550105184,0.44524743104949416,False,False
No effect,372,0.013781717592223021,0.35307505957365304,False,False
No effect,373,0.023864804119335233,0.15073672790536555,False,False
No effect,374,-0.002802003006216123,0.8656818844739056,False,False
No effect,375,0.0049174986664583245,0.6805715789549152,False,False
No effect,376,0.02557919727403036,0.0944200202437795,False,False
No effect,377,-0.015963734107404,0.2725048398739238,False,False
No effect,378,0.010048056084520942,0.5935518886457667,False,False
No effect,379,0.028044470143985156,0.1157912260965616,False,False
No effect,380,-0.004587348472252092,0.7879627236392162,False,False
No effect,381,-0.01262731537730211,0.4743731782457281,False,False
No effect,382,-0.0015788282430337652,0.9300435637385915,False,False
No effect,383,-0.007839948516993888,0.57802380916031,False,False
No effect,384,0.02421935895670325,0.16871926834059625,False,False
No effect,385,-0.009470591437950768,0.502406618757022,False,False
No effect,386,0.005791897186710836,0.6427399206343324,False,False
No effect,387,-0.0028465807672692035,0.8660201964087815,False,False
No effect,388,-0.007687585148809397,0.6911189716551578,False,False
No effect,389,-0.0189552200133816,0.3648318010253656,False,False
No effect,390,-0.004894743775478123,0.735188407392612,False,False
No effect,391,0.01700049448879468,0.3184604948569352,False,False
No effect,392,0.0023096161916317023,0.8938605680955785,False,False
No effect,393,0.004724190927311971,0.7794018289465506,False,False
No effect,394,0.00016135912058411482,0.9911849807138574,False,False
No effect,395,-0.00458479169582929,0.743379741144349,False,False
No effect,396,-0.024104351914538635,0.09251122985775488,False,False
No effect,397,0.013894662041033996,0.32808184003419627,False,False
No effect,398,-0.021331511795572845,0.13767065707291595,False,False
No effect,399,0.009894526369385348,0.6008298032500967,False,False
No effect,400,-0.02732838272227976,0.13303744173159843,False,False
No effect,401,0.004704291264309337,0.8100598419407163,False,False
No effect,402,-0.02513071757599673,0.10399694454095777,False,False
No effect,403,-0.0030107381977858933,0.8621442199729498,False,False
No effect,404,-0.013710405730538017,0.3868530549379956,False,False
No effect,405,0.021831362073674903,0.1795655954198968,False,False
No effect,406,0.024174185450622086,0.16787433292907705,False,False
No effect,407,0.014398531714166843,0.4296335425581257,False,False
No effect,408,-0.011137221184768906,0.48734038034111127,False,False
No effect,409,0.007872365164488885,0.538215082250396,False,False
No effect,410,-0.01722520550689338,0.37234552224479833,False,False
No effect,411,0.008552609784556608,0.6286882312368998,False,False
No effect,412,-0.008763936637330121,0.5785363190604438,False,False
No effect,413,0.044266426431219766,0.004909076776640495,True,True
No effect,414,0.03651430632052971,0.012637392093735761,True,True
No effect,415,0.020474959377017855,0.2862455958956247,False,False
No effect,416,-0.015123015778128319,0.36182728447282664,False,False
No effect,417,0.018880392217666096,0.19933350233355607,False,False
No effect,418,0.0048966399215064635,0.7523396994797347,False,False
No effect,419,0.026431844556498812,0.11171086990207978,False,False
No effect,420,-0.04395221966306688,0.004767053404786357,True,False
No effect,421,-0.012101793451595993,0.47480021639793957,False,False
No effect,422,0.009871586485186443,0.5642958524054886,False,False
No effect,423,0.005811739794172274,0.7428852930507304,False,False
No effect,424,0.01098890443381087,0.47962034467707393,False,False
No effect,426,0.015454530669472106,0.3005093234174657,False,False
No effect,425,0.018337557465227753,0.22079524466553058,False,False
No effect,427,-0.001817802152093889,0.8899415418477661,False,False
No effect,428,0.01641901327697016,0.3761013375358163,False,False
No effect,429,0.0014240365268956149,0.9256848411043624,False,False
No effect,430,0.027016233943742946,0.09275740296115094,False,False
No effect,431,-0.0020429126965073366,0.9178117364277785,False,False
No effect,432,0.0040192968437299005,0.8116820110415209,False,False
No effect,433,-0.017247611437177093,0.26917134236629603,False,False
No effect,434,-0.035639348086944106,0.018482935546714797,True,False
No effect,435,0.01399116737912102,0.3289120157044294,False,False
No effect,436,-0.030583792512607844,0.07596210358460044,False,False
No effect,437,-0.008125324353949283,0.574793631040329,False,False
No effect,438,-0.005666150814644588,0.6966894769971712,False,False
No effect,439,-0.006132926168484211,0.7196823847514027,False,False
No effect,440,0.0015539759207617394,0.9181386406724064,False,False
No effect,441,-0.036517787132598796,0.0722664624825431,False,False
No effect,442,0.003591214121198447,0.8255670082828246,False,False
No effect,443,-0.009834412735690672,0.5192784842565903,False,False
No effect,444,0.0039026640466629935,0.7997940011779967,False,False
No effect,445,-0.006499981410929728,0.7246601943525686,False,False
No effect,446,-0.028030112057085138,0.1460934222284481,False,False
No effect,447,0.0051708854878677645,0.7592486711913656,False,False
No effect,448,-0.018075408608075917,0.29782171381402645,False,False
No effect,449,0.005263000244767674,0.7314096126561874,False,False
No effect,450,-0.006315118931407797,0.7209913322360326,False,False
No effect,451,-0.01649477030367504,0.29644403884727666,False,False
No effect,452,0.015247509117867855,0.3463027663292828,False,False
No effect,453,-0.002413985449049313,0.8688747063534914,False,False
No effect,454,-0.007784920608414021,0.6205780889809093,False,False
No effect,455,0.003868056413432689,0.8061081678172946,False,False
No effect,456,0.016166857430315675,0.2939702791457993,False,False
No effect,457,0.004240805268069505,0.7813427793304564,False,False
No effect,458,-0.002583086164389184,0.8818133707610241,False,False
No effect,459,0.0234069796264177,0.09938517986084547,False,False
No effect,460,-0.023105904410797847,0.10395822588510542,False,False
No effect,461,-0.025299520311470803,0.1142580578609944,False,False
No effect,462,-0.008649588574082162,0.5805920910664104,False,False
No effect,463,0.025725816269330088,0.09759325136145892,False,False
No effect,464,0.0015078825039237871,0.9111665684078003,False,False
No effect,465,-0.010600783640167432,0.5311138308361607,False,False
No effect,466,0.027983031030577237,0.0681844647683373,False,False
No effect,467,0.0015003947523784002,0.9327106191044536,False,False
No effect,468,0.001082128091511926,0.933874101920708,False,False
No effect,469,-0.036924950456344925,0.030058854540863458,True,False
No effect,470,0.001486372255922233,0.9332638480149803,False,False
No effect,471,-0.016174830162951744,0.30418699282384587,False,False
No effect,472,-0.02922923211115002,0.059446885898333496,False,False
No effect,473,0.012310066072375976,0.4038647030369914,False,False
No effect,474,-0.036557400568218816,0.03310017328216302,True,False
No effect,475,0.000347665712810789,0.9838953785813275,False,False
No effect,476,0.01791095736971058,0.3506569869369226,False,False
No effect,477,0.008805934065611695,0.6277748732362993,False,False
No effect,478,0.01918455464859528,0.2163931506071598,False,False
No effect,479,-0.0011543733028095387,0.9490499246268171,False,False
No effect,480,-0.02499661216388725,0.1335850089058176,False,False
No effect,481,0.017540974512189212,0.3525537776804294,False,False
No effect,482,-0.003613641287471716,0.8315139271808434,False,False
No effect,483,0.023377556590447487,0.13959852673386797,False,False
No effect,484,0.010150495881381215,0.5157335225277105,False,False
No effect,485,-0.0188909073473948,0.23886403653815536,False,False
No effect,486,-0.0058672321200916935,0.6842571788524814,False,False
No effect,487,-0.0005328711439179977,0.9742932717100778,False,False
No effect,488,-0.004035068780210288,0.7927525218454486,False,False
No effect,489,0.019593645205369915,0.16057948764343466,False,False
No effect,490,0.03266963999253133,0.038248221910737346,True,True
No effect,491,0.004454695900543684,0.7936931835498193,False,False
No effect,492,-0.0021758648005123942,0.8837944027107506,False,False
No effect,493,-0.0056664109397401505,0.7212452890853607,False,False
No effect,494,2.255486516394583e-05,0.9989562931828394,False,False
No effect,495,0.012426774004753081,0.47161718194204894,False,False
No effect,496,-7.676453002755276e-05,0.9960086674887895,False,False
No effect,497,0.005380597043389273,0.7551329969340883,False,False
No effect,498,0.001900966962162649,0.8961446522882699,False,False
No effect,499,-0.014833294760650807,0.37970514739619954,False,False
Published RR 4.9,1000,-0.02911949084287764,0.03982464994336218,True,False
Published RR 4.9,1001,0.03234190247343377,0.08684972060413315,False,False
Published RR 4.9,1002,-0.012744978721887838,0.4244949951742738,False,False
Published RR 4.9,1003,-0.02404546173802333,0.07698148769358738,False,False
Published RR 4.9,1004,-0.028816508537696205,0.03869242374059332,True,False
Published RR 4.9,1005,-0.018814414454183376,0.29048311248873326,False,False
Published RR 4.9,1006,0.023018349796730904,0.13821032900756963,False,False
Published RR 4.9,1007,-0.01435721068904423,0.30172039782768656,False,False
Published RR 4.9,1008,0.0038325566177521593,0.8331818911085994,False,False
Published RR 4.9,1009,-0.041141688076403345,0.02067419325514779,True,False
Published RR 4.9,1010,-0.0027199426779037222,0.8372134400813949,False,False
Published RR 4.9,1011,-0.002617542699990864,0.879212010564672,False,False
Published RR 4.9,1012,0.0008680087006310702,0.9625318524572177,False,False
Published RR 4.9,1013,-0.021329827270962783,0.11657884350183093,False,False
Published RR 4.9,1014,-0.003122998680317487,0.8499582325674203,False,False
Published RR 4.9,1015,0.018196426698613367,0.26844919497367625,False,False
Published RR 4.9,1016,0.0020291554635387113,0.9071336705921595,False,False
Published RR 4.9,1017,-0.015666387003748065,0.44537241612546963,False,False
Published RR 4.9,1018,-0.0014630421467655942,0.9317185983970057,False,False
Published RR 4.9,1019,0.006982121925087276,0.6745333063577904,False,False
Published RR 4.9,1020,0.000712853200128623,0.9619395064815648,False,False
Published RR 4.9,1021,0.0032641137976238215,0.8301016658826506,False,False
Published RR 4.9,1022,0.0069657651419752255,0.6829469854058234,False,False
Published RR 4.9,1023,-0.027225753405760087,0.07948662657853538,False,False
Published RR 4.9,1025,-0.04259878402811106,0.003522352869007405,True,False
Published RR 4.9,1024,-0.0004212628659907081,0.9787029831890947,False,False
Published RR 4.9,1027,0.02223262139426145,0.15065036486009759,False,False
Published RR 4.9,1026,-0.004737198459082085,0.7785118246812044,False,False
Published RR 4.9,1028,-0.0045501054459483456,0.8217916062685753,False,False
Published RR 4.9,1029,-0.009955761440491024,0.5369566405590438,False,False
Published RR 4.9,1030,-0.0033852877071951634,0.8104667234852759,False,False
Published RR 4.9,1031,-0.003186006184522609,0.8389029406031998,False,False
Published RR 4.9,1032,0.008986499737131753,0.5434053510494841,False,False
Published RR 4.9,1033,0.01668907498588506,0.32004045811268145,False,False
Published RR 4.9,1034,0.012813129506680069,0.40176413157907875,False,False
Published RR 4.9,1035,0.022983119622650174,0.0935292857376887,False,False
Published RR 4.9,1036,2.5762246488856054e-05,0.9987362923614413,False,False
Published RR 4.9,1037,0.05013354325637121,0.0001403389671371649,True,True
Published RR 4.9,1038,0.01022632549649224,0.5324465984692306,False,False
Published RR 4.9,1039,0.022015954475444185,0.2194631153712857,False,False
Published RR 4.9,1040,-0.026175825936402646,0.05020948710482574,False,False
Published RR 4.9,1041,0.010429952502963918,0.5609869092848325,False,False
Published RR 4.9,1042,-0.02577388558272283,0.13653962845659076,False,False
Published RR 4.9,1043,-0.0008913944845922674,0.9578545119507035,False,False
Published RR 4.9,1045,0.00483877877927756,0.7352140326043359,False,False
Published RR 4.9,1044,0.003927883690769433,0.7973800717623232,False,False
Published RR 4.9,1046,0.01941955529182243,0.1572139891293039,False,False
Published RR 4.9,1047,-0.01692972492047626,0.3305486521290262,False,False
Published RR 4.9,1048,-0.005883388569388524,0.749048789974039,False,False
Published RR 4.9,1049,0.013562158246653182,0.3755561339708112,False,False
Published RR 4.9,1050,0.042159062267743755,0.010564585744749456,True,True
Published RR 4.9,1051,0.018132280561510516,0.26922918184943356,False,False
Published RR 4.9,1052,0.025524503739731353,0.08194634259716391,False,False
Published RR 4.9,1053,-0.0066911092292842025,0.67536074818291,False,False
Published RR 4.9,1054,0.0006778611037365677,0.9601056076977185,False,False
Published RR 4.9,1055,0.012242289757935945,0.45320110516697876,False,False
Published RR 4.9,1056,0.009606670530778691,0.5781441292232257,False,False
Published RR 4.9,1057,-0.02787190611296041,0.11313481379372488,False,False
Published RR 4.9,1058,0.01277475602746458,0.3912682244961665,False,False
Published RR 4.9,1059,-0.0029991917437187142,0.8606531527225861,False,False
Published RR 4.9,1060,-0.018782692169727784,0.26219134905012975,False,False
Published RR 4.9,1061,0.012420871813764806,0.4277105275579606,False,False
Published RR 4.9,1062,0.009241307681822648,0.5941090923123961,False,False
Published RR 4.9,1063,0.016345373541117616,0.32408291074957296,False,False
Published RR 4.9,1064,-0.014629124122796596,0.4644533121869179,False,False
Published RR 4.9,1065,-0.006847749442964135,0.6743537222967589,False,False
Published RR 4.9,1066,0.026950253551216646,0.0804524178857183,False,False
Published RR 4.9,1067,0.0023873893051552086,0.9042061915701499,False,False
Published RR 4.9,1068,0.020641906131263703,0.17612962144663125,False,False
Published RR 4.9,1069,0.0018620806554235931,0.9024116633574927,False,False
Published RR 4.9,1070,-0.014900324364949473,0.46439682111551006,False,False
Published RR 4.9,1071,-0.00517909506851907,0.7690402327218633,False,False
Published RR 4.9,1072,0.01745035687296465,0.2992588708168322,False,False
Published RR 4.9,1073,0.01349326404489409,0.44435590386351276,False,False
Published RR 4.9,1074,-0.015342045786644038,0.27833889454973393,False,False
Published RR 4.9,1075,-0.02124504324590843,0.22747825054903126,False,False
Published RR 4.9,1076,-0.005689802876044251,0.7185597481626973,False,False
Published RR 4.9,1077,1.4175611984757086e-05,0.999303829758197,False,False
Published RR 4.9,1078,-0.001986315311208951,0.8802059602207497,False,False
Published RR 4.9,1079,0.016553794797524956,0.3561642202537242,False,False
Published RR 4.9,1080,0.01443304132892687,0.3090183225741433,False,False
Published RR 4.9,1081,-0.022375258026433104,0.10670194615859888,False,False
Published RR 4.9,1082,0.011867193302678377,0.4574765783716518,False,False
Published RR 4.9,1083,0.013902493931992764,0.4357451309360443,False,False
Published RR 4.9,1085,0.016645276149462263,0.3503406209232729,False,False
Published RR 4.9,1084,0.00261112534349179,0.8777995416192179,False,False
Published RR 4.9,1086,0.016007704018897378,0.3136185146464091,False,False
Published RR 4.9,1087,0.00021918250390621114,0.9872132555736877,False,False
Published RR 4.9,1088,-0.010864583364838252,0.49932310605781105,False,False
Published RR 4.9,1089,-0.016439749194793157,0.3842265931018336,False,False
Published RR 4.9,1090,0.0064408851802960744,0.6739862423804156,False,False
Published RR 4.9,1091,0.03168168641149863,0.06078340377714434,False,False
Published RR 4.9,1092,-0.0027244422380947437,0.8736208864040127,False,False
Published RR 4.9,1093,0.023992839751240693,0.08692365416274962,False,False
Published RR 4.9,1095,-0.0015661072044400245,0.9308161604857978,False,False
Published RR 4.9,1094,-0.002106317411964331,0.8976658405095621,False,False
Published RR 4.9,1096,0.028168853897563812,0.10236561953309126,False,False
Published RR 4.9,1097,0.01183299558986434,0.5357751784644541,False,False
Published RR 4.9,1098,-0.010405402707219472,0.5831293490303333,False,False
Published RR 4.9,1099,0.005409671526415878,0.7370812394822599,False,False
Published RR 4.9,1100,0.012513820868869204,0.4182177671005799,False,False
Published RR 4.9,1101,-0.0006459147034769562,0.9735333983049514,False,False
Published RR 4.9,1102,0.006489291919401026,0.6807744432870113,False,False
Published RR 4.9,1103,0.0030813548051546315,0.8407770223214308,False,False
Published RR 4.9,1104,0.029095524494586286,0.11305465059296164,False,False
Published RR 4.9,1105,-0.0046486252026392205,0.7776304637739236,False,False
Published RR 4.9,1106,-0.02088543064192376,0.1539720354365793,False,False
Published RR 4.9,1107,1.6121887134588572e-05,0.9993097283881703,False,False
Published RR 4.9,1108,0.0004697386279792523,0.9759270452476646,False,False
Published RR 4.9,1109,0.016247250582120235,0.25755074226909014,False,False
Published RR 4.9,1110,0.009305014187099416,0.5681460568481362,False,False
Published RR 4.9,1111,0.011850812053391935,0.4566911883955438,False,False
Published RR 4.9,1112,0.01863520636849857,0.22129713617239188,False,False
Published RR 4.9,1113,-0.013997397130717088,0.5285519074909966,False,False
Published RR 4.9,1114,0.008183897947826514,0.5612090143135079,False,False
Published RR 4.9,1115,-0.009569293191075691,0.6242317670656405,False,False
Published RR 4.9,1116,0.02084817443784662,0.20889465709867816,False,False
Published RR 4.9,1117,0.016392052344964464,0.2697050204767406,False,False
Published RR 4.9,1118,-0.0038757019374636146,0.812044827325717,False,False
Published RR 4.9,1119,-0.0043809655051094964,0.7965995659944418,False,False
Published RR 4.9,1120,-0.008756699103068769,0.6395241700941107,False,False
Published RR 4.9,1121,-0.0026490913061478515,0.874589952111544,False,False
Published RR 4.9,1122,0.0140552760002187,0.34421965003063704,False,False
Published RR 4.9,1123,0.0384795502700383,0.011625921496242633,True,True
Published RR 4.9,1124,-0.0034483203188084496,0.8594468313249329,False,False
Published RR 4.9,1125,0.02203619436345342,0.15229186198410222,False,False
Published RR 4.9,1126,-0.026739026744371616,0.07594130771830437,False,False
Published RR 4.9,1127,-0.00355875331077931,0.8560936617832198,False,False
Published RR 4.9,1128,0.011648116576203576,0.4410946672626028,False,False
Published RR 4.9,1129,0.008725266658807579,0.6028502401221312,False,False
Published RR 4.9,1130,0.00586814597999065,0.7065278377443275,False,False
Published RR 4.9,1131,0.017409889325480245,0.2279718295028128,False,False
Published RR 4.9,1132,0.0017502923492357138,0.8974854159035952,False,False
Published RR 4.9,1133,-0.012732230693416356,0.43343731302573474,False,False
Published RR 4.9,1134,-0.02271797346071264,0.13931125299893382,False,False
Published RR 4.9,1135,0.015707988164631027,0.3252285686258074,False,False
Published RR 4.9,1136,0.02353822540000209,0.16824506061247635,False,False
Published RR 4.9,1137,-0.0009973105201865548,0.9479190229455692,False,False
Published RR 4.9,1138,-0.03150325232879014,0.03530655284592012,True,False
Published RR 4.9,1139,-0.0054680147345592366,0.7366908964649705,False,False
Published RR 4.9,1140,-0.039484434776962785,0.0038399805938400793,True,False
Published RR 4.9,1141,0.03899496785426688,0.020861774819231016,True,True
Published RR 4.9,1142,-0.021859846852773198,0.1735225133478806,False,False
Published RR 4.9,1143,0.013607319480552897,0.4027021986876963,False,False
Published RR 4.9,1144,0.036973958436446346,0.006199730143028101,True,True
Published RR 4.9,1145,0.017251915892191175,0.3141513288808263,False,False
Published RR 4.9,1146,-0.010154576504798575,0.5160166744091541,False,False
Published RR 4.9,1147,0.021718937710318974,0.1744893295341876,False,False
Published RR 4.9,1148,0.01648987476048824,0.35133481962779245,False,False
Published RR 4.9,1149,-0.0028524073216652968,0.8723373724576359,False,False
Published RR 4.9,1150,-0.00985295867781651,0.5255582124149041,False,False
Published RR 4.9,1151,-0.004309939475448219,0.7906486060933298,False,False
Published RR 4.9,1152,0.031641084952093335,0.02999669619981366,True,True
Published RR 4.9,1153,0.009062375094324712,0.5909530134736348,False,False
Published RR 4.9,1155,0.004793086165439053,0.7793509814471461,False,False
Published RR 4.9,1154,0.010849379176399304,0.49933590992008703,False,False
Published RR 4.9,1156,0.02347147981112252,0.20165040524143685,False,False
Published RR 4.9,1157,-0.011041831807536656,0.5090693636820387,False,False
Published RR 4.9,1158,0.012300030407879442,0.4835126525048479,False,False
Published RR 4.9,1159,-0.02288299556856635,0.17561389889874546,False,False
Published RR 4.9,1160,0.006011207647288851,0.6904700997622009,False,False
Published RR 4.9,1161,0.035400698745510176,0.027404968531046788,True,True
Published RR 4.9,1162,0.019571971067662564,0.23758073961661152,False,False
Published RR 4.9,1163,0.004188476569013914,0.7900434207739694,False,False
Published RR 4.9,1165,-0.02259383313965693,0.10869397405691315,False,False
Published RR 4.9,1164,0.012688391312323808,0.5085521719099606,False,False
Published RR 4.9,1166,0.02410840107014632,0.1277969985538141,False,False
Published RR 4.9,1167,0.02883985619645375,0.05277637977921186,False,False
Published RR 4.9,1168,-0.01131394760923703,0.5536209425349943,False,False
Published RR 4.9,1169,-0.0034177965849939607,0.835459209837439,False,False
Published RR 4.9,1170,-0.022471177659256273,0.1790964287795067,False,False
Published RR 4.9,1171,-0.008252801387661858,0.6360440436917612,False,False
Published RR 4.9,1172,0.014936773749945266,0.2869629408195844,False,False
Published RR 4.9,1173,-0.003934922739406789,0.787908126844548,False,False
Published RR 4.9,1174,-0.008397434069669779,0.6012536970789694,False,False
Published RR 4.9,1175,0.0085709892774788,0.6220994098037365,False,False
Published RR 4.9,1176,0.009812929900280874,0.5582364798873249,False,False
Published RR 4.9,1177,0.01981385139132534,0.20825166374334336,False,False
Published RR 4.9,1178,-0.015196276590499042,0.33939508544063246,False,False
Published RR 4.9,1179,-0.005993998867366996,0.7144065191522135,False,False
Published RR 4.9,1180,0.012702733249178012,0.4257197297617358,False,False
Published RR 4.9,1181,-0.016329732425282874,0.2656137540708614,False,False
Published RR 4.9,1182,0.015454235359361202,0.4070899000558369,False,False
Published RR 4.9,1183,0.011345393824274127,0.5916592309882163,False,False
Published RR 4.9,1184,0.0352845321415902,0.038052984260213155,True,True
Published RR 4.9,1185,0.017030776403811138,0.28504206600742055,False,False
Published RR 4.9,1186,0.009756105149267544,0.5793690545470978,False,False
Published RR 4.9,1187,-0.01634203731373295,0.3370550813374339,False,False
Published RR 4.9,1188,0.01120880158855046,0.45570015565737776,False,False
Published RR 4.9,1189,-0.01839165960080577,0.2365374045752373,False,False
Published RR 4.9,1190,0.016920400322049056,0.3490570006275482,False,False
Published RR 4.9,1191,-0.013287253593627896,0.41144879945772683,False,False
Published RR 4.9,1192,0.0016096160197444358,0.9164649083708272,False,False
Published RR 4.9,1193,0.028021061382221112,0.09202254058935745,False,False
Published RR 4.9,1194,0.005907179822325156,0.6960629777752636,False,False
Published RR 4.9,1195,0.03208491875226484,0.07088061770364769,False,False
Published RR 4.9,1196,0.024509971894335396,0.18793100949346775,False,False
Published RR 4.9,1197,0.02101394468681118,0.22441528234573738,False,False
Published RR 4.9,1198,-0.008950998696957138,0.6411269399219228,False,False
Published RR 4.9,1199,-0.0024895916191106987,0.8560062093439871,False,False
Published RR 4.9,1200,0.030295346381395655,0.04412422911332364,True,True
Published RR 4.9,1201,0.029538904221158457,0.046064897684745074,True,True
Published RR 4.9,1202,-0.017052637379978416,0.36747438333646154,False,False
Published RR 4.9,1203,0.005729760085424047,0.7510483319325149,False,False
Published RR 4.9,1204,-0.032943302430343,0.035969758235140085,True,False
Published RR 4.9,1205,-0.024484025744226885,0.14533924370328233,False,False
Published RR 4.9,1206,0.024115885318033502,0.1546755302676085,False,False
Published RR 4.9,1207,-0.013126999058529681,0.41658659135938847,False,False
Published RR 4.9,1208,-0.011099334576981666,0.5331433385658277,False,False
Published RR 4.9,1209,-0.008413873711638306,0.5647542085907338,False,False
Published RR 4.9,1211,-0.009093841864564179,0.6326584017301419,False,False
Published RR 4.9,1210,-0.01581444310069619,0.3023016963592422,False,False
Published RR 4.9,1212,-0.010494864524488952,0.5229257290455298,False,False
Published RR 4.9,1213,0.031194452084738037,0.1026681364784687,False,False
Published RR 4.9,1214,-0.0017975667982578437,0.9135264959021444,False,False
Published RR 4.9,1215,-0.003340154931561324,0.8417125124346296,False,False
Published RR 4.9,1216,-0.00774801007146659,0.6773269515288667,False,False
Published RR 4.9,1217,0.03742480940507805,0.00504800678528196,True,True
Published RR 4.9,1218,-0.021815407759135937,0.2598458747893091,False,False
Published RR 4.9,1219,0.026615526358125852,0.18448787473145856,False,False
Published RR 4.9,1220,-0.018460186197135218,0.2460944682242534,False,False
Published RR 4.9,1221,0.015633591240084125,0.43874917689094795,False,False
Published RR 4.9,1222,0.018257709153569418,0.2394071751491179,False,False
Published RR 4.9,1223,0.012040017604241518,0.5268708094205315,False,False
Published RR 4.9,1224,0.03019432143917706,0.03735104709988082,True,True
Published RR 4.9,1225,0.006064707467847553,0.7241594348601111,False,False
Published RR 4.9,1226,0.021031306237092793,0.16649336906929246,False,False
Published RR 4.9,1227,0.019736396442546763,0.20773557251924613,False,False
Published RR 4.9,1228,-0.0013482118056560217,0.9348945993935451,False,False
Published RR 4.9,1229,-0.007689462309559037,0.7006812805760145,False,False
Published RR 4.9,1230,0.009270201889137828,0.6162783249956728,False,False
Published RR 4.9,1231,0.007715677938286796,0.5962230124593606,False,False
Published RR 4.9,1232,0.0361517555666905,0.05140646177199394,False,False
Published RR 4.9,1233,-0.009099210925350503,0.5426130627191177,False,False
Published RR 4.9,1235,0.002298073869372044,0.8860457621885031,False,False
Published RR 4.9,1234,-0.0004057619880453478,0.9765740000709753,False,False
Published RR 4.9,1236,-0.008514343254233525,0.5562758976931692,False,False
Published RR 4.9,1237,0.001958722208304348,0.9012387584708317,False,False
Published RR 4.9,1238,0.0033211811214870013,0.8351779275821196,False,False
Published RR 4.9,1239,-0.031029395936361923,0.05901545364391901,False,False
Published RR 4.9,1240,0.013857643939647526,0.3774194146903803,False,False
Published RR 4.9,1241,0.017205996872631957,0.3055582139961772,False,False
Published RR 4.9,1242,-0.007101913852998285,0.6849834209836807,False,False
Published RR 4.9,1243,-0.013057180284002053,0.46381168427298214,False,False
Published RR 4.9,1244,0.00468832860975733,0.7798674064304487,False,False
Published RR 4.9,1245,-0.006355557477969352,0.6884564737921022,False,False
Published RR 4.9,1246,0.0023673799244860196,0.8766275160240058,False,False
Published RR 4.9,1247,-0.02135552818682087,0.2084006571527428,False,False
Published RR 4.9,1248,0.011132078742649149,0.5220158557587621,False,False
Published RR 4.9,1249,0.027612829942981525,0.1405277089901482,False,False
Published RR 4.9,1250,0.01286471783864896,0.3825221836370215,False,False
Published RR 4.9,1251,-0.009660155314178786,0.5374443206033621,False,False
Published RR 4.9,1252,0.015057590424965838,0.33934623749999737,False,False
Published RR 4.9,1253,0.02089650668812177,0.07397204081907706,False,False
Published RR 4.9,1254,-0.006202392216472423,0.7592462541172278,False,False
Published RR 4.9,1255,-0.00016921082850666972,0.9939600668381378,False,False
Published RR 4.9,1256,-0.0249983893664775,0.11613262028883989,False,False
Published RR 4.9,1257,0.021329576282832375,0.17586183137743427,False,False
Published RR 4.9,1258,-0.026467199808460448,0.1397241940633179,False,False
Published RR 4.9,1259,0.01951573356282962,0.21875034023859663,False,False
Published RR 4.9,1260,-0.002435875026504443,0.914283267546811,False,False
Published RR 4.9,1261,0.017490346358079053,0.4112297865000909,False,False
Published RR 4.9,1262,0.018742686227205655,0.29789751884001614,False,False
Published RR 4.9,1263,0.0016591958562863916,0.9136104459184686,False,False
Published RR 4.9,1264,-0.020982955565542374,0.26174900388144706,False,False
Published RR 4.9,1265,0.035214031635520136,0.03825770112065601,True,True
Published RR 4.9,1266,0.010164737635216185,0.5315869003993229,False,False
Published RR 4.9,1267,-0.025059475481598963,0.14687659167118372,False,False
Published RR 4.9,1268,0.010950490274604627,0.4521270321783838,False,False
Published RR 4.9,1269,-0.008162915457783547,0.6350928608480721,False,False
Published RR 4.9,1270,-0.005670923433646408,0.7209299427012373,False,False
Published RR 4.9,1271,-0.005459758887340149,0.722249400434781,False,False
Published RR 4.9,1272,0.037766619440898444,0.011586348837466391,True,True
Published RR 4.9,1273,-0.021736302710432923,0.1981969186238346,False,False
Published RR 4.9,1274,0.008200693571873897,0.5956003794731033,False,False
Published RR 4.9,1275,-0.005931208659798357,0.7578857989973287,False,False
Published RR 4.9,1276,0.03321850842454612,0.03518618167927827,True,True
Published RR 4.9,1277,0.04435546774989036,0.003115326325622637,True,True
Published RR 4.9,1278,-0.0060892870653699,0.7182114233257909,False,False
Published RR 4.9,1279,0.0017330636599143419,0.9140081317951968,False,False
Published RR 4.9,1280,-0.01854586475124199,0.28394553753093155,False,False
Published RR 4.9,1281,0.01692044946572101,0.35134088120196105,False,False
Published RR 4.9,1282,0.025510430476206932,0.08197690745058045,False,False
Published RR 4.9,1283,0.0055460046654667115,0.7146930638409768,False,False
Published RR 4.9,1284,-0.006774918993976005,0.7020268704140861,False,False
Published RR 4.9,1285,0.018089532705653,0.2453219229334942,False,False
Published RR 4.9,1286,-0.021542595088413486,0.2420596927706561,False,False
Published RR 4.9,1287,-0.02111925210868737,0.2208684032695527,False,False
Published RR 4.9,1288,0.021936033972245417,0.26788272337976227,False,False
Published RR 4.9,1289,0.014024806904623429,0.4028365833394525,False,False
Published RR 4.9,1290,0.008671305913939104,0.5212744507369296,False,False
Published RR 4.9,1291,0.03997035451191061,0.01161733975301566,True,True
Published RR 4.9,1292,-0.010922104304034747,0.4951665138204061,False,False
Published RR 4.9,1293,-0.016496360619354555,0.30216275221224975,False,False
Published RR 4.9,1294,0.022430975210349948,0.11788215466830475,False,False
Published RR 4.9,1295,0.03499302406634136,0.012188062074373611,True,True
Published RR 4.9,1296,0.015256624607491186,0.346274188253335,False,False
Published RR 4.9,1297,0.00039522007586210165,0.9809623167519719,False,False
Published RR 4.9,1298,-0.005716093717898337,0.7571539313758452,False,False
Published RR 4.9,1299,0.021852530175278904,0.1450200091491277,False,False
RR 25,2000,0.0024724904800389885,0.9007563046778169,False,False
RR 25,2001,0.03320199105907862,0.05118079538690894,False,False
RR 25,2002,0.004299007761684492,0.7813435363599412,False,False
RR 25,2003,-0.009755613971435234,0.5304074002769164,False,False
RR 25,2004,-0.003970763614628744,0.8234803064339353,False,False
RR 25,2005,-0.017102131796510357,0.2957317045736666,False,False
RR 25,2006,0.023688759632149756,0.2779036042543541,False,False
RR 25,2007,0.006136813722913659,0.7419947218770098,False,False
RR 25,2008,0.022915399314264014,0.16109404043398978,False,False
RR 25,2009,0.03311397329385348,0.07180185723791867,False,False
RR 25,2010,-0.00041072558071418954,0.9795379136124399,False,False
RR 25,2011,0.021661378407641853,0.26276491198053975,False,False
RR 25,2012,0.026414065701970597,0.09125029976854646,False,False
RR 25,2013,0.019770736043320962,0.30050627280432285,False,False
RR 25,2014,0.02881084536461244,0.09930177226384855,False,False
RR 25,2015,0.024995348087340195,0.1168100561331455,False,False
RR 25,2016,0.036091742486277244,0.03419125282448193,True,True
RR 25,2017,0.009159150755426016,0.5224918012087646,False,False
RR 25,2018,0.0184967562069823,0.28071241138922987,False,False
RR 25,2019,0.033002606519439565,0.053331254116191405,False,False
RR 25,2020,-0.003085284346853807,0.8132703057173715,False,False
RR 25,2021,0.018976459962437287,0.3015950328677285,False,False
RR 25,2022,0.01236075645927437,0.45239345298942213,False,False
RR 25,2023,0.0008347084544265457,0.9616019000679675,False,False
RR 25,2024,0.05410119836920907,0.0014820693004146482,True,True
RR 25,2025,0.0069750172607568935,0.6966360271153154,False,False
RR 25,2026,-0.005986530041082631,0.6822282035925802,False,False
RR 25,2027,0.04207653162663861,0.00662248891444119,True,True
RR 25,2028,0.004871124213041191,0.7520928509578744,False,False
RR 25,2029,0.014071543698648617,0.38700484984736194,False,False
RR 25,2030,-0.01906695830032091,0.21340556133768906,False,False
RR 25,2031,-0.008010104458616761,0.6819124116960815,False,False
RR 25,2033,0.030308772168893237,0.05052415363023951,False,False
RR 25,2032,0.02645001409709303,0.24013488374140712,False,False
RR 25,2034,0.05471519490571588,0.003117288931753837,True,True
RR 25,2035,0.022148742896679716,0.21113137582069297,False,False
RR 25,2036,0.018502171201951675,0.2518944961424373,False,False
RR 25,2037,-0.002391662829583996,0.8833234197742508,False,False
RR 25,2038,0.022184715382166258,0.18184154663337126,False,False
RR 25,2039,0.0022646128806658858,0.89101169720602,False,False
RR 25,2040,-0.013756894292125307,0.3772400200775361,False,False
RR 25,2041,0.034072585472331586,0.08766347983372146,False,False
RR 25,2042,0.008126431981282725,0.5468149834736609,False,False
RR 25,2043,0.030236051351747652,0.13644076851075426,False,False
RR 25,2044,-0.003597714409374822,0.8315312706609456,False,False
RR 25,2045,-0.0033374536255518176,0.849913193121965,False,False
RR 25,2046,0.0426635453278218,0.016599067270884154,True,True
RR 25,2047,0.020549699542800982,0.1971070302563026,False,False
RR 25,2048,0.0244918016275724,0.10678866624518941,False,False
RR 25,2049,0.040153150141715555,0.028280084024851944,True,True
RR 25,2050,0.005274119867745877,0.7605799068271866,False,False
RR 25,2051,0.040688072731127484,0.01644869992193685,True,True
RR 25,2053,0.032666639025586204,0.03603082936377369,True,True
RR 25,2052,0.029820972445383072,0.10503693892089325,False,False
RR 25,2054,0.05258092793450981,0.00034319366795637586,True,True
RR 25,2055,0.022797887337025185,0.22043918512738092,False,False
RR 25,2056,0.03441560963284827,0.021270843475715492,True,True
RR 25,2057,-1.810222548097889e-05,0.9991140499701362,False,False
RR 25,2058,0.029041283026874705,0.0627423320290425,False,False
RR 25,2059,0.036668822396067176,0.03266612887880185,True,True
RR 25,2060,-0.005119157062245243,0.6835175220694325,False,False
RR 25,2061,0.0457327390077681,0.0024962822229023327,True,True
RR 25,2062,0.006776199936879761,0.6688039231723797,False,False
RR 25,2063,0.019006291955130775,0.21828191949474252,False,False
RR 25,2064,0.009131942742925094,0.5949504346753809,False,False
RR 25,2065,0.054962596225297256,0.00016480285653230496,True,True
RR 25,2066,0.01353771222510877,0.2883572136557613,False,False
RR 25,2067,-0.00813017346052859,0.6181482165901775,False,False
RR 25,2068,0.02831288537532675,0.16822228761773006,False,False
RR 25,2069,0.026579868601913394,0.10734396572331108,False,False
RR 25,2070,-0.008027119032623297,0.6437020352882405,False,False
RR 25,2071,0.011277093317788665,0.4246290018539971,False,False
RR 25,2072,0.045078569263588525,0.004463126544511159,True,True
RR 25,2073,0.01834337734665571,0.2933615537124695,False,False
RR 25,2074,-0.005956200138830024,0.7587181909108509,False,False
RR 25,2075,0.008087130820029325,0.5284239260422261,False,False
RR 25,2077,0.018597958980545306,0.378456748665836,False,False
RR 25,2076,0.022051693678443923,0.14498285757112064,False,False
RR 25,2078,0.002975628033755204,0.8570595667931613,False,False
RR 25,2079,-0.007394603114367177,0.6318010250509758,False,False
RR 25,2080,0.022142748849997257,0.17772078556030535,False,False
RR 25,2081,0.0423078287638315,0.005709715781017626,True,True
RR 25,2082,0.007323466662942211,0.610310126169727,False,False
RR 25,2083,0.032696610768138075,0.08020086059967646,False,False
RR 25,2084,-0.0031416485437616897,0.8542377342876507,False,False
RR 25,2085,-0.011516729898339226,0.562592297009235,False,False
RR 25,2086,0.024978474565770455,0.06538832643604119,False,False
RR 25,2087,0.011877668497999665,0.42488003076170155,False,False
RR 25,2088,0.016932846113077056,0.27349438442106444,False,False
RR 25,2089,0.025708840492398233,0.07264114962333469,False,False
RR 25,2090,0.004573892449415829,0.7904342716060899,False,False
RR 25,2091,0.0129669409129849,0.3370001301535772,False,False
RR 25,2092,0.019240748863719983,0.29814905648249723,False,False
RR 25,2093,0.001311036269598147,0.9351542652647598,False,False
RR 25,2094,-0.011081948966816088,0.45893592776227043,False,False
RR 25,2095,0.001061876749573909,0.9495737842969407,False,False
RR 25,2096,-0.00017767864067145788,0.9925714270850768,False,False
RR 25,2097,0.022682443940631417,0.16982039217494083,False,False
RR 25,2098,0.014034520201771537,0.32930095455388186,False,False
RR 25,2099,0.02187397253634298,0.13518874913393192,False,False
RR 25,2100,-0.030481818225051756,0.05612810625352882,False,False
RR 25,2101,0.024264723059994206,0.13252252909131734,False,False
RR 25,2102,0.02562125705860854,0.13940833316855508,False,False
RR 25,2103,0.030793824131129206,0.06374210457746451,False,False
RR 25,2104,0.011420959646444618,0.5355795069014924,False,False
RR 25,2105,0.01705878609964634,0.2312772464863776,False,False
RR 25,2107,-0.01880400772504217,0.23894141866805751,False,False
RR 25,2106,0.0361691108218192,0.07194574826609455,False,False
RR 25,2108,0.04157327185676466,0.0002452575842995937,True,True
RR 25,2109,-0.008863180871412064,0.6194667357960171,False,False
RR 25,2110,0.003430672900380811,0.802226830656615,False,False
RR 25,2111,0.038565169252588447,0.04488544646613284,True,True
RR 25,2112,0.04075981871255081,0.016627918628581144,True,True
RR 25,2113,0.0071709631683639485,0.6666605912246548,False,False
RR 25,2114,0.032904884911187045,0.031052126882531294,True,True
RR 25,2115,0.010640023086317589,0.4189583353510046,False,False
RR 25,2116,0.028550640805031856,0.0659380721133742,False,False
RR 25,2117,0.04263064613651167,0.0034194345072612936,True,True
RR 25,2118,0.03750563372774047,0.03490528195783227,True,True
RR 25,2119,0.014011597167661163,0.3118271077463828,False,False
RR 25,2120,0.038764668038721646,0.057938622845375064,False,False
RR 25,2121,-0.013495030460525147,0.44484319909013414,False,False
RR 25,2123,0.04419622129545821,0.0037086718930224526,True,True
RR 25,2122,0.01055980838645682,0.5516312941812302,False,False
RR 25,2124,0.045224417983545366,0.030911412412043524,True,True
RR 25,2125,0.02016015079632682,0.22917355012688212,False,False
RR 25,2126,0.05117749599976448,1.9928284091542364e-05,True,True
RR 25,2127,0.03821638166519867,0.01660271838598384,True,True
RR 25,2128,0.018735740500066725,0.29451601452511145,False,False
RR 25,2129,-0.0030115247230760303,0.8661197251095585,False,False
RR 25,2130,0.009300006661994644,0.5887909374555815,False,False
RR 25,2131,0.05624495827175939,0.00010808680155686527,True,True
RR 25,2132,-0.022239375621707972,0.12557165636575607,False,False
RR 25,2133,0.04693681933086806,0.007834445713374983,True,True
RR 25,2134,0.01985703714620046,0.2441963497478834,False,False
RR 25,2135,0.037036285737393745,0.012231101272022224,True,True
RR 25,2136,0.008276798882626085,0.6663156357943985,False,False
RR 25,2137,0.0013368158162586857,0.9391648103690294,False,False
RR 25,2138,0.010406416721086659,0.5169829175523786,False,False
RR 25,2139,0.01801466818377879,0.3652881447833999,False,False
RR 25,2140,-0.005470751120399047,0.8120443854223749,False,False
RR 25,2141,0.02421930148923738,0.14212683362381137,False,False
RR 25,2142,0.028247705174990707,0.056952768626454195,False,False
RR 25,2143,0.018661513575421847,0.29087889301464576,False,False
RR 25,2144,0.03391879910591944,0.030128931393690977,True,True
RR 25,2145,0.0026477819115695877,0.8337106473604372,False,False
RR 25,2146,0.007635573029219739,0.6396569689862389,False,False
RR 25,2147,0.02460571284082969,0.10153124490977378,False,False
RR 25,2148,-0.0013203830950353037,0.9407209032798783,False,False
RR 25,2149,0.02937245267070371,0.11026634935295035,False,False
RR 25,2150,0.02848663796076346,0.05012220592968069,False,False
RR 25,2151,-0.009445660023681973,0.5694626513040917,False,False
RR 25,2152,0.04752386335385971,0.0058780200030762834,True,True
RR 25,2153,-0.012006046530063456,0.44978250256802166,False,False
RR 25,2154,-0.004848963923745248,0.742468963447603,False,False
RR 25,2155,0.027682338689884976,0.10412427629027492,False,False
RR 25,2156,0.01118497599842726,0.4121125007276586,False,False
RR 25,2157,0.013364092801974982,0.28839330922320383,False,False
RR 25,2158,0.006591562109382259,0.6278790137470895,False,False
RR 25,2159,0.022902012016936486,0.09600923050153785,False,False
RR 25,2160,0.025455850943109246,0.1961420773161694,False,False
RR 25,2161,0.009415722487904225,0.5039988899654203,False,False
RR 25,2162,0.017547677234469556,0.33799666407740536,False,False
RR 25,2163,0.019600268554318654,0.22067377914700936,False,False
RR 25,2164,0.007060931720075641,0.6984670350963914,False,False
RR 25,2165,0.05105324177754491,0.00038781713194129273,True,True
RR 25,2166,0.037211896820169524,0.04039970497290516,True,True
RR 25,2167,0.034945805582204656,0.024855004017614597,True,True
RR 25,2168,0.005761760854261135,0.7580439179041413,False,False
RR 25,2169,0.04693673236693564,0.001939180890019297,True,True
RR 25,2170,0.02830457584026483,0.0335781638820584,True,True
RR 25,2171,-0.01565520427532553,0.39046783324161916,False,False
RR 25,2172,0.03176666117471629,0.05256315692859099,False,False
RR 25,2173,0.018620025185742642,0.3587328686054517,False,False
RR 25,2174,0.01906185137145211,0.18123312166279482,False,False
RR 25,2175,0.03549673801604101,0.0094408296812277,True,True
RR 25,2176,0.024332169097675976,0.15235885665322335,False,False
RR 25,2177,0.050162414555196565,0.006974829547850023,True,True
RR 25,2178,-0.014141334181687377,0.32490539753123204,False,False
RR 25,2179,0.014044244736152418,0.35065128714088756,False,False
RR 25,2180,-0.004952815868891185,0.776810667919492,False,False
RR 25,2181,-0.0020981186973647215,0.8877235886645712,False,False
RR 25,2182,-0.001443180834401427,0.9319434706350309,False,False
RR 25,2183,0.00514451206803409,0.7586697031514793,False,False
RR 25,2185,0.015773778356615854,0.3450535151926982,False,False
RR 25,2184,0.027683976930441244,0.15646299407913156,False,False
RR 25,2186,-0.007744908960077004,0.5914356787513503,False,False
RR 25,2187,0.04996694599337354,0.0033661987966195433,True,True
RR 25,2189,0.024028669561358306,0.13649008487296838,False,False
RR 25,2188,0.026002194855780356,0.08830470285429938,False,False
RR 25,2191,0.019471198009553003,0.20325067170161593,False,False
RR 25,2190,0.01449508116139605,0.33969944765311155,False,False
RR 25,2192,0.03301387622363451,0.06130453797591527,False,False
RR 25,2193,0.00934433925293272,0.6036296821564388,False,False
RR 25,2194,0.026627050909968045,0.14509029657795416,False,False
RR 25,2195,-0.004216073968546292,0.8268292940153564,False,False
RR 25,2196,0.007351240344740282,0.7003323189543931,False,False
RR 25,2197,0.004519572342906938,0.7929957003236114,False,False
RR 25,2198,0.016623316683131415,0.32304780265270405,False,False
RR 25,2199,0.02125553845005282,0.1981561443606229,False,False
RR 25,2200,0.03195383268171108,0.04375007183591636,True,True
RR 25,2201,0.021495242197188232,0.2793819429220751,False,False
RR 25,2202,0.011092148961757524,0.5158746284772084,False,False
RR 25,2203,-0.0007498254644822254,0.9624673548057953,False,False
RR 25,2204,0.025294428249471153,0.12306555576820068,False,False
RR 25,2205,0.03719571957567378,0.03447934510212179,True,True
RR 25,2206,0.016745903191079846,0.19980058698043057,False,False
RR 25,2207,0.042621733605210224,0.004333878746010899,True,True
RR 25,2208,0.010170312493039074,0.5631902562592405,False,False
RR 25,2209,0.042738406340339465,0.005162561559900151,True,True
RR 25,2210,0.007412883585541804,0.6897809057493614,False,False
RR 25,2211,0.01215500506357616,0.48878913673456326,False,False
RR 25,2212,0.004788409761343237,0.7940442359406531,False,False
RR 25,2213,0.0003779246924175028,0.9850961496523465,False,False
RR 25,2214,0.010778255882538145,0.5758356520236996,False,False
RR 25,2215,0.026417820774856694,0.1195253287810545,False,False
RR 25,2216,-0.00541121159918092,0.7594568592193036,False,False
RR 25,2217,0.027810175957510883,0.0712388612992283,False,False
RR 25,2218,0.007853173877428895,0.6438119191076557,False,False
RR 25,2219,0.012192231713009418,0.5100315878269539,False,False
RR 25,2220,0.005699335265092763,0.6884833195339305,False,False
RR 25,2221,-0.0032468202944347987,0.8708808919200111,False,False
RR 25,2222,-0.0005132963659843974,0.9729618330866742,False,False
RR 25,2223,0.02947212289468143,0.10922672564763629,False,False
RR 25,2224,-0.0011006082971012283,0.9423304285751714,False,False
RR 25,2225,0.0283837487559484,0.03630158864429021,True,True
RR 25,2226,-0.024994911267616278,0.09241211224671202,False,False
RR 25,2227,0.037235925997894714,0.019059930759270236,True,True
RR 25,2228,0.02572235180967268,0.08347895192862609,False,False
RR 25,2229,0.020762679489652006,0.1601633725003352,False,False
RR 25,2230,0.011670313194178406,0.5659685634364935,False,False
RR 25,2231,-0.0011456822722130159,0.9411570275767533,False,False
RR 25,2232,0.03162698235287607,0.05251358037145906,False,False
RR 25,2233,0.024669611694055998,0.10998559004561041,False,False
RR 25,2234,0.03909989833044291,0.03526197057434324,True,True
RR 25,2235,0.010908174102642344,0.4941160555008719,False,False
RR 25,2236,0.0267620828617085,0.12742869578867,False,False
RR 25,2237,-0.009814203654419453,0.4939798239336889,False,False
RR 25,2238,-0.002445784866355412,0.8694318151229986,False,False
RR 25,2239,0.017228040040536408,0.32827203940146055,False,False
RR 25,2240,0.0056309515900678005,0.7074106278016625,False,False
RR 25,2241,-0.02424806819460921,0.18368700761713008,False,False
RR 25,2242,0.027812547561830474,0.12622834586306161,False,False
RR 25,2243,0.014810805394415564,0.38894470457569075,False,False
RR 25,2244,0.004265310000390658,0.7661090688375927,False,False
RR 25,2245,0.00960172699333726,0.5390338856659087,False,False
RR 25,2246,0.008519837287448739,0.5572653465396222,False,False
RR 25,2247,0.026777162700458722,0.12838794645749735,False,False
RR 25,2248,0.005129641032767448,0.8096505674914988,False,False
RR 25,2249,-0.0007134021228588553,0.970390837922128,False,False
RR 25,2250,0.0011518220458286413,0.9490083857425755,False,False
RR 25,2251,-0.005471277275982546,0.7769425124761669,False,False
RR 25,2252,0.025972111744718238,0.1321741708679392,False,False
RR 25,2253,0.0328729305164674,0.029414906098338182,True,True
RR 25,2254,-0.014800700502631655,0.3553024440063759,False,False
RR 25,2255,-0.020865620276969064,0.18755911852253526,False,False
RR 25,2256,-0.0013823986413025347,0.9378971599607681,False,False
RR 25,2257,0.02602521608638696,0.13037136221437617,False,False
RR 25,2258,0.006702061174573983,0.6871229937738867,False,False
RR 25,2259,0.011708124893348638,0.4719019738682825,False,False
RR 25,2260,0.048388377174479066,0.005914567306341576,True,True
RR 25,2261,0.022969843503149213,0.142264966194662,False,False
RR 25,2262,0.03562602812751654,0.016941457897755405,True,True
RR 25,2263,0.0022321688474510695,0.87355312414295,False,False
RR 25,2264,0.03852028971604795,0.04203227704412767,True,True
RR 25,2265,0.02628324116525906,0.07796389787513228,False,False
RR 25,2266,0.026418086875463865,0.16435182886160649,False,False
RR 25,2267,0.05233736613825311,0.0001731100521351046,True,True
RR 25,2268,0.035464146004212105,0.02468792293944944,True,True
RR 25,2269,0.0014308713832895004,0.9230052433197298,False,False
RR 25,2270,0.009344858084155434,0.5909417706285909,False,False
RR 25,2271,0.011015394523620287,0.4906286597120123,False,False
RR 25,2272,-0.01466674084713869,0.419416638373588,False,False
RR 25,2273,0.02562586285134128,0.15112439591472185,False,False
RR 25,2274,-0.0018673374184530861,0.8967173672057975,False,False
RR 25,2275,0.026613188790194538,0.06426254647806261,False,False
RR 25,2276,0.006675097036219167,0.6919739170689283,False,False
RR 25,2277,0.04867531391165667,0.0012780062735057332,True,True
RR 25,2278,0.005887994195303889,0.7665500148860883,False,False
RR 25,2279,-0.0014609201528066372,0.9295536826807097,False,False
RR 25,2280,-0.022511961632615922,0.1141650259559616,False,False
RR 25,2281,-0.015546755683132185,0.39046792119003326,False,False
RR 25,2282,0.027584829164265055,0.12525793129581222,False,False
RR 25,2283,0.014902910390176695,0.3586600271958673,False,False
RR 25,2284,0.03673064044895463,0.04316499793182414,True,True
RR 25,2285,0.00783940620577047,0.6205097979970606,False,False
RR 25,2286,0.013580550402541433,0.48297064989250493,False,False
RR 25,2287,0.00944961876105619,0.6532283299481705,False,False
RR 25,2288,0.025194572388718264,0.1513168582315245,False,False
RR 25,2289,0.02124284315405951,0.12785685388258922,False,False
RR 25,2290,-0.00891016981538556,0.620863749099507,False,False
RR 25,2291,0.014493208570201373,0.4229780212300539,False,False
RR 25,2292,0.027508032974774374,0.09186625870496506,False,False
RR 25,2293,0.02566993143173512,0.0996703754722203,False,False
RR 25,2294,0.014310904136447254,0.40373107247263473,False,False
RR 25,2295,0.018552814616603564,0.23926589926323594,False,False
RR 25,2296,0.011297685116059055,0.48780623318377525,False,False
RR 25,2297,0.018199535458442825,0.22015477063425504,False,False
RR 25,2298,0.0067778910070845745,0.695943419617296,False,False
RR 25,2299,-0.006460079083516559,0.6387208226627852,False,False
RR 100,3000,0.047556125318648466,0.003841582281657632,True,True
RR 100,3001,0.047926426261680824,0.0030239737564943,True,True
RR 100,3002,0.04231182630603454,0.006590573333433375,True,True
RR 100,3003,0.030058028099984924,0.10303835327089939,False,False
RR 100,3004,0.0715384912836755,3.5568089660473757e-07,True,True
RR 100,3005,0.018309791746685723,0.25329460944559634,False,False
RR 100,3006,0.04921683304153672,0.008059493497134834,True,True
RR 100,3007,0.03748248890542679,0.05639111233230692,False,False
RR 100,3008,0.02784760303748306,0.18912890533523397,False,False
RR 100,3009,0.017531335635897465,0.23943875871441112,False,False
RR 100,3010,0.009367485998368034,0.6001350867620636,False,False
RR 100,3011,0.06252769395697527,0.0008599517574892692,True,True
RR 100,3012,0.07020579388566481,2.2514933956864427e-05,True,True
RR 100,3013,0.04938155591457797,0.016800313201935854,True,True
RR 100,3014,0.03862731152358165,0.03526282127697582,True,True
RR 100,3015,0.03847789877007751,0.006901705388916802,True,True
RR 100,3016,0.03829629400911373,0.02667460018801156,True,True
RR 100,3017,0.05237276156113001,0.013555088651201263,True,True
RR 100,3018,0.08130329051551904,9.435275251268015e-06,True,True
RR 100,3019,0.04430644475913085,0.001255448169054874,True,True
RR 100,3020,0.04597377015811837,0.010925871008534286,True,True
RR 100,3021,0.021958949877314102,0.2505489858048149,False,False
RR 100,3022,0.03046201792032337,0.08298740876635789,False,False
RR 100,3023,0.023685408463097257,0.18300105309359194,False,False
RR 100,3024,0.029188574376552347,0.06250001375159722,False,False
RR 100,3025,0.042205653066815084,0.015441916419895558,True,True
RR 100,3026,0.051395373128431586,0.0008119770103599412,True,True
RR 100,3027,0.050959532861966104,0.0007077939894470918,True,True
RR 100,3028,0.04639169900145377,0.004693208115040723,True,True
RR 100,3030,0.010491209547774414,0.5217800389861731,False,False
RR 100,3029,0.06105567262924776,0.00020209473920447516,True,True
RR 100,3031,0.0556673956847004,0.0022983446591802992,True,True
RR 100,3032,0.050879930564623636,0.0015739475847831234,True,True
RR 100,3033,0.03810331733756695,0.027626930379080202,True,True
RR 100,3034,0.06525268625533458,0.0003071942617301517,True,True
RR 100,3036,0.04246706224166153,0.005720174557849735,True,True
RR 100,3035,0.0264983028165661,0.0975598588120523,False,False
RR 100,3037,0.059343355871319406,0.0028115104552665733,True,True
RR 100,3038,0.003660777230249178,0.819853464058329,False,False
RR 100,3039,0.0313057333506364,0.05068705194772986,False,False
RR 100,3040,0.06138187695682935,0.005951294296059624,True,True
RR 100,3041,0.02288457724081383,0.25753199258509907,False,False
RR 100,3042,0.03166529109624554,0.06668476907395335,False,False
RR 100,3043,0.07057463351444916,4.5841402060475154e-05,True,True
RR 100,3044,0.029603146928453936,0.08681711195826569,False,False
RR 100,3045,0.0832684585028836,8.287083582320324e-07,True,True
RR 100,3046,0.07623589323194295,1.1181267053142132e-06,True,True
RR 100,3047,0.04665640134909171,0.003980969948437337,True,True
RR 100,3048,0.025138723466578153,0.16253953871909033,False,False
RR 100,3049,0.039025180124072786,0.00856952881589788,True,True
RR 100,3050,0.06485713019678492,0.00022922814873211437,True,True
RR 100,3051,0.04071786897703627,0.03609171249010434,True,True
RR 100,3052,0.03658356493288788,0.0169071120117576,True,True
RR 100,3053,0.0535204726547275,0.0003942785873430382,True,True
RR 100,3054,0.05171130351083716,0.0030928014939813828,True,True
RR 100,3055,0.07313621762663616,3.674452652517305e-06,True,True
RR 100,3056,0.050751123785743354,0.0015723035427714308,True,True
RR 100,3057,0.029196945072339994,0.08279925266585982,False,False
RR 100,3058,0.04821366192612689,0.008789458820043523,True,True
RR 100,3059,0.04078748938873037,0.008510996991966889,True,True
RR 100,3060,0.04579623688550555,0.0032366582361467856,True,True
RR 100,3061,0.06665872670864732,9.137994556198581e-05,True,True
RR 100,3062,0.050415707155959666,0.0014374500195092922,True,True
RR 100,3063,0.06181143191777272,4.74945122817975e-05,True,True
RR 100,3064,0.04498185763429324,0.021165067874394494,True,True
RR 100,3065,0.0385354508077287,0.012637478426737627,True,True
RR 100,3066,0.06449450931642092,3.557291722112219e-05,True,True
RR 100,3067,0.060493119841012674,0.00011814263849910399,True,True
RR 100,3068,0.010159300443480448,0.5318718132054123,False,False
RR 100,3069,0.032970231900859695,0.07069216190160152,False,False
RR 100,3070,0.040614480439583205,0.025599820050103254,True,True
RR 100,3071,0.018708489074808866,0.1953703002499434,False,False
RR 100,3072,0.04774669826638615,0.004836815587748975,True,True
RR 100,3073,0.052035265833207875,0.005579143053980573,True,True
RR 100,3074,0.03470505939191811,0.057533684634768656,False,False
RR 100,3075,0.04222898958559036,0.028124921719151458,True,True
RR 100,3076,0.026783566634844016,0.12630421467520692,False,False
RR 100,3077,0.048081827849890006,0.0015701625181234323,True,True
RR 100,3078,0.03865039948424502,0.026511314768338217,True,True
RR 100,3079,0.06834535691254803,4.15941487995331e-06,True,True
RR 100,3080,0.018290201109429187,0.2830376593720363,False,False
RR 100,3081,0.055418232677963045,0.005241944645621128,True,True
RR 100,3082,0.04384582359469776,0.01570474502125495,True,True
RR 100,3083,0.05587908289063853,0.00042433588672126317,True,True
RR 100,3084,0.058276519032922434,0.000327907632945248,True,True
RR 100,3085,0.013217572291709936,0.376037761609879,False,False
RR 100,3086,0.030528251372528216,0.028490690835177065,True,True
RR 100,3087,-0.004701581226374407,0.7640232598773602,False,False
RR 100,3088,0.04088798931019904,0.028524835343832614,True,True
RR 100,3089,0.033794370465058,0.05170485900022528,False,False
RR 100,3090,0.021702294357853272,0.20360845128096317,False,False
RR 100,3091,0.04361700380954541,0.02715968332711138,True,True
RR 100,3092,0.02312869054772042,0.08738065330632327,False,False
RR 100,3093,0.053621912169489076,0.0018714243341383015,True,True
RR 100,3094,0.05568120814993407,0.002703518985779718,True,True
RR 100,3095,0.06813261714464255,8.011422124557309e-06,True,True
RR 100,3096,0.048917117262035494,0.007411003605310191,True,True
RR 100,3097,0.044145534048661755,0.014740765924649435,True,True
RR 100,3098,0.05835193086539005,5.118561758273356e-05,True,True
RR 100,3099,0.047716051907394516,0.0020154179360070304,True,True
RR 100,3100,0.014797126681718606,0.3237105873101437,False,False
RR 100,3101,0.04254290164318174,0.012494694726268895,True,True
RR 100,3102,0.05380110706028708,0.0019948528100805817,True,True
RR 100,3103,0.026858260095643693,0.15600226550160126,False,False
RR 100,3104,0.04029622078825404,0.009850629420929253,True,True
RR 100,3105,0.05100112912728857,0.0027788767677421147,True,True
RR 100,3106,0.04946765709656519,0.008320133563073836,True,True
RR 100,3107,0.028510993595752283,0.19090595686614842,False,False
RR 100,3108,0.04771916452898972,0.006154268933854949,True,True
RR 100,3109,0.042341968434524715,0.021285899175116994,True,True
RR 100,3110,0.053381905426622155,0.0008589475104797074,True,True
RR 100,3111,0.038727665989291206,0.010909389712937352,True,True
RR 100,3112,0.03612705202638525,0.015366573621347808,True,True
RR 100,3113,0.04158440277154278,0.0026002315710260127,True,True
RR 100,3114,0.057418838842010295,0.00041850333679063534,True,True
RR 100,3115,0.04339311776591323,0.011017041840253209,True,True
RR 100,3116,0.013138496823076396,0.4889090585735787,False,False
RR 100,3117,0.030731006342055063,0.07936019871115425,False,False
RR 100,3118,0.03729538955218696,0.02997402729688122,True,True
RR 100,3119,0.06325108870431534,0.001336052952872728,True,True
RR 100,3120,0.027352847335866445,0.05482624818416073,False,False
RR 100,3121,0.05003439195033418,0.0023636841601768553,True,True
RR 100,3122,0.046683294461858704,0.003229653080764637,True,True
RR 100,3123,0.018686519855118964,0.19580071872357363,False,False
RR 100,3124,0.02822916315662252,0.08496624426369903,False,False
RR 100,3125,0.04428416435420477,0.0019306657836400943,True,True
RR 100,3126,0.06210473579614278,9.883881033221813e-05,True,True
RR 100,3127,0.0404170814574704,0.010368328596674059,True,True
RR 100,3128,0.008697883454952997,0.6616667435795329,False,False
RR 100,3129,0.06962940855087157,8.476196375201143e-06,True,True
RR 100,3130,0.03921174189799074,0.008460162096169736,True,True
RR 100,3131,0.018270088528464262,0.3338518810516037,False,False
RR 100,3132,0.049786315152142685,0.008642833646564959,True,True
RR 100,3133,0.04653436294598773,0.013718889011791965,True,True
RR 100,3134,0.043736739960228505,0.001817786888407841,True,True
RR 100,3135,0.042119397420698756,0.014736425124038261,True,True
RR 100,3136,0.06254115787520113,1.1639312919024575e-05,True,True
RR 100,3137,0.042163111871480044,0.02060053444787618,True,True
RR 100,3138,0.03661768167932338,0.006379800682421207,True,True
RR 100,3139,0.06674599693598214,1.0488749308184275e-05,True,True
RR 100,3140,0.02169841038963972,0.11957391773121563,False,False
RR 100,3141,0.05190306375138427,0.002839072987118244,True,True
RR 100,3142,0.019373921028011293,0.24497642842938472,False,False
RR 100,3143,0.06636964051080438,7.035104091082369e-06,True,True
RR 100,3144,0.05843757763203005,0.0019616286711598256,True,True
RR 100,3145,0.04287259315418972,0.004730805990836081,True,True
RR 100,3146,0.07113704385892988,9.131652627499204e-07,True,True
RR 100,3147,0.0042746280570207995,0.7733095431442463,False,False
RR 100,3148,0.01834139282798192,0.293383601174553,False,False
RR 100,3149,0.06713359685970179,3.38914491697267e-05,True,True
RR 100,3150,0.058644726250510974,5.212390308734129e-05,True,True
RR 100,3151,0.035986768664229944,0.06581119022142365,False,False
RR 100,3152,0.05269184930642217,0.002178917366501709,True,True
RR 100,3153,0.059852583755811456,0.001727735893580284,True,True
RR 100,3154,0.054937598110877665,0.0018322354869093828,True,True
RR 100,3155,0.041434228204573924,0.011393268924833727,True,True
RR 100,3156,0.007730389180502699,0.6231647226709873,False,False
RR 100,3157,0.07069837101354692,6.667316541041856e-06,True,True
RR 100,3158,0.08263537194101322,5.748450284528588e-06,True,True
RR 100,3159,0.055593291231902695,0.0015337952912944097,True,True
RR 100,3160,0.03635232981523604,0.01233059764319869,True,True
RR 100,3161,0.0307695267282385,0.027324304805648437,True,True
RR 100,3162,0.06767520837395938,1.686017740462518e-05,True,True
RR 100,3163,0.030728318101583125,0.059875569509555665,False,False
RR 100,3164,0.03299258435793755,0.025425215786257966,True,True
RR 100,3165,0.030802916585768877,0.06008108700457729,False,False
RR 100,3166,0.044077190760719406,0.012795183004516097,True,True
RR 100,3167,0.05510044801882747,0.0026917331910905626,True,True
RR 100,3168,0.048980206526976676,0.003164374928183237,True,True
RR 100,3169,0.04735055366046496,0.0069501808200201475,True,True
RR 100,3170,0.02645844024231106,0.07731475865475171,False,False
RR 100,3171,0.04974873556076433,0.014356300086277543,True,True
RR 100,3172,0.018511930636315246,0.3273221146757128,False,False
RR 100,3173,0.03852051627129249,0.05303378279559583,False,False
RR 100,3174,0.04393925890425356,0.0029049990237252203,True,True
RR 100,3175,0.03748779105378975,0.03761729527196178,True,True
RR 100,3176,0.061241424300708516,0.002811721593496579,True,True
RR 100,3177,0.050791112878638155,0.0049881749953523315,True,True
RR 100,3178,0.03710930957293005,0.017245720123858645,True,True
RR 100,3179,0.0745408358317123,0.0005382496843945738,True,True
RR 100,3180,0.06281900460222564,6.959325141110126e-05,True,True
RR 100,3181,0.07042502669195626,0.00025279683548539003,True,True
RR 100,3182,0.04337559400474976,0.030486965934789643,True,True
RR 100,3183,0.03338085809009642,0.0627315007683659,False,False
RR 100,3184,0.04320282464033651,0.0018245238628851667,True,True
RR 100,3185,0.057092988092491505,0.0006425868976253316,True,True
RR 100,3186,0.07014621273501781,1.0756748606124274e-05,True,True
RR 100,3187,0.017161181599516375,0.25024731402612455,False,False
RR 100,3189,0.05439890235549215,0.002212340271317437,True,True
RR 100,3188,0.05358251595446186,0.0005482009440019395,True,True
RR 100,3191,0.047922242760795215,0.0004110865876070588,True,True
RR 100,3190,0.03350806945615761,0.05157641090773933,False,False
RR 100,3193,0.05916676752440204,3.708090749326163e-05,True,True
RR 100,3192,0.04983628667746142,0.008593946022597398,True,True
RR 100,3194,0.07073765913973541,8.396410043104315e-06,True,True
RR 100,3195,0.06880288158223759,9.241120589858e-05,True,True
RR 100,3196,0.028293581617030873,0.18983885204302542,False,False
RR 100,3197,0.025761202656253025,0.1496497047026528,False,False
RR 100,3198,0.061819711129911706,0.00043944103496911587,True,True
RR 100,3199,0.035633716095985216,0.02721887445874869,True,True
RR 100,3200,0.029999563555159453,0.07862489776209464,False,False
RR 100,3201,0.05369468726444067,0.0077331951104700775,True,True
RR 100,3202,0.05265144489631198,0.0003222991193682627,True,True
RR 100,3203,0.036994605523748475,0.020111758028859658,True,True
RR 100,3204,0.054417568541429706,0.004221768120150526,True,True
RR 100,3205,0.03246865170429256,0.04557455830406866,True,True
RR 100,3206,0.035235285788297765,0.06886619984453063,False,False
RR 100,3207,0.019293594869481907,0.23506141408410763,False,False
RR 100,3208,0.038991575295069476,0.045196035693735204,True,True
RR 100,3209,0.07728813416523396,2.786762102470688e-05,True,True
RR 100,3210,0.07438105611245964,1.816838465365694e-06,True,True
RR 100,3211,0.04103550737889719,0.019533289878633227,True,True
RR 100,3212,0.03158051909080275,0.05720046869685044,False,False
RR 100,3213,0.0630933338128401,2.078375997239223e-07,True,True
RR 100,3214,0.044289213380240854,0.011424729003682172,True,True
RR 100,3215,0.09062995163916956,5.3065674031540604e-08,True,True
RR 100,3216,0.041377819526989344,0.020616676302250125,True,True
RR 100,3217,0.0510696478697149,0.002612029995804756,True,True
RR 100,3218,0.026868960779570714,0.07290048593308963,False,False
RR 100,3219,0.028803017095300972,0.08512406317208283,False,False
RR 100,3220,0.060632185543983134,0.0005386691935836444,True,True
RR 100,3221,0.03858775819913316,0.008698528712161369,True,True
RR 100,3222,0.04531583646953006,0.021651814944106708,True,True
RR 100,3223,0.059996435242706335,0.00024097626297417025,True,True
RR 100,3224,0.010240808934616317,0.558531599046473,False,False
RR 100,3225,0.006682120551066409,0.6981782061072883,False,False
RR 100,3226,0.023563954304453717,0.0851341822727803,False,False
RR 100,3227,0.060544861706251146,2.8247062079925607e-05,True,True
RR 100,3228,0.05779376133257568,0.002664724331553113,True,True
RR 100,3229,0.03017440901068256,0.05718570646223833,False,False
RR 100,3230,0.06451934628988391,5.0942263643278956e-06,True,True
RR 100,3231,0.09139207932025456,4.243134139400916e-07,True,True
RR 100,3232,0.04559219649642851,0.0055031911970345486,True,True
RR 100,3233,0.06430208038008706,0.00022899609210103839,True,True
RR 100,3234,0.0355803925666239,0.061353291431120095,False,False
RR 100,3235,0.03846471378232705,0.06812474169292784,False,False
RR 100,3236,0.03318364139576885,0.06276137539168927,False,False
RR 100,3237,0.06504040923387412,2.3305173546177857e-05,True,True
RR 100,3238,0.06552020083596796,8.150749410844222e-05,True,True
RR 100,3239,0.08484253917539607,5.4665416158919485e-06,True,True
RR 100,3240,0.039623559843719056,0.0249680657101822,True,True
RR 100,3241,0.033164579577112566,0.0650655072886607,False,False
RR 100,3242,0.05906365470695338,7.476934690930195e-05,True,True
RR 100,3243,0.03823509461425979,0.03165320303420425,True,True
RR 100,3244,0.03038176957096203,0.13602258689475183,False,False
RR 100,3245,0.05709852583021605,0.0025859939179514414,True,True
RR 100,3246,0.008306646937040835,0.5604917616741718,False,False
RR 100,3247,0.05988715540151664,0.0007026494142731524,True,True
RR 100,3248,0.04411252867348615,0.004905658347890314,True,True
RR 100,3249,0.01873506859445659,0.36718051724450373,False,False
RR 100,3250,0.03938687061107858,0.04428912063389563,True,True
RR 100,3251,0.06767073585548139,0.0003150739513768833,True,True
RR 100,3252,0.04575871903608964,0.009653660855285073,True,True
RR 100,3253,0.050030362323573135,0.0022137234090991316,True,True
RR 100,3254,0.06517453538783716,0.0008687444477637071,True,True
RR 100,3255,0.054080830746222046,4.1747819614673926e-05,True,True
RR 100,3256,0.02340841001583015,0.19017386005239179,False,False
RR 100,3257,0.034738046760460425,0.047152854309591735,True,True
RR 100,3258,0.047798097414937665,0.002521791281857538,True,True
RR 100,3259,0.035799172500556115,0.05260309312370096,False,False
RR 100,3260,0.05278307030902711,0.010061225726848585,True,True
RR 100,3261,0.015239601550450533,0.36355909643423634,False,False
RR 100,3262,0.05266302480670327,0.004106576452879365,True,True
RR 100,3263,0.019106346035736507,0.21557838695316534,False,False
RR 100,3264,0.038347988101787106,0.01672571053146118,True,True
RR 100,3265,0.04961094830889184,0.00017930410928141319,True,True
RR 100,3267,0.05289963997077994,0.004337827864656292,True,True
RR 100,3266,0.04388179054108679,0.0144413930003708,True,True
RR 100,3269,0.054912275882666985,0.0011935486923874967,True,True
RR 100,3268,0.014288523364760043,0.41423375503019433,False,False
RR 100,3271,0.062417402674218546,0.0002551559659290792,True,True
RR 100,3270,0.04277794325238718,0.008440173962782415,True,True
RR 100,3272,0.030923584884627518,0.06518626078430267,False,False
RR 100,3273,0.04274059745940887,0.05355155883388075,False,False
RR 100,3274,0.021704156670364797,0.1536106318152752,False,False
RR 100,3275,0.05774585684631555,0.001768568344064479,True,True
RR 100,3276,0.05922908423623978,0.0004725591061477119,True,True
RR 100,3277,0.029229600389741924,0.09673731934557202,False,False
RR 100,3278,0.028186248020985852,0.0715500726134268,False,False
RR 100,3279,0.05384054807336455,0.014858653312984117,True,True
RR 100,3280,0.01747749691920824,0.303831461285213,False,False
RR 100,3281,0.010369712456631068,0.5151729503268758,False,False
RR 100,3282,0.033285788618892025,0.052120793586744776,False,False
RR 100,3283,0.05710302193012943,0.0020397822999025286,True,True
RR 100,3284,0.037915217095484885,0.008129315276588615,True,True
RR 100,3285,0.035246995060022816,0.038024366459816626,True,True
RR 100,3286,0.06346693054037116,3.539176299919913e-05,True,True
RR 100,3287,0.042104678385876865,0.005569782116386224,True,True
RR 100,3288,0.05094856466967981,0.014935210029021031,True,True
RR 100,3289,0.05037850634695581,0.0002166016084087327,True,True
RR 100,3290,0.030813172144223102,0.01875867166972823,True,True
RR 100,3291,0.052395841151421624,0.005413666901611966,True,True
RR 100,3292,0.041194547780701966,0.007039013861924455,True,True
RR 100,3293,0.05125429356017785,0.002980176172450271,True,True
RR 100,3294,0.04007184157948495,0.01852863238673628,True,True
RR 100,3295,0.05157231155553119,0.008021406794505973,True,True
RR 100,3296,0.06761502883157261,0.0001405945506173706,True,True
RR 100,3297,0.014518287669013268,0.4005811891030253,False,False
RR 100,3298,0.08450260641514007,2.3469694128883416e-07,True,True
RR 100,3299,0.03607456857300563,0.01718280323219053,True,True
IRR 1.02 per 10%,4000,0.031851107619466024,0.04575540815959567,True,True
IRR 1.02 per 10%,4001,0.006238348526082797,0.7012900111626874,False,False
IRR 1.02 per 10%,4002,0.01921546042763338,0.21117531494214037,False,False
IRR 1.02 per 10%,4003,0.013743299174621708,0.3825629390855182,False,False
IRR 1.02 per 10%,4004,0.016379396771492336,0.32956440970050815,False,False
IRR 1.02 per 10%,4005,0.0016133959105505142,0.9197721024850366,False,False
IRR 1.02 per 10%,4006,0.002505911529287867,0.8873361470633525,False,False
IRR 1.02 per 10%,4007,0.011867387216830444,0.38790978773981766,False,False
IRR 1.02 per 10%,4008,0.053189106534211224,0.0023212794342393397,True,True
IRR 1.02 per 10%,4009,0.025876769284523683,0.12370559190057288,False,False
IRR 1.02 per 10%,4010,0.03157981207493752,0.0631604686854997,False,False
IRR 1.02 per 10%,4011,0.021101172273115715,0.17538010601330334,False,False
IRR 1.02 per 10%,4012,0.020729230616637957,0.19071894845352366,False,False
IRR 1.02 per 10%,4013,0.015834975931512098,0.3264395905211439,False,False
IRR 1.02 per 10%,4014,0.04253450199364128,0.02119039326101271,True,True
IRR 1.02 per 10%,4015,0.014209302097923981,0.2725090215417665,False,False
IRR 1.02 per 10%,4016,0.027542859724183806,0.052219096599014324,False,False
IRR 1.02 per 10%,4017,0.05588399480029469,3.8372325700128954e-05,True,True
IRR 1.02 per 10%,4018,0.03244163610638658,0.07395927052763365,False,False
IRR 1.02 per 10%,4019,0.033534967884783884,0.034459979656816186,True,True
IRR 1.02 per 10%,4020,0.02323114810813283,0.14542445192756956,False,False
IRR 1.02 per 10%,4021,0.028447538862868278,0.06360346717684189,False,False
IRR 1.02 per 10%,4022,0.030399121293064928,0.05675394935785856,False,False
IRR 1.02 per 10%,4023,0.010360213839057579,0.521046844334297,False,False
IRR 1.02 per 10%,4024,0.031080121684655574,0.08422899480838164,False,False
IRR 1.02 per 10%,4025,0.036233270825553936,0.03084220285042386,True,True
IRR 1.02 per 10%,4026,0.02929956686034104,0.019470092800844368,True,True
IRR 1.02 per 10%,4027,0.03976383148778788,0.01231567532964937,True,True
IRR 1.02 per 10%,4028,0.002413990900190477,0.8711563166376541,False,False
IRR 1.02 per 10%,4029,0.012553629673368365,0.4966928215426927,False,False
IRR 1.02 per 10%,4030,0.011506150587712602,0.4752692161023292,False,False
IRR 1.02 per 10%,4031,0.04475390145128973,0.0041213448886806845,True,True
IRR 1.02 per 10%,4032,0.010306064330432203,0.5455885973678575,False,False
IRR 1.02 per 10%,4033,0.013922538085974396,0.44859251809623724,False,False
IRR 1.02 per 10%,4034,0.02464162731678211,0.12885631630176483,False,False
IRR 1.02 per 10%,4035,0.03701608606832295,0.0413375963486674,True,True
IRR 1.02 per 10%,4036,0.027241059421135402,0.03807803429709533,True,True
IRR 1.02 per 10%,4037,0.03554990853153326,0.04165371256811007,True,True
IRR 1.02 per 10%,4038,-0.006085757335853557,0.7371431138482363,False,False
IRR 1.02 per 10%,4039,0.024378190496684483,0.2147259749677719,False,False
IRR 1.02 per 10%,4040,0.013903002632789725,0.4305263873239945,False,False
IRR 1.02 per 10%,4041,0.0763407514079041,1.1974209025104386e-07,True,True
IRR 1.02 per 10%,4042,-0.009223544999860655,0.5980680782570527,False,False
IRR 1.02 per 10%,4043,0.04310868010695541,0.01972043479910523,True,True
IRR 1.02 per 10%,4044,0.006135246258692058,0.7184420896305428,False,False
IRR 1.02 per 10%,4045,0.027377646941937044,0.06866857858065163,False,False
IRR 1.02 per 10%,4046,0.011100786183753323,0.5971361743601855,False,False
IRR 1.02 per 10%,4047,0.025967903507730324,0.04317325316176255,True,True
IRR 1.02 per 10%,4048,0.029543839633696264,0.028411255208378648,True,True
IRR 1.02 per 10%,4049,0.025267265351405624,0.1401121678722447,False,False
IRR 1.02 per 10%,4050,0.04700494392755581,0.0007857038098162377,True,True
IRR 1.02 per 10%,4051,-0.0002733638641915518,0.9844971722015567,False,False
IRR 1.02 per 10%,4052,-0.010142786520621163,0.5370475575503069,False,False
IRR 1.02 per 10%,4053,0.009059252288563703,0.5487696428491065,False,False
IRR 1.02 per 10%,4054,0.016480154392602732,0.3416528631303215,False,False
IRR 1.02 per 10%,4055,0.0051913556178371885,0.7510373254440844,False,False
IRR 1.02 per 10%,4056,0.016430102987826847,0.2663928179004499,False,False
IRR 1.02 per 10%,4057,0.020866836590405644,0.26442569187710296,False,False
IRR 1.02 per 10%,4058,0.0115296409225333,0.5568248205449697,False,False
IRR 1.02 per 10%,4059,0.046681729947283965,0.0064037862886137265,True,True
IRR 1.02 per 10%,4060,0.005605257576620388,0.7798882372304055,False,False
IRR 1.02 per 10%,4061,0.013061733325537762,0.4106045492722974,False,False
IRR 1.02 per 10%,4062,0.046122330887787284,0.006491052912004334,True,True
IRR 1.02 per 10%,4063,0.03600057688729528,0.03226507818601097,True,True
IRR 1.02 per 10%,4064,-5.435325107187319e-07,0.9999753288871426,False,False
IRR 1.02 per 10%,4065,0.049557241495549305,0.0053666133964017804,True,True
IRR 1.02 per 10%,4066,0.022535068680021864,0.18782733357382475,False,False
IRR 1.02 per 10%,4067,0.023729610825373722,0.18475993033716764,False,False
IRR 1.02 per 10%,4068,-0.002005442765731581,0.8792956134130839,False,False
IRR 1.02 per 10%,4069,0.010959244086357142,0.46008462544917517,False,False
IRR 1.02 per 10%,4070,0.027163620180818047,0.16914215000763522,False,False
IRR 1.02 per 10%,4071,0.02612076905699369,0.1177022750173866,False,False
IRR 1.02 per 10%,4072,0.00271865352409604,0.8742459834080187,False,False
IRR 1.02 per 10%,4073,0.029725893205440224,0.12042291973254016,False,False
IRR 1.02 per 10%,4074,-0.002021795537430307,0.9188988527667754,False,False
IRR 1.02 per 10%,4075,0.053262429913880714,0.00026141689363056895,True,True
IRR 1.02 per 10%,4076,0.0318891292880982,0.05529143314349971,False,False
IRR 1.02 per 10%,4077,0.03433660251224799,0.03803438391891965,True,True
IRR 1.02 per 10%,4078,0.009448637748856249,0.6357850935654401,False,False
IRR 1.02 per 10%,4079,0.03159909761808012,0.07444519992260956,False,False
IRR 1.02 per 10%,4080,-0.00044363919376939534,0.9781522784458974,False,False
IRR 1.02 per 10%,4081,-0.010950024620937157,0.46545003552322717,False,False
IRR 1.02 per 10%,4082,0.02645901342790563,0.10175424502731871,False,False
IRR 1.02 per 10%,4083,0.05354811938559261,0.0043481629116934595,True,True
IRR 1.02 per 10%,4085,0.04030532009585312,0.006654294282002583,True,True
IRR 1.02 per 10%,4084,0.022106112027634222,0.11977264639613258,False,False
IRR 1.02 per 10%,4086,0.020435914257474704,0.18860344491947156,False,False
IRR 1.02 per 10%,4087,-0.008515204420476126,0.5772310978760776,False,False
IRR 1.02 per 10%,4088,-0.02058574673534794,0.14560636197392435,False,False
IRR 1.02 per 10%,4089,0.04169284310265199,0.02111668300449478,True,True
IRR 1.02 per 10%,4090,0.02828175200471978,0.06439722575289446,False,False
IRR 1.02 per 10%,4091,0.028654522288428543,0.08023284989112747,False,False
IRR 1.02 per 10%,4092,0.0024444913508203593,0.886672489791469,False,False
IRR 1.02 per 10%,4093,0.044853628288244,0.01389691387243536,True,True
IRR 1.02 per 10%,4094,0.03309934649267294,0.042922413649835664,True,True
IRR 1.02 per 10%,4095,0.002329555408672887,0.8989025713468537,False,False
IRR 1.02 per 10%,4096,0.013923460754653295,0.27221662060902474,False,False
IRR 1.02 per 10%,4097,0.0395258674377857,0.01035586200200786,True,True
IRR 1.02 per 10%,4098,0.012866291133087585,0.5218705924974283,False,False
IRR 1.02 per 10%,4099,0.01706297162520215,0.2791465204997441,False,False
IRR 1.02 per 10%,4100,0.03196116354259776,0.026330675179836418,True,True
IRR 1.02 per 10%,4101,0.004927467098110629,0.7696056773858129,False,False
IRR 1.02 per 10%,4102,0.0071810045022642445,0.6347842994054413,False,False
IRR 1.02 per 10%,4103,0.03198396870654759,0.04414092420181944,True,True
IRR 1.02 per 10%,4104,-0.021586581372608583,0.18814576314558507,False,False
IRR 1.02 per 10%,4105,0.03166537976840432,0.08996035776624155,False,False
IRR 1.02 per 10%,4106,0.046106871858745235,0.0012642597071793786,True,True
IRR 1.02 per 10%,4107,-0.00022567880322419448,0.990539087378722,False,False
IRR 1.02 per 10%,4108,0.03213329670923291,0.07003428824059353,False,False
IRR 1.02 per 10%,4109,-0.007766156010790613,0.6182239863723095,False,False
IRR 1.02 per 10%,4110,-0.01774227174005918,0.24484234971469931,False,False
IRR 1.02 per 10%,4111,0.045614253238373606,0.0021087348968545374,True,True
IRR 1.02 per 10%,4112,0.004058252476653958,0.820846218127927,False,False
IRR 1.02 per 10%,4113,0.020778042134221263,0.2075861654753519,False,False
IRR 1.02 per 10%,4114,0.01930983161989589,0.2742332190251576,False,False
IRR 1.02 per 10%,4115,0.009377055200921417,0.547431611270989,False,False
IRR 1.02 per 10%,4116,0.007960209466620863,0.6260796870107113,False,False
IRR 1.02 per 10%,4117,0.025565133357104173,0.16277869696006397,False,False
IRR 1.02 per 10%,4118,0.008665868088791934,0.5092993172105784,False,False
IRR 1.02 per 10%,4119,0.03951856262958492,0.016470737772058992,True,True
IRR 1.02 per 10%,4120,0.031591334641672714,0.051687543004303824,False,False
IRR 1.02 per 10%,4121,0.025481054081876942,0.13719377457735263,False,False
IRR 1.02 per 10%,4122,0.022573577604788803,0.22665363295394625,False,False
IRR 1.02 per 10%,4123,0.042961133911183974,0.026547957683419627,True,True
IRR 1.02 per 10%,4124,0.02762186959323411,0.06539917098067358,False,False
IRR 1.02 per 10%,4125,0.019567035267239536,0.17313420219338171,False,False
IRR 1.02 per 10%,4126,-0.00044779092156293105,0.9797812793037672,False,False
IRR 1.02 per 10%,4127,0.023369777624768332,0.21104120940140958,False,False
IRR 1.02 per 10%,4128,0.001183515068326139,0.9405163573794804,False,False
IRR 1.02 per 10%,4129,0.00032038656221683275,0.9816416765417177,False,False
IRR 1.02 per 10%,4130,0.03598545360282206,0.011716152061829544,True,True
IRR 1.02 per 10%,4131,-0.009854457095938081,0.5126201756597004,False,False
IRR 1.02 per 10%,4132,0.02209474808203487,0.14546652174526242,False,False
IRR 1.02 per 10%,4133,0.040524046784847854,0.01931231096717503,True,True
IRR 1.02 per 10%,4134,0.023864914747959702,0.18404355475374956,False,False
IRR 1.02 per 10%,4135,0.041860997145012055,0.01001641669293463,True,True
IRR 1.02 per 10%,4136,0.01634121968576199,0.3093580415585905,False,False
IRR 1.02 per 10%,4137,-0.010329221581963807,0.5387489409602311,False,False
IRR 1.02 per 10%,4138,0.006874649648844561,0.6861426573990725,False,False
IRR 1.02 per 10%,4139,0.011105374827136154,0.44614986875677953,False,False
IRR 1.02 per 10%,4140,0.013796559547113145,0.374536817541115,False,False
IRR 1.02 per 10%,4141,0.06222126102474512,4.525801207354566e-05,True,True
IRR 1.02 per 10%,4142,0.012811230574366268,0.5406582110521555,False,False
IRR 1.02 per 10%,4143,0.04487675227448012,0.007111633270994038,True,True
IRR 1.02 per 10%,4144,0.002836677629172298,0.8871056601054225,False,False
IRR 1.02 per 10%,4145,0.02257832464304196,0.2021975989551985,False,False
IRR 1.02 per 10%,4146,0.025373534420167095,0.12932377248608082,False,False
IRR 1.02 per 10%,4147,0.026397937403099613,0.1713646361036848,False,False
IRR 1.02 per 10%,4148,0.055699169921718854,0.0034662035361568634,True,True
IRR 1.02 per 10%,4149,0.02800702312230065,0.07587841888350771,False,False
IRR 1.02 per 10%,4150,0.02150138824202138,0.18033305987266068,False,False
IRR 1.02 per 10%,4151,-0.0005187870943687915,0.9736757536017295,False,False
IRR 1.02 per 10%,4152,-0.003935747492800064,0.7955112781597319,False,False
IRR 1.02 per 10%,4153,0.039574760303957186,0.0036614877467364723,True,True
IRR 1.02 per 10%,4154,0.00026160739691696817,0.9882356443639738,False,False
IRR 1.02 per 10%,4155,0.0026803758540965995,0.8601297725826879,False,False
IRR 1.02 per 10%,4156,0.00411575658101514,0.8174084105955559,False,False
IRR 1.02 per 10%,4157,0.027435694616943715,0.08748169400218345,False,False
IRR 1.02 per 10%,4158,0.001919366220850023,0.9119505564921568,False,False
IRR 1.02 per 10%,4159,-0.015035969148856576,0.35355283471873367,False,False
IRR 1.02 per 10%,4160,0.0014711826924819198,0.9204872861894249,False,False
IRR 1.02 per 10%,4161,0.030473153933297997,0.06705368948745122,False,False
IRR 1.02 per 10%,4162,-0.004992658743907767,0.7736355343406757,False,False
IRR 1.02 per 10%,4163,0.0512820276809464,0.0009230649014743832,True,True
IRR 1.02 per 10%,4164,-0.00042466796052256897,0.9771986093184711,False,False
IRR 1.02 per 10%,4165,0.03289942601156256,0.023547188561587763,True,True
IRR 1.02 per 10%,4166,0.02426729768675009,0.1477595506143251,False,False
IRR 1.02 per 10%,4167,0.01676259216667601,0.310113081691232,False,False
IRR 1.02 per 10%,4168,0.055096780344733386,9.41721120610605e-05,True,True
IRR 1.02 per 10%,4169,0.01785602484406099,0.3265006105654611,False,False
IRR 1.02 per 10%,4170,0.01608495745461663,0.34523749135629755,False,False
IRR 1.02 per 10%,4171,0.015913989291502274,0.3984799020583162,False,False
IRR 1.02 per 10%,4172,0.024856767466055765,0.11620384102861617,False,False
IRR 1.02 per 10%,4173,0.03479835550721515,0.05136692242308448,False,False
IRR 1.02 per 10%,4174,0.005328044361015896,0.7510283724140442,False,False
IRR 1.02 per 10%,4175,0.01659907871837795,0.35074108720166197,False,False
IRR 1.02 per 10%,4176,0.00023481952127815182,0.9879633030399317,False,False
IRR 1.02 per 10%,4177,0.014542445804942157,0.3482087601890008,False,False
IRR 1.02 per 10%,4178,0.014818908836821347,0.39620551277606786,False,False
IRR 1.02 per 10%,4180,0.01289849573716076,0.40329718582727925,False,False
IRR 1.02 per 10%,4179,0.0015195439491753739,0.9288050663084146,False,False
IRR 1.02 per 10%,4181,0.002244612540368509,0.8851275826923668,False,False
IRR 1.02 per 10%,4182,0.026808830211538494,0.09959149429835278,False,False
IRR 1.02 per 10%,4183,0.06249137247989667,0.00013579756927460706,True,True
IRR 1.02 per 10%,4184,0.034893541091631154,0.058362334686591445,False,False
IRR 1.02 per 10%,4185,-0.015179627323273572,0.37736763507894844,False,False
IRR 1.02 per 10%,4186,0.009502002598008586,0.5796994628113173,False,False
IRR 1.02 per 10%,4187,0.03750735550441963,0.01048311185091061,True,True
IRR 1.02 per 10%,4188,0.022408459912904657,0.1885246565796721,False,False
IRR 1.02 per 10%,4189,0.018773878244224156,0.18996817269220556,False,False
IRR 1.02 per 10%,4190,-0.01531287388613589,0.3114808003325381,False,False
IRR 1.02 per 10%,4191,0.03887830873899009,0.024621853944747387,True,True
IRR 1.02 per 10%,4192,0.03240274779626908,0.0435193026657857,True,True
IRR 1.02 per 10%,4193,0.04192538729751634,0.002040222828316018,True,True
IRR 1.02 per 10%,4194,0.013532460605320193,0.3955169913915537,False,False
IRR 1.02 per 10%,4195,0.019581937892954038,0.24548109450407096,False,False
IRR 1.02 per 10%,4196,0.004410983122989205,0.7793414661890526,False,False
IRR 1.02 per 10%,4197,-0.00187669205032556,0.9102100468471583,False,False
IRR 1.02 per 10%,4198,0.0008193538123762592,0.9629761528962077,False,False
IRR 1.02 per 10%,4199,0.00217703633258554,0.8928303546580013,False,False
IRR 1.02 per 10%,4200,0.0159899467361213,0.3592945420070105,False,False
IRR 1.02 per 10%,4201,0.02858158119750166,0.038063989730033956,True,True
IRR 1.02 per 10%,4202,0.00606032316976958,0.6577547524449059,False,False
IRR 1.02 per 10%,4203,0.0018971365372585027,0.9252626266314105,False,False
IRR 1.02 per 10%,4204,0.019053210877618604,0.343030708486457,False,False
IRR 1.02 per 10%,4205,0.021160730999374735,0.228838440688378,False,False
IRR 1.02 per 10%,4206,0.023700781489158412,0.14803129000999357,False,False
IRR 1.02 per 10%,4207,0.024182624204624154,0.10533537430587361,False,False
IRR 1.02 per 10%,4208,0.01815087448827357,0.3589143467989476,False,False
IRR 1.02 per 10%,4209,0.04753156465108714,0.006567076498896626,True,True
IRR 1.02 per 10%,4210,0.026155023515984345,0.19944816589449443,False,False
IRR 1.02 per 10%,4211,0.030437075736492604,0.09092686681367185,False,False
IRR 1.02 per 10%,4212,-0.013301264554012765,0.4164432333445782,False,False
IRR 1.02 per 10%,4213,0.0004990607603851575,0.9742672352413053,False,False
IRR 1.02 per 10%,4214,0.0050056758556706075,0.7412989836542547,False,False
IRR 1.02 per 10%,4215,0.006339608191610523,0.6533035349904248,False,False
IRR 1.02 per 10%,4216,0.009745491640806757,0.5861357279528538,False,False
IRR 1.02 per 10%,4217,0.037934321168384535,0.012435092843183816,True,True
IRR 1.02 per 10%,4218,0.03584531209272632,0.01823321395717036,True,True
IRR 1.02 per 10%,4219,-0.0030522032042463705,0.8633031784771306,False,False
IRR 1.02 per 10%,4220,0.011247091915984348,0.5580243364374942,False,False
IRR 1.02 per 10%,4221,0.023888110381930946,0.1586987643536386,False,False
IRR 1.02 per 10%,4222,0.030489286885175066,0.08773967959097974,False,False
IRR 1.02 per 10%,4223,-0.007951095808217462,0.6719228693866914,False,False
IRR 1.02 per 10%,4224,0.028534469845462204,0.08035883733334949,False,False
IRR 1.02 per 10%,4225,0.03779498296197805,0.01919068809526482,True,True
IRR 1.02 per 10%,4226,0.02437877566687598,0.0773774174619135,False,False
IRR 1.02 per 10%,4227,0.02579376326001715,0.12649213838228923,False,False
IRR 1.02 per 10%,4228,0.006522015606729989,0.7150554403573146,False,False
IRR 1.02 per 10%,4229,0.03510786458375172,0.02839948956462671,True,True
IRR 1.02 per 10%,4230,-0.017354735013912728,0.20314490116271988,False,False
IRR 1.02 per 10%,4231,-0.010027074897504675,0.5268962617735147,False,False
IRR 1.02 per 10%,4232,0.0037739043241542904,0.8301385365437,False,False
IRR 1.02 per 10%,4233,0.04870808232273263,0.0008020481807253599,True,True
IRR 1.02 per 10%,4234,0.0241007835902675,0.1594977347895209,False,False
IRR 1.02 per 10%,4235,0.011342204975540136,0.5208283614292042,False,False
IRR 1.02 per 10%,4236,0.029054607070324534,0.15942421823770359,False,False
IRR 1.02 per 10%,4237,0.020320130564334037,0.21702511090417032,False,False
IRR 1.02 per 10%,4238,-0.005056361991280322,0.7468051894008971,False,False
IRR 1.02 per 10%,4239,0.02478590238886049,0.12976249833975825,False,False
IRR 1.02 per 10%,4240,0.04435632652271711,0.002264504666915348,True,True
IRR 1.02 per 10%,4241,0.007727948426519384,0.67921029700478,False,False
IRR 1.02 per 10%,4242,0.019726326071252027,0.15417661143971328,False,False
IRR 1.02 per 10%,4243,0.00448770848703766,0.7659369597558405,False,False
IRR 1.02 per 10%,4244,0.028887487222396018,0.15498133425911392,False,False
IRR 1.02 per 10%,4245,0.00211510601684491,0.9009242709345757,False,False
IRR 1.02 per 10%,4246,0.018969537693363115,0.25570479085454945,False,False
IRR 1.02 per 10%,4247,-0.007390582799657334,0.6327973219734494,False,False
IRR 1.02 per 10%,4248,0.021939877275577235,0.18261200103367803,False,False
IRR 1.02 per 10%,4249,0.02424781713481395,0.22129164198076612,False,False
IRR 1.02 per 10%,4250,0.005865625403655051,0.6883147011351791,False,False
IRR 1.02 per 10%,4251,0.036594625255987785,0.013378634209233431,True,True
IRR 1.02 per 10%,4252,0.017999148083063726,0.2593134770467188,False,False
IRR 1.02 per 10%,4253,0.009882630122206975,0.4412488593954146,False,False
IRR 1.02 per 10%,4254,0.04902821351428347,0.025088307737483738,True,True
IRR 1.02 per 10%,4255,0.019268057165202405,0.33663526083085915,False,False
IRR 1.02 per 10%,4256,0.017982390168218454,0.33287656871829463,False,False
IRR 1.02 per 10%,4257,-0.0012803848729658123,0.9321494164519991,False,False
IRR 1.02 per 10%,4258,0.00501082558603729,0.7526484684502953,False,False
IRR 1.02 per 10%,4259,-0.0034694185731858904,0.8322312451327739,False,False
IRR 1.02 per 10%,4260,-0.006480171832611601,0.6830854277031639,False,False
IRR 1.02 per 10%,4261,-0.004734045769314989,0.7983816827553609,False,False
IRR 1.02 per 10%,4262,0.03131762210458851,0.10236860063156879,False,False
IRR 1.02 per 10%,4263,-0.010876971899543427,0.5167189107143074,False,False
IRR 1.02 per 10%,4264,0.02038783401024983,0.14541388702671454,False,False
IRR 1.02 per 10%,4265,0.01088340638695516,0.568433638185999,False,False
IRR 1.02 per 10%,4266,0.021272309710536993,0.28900598242341613,False,False
IRR 1.02 per 10%,4267,0.023036504243238696,0.20160859651462082,False,False
IRR 1.02 per 10%,4268,0.024187286393501546,0.08650281600755426,False,False
IRR 1.02 per 10%,4269,0.044005222122911615,0.005824143724392373,True,True
IRR 1.02 per 10%,4270,0.014261999716084581,0.3687525590034324,False,False
IRR 1.02 per 10%,4271,0.010954394336031511,0.513017204054372,False,False
IRR 1.02 per 10%,4272,0.03866787973073759,0.009770063630347775,True,True
IRR 1.02 per 10%,4273,0.03520910015149116,0.04595997730220473,True,True
IRR 1.02 per 10%,4274,0.0074252700408283705,0.6770575010749633,False,False
IRR 1.02 per 10%,4275,0.002344586005060603,0.8600888698592959,False,False
IRR 1.02 per 10%,4276,0.0422120504826611,0.022649447992706597,True,True
IRR 1.02 per 10%,4277,-0.001720432909557076,0.9428003613444408,False,False
IRR 1.02 per 10%,4278,0.017940324874014937,0.2935800265506464,False,False
IRR 1.02 per 10%,4279,0.007374230054330204,0.6148773915742273,False,False
IRR 1.02 per 10%,4280,0.04846287302630273,0.004681744647464316,True,True
IRR 1.02 per 10%,4281,0.0271868306892762,0.09473351064147073,False,False
IRR 1.02 per 10%,4282,-0.01691511208771189,0.3140606337558358,False,False
IRR 1.02 per 10%,4283,0.01114701824008617,0.5839063592079776,False,False
IRR 1.02 per 10%,4284,0.012471154891989343,0.41547478194057896,False,False
IRR 1.02 per 10%,4285,0.02326451701857503,0.155745819498531,False,False
IRR 1.02 per 10%,4286,-0.016524527264190292,0.31792349432702993,False,False
IRR 1.02 per 10%,4287,0.021319289602567487,0.15749148185610273,False,False
IRR 1.02 per 10%,4288,0.01259622976223492,0.5287619686595474,False,False
IRR 1.02 per 10%,4289,0.011652231627641117,0.5395311566125103,False,False
IRR 1.02 per 10%,4290,0.037357943464385174,0.05273061679688331,False,False
IRR 1.02 per 10%,4291,0.009948351205745899,0.6136527994371797,False,False
IRR 1.02 per 10%,4292,0.024096243552422566,0.15819355639978616,False,False
IRR 1.02 per 10%,4293,0.031618198074520765,0.05238985971536257,False,False
IRR 1.02 per 10%,4294,0.016873330309696788,0.3353676781508682,False,False
IRR 1.02 per 10%,4295,0.018674859300313554,0.31205262860432537,False,False
IRR 1.02 per 10%,4296,0.014055050387235915,0.3342763776404307,False,False
IRR 1.02 per 10%,4297,-8.099991866717529e-05,0.9965863736301575,False,False
IRR 1.02 per 10%,4298,0.0069861387367969015,0.655576272022507,False,False
IRR 1.02 per 10%,4299,0.02790454090450772,0.0663007164926489,False,False
IRR 1.05 per 10%,5000,0.0565261967018456,0.0007332084542311053,True,True
IRR 1.05 per 10%,5001,0.024664466379489932,0.16851644890001483,False,False
IRR 1.05 per 10%,5002,0.05962482160877913,0.0007746389175992361,True,True
IRR 1.05 per 10%,5003,0.044681806791907266,0.02198787952552074,True,True
IRR 1.05 per 10%,5004,0.05830599060011895,0.0021883182712387553,True,True
IRR 1.05 per 10%,5005,0.030868637799933252,0.04638760682908799,True,True
IRR 1.05 per 10%,5006,0.0591954985318939,0.003658901424039693,True,True
IRR 1.05 per 10%,5007,0.06025453064780734,0.0008223063957827733,True,True
IRR 1.05 per 10%,5008,0.02326127034119172,0.1587050933672257,False,False
IRR 1.05 per 10%,5010,0.06327709041454876,0.00012682029118554083,True,True
IRR 1.05 per 10%,5009,0.07199032122536304,0.0001390766228685645,True,True
IRR 1.05 per 10%,5012,0.026569086580124773,0.1095416384069989,False,False
IRR 1.05 per 10%,5011,0.08067408037066909,5.778610330889126e-06,True,True
IRR 1.05 per 10%,5013,0.050941167554908004,0.00013735200993122732,True,True
IRR 1.05 per 10%,5014,0.07189249175692813,3.095099301070135e-05,True,True
IRR 1.05 per 10%,5015,0.044983284414051035,0.012506022076547009,True,True
IRR 1.05 per 10%,5016,0.042088427107804985,0.03721134365381163,True,True
IRR 1.05 per 10%,5017,0.0673753744088631,0.0001243033766416694,True,True
IRR 1.05 per 10%,5018,0.0688395326832301,1.3439643880419037e-06,True,True
IRR 1.05 per 10%,5019,0.05089807705962062,0.00039914846869535027,True,True
IRR 1.05 per 10%,5020,0.0877584097737283,2.2592241163744816e-09,True,True
IRR 1.05 per 10%,5021,0.06587860306577727,1.2838158976174757e-05,True,True
IRR 1.05 per 10%,5022,0.07633933011325558,1.1595002927228455e-08,True,True
IRR 1.05 per 10%,5023,0.039432186777166624,0.005496148483302712,True,True
IRR 1.05 per 10%,5024,0.0540081752004445,0.0018866536118023899,True,True
IRR 1.05 per 10%,5025,0.03515901978527901,0.03227544182504021,True,True
IRR 1.05 per 10%,5026,0.055780840272998775,5.0096051516633695e-05,True,True
IRR 1.05 per 10%,5027,0.037785895364224054,0.03313297606074096,True,True
IRR 1.05 per 10%,5028,0.06530972611278067,6.514738215285987e-05,True,True
IRR 1.05 per 10%,5029,0.08067927400319025,6.51678095249642e-07,True,True
IRR 1.05 per 10%,5030,0.033265521798734446,0.13579621983602455,False,False
IRR 1.05 per 10%,5031,0.08127980167353448,7.908710348430127e-08,True,True
IRR 1.05 per 10%,5032,0.06847157158106155,1.6680969223196306e-05,True,True
IRR 1.05 per 10%,5033,0.05573458084390973,0.0010153932510194546,True,True
IRR 1.05 per 10%,5034,0.013626538521121905,0.327086323869891,False,False
IRR 1.05 per 10%,5035,0.04478108223840064,0.02698335611881415,True,True
IRR 1.05 per 10%,5036,0.05014879818179365,0.007933120514291701,True,True
IRR 1.05 per 10%,5037,0.030471331830657054,0.05289870812410514,False,False
IRR 1.05 per 10%,5038,0.04359957682637095,0.013556562877653234,True,True
IRR 1.05 per 10%,5039,0.05510399944010431,0.0005760778142637794,True,True
IRR 1.05 per 10%,5040,0.02551873022921227,0.10794929372870776,False,False
IRR 1.05 per 10%,5041,0.04963367221479607,0.005451314164019052,True,True
IRR 1.05 per 10%,5042,0.06387693061581583,0.0004889740348201564,True,True
IRR 1.05 per 10%,5043,0.05169237096583169,0.007113598087173899,True,True
IRR 1.05 per 10%,5044,0.06300277489559236,1.9476136947048914e-05,True,True
IRR 1.05 per 10%,5045,0.03235820534202601,0.031221358943084608,True,True
IRR 1.05 per 10%,5046,0.030204608397196707,0.04847132550190725,True,True
IRR 1.05 per 10%,5048,0.04619585420847097,0.003963341064244084,True,True
IRR 1.05 per 10%,5047,0.06332421716855491,5.844306570033394e-05,True,True
IRR 1.05 per 10%,5049,0.05286693842352726,0.0006871846415394094,True,True
IRR 1.05 per 10%,5050,0.06629988349681278,7.084704732676372e-06,True,True
IRR 1.05 per 10%,5051,0.03996858834217891,0.021476920965709377,True,True
IRR 1.05 per 10%,5052,0.038180086099375496,0.025916898023025436,True,True
IRR 1.05 per 10%,5053,0.05421035030618736,0.0006140324824881871,True,True
IRR 1.05 per 10%,5054,0.040465074380166964,0.02539041539577357,True,True
IRR 1.05 per 10%,5055,0.05778655816566044,0.0004577644675577376,True,True
IRR 1.05 per 10%,5056,0.07158359036858998,1.3125166256461531e-06,True,True
IRR 1.05 per 10%,5057,0.10058841064010496,1.601962817082576e-11,True,True
IRR 1.05 per 10%,5058,0.06543468489811574,0.0004377960475584246,True,True
IRR 1.05 per 10%,5059,0.044129499552091354,0.00439446668299978,True,True
IRR 1.05 per 10%,5060,0.023440433286143463,0.17859174012890644,False,False
IRR 1.05 per 10%,5061,0.04156306727861159,0.006791401281196465,True,True
IRR 1.05 per 10%,5062,0.06535404882442382,4.0381296221539646e-05,True,True
IRR 1.05 per 10%,5063,0.03314737559029542,0.03693614565251059,True,True
IRR 1.05 per 10%,5064,0.029902695655446735,0.1361796305448625,False,False
IRR 1.05 per 10%,5065,0.06675676772230449,0.00010026953757125681,True,True
IRR 1.05 per 10%,5066,0.0650096948248709,0.0003239096684979534,True,True
IRR 1.05 per 10%,5067,0.03962268339547364,0.006853688932700931,True,True
IRR 1.05 per 10%,5068,0.06459302216200825,0.00027117414063469123,True,True
IRR 1.05 per 10%,5069,0.07552757842681085,4.2707772986911505e-07,True,True
IRR 1.05 per 10%,5070,0.06377119610012293,0.0008589101354867151,True,True
IRR 1.05 per 10%,5071,0.03357986380172685,0.06406061745459697,False,False
IRR 1.05 per 10%,5072,0.0483736833075213,0.006929385438878561,True,True
IRR 1.05 per 10%,5073,0.029584846334726675,0.04179876131654542,True,True
IRR 1.05 per 10%,5074,0.02246101263437753,0.1959472411922385,False,False
IRR 1.05 per 10%,5075,0.046376292541379045,0.006584540980164723,True,True
IRR 1.05 per 10%,5076,0.053245469753416395,2.3461437128360027e-05,True,True
IRR 1.05 per 10%,5077,0.03298479807367844,0.0677905092477643,False,False
IRR 1.05 per 10%,5078,0.043874092412370634,0.002990142275319551,True,True
IRR 1.05 per 10%,5079,0.05060521037313325,0.012791666485137635,True,True
IRR 1.05 per 10%,5080,0.0654023166931239,6.92514415748066e-05,True,True
IRR 1.05 per 10%,5081,0.040269798835934074,0.0592321477699404,False,False
IRR 1.05 per 10%,5082,0.007752713598807432,0.6865416795810534,False,False
IRR 1.05 per 10%,5083,0.05330504673346917,0.0005280371490322273,True,True
IRR 1.05 per 10%,5084,0.034810568875713564,0.05896194953933522,False,False
IRR 1.05 per 10%,5085,0.059950377080423584,0.012366664976944209,True,True
IRR 1.05 per 10%,5086,0.060824416513841906,0.00011913948987139882,True,True
IRR 1.05 per 10%,5087,0.08242839364805928,2.4230891831077347e-07,True,True
IRR 1.05 per 10%,5088,0.059278707454598,6.060227020760341e-05,True,True
IRR 1.05 per 10%,5089,0.07850079993616794,7.307003160006283e-07,True,True
IRR 1.05 per 10%,5090,0.0473969308210326,0.0031418405825872145,True,True
IRR 1.05 per 10%,5091,0.04400833742160043,0.0021579479940333785,True,True
IRR 1.05 per 10%,5092,0.06117716493353439,2.9445661756747467e-05,True,True
IRR 1.05 per 10%,5093,0.028439882397958662,0.10474241990543835,False,False
IRR 1.05 per 10%,5094,0.06404762092196963,0.00010133959394706129,True,True
IRR 1.05 per 10%,5095,0.058406160461047456,7.388336553209949e-05,True,True
IRR 1.05 per 10%,5096,0.019841544368516033,0.2756762662628818,False,False
IRR 1.05 per 10%,5097,0.016241496689993227,0.32981302758134046,False,False
IRR 1.05 per 10%,5098,0.0712653965115447,0.00018532809675789286,True,True
IRR 1.05 per 10%,5099,0.037728785476690015,0.030497513283106178,True,True
IRR 1.05 per 10%,5100,0.03938925477699138,0.026087298721225154,True,True
IRR 1.05 per 10%,5101,0.04061752833621702,0.021604473581598792,True,True
IRR 1.05 per 10%,5102,0.042584890208721644,0.02159243755059734,True,True
IRR 1.05 per 10%,5103,0.03184014850042347,0.10227151286777107,False,False
IRR 1.05 per 10%,5104,-0.0012977644248404517,0.9259939361698801,False,False
IRR 1.05 per 10%,5105,0.054726295219467445,0.007628457014888024,True,True
IRR 1.05 per 10%,5106,0.04715623209316854,0.004825376476060386,True,True
IRR 1.05 per 10%,5107,0.03397648773620734,0.034444126040770254,True,True
IRR 1.05 per 10%,5108,0.06246715262607304,0.0003694929735696126,True,True
IRR 1.05 per 10%,5109,0.0527995383950104,0.0026876260460057273,True,True
IRR 1.05 per 10%,5110,0.06323377644845009,0.0007501480966098913,True,True
IRR 1.05 per 10%,5111,0.035626357471731485,0.03005111985070639,True,True
IRR 1.05 per 10%,5112,0.04712709004107554,0.0029365431633829905,True,True
IRR 1.05 per 10%,5113,0.06710949762152756,7.166071019234092e-05,True,True
IRR 1.05 per 10%,5114,0.07063542171706885,3.0949388697794953e-06,True,True
IRR 1.05 per 10%,5115,0.06356032368553154,0.0008408058208581936,True,True
IRR 1.05 per 10%,5116,0.022709372711305194,0.17070083642742762,False,False
IRR 1.05 per 10%,5117,0.0680160428651284,4.8184130168222285e-06,True,True
IRR 1.05 per 10%,5118,0.03740719124293158,0.023115383672032717,True,True
IRR 1.05 per 10%,5119,0.07138710974606545,4.863141581966957e-06,True,True
IRR 1.05 per 10%,5120,0.03310260442421811,0.06665504888045262,False,False
IRR 1.05 per 10%,5121,0.028190299418988762,0.1243484061280735,False,False
IRR 1.05 per 10%,5122,0.05864740462151127,0.0013201681743636926,True,True
IRR 1.05 per 10%,5123,0.06080976935555481,0.0019707628912948518,True,True
IRR 1.05 per 10%,5124,0.02213044805523363,0.1311857772890855,False,False
IRR 1.05 per 10%,5125,0.039846714312264137,0.0037740717691994914,True,True
IRR 1.05 per 10%,5126,0.03505637012652491,0.036881180313427187,True,True
IRR 1.05 per 10%,5127,0.040671559559497784,0.015045329129551263,True,True
IRR 1.05 per 10%,5128,0.08253053579209974,1.0760537821157013e-09,True,True
IRR 1.05 per 10%,5129,0.05898509341374999,0.000598926107863472,True,True
IRR 1.05 per 10%,5130,0.05180367568718522,0.003336894694341228,True,True
IRR 1.05 per 10%,5131,0.0521725040699051,0.007371013391131472,True,True
IRR 1.05 per 10%,5132,0.0379578168866815,0.01456036382461546,True,True
IRR 1.05 per 10%,5133,0.03319878170561115,0.0323095091594571,True,True
IRR 1.05 per 10%,5134,0.08047638113956133,2.9043165098070343e-06,True,True
IRR 1.05 per 10%,5135,0.050344977891052745,0.010947691490229972,True,True
IRR 1.05 per 10%,5136,0.04270755764961816,0.012767821996580829,True,True
IRR 1.05 per 10%,5137,0.05723624257695005,0.0010115035432818813,True,True
IRR 1.05 per 10%,5138,0.032438753050612786,0.11262737421743672,False,False
IRR 1.05 per 10%,5139,0.06779527162894078,2.3458321853292673e-05,True,True
IRR 1.05 per 10%,5140,0.05295648955907036,0.0017807456775464701,True,True
IRR 1.05 per 10%,5141,0.0412912567912803,0.013461097196379074,True,True
IRR 1.05 per 10%,5142,0.06311555156176353,8.270359073148238e-05,True,True
IRR 1.05 per 10%,5143,0.05423372138700077,0.0012639009727460702,True,True
IRR 1.05 per 10%,5144,0.03214188240723607,0.07198259993480005,False,False
IRR 1.05 per 10%,5146,0.052753075741014704,0.0008430776794634717,True,True
IRR 1.05 per 10%,5145,0.06157717941346818,0.001724991419597415,True,True
IRR 1.05 per 10%,5147,0.03169340988829933,0.06418618524086493,False,False
IRR 1.05 per 10%,5148,0.05250028877457811,0.0051009094575483185,True,True
IRR 1.05 per 10%,5149,0.03646368174025001,0.029812437700640765,True,True
IRR 1.05 per 10%,5150,0.03699513475774221,0.011661201401964418,True,True
IRR 1.05 per 10%,5151,0.03582179829413953,0.047193653124861235,True,True
IRR 1.05 per 10%,5152,0.05910103061874205,0.002124676881954338,True,True
IRR 1.05 per 10%,5153,0.04449117222441841,0.0033791407935514265,True,True
IRR 1.05 per 10%,5154,0.05360899586547795,0.0023015693545119504,True,True
IRR 1.05 per 10%,5155,0.04299360892380059,0.01800407384533065,True,True
IRR 1.05 per 10%,5156,0.07050302067354347,5.378753177559603e-05,True,True
IRR 1.05 per 10%,5157,0.0427319015321759,0.0025380774516588094,True,True
IRR 1.05 per 10%,5158,0.06404478469516639,0.0005825282603704857,True,True
IRR 1.05 per 10%,5159,0.04126665503431862,0.03016218888777437,True,True
IRR 1.05 per 10%,5160,0.050906430698594886,0.001935567201778836,True,True
IRR 1.05 per 10%,5161,0.0553892414915354,0.0006929786734779145,True,True
IRR 1.05 per 10%,5162,0.05340653282774431,0.002793633371227665,True,True
IRR 1.05 per 10%,5163,0.07822852197848953,1.500209385341224e-07,True,True
IRR 1.05 per 10%,5164,0.07021973833474898,4.6614056905902307e-07,True,True
IRR 1.05 per 10%,5165,0.03929122748660035,0.01869666955852867,True,True
IRR 1.05 per 10%,5166,0.024951224706793104,0.10821089898313822,False,False
IRR 1.05 per 10%,5167,0.041798056948443484,0.014670349316579904,True,True
IRR 1.05 per 10%,5168,0.0456063694512596,0.0026204089849288883,True,True
IRR 1.05 per 10%,5169,0.04386400704013897,0.013168743294414026,True,True
IRR 1.05 per 10%,5170,0.061144662070704944,0.00027394400953698343,True,True
IRR 1.05 per 10%,5171,0.04406030799101912,0.019479570749578262,True,True
IRR 1.05 per 10%,5172,0.00889968391405382,0.5793547048142857,False,False
IRR 1.05 per 10%,5173,0.06870194398927824,3.310383707075866e-05,True,True
IRR 1.05 per 10%,5174,0.03825278807969502,0.010102269872961658,True,True
IRR 1.05 per 10%,5175,0.060281749890872156,0.001063494521206097,True,True
IRR 1.05 per 10%,5176,0.05060050551790676,0.006501056252371366,True,True
IRR 1.05 per 10%,5177,0.07133961097941678,5.000191881081747e-07,True,True
IRR 1.05 per 10%,5178,0.03883581505268248,0.02148350112906711,True,True
IRR 1.05 per 10%,5179,0.03782283193344409,0.028867606462322514,True,True
IRR 1.05 per 10%,5180,0.04794512283521345,0.0038543803815855844,True,True
IRR 1.05 per 10%,5181,0.05360677342080795,9.740226457990523e-05,True,True
IRR 1.05 per 10%,5182,0.017437827673687168,0.262572114623589,False,False
IRR 1.05 per 10%,5183,0.08070184599127994,9.708934415907383e-07,True,True
IRR 1.05 per 10%,5184,0.05151072779002006,0.007852317316459936,True,True
IRR 1.05 per 10%,5185,0.04469298626152993,0.017406391874109785,True,True
IRR 1.05 per 10%,5186,0.06027193532607332,0.0003460449997209189,True,True
IRR 1.05 per 10%,5187,0.06378461366214479,2.2557817752468694e-05,True,True
IRR 1.05 per 10%,5188,0.023283288368936828,0.130476009420471,False,False
IRR 1.05 per 10%,5190,0.0674266866181734,3.199941361374769e-07,True,True
IRR 1.05 per 10%,5189,0.054367140555729054,0.0009400882050945796,True,True
IRR 1.05 per 10%,5192,0.07735599810600831,2.3692125154865126e-05,True,True
IRR 1.05 per 10%,5191,0.06874407614308345,5.810478303867854e-07,True,True
IRR 1.05 per 10%,5194,0.06731417417910603,1.69900363542642e-06,True,True
IRR 1.05 per 10%,5193,0.07049191285852847,4.694744016281094e-07,True,True
IRR 1.05 per 10%,5195,0.08045881068522838,5.755690028683989e-08,True,True
IRR 1.05 per 10%,5196,0.061772008696394105,0.0012885630190440367,True,True
IRR 1.05 per 10%,5197,0.05224719490956318,0.0012348384242049247,True,True
IRR 1.05 per 10%,5198,0.05296256659049245,0.006098997032525163,True,True
IRR 1.05 per 10%,5199,0.012305509713798636,0.4873141432481626,False,False
IRR 1.05 per 10%,5200,0.02385610675219802,0.23891945584463437,False,False
IRR 1.05 per 10%,5201,0.0632016920146233,3.552842077143704e-06,True,True
IRR 1.05 per 10%,5202,0.06783127512717248,6.141733484576414e-06,True,True
IRR 1.05 per 10%,5203,0.07860670496158882,1.9543683431627974e-05,True,True
IRR 1.05 per 10%,5204,0.04782020908002697,0.0060346108280180735,True,True
IRR 1.05 per 10%,5205,0.017154211918408453,0.30472846517975916,False,False
IRR 1.05 per 10%,5206,0.05349144361262753,0.0019196042057615787,True,True
IRR 1.05 per 10%,5207,0.040527234217745504,0.03670406344261315,True,True
IRR 1.05 per 10%,5208,0.08984169020791151,2.843162215780763e-09,True,True
IRR 1.05 per 10%,5209,0.051818061213642616,0.0030329660265180046,True,True
IRR 1.05 per 10%,5210,0.02024202385278824,0.1382314981524838,False,False
IRR 1.05 per 10%,5211,0.04553502431439917,0.003799811364202864,True,True
IRR 1.05 per 10%,5212,0.00920449250462023,0.6103079558243776,False,False
IRR 1.05 per 10%,5213,0.08759032276024939,6.061085806937478e-08,True,True
IRR 1.05 per 10%,5214,0.05286745906026591,0.0020660545616624877,True,True
IRR 1.05 per 10%,5215,0.030890383590458117,0.16631077351730605,False,False
IRR 1.05 per 10%,5216,0.04540858188724042,0.00047637510639391426,True,True
IRR 1.05 per 10%,5217,0.04210605322549199,0.009026686438513475,True,True
IRR 1.05 per 10%,5218,0.06769402855340012,1.5104942787041813e-05,True,True
IRR 1.05 per 10%,5219,0.05523645303465795,0.00029216671111795213,True,True
IRR 1.05 per 10%,5220,0.05733591467233368,4.063479548806342e-05,True,True
IRR 1.05 per 10%,5221,0.06036211944759849,0.0010107057386089758,True,True
IRR 1.05 per 10%,5222,0.05417250569992334,0.0039955794395882555,True,True
IRR 1.05 per 10%,5223,0.05617186976792876,0.001162917861784703,True,True
IRR 1.05 per 10%,5224,0.03132690154203587,0.055587936169131436,False,False
IRR 1.05 per 10%,5225,0.06034843213179653,0.0005854409179806521,True,True
IRR 1.05 per 10%,5226,0.0333769646416686,0.046505110270645224,True,True
IRR 1.05 per 10%,5227,0.05467704007280369,0.011749291450417709,True,True
IRR 1.05 per 10%,5228,0.02201590592982764,0.35287818065076215,False,False
IRR 1.05 per 10%,5229,0.08209917099864804,3.5136507048510134e-06,True,True
IRR 1.05 per 10%,5230,0.07103910296655912,2.176234762364736e-06,True,True
IRR 1.05 per 10%,5231,0.05722846410840992,0.0006454487581360173,True,True
IRR 1.05 per 10%,5232,0.028092248636207115,0.06513921122954311,False,False
IRR 1.05 per 10%,5233,0.02686208361549552,0.06852317757908265,False,False
IRR 1.05 per 10%,5234,0.04969950503765786,0.006584763330624016,True,True
IRR 1.05 per 10%,5235,0.04040804836268376,0.008196646600223501,True,True
IRR 1.05 per 10%,5236,0.048654716693241555,0.0010694916416392768,True,True
IRR 1.05 per 10%,5237,0.05834459494342598,0.0002288290359157996,True,True
IRR 1.05 per 10%,5238,0.08213726553525111,3.7521630493794783e-06,True,True
IRR 1.05 per 10%,5240,0.06540882474185203,0.00023818902524956498,True,True
IRR 1.05 per 10%,5239,0.0400936861248882,0.016221162078738718,True,True
IRR 1.05 per 10%,5241,0.03800121149769561,0.020370498955526253,True,True
IRR 1.05 per 10%,5242,0.07652824778129877,4.125851778881254e-06,True,True
IRR 1.05 per 10%,5243,0.05675402113314891,0.0015935513431647311,True,True
IRR 1.05 per 10%,5244,0.04185309896308266,0.007514262706794764,True,True
IRR 1.05 per 10%,5245,0.0530714224362486,0.0005542701419367683,True,True
IRR 1.05 per 10%,5246,0.06040761595604743,0.0004258901768949184,True,True
IRR 1.05 per 10%,5247,0.11002830379341173,8.201565463980697e-11,True,True
IRR 1.05 per 10%,5248,0.05342086741783326,0.0011336612436380533,True,True
IRR 1.05 per 10%,5249,0.042402560746825815,0.0222303634080166,True,True
IRR 1.05 per 10%,5250,0.03525483649384302,0.035400547589264114,True,True
IRR 1.05 per 10%,5251,0.03954133398018135,0.050690884570328235,False,False
IRR 1.05 per 10%,5252,0.051100537713325025,0.0015285745670674418,True,True
IRR 1.05 per 10%,5253,0.0735687654031148,6.267791836943627e-06,True,True
IRR 1.05 per 10%,5254,0.03479557365948568,0.04076606468146508,True,True
IRR 1.05 per 10%,5255,0.052578488078072846,0.0023045461946201388,True,True
IRR 1.05 per 10%,5256,0.023821902737741464,0.16405357018161681,False,False
IRR 1.05 per 10%,5257,0.09080217838971957,1.1597067174467154e-07,True,True
IRR 1.05 per 10%,5258,0.04228639094180512,0.007534443851633976,True,True
IRR 1.05 per 10%,5259,0.07590658482739031,2.816162249292849e-06,True,True
IRR 1.05 per 10%,5260,0.036230556867444606,0.05156915348471378,False,False
IRR 1.05 per 10%,5261,0.036745552953916974,0.046286765798838975,True,True
IRR 1.05 per 10%,5262,0.06678622996636252,9.486320363990602e-05,True,True
IRR 1.05 per 10%,5263,0.02155742049762085,0.24356177983192373,False,False
IRR 1.05 per 10%,5264,0.046329280315830015,0.0032376710310609087,True,True
IRR 1.05 per 10%,5265,0.05796287140830875,3.8197895866483956e-05,True,True
IRR 1.05 per 10%,5266,0.06232277445164401,0.0006271783456249598,True,True
IRR 1.05 per 10%,5268,0.04335900598727027,0.01156859238375732,True,True
IRR 1.05 per 10%,5267,0.04729014197826685,0.0011725604193822679,True,True
IRR 1.05 per 10%,5269,0.029865163820933804,0.10913863177508759,False,False
IRR 1.05 per 10%,5270,0.04311929348736073,0.02022093585692018,True,True
IRR 1.05 per 10%,5271,0.09234212098669291,7.363375121312271e-08,True,True
IRR 1.05 per 10%,5272,0.05089218248016421,0.000993878313028463,True,True
IRR 1.05 per 10%,5273,0.07540719029853626,0.00018046246386585523,True,True
IRR 1.05 per 10%,5274,0.05251036609656542,0.003922059089094474,True,True
IRR 1.05 per 10%,5275,0.03190282054656852,0.050961801018879295,False,False
IRR 1.05 per 10%,5276,0.06518641250481699,7.923567658932101e-06,True,True
IRR 1.05 per 10%,5277,0.033874426158919384,0.06313656656082228,False,False
IRR 1.05 per 10%,5278,0.044912600536023355,0.013909664301567893,True,True
IRR 1.05 per 10%,5279,0.04934600607236036,0.0022256475159415797,True,True
IRR 1.05 per 10%,5280,0.024415616230728264,0.16869466378831133,False,False
IRR 1.05 per 10%,5281,0.04409132208514953,0.008817063238604742,True,True
IRR 1.05 per 10%,5282,0.08128274938536917,3.328091485917533e-06,True,True
IRR 1.05 per 10%,5283,0.061475273993102056,0.001049995143232547,True,True
IRR 1.05 per 10%,5284,0.03638490708296863,0.031060322782047227,True,True
IRR 1.05 per 10%,5285,0.027185885091272153,0.09080815360710807,False,False
IRR 1.05 per 10%,5286,0.04796330626735911,0.00590241310856483,True,True
IRR 1.05 per 10%,5287,0.03824679104183291,0.006494747539832826,True,True
IRR 1.05 per 10%,5288,0.090514744432173,1.0817003563378322e-08,True,True
IRR 1.05 per 10%,5289,0.02812549450342637,0.07568946187222828,False,False
IRR 1.05 per 10%,5290,0.06477787287247373,9.811512852053118e-05,True,True
IRR 1.05 per 10%,5291,0.03259870117841697,0.025475595109337855,True,True
IRR 1.05 per 10%,5292,0.0731037527398891,2.260050212632756e-06,True,True
IRR 1.05 per 10%,5293,0.03673344641798727,0.03640673364062948,True,True
IRR 1.05 per 10%,5294,0.06830326364056057,1.8968241528942905e-05,True,True
IRR 1.05 per 10%,5295,0.03276520279119048,0.03760840824387959,True,True
IRR 1.05 per 10%,5296,0.04745202485266269,0.007234289075550992,True,True
IRR 1.05 per 10%,5297,0.041581218197261106,0.018219803794609163,True,True
IRR 1.05 per 10%,5298,0.050843543605140436,0.0006077545831417464,True,True
IRR 1.05 per 10%,5299,0.05039745646117225,0.0051941805596670354,True,True
IRR 1.10 per 10%,6000,0.10159515027467549,3.016791534573947e-10,True,True
IRR 1.10 per 10%,6001,0.11213416279906371,9.651668786584752e-10,True,True
IRR 1.10 per 10%,6002,0.07840518910541623,1.1178399280232873e-05,True,True
IRR 1.10 per 10%,6003,0.07863724650920574,1.1746637348641933e-06,True,True
IRR 1.10 per 10%,6004,0.11499647649948729,4.271042221646377e-12,True,True
IRR 1.10 per 10%,6005,0.1061163629377103,3.811676631240054e-09,True,True
IRR 1.10 per 10%,6006,0.11085340216795551,5.306013824994653e-11,True,True
IRR 1.10 per 10%,6007,0.07129011904277356,4.214708667005853e-07,True,True
IRR 1.10 per 10%,6008,0.07314736998863504,1.1214134827790776e-05,True,True
IRR 1.10 per 10%,6009,0.08547964520698095,7.472911413811396e-06,True,True
IRR 1.10 per 10%,6010,0.1011821642408534,2.338469855023169e-11,True,True
IRR 1.10 per 10%,6011,0.07519287768205112,6.508830515561998e-06,True,True
IRR 1.10 per 10%,6012,0.10062143121844612,7.724960076379275e-09,True,True
IRR 1.10 per 10%,6013,0.09024956091258075,5.610438311636978e-09,True,True
IRR 1.10 per 10%,6014,0.12381135440565896,2.827922060658531e-17,True,True
IRR 1.10 per 10%,6015,0.07107250170402554,4.9534103300384784e-05,True,True
IRR 1.10 per 10%,6016,0.10071221642159726,5.238655598342996e-10,True,True
IRR 1.10 per 10%,6017,0.09994035545338636,3.4903755516897195e-08,True,True
IRR 1.10 per 10%,6018,0.05586187084756601,0.011004442345357985,True,True
IRR 1.10 per 10%,6019,0.07286283968971208,1.3486946491160328e-06,True,True
IRR 1.10 per 10%,6020,0.10731875363470497,1.5587263563927609e-09,True,True
IRR 1.10 per 10%,6021,0.11066894416835278,5.414603161850143e-10,True,True
IRR 1.10 per 10%,6022,0.09845410139747386,1.3497971324468897e-07,True,True
IRR 1.10 per 10%,6023,0.11782712536411806,1.3059811185984845e-10,True,True
IRR 1.10 per 10%,6024,0.09697222554733899,9.709540822293902e-11,True,True
IRR 1.10 per 10%,6025,0.11791520922616479,1.184208476192391e-18,True,True
IRR 1.10 per 10%,6027,0.10775069066251937,2.3801234506069328e-08,True,True
IRR 1.10 per 10%,6026,0.1042095472196988,2.654062227720051e-15,True,True
IRR 1.10 per 10%,6028,0.07811382598315557,5.796424417232563e-08,True,True
IRR 1.10 per 10%,6029,0.11879980184026176,1.7416837594905115e-10,True,True
IRR 1.10 per 10%,6030,0.08353783517189255,9.33724387822614e-07,True,True
IRR 1.10 per 10%,6031,0.09717615274969245,1.474770306269483e-07,True,True
IRR 1.10 per 10%,6032,0.09005911145778521,3.76000556663335e-06,True,True
IRR 1.10 per 10%,6033,0.10904540736592226,4.439210002933302e-11,True,True
IRR 1.10 per 10%,6034,0.12328386677396037,2.559492316502348e-12,True,True
IRR 1.10 per 10%,6035,0.1189176561464473,2.2938399035932216e-11,True,True
IRR 1.10 per 10%,6036,0.10675849443444979,5.6838665938066445e-12,True,True
IRR 1.10 per 10%,6037,0.08468238996526013,8.383955203434157e-07,True,True
IRR 1.10 per 10%,6038,0.10180897921479605,1.395206111268879e-07,True,True
IRR 1.10 per 10%,6039,0.10318670757925086,4.7120593003219006e-07,True,True
IRR 1.10 per 10%,6040,0.09109963839895022,6.320159963288138e-08,True,True
IRR 1.10 per 10%,6041,0.07744093747427483,2.8489790383490795e-05,True,True
IRR 1.10 per 10%,6042,0.09212938279405981,8.264559957722287e-07,True,True
IRR 1.10 per 10%,6043,0.09269394814949522,4.873210202488188e-06,True,True
IRR 1.10 per 10%,6044,0.0818750841339649,4.904508522577106e-08,True,True
IRR 1.10 per 10%,6045,0.06722277123042252,8.205973840308326e-05,True,True
IRR 1.10 per 10%,6046,0.11011918888271038,1.226421210947896e-09,True,True
IRR 1.10 per 10%,6047,0.1095573993078163,5.750878643828841e-08,True,True
IRR 1.10 per 10%,6048,0.09233684768157197,1.838697370836541e-08,True,True
IRR 1.10 per 10%,6049,0.06154159004029325,4.2409420955031006e-05,True,True
IRR 1.10 per 10%,6050,0.10181987304184727,4.12703080687563e-15,True,True
IRR 1.10 per 10%,6051,0.09703409745215276,2.1476091890214856e-06,True,True
IRR 1.10 per 10%,6052,0.12147246393800067,6.334396413525878e-15,True,True
IRR 1.10 per 10%,6053,0.08721934933787669,6.266813097336944e-08,True,True
IRR 1.10 per 10%,6054,0.10144885772169726,3.9094840416371895e-07,True,True
IRR 1.10 per 10%,6055,0.11906754759100341,6.803178922951086e-12,True,True
IRR 1.10 per 10%,6056,0.09477384105849358,2.3155180901417663e-08,True,True
IRR 1.10 per 10%,6057,0.10180636665154931,7.35534861577603e-09,True,True
IRR 1.10 per 10%,6058,0.06728668894214658,9.901062150968255e-05,True,True
IRR 1.10 per 10%,6059,0.09320262498005903,1.2401348925661403e-09,True,True
IRR 1.10 per 10%,6060,0.08337157755344869,0.00023700370549074908,True,True
IRR 1.10 per 10%,6061,0.12363184935631798,9.059719018240485e-17,True,True
IRR 1.10 per 10%,6062,0.11426443968681795,3.933056245505037e-11,True,True
IRR 1.10 per 10%,6063,0.11148397046573279,4.688163085812425e-10,True,True
IRR 1.10 per 10%,6064,0.07281681468828079,0.00032809040136984075,True,True
IRR 1.10 per 10%,6065,0.052239463427769084,0.0004039330807668054,True,True
IRR 1.10 per 10%,6066,0.06756684936922298,0.0003440603315556549,True,True
IRR 1.10 per 10%,6067,0.10621983953325786,6.265141973989708e-12,True,True
IRR 1.10 per 10%,6068,0.10224538008027141,6.097097478942025e-11,True,True
IRR 1.10 per 10%,6069,0.06284384810208889,0.0007152342745176646,True,True
IRR 1.10 per 10%,6070,0.10453952513212696,7.754064755443938e-07,True,True
IRR 1.10 per 10%,6071,0.09671200575186192,1.0997234689605792e-08,True,True
IRR 1.10 per 10%,6072,0.07373645159699836,8.598866854826838e-07,True,True
IRR 1.10 per 10%,6073,0.1195052692979251,1.1610002412114266e-11,True,True
IRR 1.10 per 10%,6074,0.11013013462073626,1.63521409842283e-11,True,True
IRR 1.10 per 10%,6075,0.10596711381548425,1.7259373256600067e-08,True,True
IRR 1.10 per 10%,6076,0.08592689370477326,1.052534953725382e-06,True,True
IRR 1.10 per 10%,6077,0.08585213506526383,1.0495226421180582e-07,True,True
IRR 1.10 per 10%,6078,0.08706416964636271,1.0654447492527922e-05,True,True
IRR 1.10 per 10%,6080,0.09974727220895212,5.06445124558519e-09,True,True
IRR 1.10 per 10%,6079,0.10865233613770632,5.6836926109836474e-08,True,True
IRR 1.10 per 10%,6082,0.07112407597553257,3.213746295074986e-05,True,True
IRR 1.10 per 10%,6081,0.09122550158853177,7.545022883207963e-07,True,True
IRR 1.10 per 10%,6083,0.09944389433694989,3.6727236459513936e-07,True,True
IRR 1.10 per 10%,6084,0.10269413337831705,4.364785797333871e-09,True,True
IRR 1.10 per 10%,6085,0.09023119431705644,1.4700995573608972e-10,True,True
IRR 1.10 per 10%,6086,0.08559435760807818,3.290774304977532e-07,True,True
IRR 1.10 per 10%,6087,0.08069258445495037,0.0008122333647882032,True,True
IRR 1.10 per 10%,6088,0.1258163212060216,6.481515349310818e-20,True,True
IRR 1.10 per 10%,6089,0.08117668338514733,8.491921161026969e-06,True,True
IRR 1.10 per 10%,6090,0.1043073679483271,3.179752532870164e-10,True,True
IRR 1.10 per 10%,6091,0.08789171882098192,8.090641848057989e-09,True,True
IRR 1.10 per 10%,6092,0.06676941583099089,0.00011389099288029386,True,True
IRR 1.10 per 10%,6093,0.10960217338606917,3.074553404775975e-07,True,True
IRR 1.10 per 10%,6094,0.11591293778778683,1.540594732058981e-13,True,True
IRR 1.10 per 10%,6095,0.07094379151150171,2.604405596839258e-05,True,True
IRR 1.10 per 10%,6096,0.1326329379259783,3.220495375032504e-16,True,True
IRR 1.10 per 10%,6097,0.08677080370205041,6.677114643191525e-07,True,True
IRR 1.10 per 10%,6098,0.10732650086797253,3.3117872681927485e-07,True,True
IRR 1.10 per 10%,6099,0.10526772450609931,1.2729471770503758e-08,True,True
IRR 1.10 per 10%,6100,0.0803004822786649,1.2287767571978223e-06,True,True
IRR 1.10 per 10%,6101,0.09851157070806069,9.223877805064247e-11,True,True
IRR 1.10 per 10%,6102,0.10597077843276045,5.743894282111107e-13,True,True
IRR 1.10 per 10%,6103,0.1007420608483473,1.7958065836761851e-09,True,True
IRR 1.10 per 10%,6104,0.09592014712858828,7.791436573497785e-07,True,True
IRR 1.10 per 10%,6105,0.11422187247387908,2.0033016219664174e-11,True,True
IRR 1.10 per 10%,6106,0.11220383445299191,1.182365038557007e-09,True,True
IRR 1.10 per 10%,6108,0.10393309273930658,2.2859730861253844e-07,True,True
IRR 1.10 per 10%,6107,0.07097553699972202,3.700441748595554e-05,True,True
IRR 1.10 per 10%,6109,0.06130497217569448,0.0012421809333798505,True,True
IRR 1.10 per 10%,6110,0.11715679864736893,1.5735688499074162e-10,True,True
IRR 1.10 per 10%,6111,0.09819695396386591,1.3641962966598485e-08,True,True
IRR 1.10 per 10%,6112,0.10366242454488132,2.864292281228721e-10,True,True
IRR 1.10 per 10%,6113,0.09070657998982537,2.964704391943531e-10,True,True
IRR 1.10 per 10%,6114,0.14160654441061452,1.6608161401777616e-17,True,True
IRR 1.10 per 10%,6115,0.08955375520291774,1.162653930579308e-07,True,True
IRR 1.10 per 10%,6116,0.08363114159338622,8.659710260035831e-08,True,True
IRR 1.10 per 10%,6117,0.09488850941900027,1.5863762735098042e-08,True,True
IRR 1.10 per 10%,6118,0.09936584077122626,1.1128465915181941e-07,True,True
IRR 1.10 per 10%,6119,0.07601504231681822,0.0001650816321026419,True,True
IRR 1.10 per 10%,6120,0.06704971018844395,0.00010058462071333727,True,True
IRR 1.10 per 10%,6121,0.11237422293887891,1.4196827284650713e-08,True,True
IRR 1.10 per 10%,6122,0.10145308596450221,1.5178293755015838e-09,True,True
IRR 1.10 per 10%,6123,0.10297310973372602,2.1448989957532383e-06,True,True
IRR 1.10 per 10%,6124,0.07976408314488127,3.097656565792561e-07,True,True
IRR 1.10 per 10%,6125,0.09938980786908942,3.4217305861084436e-10,True,True
IRR 1.10 per 10%,6126,0.09521811797027284,9.517504660428241e-07,True,True
IRR 1.10 per 10%,6127,0.12731249612688622,4.1405021296987707e-14,True,True
IRR 1.10 per 10%,6128,0.07080469599564347,3.4535370387175025e-06,True,True
IRR 1.10 per 10%,6129,0.09410287874176287,1.0958476459938354e-07,True,True
IRR 1.10 per 10%,6130,0.09318606818442005,4.265083641836534e-09,True,True
IRR 1.10 per 10%,6131,0.10325481443003588,1.3507727737074708e-08,True,True
IRR 1.10 per 10%,6132,0.10358291650717298,2.5308014588929946e-08,True,True
IRR 1.10 per 10%,6133,0.09138326988687297,4.496150006403023e-07,True,True
IRR 1.10 per 10%,6134,0.06768098782029945,0.00013127566772068956,True,True
IRR 1.10 per 10%,6135,0.05203831607247493,0.0015665932374931647,True,True
IRR 1.10 per 10%,6136,0.09781350627645567,9.732657819873873e-09,True,True
IRR 1.10 per 10%,6137,0.09038785455616193,5.2626014706376173e-08,True,True
IRR 1.10 per 10%,6138,0.1075337133199981,3.5977293550642446e-11,True,True
IRR 1.10 per 10%,6139,0.10655122531604828,6.147217910286054e-08,True,True
IRR 1.10 per 10%,6140,0.09236154910120002,1.0391399976758686e-06,True,True
IRR 1.10 per 10%,6141,0.07672536130483201,1.4650762025292798e-05,True,True
IRR 1.10 per 10%,6142,0.0970096279737828,1.39354642946502e-09,True,True
IRR 1.10 per 10%,6143,0.09070172936239082,5.439032932984143e-07,True,True
IRR 1.10 per 10%,6144,0.09147354320241272,3.4224477052972863e-06,True,True
IRR 1.10 per 10%,6145,0.07815290974994231,1.848859494211457e-05,True,True
IRR 1.10 per 10%,6146,0.11766693816742599,3.093649396849596e-11,True,True
IRR 1.10 per 10%,6147,0.10316583469753046,9.035298838398296e-07,True,True
IRR 1.10 per 10%,6148,0.0946047772309859,3.55556671244284e-09,True,True
IRR 1.10 per 10%,6149,0.1004009108665378,6.278042146737781e-06,True,True
IRR 1.10 per 10%,6150,0.10381748127140762,7.80414285203657e-08,True,True
IRR 1.10 per 10%,6151,0.08981854348737241,8.589756599150919e-08,True,True
IRR 1.10 per 10%,6152,0.1256345782809533,6.589216163518075e-11,True,True
IRR 1.10 per 10%,6153,0.1081585549632354,1.2491915977548138e-08,True,True
IRR 1.10 per 10%,6154,0.0744199673323429,1.2594761966815763e-05,True,True
IRR 1.10 per 10%,6155,0.05926087135486722,0.00038319757686734214,True,True
IRR 1.10 per 10%,6156,0.09103325812003078,6.419063384142845e-07,True,True
IRR 1.10 per 10%,6157,0.08772684911486295,9.921027838678737e-08,True,True
IRR 1.10 per 10%,6158,0.10051352894227034,1.1251939574958202e-08,True,True
IRR 1.10 per 10%,6159,0.11453500050970611,4.912201172079211e-10,True,True
IRR 1.10 per 10%,6160,0.08125019167763294,2.4407320100577143e-06,True,True
IRR 1.10 per 10%,6161,0.08098427599954236,2.3753179832968083e-08,True,True
IRR 1.10 per 10%,6162,0.08499343905777684,1.9767169454891217e-06,True,True
IRR 1.10 per 10%,6163,0.07608151222252446,7.266059350440235e-06,True,True
IRR 1.10 per 10%,6164,0.12087901259654393,5.236832943849899e-13,True,True
IRR 1.10 per 10%,6165,0.11523007259357305,7.332366508708803e-13,True,True
IRR 1.10 per 10%,6166,0.09424372570684823,3.202071309663966e-10,True,True
IRR 1.10 per 10%,6167,0.09538660524716437,6.644377708401252e-10,True,True
IRR 1.10 per 10%,6168,0.10314543609154954,5.236047822923997e-08,True,True
IRR 1.10 per 10%,6169,0.13209260711768894,3.65800220742777e-10,True,True
IRR 1.10 per 10%,6170,0.10970504425974341,8.57210774186347e-12,True,True
IRR 1.10 per 10%,6171,0.09175168293572285,4.882555561513487e-07,True,True
IRR 1.10 per 10%,6172,0.09887317958043076,5.6840779072506e-09,True,True
IRR 1.10 per 10%,6173,0.10988089370149143,1.2862144685055008e-10,True,True
IRR 1.10 per 10%,6174,0.11050573227998586,2.645052314004592e-10,True,True
IRR 1.10 per 10%,6175,0.09236832449050034,6.341532681772334e-07,True,True
IRR 1.10 per 10%,6176,0.13735414034929125,6.2513777460357825e-21,True,True
IRR 1.10 per 10%,6177,0.07668495836138024,2.4843797275410873e-06,True,True
IRR 1.10 per 10%,6178,0.09015477061611467,1.1264463080148457e-06,True,True
IRR 1.10 per 10%,6179,0.09296519690587812,1.1221418876068231e-06,True,True
IRR 1.10 per 10%,6180,0.12061246984199524,6.872443881938759e-13,True,True
IRR 1.10 per 10%,6181,0.10134648477114033,5.102237737153116e-09,True,True
IRR 1.10 per 10%,6182,0.10012736176303587,2.095433223836148e-08,True,True
IRR 1.10 per 10%,6183,0.08967665227298265,6.265041995681216e-06,True,True
IRR 1.10 per 10%,6184,0.09226199033127323,2.512088867355172e-08,True,True
IRR 1.10 per 10%,6185,0.1471508877252391,1.8075995720239506e-17,True,True
IRR 1.10 per 10%,6186,0.11298577518530718,2.195618136258932e-11,True,True
IRR 1.10 per 10%,6187,0.12276954761960676,2.440070149456164e-16,True,True
IRR 1.10 per 10%,6188,0.09123820317722689,6.783277226213889e-08,True,True
IRR 1.10 per 10%,6189,0.12516160688460046,3.187298848042576e-16,True,True
IRR 1.10 per 10%,6190,0.10311845253886084,1.2337893069573422e-07,True,True
IRR 1.10 per 10%,6191,0.09197035805714511,1.0394653672390515e-08,True,True
IRR 1.10 per 10%,6192,0.09115367186065206,2.501505223988796e-07,True,True
IRR 1.10 per 10%,6193,0.09329715433181045,2.186442770433645e-11,True,True
IRR 1.10 per 10%,6194,0.061904447579856844,0.00040019204859660266,True,True
IRR 1.10 per 10%,6195,0.11968417260696473,4.1017790234079067e-10,True,True
IRR 1.10 per 10%,6196,0.06914376636940373,3.040335264769934e-05,True,True
IRR 1.10 per 10%,6197,0.06589058134983282,4.187192410119689e-07,True,True
IRR 1.10 per 10%,6198,0.12581171859492626,2.6366989229989586e-13,True,True
IRR 1.10 per 10%,6199,0.07804672343211305,4.944727415312037e-07,True,True
IRR 1.10 per 10%,6200,0.0872565721195658,5.2938514397557156e-05,True,True
IRR 1.10 per 10%,6201,0.07117418706557942,0.00015753181916749028,True,True
IRR 1.10 per 10%,6202,0.11475518766701093,7.833273614067996e-12,True,True
IRR 1.10 per 10%,6203,0.10359944934357077,9.8028230451413e-09,True,True
IRR 1.10 per 10%,6204,0.06612984733211114,0.0001893052233343076,True,True
IRR 1.10 per 10%,6205,0.08855009869352153,1.277617741575541e-05,True,True
IRR 1.10 per 10%,6206,0.08549626851042713,4.21782709929192e-07,True,True
IRR 1.10 per 10%,6207,0.07757711399794173,2.8352993555646013e-06,True,True
IRR 1.10 per 10%,6208,0.09421675609195349,3.2387641518960305e-08,True,True
IRR 1.10 per 10%,6209,0.13267270483267332,3.597836851615783e-18,True,True
IRR 1.10 per 10%,6210,0.10763225709952125,3.9137278092830143e-07,True,True
IRR 1.10 per 10%,6211,0.09048722229354836,1.89921159807996e-06,True,True
IRR 1.10 per 10%,6212,0.10124402675140699,4.513994887609963e-10,True,True
IRR 1.10 per 10%,6213,0.09557138684807161,4.0133367192645863e-07,True,True
IRR 1.10 per 10%,6214,0.1247832054442338,9.011539966043491e-10,True,True
IRR 1.10 per 10%,6215,0.0818286062723122,2.065630910909164e-09,True,True
IRR 1.10 per 10%,6216,0.09914249879471385,1.0154045819369585e-06,True,True
IRR 1.10 per 10%,6217,0.07725958875567351,2.0732625432599174e-05,True,True
IRR 1.10 per 10%,6218,0.09611575939134652,1.5418990451567511e-06,True,True
IRR 1.10 per 10%,6219,0.12719509753937422,5.224757021903179e-16,True,True
IRR 1.10 per 10%,6220,0.10158640131041671,8.045711547243959e-07,True,True
IRR 1.10 per 10%,6221,0.08485478917853613,7.439118194578818e-07,True,True
IRR 1.10 per 10%,6222,0.09689766614599837,3.6470411555043416e-08,True,True
IRR 1.10 per 10%,6223,0.08139253918860824,3.0715069606549293e-06,True,True
IRR 1.10 per 10%,6224,0.10830781983795874,9.096496799897252e-13,True,True
IRR 1.10 per 10%,6225,0.11215819775697855,5.022065352674214e-11,True,True
IRR 1.10 per 10%,6226,0.0940625224829972,2.706720960185163e-10,True,True
IRR 1.10 per 10%,6227,0.1038676933095372,4.373136903433651e-09,True,True
IRR 1.10 per 10%,6228,0.11249426386131418,2.602699465627446e-10,True,True
IRR 1.10 per 10%,6229,0.08726107358929469,2.0206865547915394e-07,True,True
IRR 1.10 per 10%,6230,0.08059956290903025,5.304329149059512e-06,True,True
IRR 1.10 per 10%,6231,0.0685930654516588,0.00023891960660379953,True,True
IRR 1.10 per 10%,6232,0.090102160816678,5.311417288844581e-08,True,True
IRR 1.10 per 10%,6233,0.11758925821045095,1.5845835737336284e-13,True,True
IRR 1.10 per 10%,6234,0.08372376632552676,4.2175286356364636e-07,True,True
IRR 1.10 per 10%,6235,0.10807427205044133,6.093533359507547e-08,True,True
IRR 1.10 per 10%,6236,0.10224231784940141,8.424427460178302e-12,True,True
IRR 1.10 per 10%,6237,0.08091060024233263,1.374444641638792e-06,True,True
IRR 1.10 per 10%,6238,0.10500065877078063,1.841012252395524e-08,True,True
IRR 1.10 per 10%,6239,0.07901511199107948,0.00011972452462048367,True,True
IRR 1.10 per 10%,6240,0.098055022709716,1.8950350550173993e-11,True,True
IRR 1.10 per 10%,6241,0.05777475560806294,0.0004561213565345941,True,True
IRR 1.10 per 10%,6242,0.06345544717834944,0.0006299685843304205,True,True
IRR 1.10 per 10%,6243,0.10201981322909588,1.517415732982824e-08,True,True
IRR 1.10 per 10%,6244,0.10889993128053667,2.647906469401529e-10,True,True
IRR 1.10 per 10%,6245,0.12852965544318254,1.5293104968736144e-15,True,True
IRR 1.10 per 10%,6246,0.10610758323768416,4.621122753934351e-12,True,True
IRR 1.10 per 10%,6247,0.10719778639460703,1.228826144281703e-10,True,True
IRR 1.10 per 10%,6248,0.08950988433986323,1.0618538599988218e-08,True,True
IRR 1.10 per 10%,6249,0.05247194931485135,0.005860985782494653,True,True
IRR 1.10 per 10%,6250,0.11474769558219995,5.165492087761108e-15,True,True
IRR 1.10 per 10%,6251,0.1255509506640996,1.496543451515222e-11,True,True
IRR 1.10 per 10%,6252,0.10870364029357024,1.3055306322819134e-09,True,True
IRR 1.10 per 10%,6253,0.12089130688931946,4.626350961549873e-08,True,True
IRR 1.10 per 10%,6254,0.09492637735361013,9.320923085731575e-10,True,True
IRR 1.10 per 10%,6255,0.10254480564812499,4.232462405742793e-11,True,True
IRR 1.10 per 10%,6256,0.06925507305969263,0.0005255206132400578,True,True
IRR 1.10 per 10%,6257,0.11739905162204552,3.945149236352579e-12,True,True
IRR 1.10 per 10%,6258,0.105809547677213,2.866383690732054e-10,True,True
IRR 1.10 per 10%,6260,0.09513371554118351,2.0430748982312288e-07,True,True
IRR 1.10 per 10%,6259,0.11988463537961515,5.387930246878119e-09,True,True
IRR 1.10 per 10%,6261,0.12387670252860311,1.0432386850714109e-14,True,True
IRR 1.10 per 10%,6262,0.08743046798399377,9.918008779496169e-08,True,True
IRR 1.10 per 10%,6263,0.11451093252061817,1.9859346021621122e-10,True,True
IRR 1.10 per 10%,6264,0.09266533509874186,9.288464298602396e-08,True,True
IRR 1.10 per 10%,6265,0.06831951776298775,5.3583977240178155e-05,True,True
IRR 1.10 per 10%,6266,0.07902878241169659,8.743320361737408e-05,True,True
IRR 1.10 per 10%,6267,0.11376347023295166,6.916696856744647e-12,True,True
IRR 1.10 per 10%,6268,0.10750571221584199,1.1213812108409691e-10,True,True
IRR 1.10 per 10%,6269,0.08843646424706485,4.344260612129232e-06,True,True
IRR 1.10 per 10%,6270,0.083537729613999,7.965901650345248e-06,True,True
IRR 1.10 per 10%,6271,0.12350333109555887,9.573912527974656e-13,True,True
IRR 1.10 per 10%,6272,0.09198874692948465,3.385738294398157e-05,True,True
IRR 1.10 per 10%,6273,0.13802739988958498,3.274001780064767e-18,True,True
IRR 1.10 per 10%,6274,0.09141013682788848,9.696373539471047e-14,True,True
IRR 1.10 per 10%,6275,0.06889564125689,0.0004233768008739872,True,True
IRR 1.10 per 10%,6276,0.11474880629003002,6.42874882254813e-10,True,True
IRR 1.10 per 10%,6277,0.09572040609850968,1.3823843903215525e-11,True,True
IRR 1.10 per 10%,6278,0.09981619223318562,1.3849828778735305e-07,True,True
IRR 1.10 per 10%,6279,0.08890091926577176,7.198063612174468e-06,True,True
IRR 1.10 per 10%,6280,0.10067086063470465,1.155604274067318e-12,True,True
IRR 1.10 per 10%,6281,0.09098381485074242,8.028052117330105e-07,True,True
IRR 1.10 per 10%,6282,0.10739545110860647,4.152284241469142e-11,True,True
IRR 1.10 per 10%,6283,0.06512161721650714,9.127680687790683e-06,True,True
IRR 1.10 per 10%,6284,0.08769888912545498,2.029092459125925e-08,True,True
IRR 1.10 per 10%,6285,0.09743296183670495,2.7079954520452106e-08,True,True
IRR 1.10 per 10%,6286,0.08790289577366509,3.7767944004321846e-06,True,True
IRR 1.10 per 10%,6287,0.10412163693672093,8.20148231445865e-10,True,True
IRR 1.10 per 10%,6288,0.08176525295734324,6.529526606579725e-09,True,True
IRR 1.10 per 10%,6289,0.08181096047903218,5.066382100952569e-08,True,True
IRR 1.10 per 10%,6290,0.10374402168446047,6.501025396311009e-16,True,True
IRR 1.10 per 10%,6291,0.0904336954959072,8.998716335901784e-06,True,True
IRR 1.10 per 10%,6292,0.11189695046803459,1.4159803757674957e-07,True,True
IRR 1.10 per 10%,6293,0.07626477069261633,2.8573895165654973e-08,True,True
IRR 1.10 per 10%,6294,0.11946349901215463,3.2314595518215036e-12,True,True
IRR 1.10 per 10%,6295,0.1211796061336398,1.9800438761985442e-15,True,True
IRR 1.10 per 10%,6296,0.11203748620983439,9.719593798812471e-14,True,True
IRR 1.10 per 10%,6297,0.10432113456278636,8.267859511745836e-10,True,True
IRR 1.10 per 10%,6298,0.09014022050989441,1.914534647684578e-08,True,True
IRR 1.10 per 10%,6299,0.0985709944320165,4.231363136006849e-14,True,True
"IRR 1.05 per 10%, acting via concurrent year",7000,0.03752935681701353,0.040209850674613974,True,True
"IRR 1.05 per 10%, acting via concurrent year",7001,0.05871561947162969,0.001268693441037432,True,True
"IRR 1.05 per 10%, acting via concurrent year",7002,0.024819824021194287,0.13953487506537665,False,False
"IRR 1.05 per 10%, acting via concurrent year",7003,0.02748808345990763,0.1399184814693972,False,False
"IRR 1.05 per 10%, acting via concurrent year",7004,0.03228211062995061,0.06252682959512881,False,False
"IRR 1.05 per 10%, acting via concurrent year",7005,0.035762434806415194,0.04531235086778436,True,True
"IRR 1.05 per 10%, acting via concurrent year",7006,0.031884679747021714,0.06614091586372328,False,False
"IRR 1.05 per 10%, acting via concurrent year",7007,0.0459591963875124,0.010720101880270925,True,True
"IRR 1.05 per 10%, acting via concurrent year",7008,0.041240394868424304,0.009708965683720079,True,True
"IRR 1.05 per 10%, acting via concurrent year",7009,0.03607367866917638,0.01881804983020352,True,True
"IRR 1.05 per 10%, acting via concurrent year",7010,0.05553594231415959,0.0007176657629601369,True,True
"IRR 1.05 per 10%, acting via concurrent year",7011,0.05053773618573513,0.004119740161140574,True,True
"IRR 1.05 per 10%, acting via concurrent year",7012,0.041470259669760055,0.011828948331020326,True,True
"IRR 1.05 per 10%, acting via concurrent year",7013,0.015387344198887543,0.3651617709175087,False,False
"IRR 1.05 per 10%, acting via concurrent year",7014,0.041681332570530215,0.009339864995147336,True,True
"IRR 1.05 per 10%, acting via concurrent year",7015,0.021100498113484786,0.25893432776807157,False,False
"IRR 1.05 per 10%, acting via concurrent year",7016,0.03778834966197978,0.0197300401315961,True,True
"IRR 1.05 per 10%, acting via concurrent year",7017,0.03375984553025777,0.05611208433964199,False,False
"IRR 1.05 per 10%, acting via concurrent year",7018,0.04348972248638226,0.005389297513470971,True,True
"IRR 1.05 per 10%, acting via concurrent year",7020,0.04056440986466325,0.005272820999431756,True,True
"IRR 1.05 per 10%, acting via concurrent year",7019,0.06403891957711842,0.001575231858739159,True,True
"IRR 1.05 per 10%, acting via concurrent year",7021,0.024239400804649047,0.11495393568023649,False,False
"IRR 1.05 per 10%, acting via concurrent year",7022,0.017216404592213467,0.2964597522383676,False,False
"IRR 1.05 per 10%, acting via concurrent year",7023,0.03329930324614731,0.02951009233724053,True,True
"IRR 1.05 per 10%, acting via concurrent year",7024,0.058544477907419075,0.00019970573625139156,True,True
"IRR 1.05 per 10%, acting via concurrent year",7025,0.042018792792742614,0.01477355641440157,True,True
"IRR 1.05 per 10%, acting via concurrent year",7026,0.03636624449999851,0.025608686417193077,True,True
"IRR 1.05 per 10%, acting via concurrent year",7027,0.048407020659697896,0.007203843822016527,True,True
"IRR 1.05 per 10%, acting via concurrent year",7028,0.024172140720440154,0.19848099880741288,False,False
"IRR 1.05 per 10%, acting via concurrent year",7029,0.05202748678350334,0.0033105207685441957,True,True
"IRR 1.05 per 10%, acting via concurrent year",7030,0.05139656607278147,0.0073428734063583695,True,True
"IRR 1.05 per 10%, acting via concurrent year",7031,0.043298909174766066,0.00481450627290989,True,True
"IRR 1.05 per 10%, acting via concurrent year",7032,0.05685987244814531,0.0010235393608415396,True,True
"IRR 1.05 per 10%, acting via concurrent year",7033,0.03522739192705836,0.015237067772132698,True,True
"IRR 1.05 per 10%, acting via concurrent year",7034,0.07216062020214356,2.2691307633481372e-05,True,True
"IRR 1.05 per 10%, acting via concurrent year",7035,0.02198291895430814,0.2596881680979696,False,False
"IRR 1.05 per 10%, acting via concurrent year",7036,0.0427864074789879,0.004281627421960246,True,True
"IRR 1.05 per 10%, acting via concurrent year",7037,0.027123770447128392,0.05643306892884735,False,False
"IRR 1.05 per 10%, acting via concurrent year",7038,0.028664280654547205,0.12933031778038942,False,False
"IRR 1.05 per 10%, acting via concurrent year",7039,0.042989509954432466,0.06761519393233058,False,False
"IRR 1.05 per 10%, acting via concurrent year",7040,0.021074776797845453,0.1887626738143936,False,False
"IRR 1.05 per 10%, acting via concurrent year",7041,0.04166305595948463,0.010534473778585702,True,True
"IRR 1.05 per 10%, acting via concurrent year",7042,0.03334904865928273,0.023277810702927035,True,True
"IRR 1.05 per 10%, acting via concurrent year",7043,0.01781241553329407,0.2812459082107245,False,False
"IRR 1.05 per 10%, acting via concurrent year",7044,0.06145478812030825,0.0013011170303748004,True,True
"IRR 1.05 per 10%, acting via concurrent year",7045,0.04500755886872131,0.0011993179523023523,True,True
"IRR 1.05 per 10%, acting via concurrent year",7046,0.06266579426562269,0.0008083392883120512,True,True
"IRR 1.05 per 10%, acting via concurrent year",7047,0.0520370816884634,0.005673806494153341,True,True
"IRR 1.05 per 10%, acting via concurrent year",7048,0.06413749208947754,2.2083494033185263e-05,True,True
"IRR 1.05 per 10%, acting via concurrent year",7049,0.03679980328391998,0.043976229555208905,True,True
"IRR 1.05 per 10%, acting via concurrent year",7050,0.01982336084182704,0.24206290543096165,False,False
"IRR 1.05 per 10%, acting via concurrent year",7051,0.019827179698407568,0.2294928735706595,False,False
"IRR 1.05 per 10%, acting via concurrent year",7052,0.002494795101659106,0.8820906361350442,False,False
"IRR 1.05 per 10%, acting via concurrent year",7053,0.03111141583128002,0.09918708505470446,False,False
"IRR 1.05 per 10%, acting via concurrent year",7054,0.043795266851592005,0.06011110215152667,False,False
"IRR 1.05 per 10%, acting via concurrent year",7055,0.036952732723803665,0.00950523090129151,True,True
"IRR 1.05 per 10%, acting via concurrent year",7056,0.03124736138828784,0.07073078298687499,False,False
"IRR 1.05 per 10%, acting via concurrent year",7057,0.07086694249808868,0.00031675251914273,True,True
"IRR 1.05 per 10%, acting via concurrent year",7058,0.064162176089384,0.00034360131974052726,True,True
"IRR 1.05 per 10%, acting via concurrent year",7059,0.04563786196957128,0.014194046786211738,True,True
"IRR 1.05 per 10%, acting via concurrent year",7060,0.035740098579063635,0.09058749039331364,False,False
"IRR 1.05 per 10%, acting via concurrent year",7061,0.006449965916888175,0.7334064527583132,False,False
"IRR 1.05 per 10%, acting via concurrent year",7062,0.05896901454321218,0.0006741942696935958,True,True
"IRR 1.05 per 10%, acting via concurrent year",7063,0.04377945663997758,0.006219412379255735,True,True
"IRR 1.05 per 10%, acting via concurrent year",7064,0.043511979996547386,0.008410141510167193,True,True
"IRR 1.05 per 10%, acting via concurrent year",7065,-0.001665559919088993,0.9255561746226779,False,False
"IRR 1.05 per 10%, acting via concurrent year",7066,0.05702223055242518,0.0005644197840789717,True,True
"IRR 1.05 per 10%, acting via concurrent year",7067,0.04629794844733615,0.004078487944333601,True,True
"IRR 1.05 per 10%, acting via concurrent year",7068,0.0516865236344865,0.003845019232194486,True,True
"IRR 1.05 per 10%, acting via concurrent year",7069,0.036401275212374934,0.04067765975240356,True,True
"IRR 1.05 per 10%, acting via concurrent year",7070,0.00492047939336247,0.7507646733504056,False,False
"IRR 1.05 per 10%, acting via concurrent year",7071,0.07845922417097861,1.1842469690565239e-05,True,True
"IRR 1.05 per 10%, acting via concurrent year",7072,0.014639699385339216,0.4937463298313345,False,False
"IRR 1.05 per 10%, acting via concurrent year",7073,0.05706849886476894,0.006793903700290171,True,True
"IRR 1.05 per 10%, acting via concurrent year",7074,0.05418710200650865,0.005803046214685036,True,True
"IRR 1.05 per 10%, acting via concurrent year",7075,0.023228023116061158,0.08606000233628675,False,False
"IRR 1.05 per 10%, acting via concurrent year",7076,0.017082945602010288,0.3497528307918374,False,False
"IRR 1.05 per 10%, acting via concurrent year",7077,0.07943594664434396,1.4867002799588546e-06,True,True
"IRR 1.05 per 10%, acting via concurrent year",7078,0.05546806406810956,0.0012138869181623452,True,True
"IRR 1.05 per 10%, acting via concurrent year",7079,0.04591567963588986,0.004756950310578557,True,True
"IRR 1.05 per 10%, acting via concurrent year",7080,0.07828508217788077,1.7493353409042772e-09,True,True
"IRR 1.05 per 10%, acting via concurrent year",7081,0.06466101145794903,0.003145330898170729,True,True
"IRR 1.05 per 10%, acting via concurrent year",7082,0.03217727676236675,0.05260906647418604,False,False
"IRR 1.05 per 10%, acting via concurrent year",7083,0.00807479835754587,0.6487614966156368,False,False
"IRR 1.05 per 10%, acting via concurrent year",7084,0.03451297425513421,0.026185763007627656,True,True
"IRR 1.05 per 10%, acting via concurrent year",7085,0.028644523636235788,0.07622040355079647,False,False
"IRR 1.05 per 10%, acting via concurrent year",7086,0.0517594014305727,0.006921587892172309,True,True
"IRR 1.05 per 10%, acting via concurrent year",7087,0.03281403022780969,0.0569433858633654,False,False
"IRR 1.05 per 10%, acting via concurrent year",7088,0.0348452099836232,0.027936691850898625,True,True
"IRR 1.05 per 10%, acting via concurrent year",7089,0.037043560818581935,0.07353059939949592,False,False
"IRR 1.05 per 10%, acting via concurrent year",7090,0.05297750472626981,0.001282079661008758,True,True
"IRR 1.05 per 10%, acting via concurrent year",7091,0.014504948022587007,0.2983319002914562,False,False
"IRR 1.05 per 10%, acting via concurrent year",7092,0.038413048346455744,0.04973375923228073,True,True
"IRR 1.05 per 10%, acting via concurrent year",7093,0.03557368525722308,0.026782530369033355,True,True
"IRR 1.05 per 10%, acting via concurrent year",7094,0.039023221563167024,0.008181043442832159,True,True
"IRR 1.05 per 10%, acting via concurrent year",7095,0.02133448797590005,0.2390789400528649,False,False
"IRR 1.05 per 10%, acting via concurrent year",7096,0.04188615295432141,0.020197024168142945,True,True
"IRR 1.05 per 10%, acting via concurrent year",7097,0.03094964393366912,0.06294577535270823,False,False
"IRR 1.05 per 10%, acting via concurrent year",7098,0.038254479688758336,0.025046580933097907,True,True
"IRR 1.05 per 10%, acting via concurrent year",7099,0.054366374779635775,0.00031828010775249003,True,True
"IRR 1.05 per 10%, acting via concurrent year",7100,0.055060931271148396,0.002174714040086808,True,True
"IRR 1.05 per 10%, acting via concurrent year",7101,0.036705601251857164,0.0618408009267508,False,False
"IRR 1.05 per 10%, acting via concurrent year",7102,0.025252347093553177,0.19703404480508624,False,False
"IRR 1.05 per 10%, acting via concurrent year",7103,0.020994076089862923,0.1886071391293408,False,False
"IRR 1.05 per 10%, acting via concurrent year",7104,0.061129713078033006,3.561564236659318e-05,True,True
"IRR 1.05 per 10%, acting via concurrent year",7105,0.05238894911710015,0.0008883020985740654,True,True
"IRR 1.05 per 10%, acting via concurrent year",7106,0.020469149382113472,0.14969550854257818,False,False
"IRR 1.05 per 10%, acting via concurrent year",7107,0.045825656751743715,0.00026776455412301124,True,True
"IRR 1.05 per 10%, acting via concurrent year",7108,0.025892639431754544,0.22958899079038508,False,False
"IRR 1.05 per 10%, acting via concurrent year",7109,0.015709824900601254,0.37883716680093327,False,False
"IRR 1.05 per 10%, acting via concurrent year",7110,0.021114689922004416,0.1913305133018307,False,False
"IRR 1.05 per 10%, acting via concurrent year",7111,0.04501557812315436,0.01092333666163415,True,True
"IRR 1.05 per 10%, acting via concurrent year",7112,0.03290670302399,0.08011387081128375,False,False
"IRR 1.05 per 10%, acting via concurrent year",7113,0.016727450117925678,0.3117670381039114,False,False
"IRR 1.05 per 10%, acting via concurrent year",7114,0.04775668903483956,0.0046941042312238805,True,True
"IRR 1.05 per 10%, acting via concurrent year",7115,0.030425968347084966,0.05535130352293044,False,False
"IRR 1.05 per 10%, acting via concurrent year",7116,0.03380826446841258,0.03238274394770475,True,True
"IRR 1.05 per 10%, acting via concurrent year",7117,0.045298841099135394,0.009625047617412117,True,True
"IRR 1.05 per 10%, acting via concurrent year",7118,0.037835517249861506,0.012441621910926395,True,True
"IRR 1.05 per 10%, acting via concurrent year",7119,0.04134690505117658,0.015894587273643485,True,True
"IRR 1.05 per 10%, acting via concurrent year",7120,0.08358265315148566,7.409618544808107e-07,True,True
"IRR 1.05 per 10%, acting via concurrent year",7121,0.04194343286447194,0.005037980231914827,True,True
"IRR 1.05 per 10%, acting via concurrent year",7122,0.01626170664948727,0.3076638268208167,False,False
"IRR 1.05 per 10%, acting via concurrent year",7123,0.021448904327833203,0.26748443331348226,False,False
"IRR 1.05 per 10%, acting via concurrent year",7124,0.055414540064252615,0.0018475909026586276,True,True
"IRR 1.05 per 10%, acting via concurrent year",7125,0.01888147700895696,0.25938284553464996,False,False
"IRR 1.05 per 10%, acting via concurrent year",7126,0.04393521432295305,0.0031114422232991746,True,True
"IRR 1.05 per 10%, acting via concurrent year",7127,0.037813927929887935,0.040198963468745505,True,True
"IRR 1.05 per 10%, acting via concurrent year",7128,0.03308073406542631,0.034254179839753526,True,True
"IRR 1.05 per 10%, acting via concurrent year",7129,0.017850741186704853,0.29195179878279665,False,False
"IRR 1.05 per 10%, acting via concurrent year",7130,0.035765306721755284,0.03205121608673147,True,True
"IRR 1.05 per 10%, acting via concurrent year",7131,0.03630719606372433,0.008338555654765439,True,True
"IRR 1.05 per 10%, acting via concurrent year",7132,0.052856907973722486,0.00032208102451111037,True,True
"IRR 1.05 per 10%, acting via concurrent year",7133,0.054370016647243245,0.001809940278993791,True,True
"IRR 1.05 per 10%, acting via concurrent year",7134,0.06797883290321659,0.00010681332616925482,True,True
"IRR 1.05 per 10%, acting via concurrent year",7135,0.021858869614991245,0.21010634553569307,False,False
"IRR 1.05 per 10%, acting via concurrent year",7136,-0.0050141258003659605,0.7449358171148358,False,False
"IRR 1.05 per 10%, acting via concurrent year",7137,0.049242075365851345,0.010555745727949343,True,True
"IRR 1.05 per 10%, acting via concurrent year",7138,0.046041744304435056,0.03526789124400932,True,True
"IRR 1.05 per 10%, acting via concurrent year",7139,0.057580105946777496,0.0004704478833313264,True,True
"IRR 1.05 per 10%, acting via concurrent year",7140,0.02899676048484037,0.08626932570527594,False,False
"IRR 1.05 per 10%, acting via concurrent year",7141,0.031327003372694395,0.08758546526996354,False,False
"IRR 1.05 per 10%, acting via concurrent year",7142,0.014901835873527973,0.37861204207863763,False,False
"IRR 1.05 per 10%, acting via concurrent year",7143,0.023194103399366655,0.18357490714437374,False,False
"IRR 1.05 per 10%, acting via concurrent year",7144,0.032700415219717505,0.05687957133823078,False,False
"IRR 1.05 per 10%, acting via concurrent year",7145,0.062434341125260084,0.0005207526473142631,True,True
"IRR 1.05 per 10%, acting via concurrent year",7146,0.002459282535882889,0.8715083837106745,False,False
"IRR 1.05 per 10%, acting via concurrent year",7147,0.0311559556564895,0.1324548674914425,False,False
"IRR 1.05 per 10%, acting via concurrent year",7148,0.05080096856674986,0.0031049228809597964,True,True
"IRR 1.05 per 10%, acting via concurrent year",7149,0.04797055619057442,0.006952294925491312,True,True
"IRR 1.05 per 10%, acting via concurrent year",7150,0.01203366911838938,0.5064843599461764,False,False
"IRR 1.05 per 10%, acting via concurrent year",7151,0.024782365006187062,0.1521454825841155,False,False
"IRR 1.05 per 10%, acting via concurrent year",7152,0.04226680707334091,0.028101827327169628,True,True
"IRR 1.05 per 10%, acting via concurrent year",7153,0.02953899241885755,0.04619447015560401,True,True
"IRR 1.05 per 10%, acting via concurrent year",7154,0.020073452541344156,0.25907614486611996,False,False
"IRR 1.05 per 10%, acting via concurrent year",7155,0.028614724448642197,0.024375794707557644,True,True
"IRR 1.05 per 10%, acting via concurrent year",7156,0.03678796244117015,0.03997034936971202,True,True
"IRR 1.05 per 10%, acting via concurrent year",7157,0.03039223709383222,0.05273327386187608,False,False
"IRR 1.05 per 10%, acting via concurrent year",7158,0.012423779041897292,0.4691359017119271,False,False
"IRR 1.05 per 10%, acting via concurrent year",7159,0.03742278635342159,0.03555099026426145,True,True
"IRR 1.05 per 10%, acting via concurrent year",7160,0.04050100657803505,0.02148312132523841,True,True
"IRR 1.05 per 10%, acting via concurrent year",7161,0.09069822868305641,6.759275127503356e-06,True,True
"IRR 1.05 per 10%, acting via concurrent year",7162,0.01448302458059929,0.40021623210193846,False,False
"IRR 1.05 per 10%, acting via concurrent year",7163,0.04936893201688305,0.022862671769314696,True,True
"IRR 1.05 per 10%, acting via concurrent year",7164,0.08300760969053095,1.2318228248595163e-06,True,True
"IRR 1.05 per 10%, acting via concurrent year",7165,0.04218264891587478,0.014099752034208806,True,True
"IRR 1.05 per 10%, acting via concurrent year",7166,0.045300176658052624,0.006267921640193491,True,True
"IRR 1.05 per 10%, acting via concurrent year",7167,0.05115682778006958,0.0026408612713574122,True,True
"IRR 1.05 per 10%, acting via concurrent year",7168,0.03383487710700737,0.009136280867644831,True,True
"IRR 1.05 per 10%, acting via concurrent year",7169,0.027181904271564684,0.08399093328756735,False,False
"IRR 1.05 per 10%, acting via concurrent year",7170,0.002101402286570355,0.9055425859207284,False,False
"IRR 1.05 per 10%, acting via concurrent year",7171,0.03997738349985277,0.04629658293643418,True,True
"IRR 1.05 per 10%, acting via concurrent year",7172,0.04716943845374571,0.0013786287015923216,True,True
"IRR 1.05 per 10%, acting via concurrent year",7173,0.049107332327508024,0.0033135719809603854,True,True
"IRR 1.05 per 10%, acting via concurrent year",7174,0.0767113208406421,2.4212818238313046e-06,True,True
"IRR 1.05 per 10%, acting via concurrent year",7175,0.030300023839281886,0.13736694197278948,False,False
"IRR 1.05 per 10%, acting via concurrent year",7176,0.03537335639040966,0.05760795725875213,False,False
"IRR 1.05 per 10%, acting via concurrent year",7177,0.025516930632574625,0.17775362061803734,False,False
"IRR 1.05 per 10%, acting via concurrent year",7178,0.07371732488804553,2.812890108587162e-06,True,True
"IRR 1.05 per 10%, acting via concurrent year",7179,0.048107499963832366,0.006276219970563582,True,True
"IRR 1.05 per 10%, acting via concurrent year",7180,0.04155533393247454,0.006118966102777102,True,True
"IRR 1.05 per 10%, acting via concurrent year",7181,0.05128758292428662,0.00306931694538823,True,True
"IRR 1.05 per 10%, acting via concurrent year",7182,0.062184973804865276,0.0002646153134021912,True,True
"IRR 1.05 per 10%, acting via concurrent year",7183,0.037660599070120766,0.046982114696768815,True,True
"IRR 1.05 per 10%, acting via concurrent year",7184,0.03687171097178465,0.04007865057014643,True,True
"IRR 1.05 per 10%, acting via concurrent year",7185,0.013082391501750829,0.48132061733792164,False,False
"IRR 1.05 per 10%, acting via concurrent year",7186,0.025459463974940057,0.12407499302077886,False,False
"IRR 1.05 per 10%, acting via concurrent year",7187,0.032361334722782,0.09219803876103733,False,False
"IRR 1.05 per 10%, acting via concurrent year",7188,0.043315928055644604,0.012529237198700395,True,True
"IRR 1.05 per 10%, acting via concurrent year",7190,0.009822268567090611,0.5452577597761273,False,False
"IRR 1.05 per 10%, acting via concurrent year",7189,0.05531828137447334,0.0025214771367428434,True,True
"IRR 1.05 per 10%, acting via concurrent year",7191,0.038178082907558114,0.028383000375972346,True,True
"IRR 1.05 per 10%, acting via concurrent year",7192,0.0348150009186567,0.03381013338292112,True,True
"IRR 1.05 per 10%, acting via concurrent year",7193,0.06849756308574888,4.548167667592886e-07,True,True
"IRR 1.05 per 10%, acting via concurrent year",7194,0.08870291953985592,8.846057239921561e-10,True,True
"IRR 1.05 per 10%, acting via concurrent year",7195,0.0815504781262842,2.9972871237290852e-05,True,True
"IRR 1.05 per 10%, acting via concurrent year",7196,0.03940408974282951,0.043488408003664325,True,True
"IRR 1.05 per 10%, acting via concurrent year",7197,0.030792304952567063,0.06659735406004053,False,False
"IRR 1.05 per 10%, acting via concurrent year",7198,0.03535262905391663,0.06024699222874205,False,False
"IRR 1.05 per 10%, acting via concurrent year",7199,0.011022947736667217,0.43629338400153683,False,False
"IRR 1.05 per 10%, acting via concurrent year",7200,0.04326599877552684,0.03324731967455338,True,True
"IRR 1.05 per 10%, acting via concurrent year",7201,0.029939115548374865,0.04575824867712736,True,True
"IRR 1.05 per 10%, acting via concurrent year",7202,0.014922547969392777,0.2909438065554728,False,False
"IRR 1.05 per 10%, acting via concurrent year",7203,0.06629194071227605,0.0001079202656134381,True,True
"IRR 1.05 per 10%, acting via concurrent year",7204,0.027995503850553983,0.10387084199705683,False,False
"IRR 1.05 per 10%, acting via concurrent year",7205,0.02567830324103859,0.16303444210680185,False,False
"IRR 1.05 per 10%, acting via concurrent year",7206,0.040092084857297226,0.017106306959898575,True,True
"IRR 1.05 per 10%, acting via concurrent year",7207,0.034996605662101284,0.02561612299027993,True,True
"IRR 1.05 per 10%, acting via concurrent year",7208,0.07769753013377097,6.1502198899210124e-06,True,True
"IRR 1.05 per 10%, acting via concurrent year",7209,0.02298092118952332,0.17648555332843074,False,False
"IRR 1.05 per 10%, acting via concurrent year",7210,0.05988863209274398,0.00023417244542273355,True,True
"IRR 1.05 per 10%, acting via concurrent year",7211,0.03402031997067625,0.02556233162629289,True,True
"IRR 1.05 per 10%, acting via concurrent year",7212,0.029629017774387454,0.10418461706447268,False,False
"IRR 1.05 per 10%, acting via concurrent year",7213,0.04055662455878221,0.06654874205895978,False,False
"IRR 1.05 per 10%, acting via concurrent year",7214,0.06893546561657643,9.009510162939259e-06,True,True
"IRR 1.05 per 10%, acting via concurrent year",7215,0.030023680432400425,0.10583850510982452,False,False
"IRR 1.05 per 10%, acting via concurrent year",7216,0.03308972646907521,0.057558371133909034,False,False
"IRR 1.05 per 10%, acting via concurrent year",7217,0.013767427422805803,0.4101328891910113,False,False
"IRR 1.05 per 10%, acting via concurrent year",7218,0.037469134097215494,0.0166471093386156,True,True
"IRR 1.05 per 10%, acting via concurrent year",7219,0.039839476566618445,0.011402695206660996,True,True
"IRR 1.05 per 10%, acting via concurrent year",7220,0.05436341075232032,0.01009003640161793,True,True
"IRR 1.05 per 10%, acting via concurrent year",7221,0.01421710986640771,0.43401420068174346,False,False
"IRR 1.05 per 10%, acting via concurrent year",7222,0.013132021753815755,0.4784945914869724,False,False
"IRR 1.05 per 10%, acting via concurrent year",7223,0.026222292741349643,0.02881677243002019,True,True
"IRR 1.05 per 10%, acting via concurrent year",7224,0.055601337387443654,0.0003037328078945079,True,True
"IRR 1.05 per 10%, acting via concurrent year",7225,0.0011864889073394125,0.94319921417828,False,False
"IRR 1.05 per 10%, acting via concurrent year",7226,0.018456704952479964,0.2729407610649087,False,False
"IRR 1.05 per 10%, acting via concurrent year",7227,0.05587448024154122,5.749430176753952e-06,True,True
"IRR 1.05 per 10%, acting via concurrent year",7228,0.04403105119899588,0.021749612884720795,True,True
"IRR 1.05 per 10%, acting via concurrent year",7229,0.04171933508915019,0.0434634453971101,True,True
"IRR 1.05 per 10%, acting via concurrent year",7230,-0.00020339876723624058,0.9907443755799323,False,False
"IRR 1.05 per 10%, acting via concurrent year",7231,0.051449684037811624,0.01215210285329984,True,True
"IRR 1.05 per 10%, acting via concurrent year",7232,0.04935089503110413,0.00391021391240401,True,True
"IRR 1.05 per 10%, acting via concurrent year",7233,0.04527891194220747,0.014097121122487984,True,True
"IRR 1.05 per 10%, acting via concurrent year",7234,0.054673199876486375,0.0001479239964934017,True,True
"IRR 1.05 per 10%, acting via concurrent year",7235,0.04524739827078331,0.01315258750403178,True,True
"IRR 1.05 per 10%, acting via concurrent year",7236,0.0486810653061967,0.0021490833908064714,True,True
"IRR 1.05 per 10%, acting via concurrent year",7237,0.05579154128337027,9.513962172209045e-05,True,True
"IRR 1.05 per 10%, acting via concurrent year",7238,0.037376711535625606,0.03810210286745102,True,True
"IRR 1.05 per 10%, acting via concurrent year",7239,0.03318299625674645,0.1012906064370567,False,False
"IRR 1.05 per 10%, acting via concurrent year",7240,0.030797593326435738,0.03981001684737324,True,True
"IRR 1.05 per 10%, acting via concurrent year",7241,0.055503766831047685,0.0035899046389835146,True,True
"IRR 1.05 per 10%, acting via concurrent year",7242,0.03943780666317169,0.022167261212309934,True,True
"IRR 1.05 per 10%, acting via concurrent year",7243,0.03388673829987169,0.04622983460502726,True,True
"IRR 1.05 per 10%, acting via concurrent year",7244,0.05507937432255089,0.00020450226377224083,True,True
"IRR 1.05 per 10%, acting via concurrent year",7245,0.06947496315292935,1.692091623702288e-05,True,True
"IRR 1.05 per 10%, acting via concurrent year",7246,0.05359103548810195,0.0014521561517545623,True,True
"IRR 1.05 per 10%, acting via concurrent year",7247,0.027387540289690905,0.12547166080939887,False,False
"IRR 1.05 per 10%, acting via concurrent year",7248,0.04195941091193188,0.01517968299238215,True,True
"IRR 1.05 per 10%, acting via concurrent year",7250,0.013057425248191907,0.5029394561380629,False,False
"IRR 1.05 per 10%, acting via concurrent year",7249,0.07283680220192093,5.874274436864371e-06,True,True
"IRR 1.05 per 10%, acting via concurrent year",7251,0.04215563433196799,0.0033916511741769453,True,True
"IRR 1.05 per 10%, acting via concurrent year",7252,0.04237055182218995,0.008472045626435548,True,True
"IRR 1.05 per 10%, acting via concurrent year",7253,0.06222067750745191,1.4337791412583766e-05,True,True
"IRR 1.05 per 10%, acting via concurrent year",7254,0.011775449479113234,0.4814527485892427,False,False
"IRR 1.05 per 10%, acting via concurrent year",7255,0.05108108322657456,0.01405786932263774,True,True
"IRR 1.05 per 10%, acting via concurrent year",7256,0.03228568930377974,0.039589125403427884,True,True
"IRR 1.05 per 10%, acting via concurrent year",7257,0.042020843176662354,0.015054297994150513,True,True
"IRR 1.05 per 10%, acting via concurrent year",7258,0.010681589858054563,0.5127886790051828,False,False
"IRR 1.05 per 10%, acting via concurrent year",7259,0.07061966847142018,0.0002785909344725769,True,True
"IRR 1.05 per 10%, acting via concurrent year",7260,0.045341382718866625,0.013427007716635147,True,True
"IRR 1.05 per 10%, acting via concurrent year",7261,0.014951817763473242,0.32587152885424,False,False
"IRR 1.05 per 10%, acting via concurrent year",7262,0.053800286976320645,0.0006122772462575986,True,True
"IRR 1.05 per 10%, acting via concurrent year",7263,0.04561066706375938,0.0009291179437776797,True,True
"IRR 1.05 per 10%, acting via concurrent year",7264,0.006347195237041219,0.6729807309587714,False,False
"IRR 1.05 per 10%, acting via concurrent year",7265,0.05546931412345316,8.517308996358888e-05,True,True
"IRR 1.05 per 10%, acting via concurrent year",7266,0.03973090877510467,0.010617827884791745,True,True
"IRR 1.05 per 10%, acting via concurrent year",7267,0.045597424756421825,0.013722015051291572,True,True
"IRR 1.05 per 10%, acting via concurrent year",7268,0.030133157468710065,0.05090920374610088,False,False
"IRR 1.05 per 10%, acting via concurrent year",7269,0.03442768970014661,0.10270617659851988,False,False
"IRR 1.05 per 10%, acting via concurrent year",7270,0.017123075779667665,0.2151234799538707,False,False
"IRR 1.05 per 10%, acting via concurrent year",7271,0.020810014641522028,0.198777649890429,False,False
"IRR 1.05 per 10%, acting via concurrent year",7272,0.054538845675462216,1.631150405835079e-05,True,True
"IRR 1.05 per 10%, acting via concurrent year",7273,0.07258664917148408,5.394374061691729e-06,True,True
"IRR 1.05 per 10%, acting via concurrent year",7274,0.029873865173740178,0.07239348369010873,False,False
"IRR 1.05 per 10%, acting via concurrent year",7276,-0.004655515575665719,0.7690609226281746,False,False
"IRR 1.05 per 10%, acting via concurrent year",7275,0.046883810305549195,0.0018901285084964765,True,True
"IRR 1.05 per 10%, acting via concurrent year",7278,0.009731815722388104,0.5437373281001852,False,False
"IRR 1.05 per 10%, acting via concurrent year",7277,0.03214862969444585,0.047551851192929005,True,True
"IRR 1.05 per 10%, acting via concurrent year",7279,0.022270122136317582,0.1394588761375332,False,False
"IRR 1.05 per 10%, acting via concurrent year",7280,0.005017628210933505,0.7408399270153558,False,False
"IRR 1.05 per 10%, acting via concurrent year",7281,0.05673619263360667,0.0002705801662421197,True,True
"IRR 1.05 per 10%, acting via concurrent year",7282,0.030792762653993475,0.0659835526101196,False,False
"IRR 1.05 per 10%, acting via concurrent year",7283,0.02975249085441284,0.05475004548939547,False,False
"IRR 1.05 per 10%, acting via concurrent year",7284,0.04967262360722825,0.004683569645647413,True,True
"IRR 1.05 per 10%, acting via concurrent year",7285,0.05223601793387443,0.00398353144897518,True,True
"IRR 1.05 per 10%, acting via concurrent year",7286,0.04468463651922312,0.048362411875896655,True,True
"IRR 1.05 per 10%, acting via concurrent year",7287,0.04883491174413304,0.009911159760742201,True,True
"IRR 1.05 per 10%, acting via concurrent year",7288,0.06392666409569418,0.0010828055417218244,True,True
"IRR 1.05 per 10%, acting via concurrent year",7289,0.028710732026340058,0.07499315516644445,False,False
"IRR 1.05 per 10%, acting via concurrent year",7290,0.03713276270724849,0.01369973444558314,True,True
"IRR 1.05 per 10%, acting via concurrent year",7291,0.025297202776903782,0.018978128089914722,True,True
"IRR 1.05 per 10%, acting via concurrent year",7292,0.05607176966155944,0.0016817248180889361,True,True
"IRR 1.05 per 10%, acting via concurrent year",7293,0.023172024876522798,0.20288441652656197,False,False
"IRR 1.05 per 10%, acting via concurrent year",7294,0.030312247019322263,0.09785797981357072,False,False
"IRR 1.05 per 10%, acting via concurrent year",7295,0.06956215605683426,5.564621962532015e-07,True,True
"IRR 1.05 per 10%, acting via concurrent year",7296,0.012085696726679342,0.4779951872945699,False,False
"IRR 1.05 per 10%, acting via concurrent year",7297,0.035193750570642494,0.0792788362297565,False,False
"IRR 1.05 per 10%, acting via concurrent year",7298,0.06012185919358713,0.00036322283460453014,True,True
"IRR 1.05 per 10%, acting via concurrent year",7299,0.06288013231011387,0.00023489554193030363,True,True
"IRR 1.10 per 10%, acting via concurrent year",8000,0.11005090925519902,1.1756207823566807e-08,True,True
"IRR 1.10 per 10%, acting via concurrent year",8001,0.08481119288860983,5.706257192376552e-08,True,True
"IRR 1.10 per 10%, acting via concurrent year",8002,0.09552065368160026,1.3362297392168218e-06,True,True
"IRR 1.10 per 10%, acting via concurrent year",8003,0.07978051141336956,7.234762026110834e-06,True,True
"IRR 1.10 per 10%, acting via concurrent year",8004,0.0860408288916801,3.808724654979897e-06,True,True
"IRR 1.10 per 10%, acting via concurrent year",8005,0.020125131415032246,0.27260718661127004,False,False
"IRR 1.10 per 10%, acting via concurrent year",8006,0.048971925773692804,0.0016616417623417936,True,True
"IRR 1.10 per 10%, acting via concurrent year",8007,0.07050301492572456,8.627679125125783e-05,True,True
"IRR 1.10 per 10%, acting via concurrent year",8008,0.08148022860559254,7.285804544960414e-07,True,True
"IRR 1.10 per 10%, acting via concurrent year",8009,0.06621573777955134,0.0004883118068319245,True,True
"IRR 1.10 per 10%, acting via concurrent year",8010,0.0911525029849142,7.894208371134899e-07,True,True
"IRR 1.10 per 10%, acting via concurrent year",8011,0.05666072184273904,0.007896855301269127,True,True
"IRR 1.10 per 10%, acting via concurrent year",8012,0.08437875416100615,7.105560892400899e-08,True,True
"IRR 1.10 per 10%, acting via concurrent year",8013,0.08750109398262881,5.359860594708016e-07,True,True
"IRR 1.10 per 10%, acting via concurrent year",8014,0.07459009401495971,2.8827317499160126e-06,True,True
"IRR 1.10 per 10%, acting via concurrent year",8015,0.0710084693312543,0.00016806939625089854,True,True
"IRR 1.10 per 10%, acting via concurrent year",8016,0.0620437430139204,3.94702046305157e-05,True,True
"IRR 1.10 per 10%, acting via concurrent year",8018,0.07648718793742905,1.0554281585841533e-05,True,True
"IRR 1.10 per 10%, acting via concurrent year",8017,0.06561111243302067,0.0003403193553101364,True,True
"IRR 1.10 per 10%, acting via concurrent year",8019,0.06795506414925354,0.00043115415973365545,True,True
"IRR 1.10 per 10%, acting via concurrent year",8020,0.07317791571271762,7.848584697428245e-05,True,True
"IRR 1.10 per 10%, acting via concurrent year",8021,0.08311681522274349,8.950667378009169e-07,True,True
"IRR 1.10 per 10%, acting via concurrent year",8022,0.08644246747569075,5.4837150459248134e-11,True,True
"IRR 1.10 per 10%, acting via concurrent year",8023,0.10987132797433792,1.9801234086360627e-12,True,True
"IRR 1.10 per 10%, acting via concurrent year",8024,0.051480690777634695,0.0002886439733533644,True,True
"IRR 1.10 per 10%, acting via concurrent year",8025,0.08138576560480605,1.4768031072719208e-05,True,True
"IRR 1.10 per 10%, acting via concurrent year",8026,0.06235315738709799,0.0002062892930185001,True,True
"IRR 1.10 per 10%, acting via concurrent year",8027,0.07046810883409534,8.701991946865668e-06,True,True
"IRR 1.10 per 10%, acting via concurrent year",8028,0.07644383634852932,8.009496784979977e-05,True,True
"IRR 1.10 per 10%, acting via concurrent year",8029,0.06482847639462698,1.8852113042888738e-05,True,True
"IRR 1.10 per 10%, acting via concurrent year",8030,0.0772023436004872,1.1940906108680245e-06,True,True
"IRR 1.10 per 10%, acting via concurrent year",8031,0.0848833305775539,1.0487963735204907e-08,True,True
"IRR 1.10 per 10%, acting via concurrent year",8032,0.06277213606765823,0.00017602836232447666,True,True
"IRR 1.10 per 10%, acting via concurrent year",8033,0.08510105852010245,1.1778783561421842e-07,True,True
"IRR 1.10 per 10%, acting via concurrent year",8034,0.047285498244459385,0.00318102060224006,True,True
"IRR 1.10 per 10%, acting via concurrent year",8035,0.089623783961539,7.772686479813255e-11,True,True
"IRR 1.10 per 10%, acting via concurrent year",8036,0.08594994681205417,2.2398806955302345e-06,True,True
"IRR 1.10 per 10%, acting via concurrent year",8037,0.06592886731157521,0.0007461667842490769,True,True
"IRR 1.10 per 10%, acting via concurrent year",8038,0.06970792557453331,0.00036184120733020645,True,True
"IRR 1.10 per 10%, acting via concurrent year",8039,0.07971150913795376,3.316927227574196e-05,True,True
"IRR 1.10 per 10%, acting via concurrent year",8040,0.06987259714648113,1.0910526319540204e-05,True,True
"IRR 1.10 per 10%, acting via concurrent year",8041,0.07037785560062175,0.0010524327431360148,True,True
"IRR 1.10 per 10%, acting via concurrent year",8042,0.08248796217736401,2.5979356574525684e-05,True,True
"IRR 1.10 per 10%, acting via concurrent year",8043,0.053247606203509656,0.004829598279521333,True,True
"IRR 1.10 per 10%, acting via concurrent year",8044,0.08442929874428297,9.548526741244954e-09,True,True
"IRR 1.10 per 10%, acting via concurrent year",8045,0.08673326903441463,2.2708534987885562e-07,True,True
"IRR 1.10 per 10%, acting via concurrent year",8046,0.10001415887829723,5.2452565486899865e-09,True,True
"IRR 1.10 per 10%, acting via concurrent year",8047,0.06752850368751388,0.000364493739747383,True,True
"IRR 1.10 per 10%, acting via concurrent year",8048,0.08328564832823325,1.683052557464718e-06,True,True
"IRR 1.10 per 10%, acting via concurrent year",8049,0.06850816584515851,0.00018820192668280372,True,True
"IRR 1.10 per 10%, acting via concurrent year",8050,0.058044534453762765,0.0021497867399077565,True,True
"IRR 1.10 per 10%, acting via concurrent year",8051,0.06070170892356219,7.38151551160444e-06,True,True
"IRR 1.10 per 10%, acting via concurrent year",8052,0.09357178786269206,2.8323404883410168e-08,True,True
"IRR 1.10 per 10%, acting via concurrent year",8053,0.06375619438215657,0.0029471760378710146,True,True
"IRR 1.10 per 10%, acting via concurrent year",8054,0.09630187889722824,1.0934126480112501e-08,True,True
"IRR 1.10 per 10%, acting via concurrent year",8056,0.06396531349174944,6.0807844545476144e-05,True,True
"IRR 1.10 per 10%, acting via concurrent year",8055,0.05034654867415701,0.0009319333869343095,True,True
"IRR 1.10 per 10%, acting via concurrent year",8057,0.07529823908720781,2.1846086211121134e-07,True,True
"IRR 1.10 per 10%, acting via concurrent year",8058,0.03838872774475277,0.041737472670969666,True,True
"IRR 1.10 per 10%, acting via concurrent year",8059,0.06309920028404763,0.0005489907480873046,True,True
"IRR 1.10 per 10%, acting via concurrent year",8060,0.05978358683660397,0.0006978198605066102,True,True
"IRR 1.10 per 10%, acting via concurrent year",8061,0.09974814932515022,3.441208367522562e-08,True,True
"IRR 1.10 per 10%, acting via concurrent year",8062,0.03928165576499461,0.0385928267659456,True,True
"IRR 1.10 per 10%, acting via concurrent year",8063,0.0704255997035572,0.001348717300412722,True,True
"IRR 1.10 per 10%, acting via concurrent year",8064,0.08225408200172722,4.2772936370969915e-07,True,True
"IRR 1.10 per 10%, acting via concurrent year",8065,0.08261494029242052,3.2845970041372513e-07,True,True
"IRR 1.10 per 10%, acting via concurrent year",8066,0.05501764263498984,0.0008100438236259461,True,True
"IRR 1.10 per 10%, acting via concurrent year",8067,0.04355764844027099,0.0055412019908033594,True,True
"IRR 1.10 per 10%, acting via concurrent year",8068,0.08683830961758623,6.092754155218602e-08,True,True
"IRR 1.10 per 10%, acting via concurrent year",8069,0.07252654041322688,0.00020439317263626727,True,True
"IRR 1.10 per 10%, acting via concurrent year",8070,0.0859654505127714,1.244208815219085e-05,True,True
"IRR 1.10 per 10%, acting via concurrent year",8071,0.05584664327993291,0.0026158313517380028,True,True
"IRR 1.10 per 10%, acting via concurrent year",8072,0.07392276375604986,8.006715222084661e-06,True,True
"IRR 1.10 per 10%, acting via concurrent year",8073,0.09837963836855544,3.315355319305054e-10,True,True
"IRR 1.10 per 10%, acting via concurrent year",8074,0.09955211692861474,1.4401086614001184e-07,True,True
"IRR 1.10 per 10%, acting via concurrent year",8075,0.05887892710822506,0.005842734399052729,True,True
"IRR 1.10 per 10%, acting via concurrent year",8076,0.09771789694165438,2.0589862922954427e-07,True,True
"IRR 1.10 per 10%, acting via concurrent year",8077,0.07363889015737922,7.884821478168364e-05,True,True
"IRR 1.10 per 10%, acting via concurrent year",8078,0.06091790096132339,0.0007236643508299572,True,True
"IRR 1.10 per 10%, acting via concurrent year",8080,0.08722317501840389,4.717367701388444e-07,True,True
"IRR 1.10 per 10%, acting via concurrent year",8079,0.10011850477384593,3.907006116316438e-09,True,True
"IRR 1.10 per 10%, acting via concurrent year",8082,0.0632818319199885,0.003780569979731956,True,True
"IRR 1.10 per 10%, acting via concurrent year",8081,0.07084125983892134,6.521410624985547e-05,True,True
"IRR 1.10 per 10%, acting via concurrent year",8084,0.0949829895146242,4.530918984992062e-09,True,True
"IRR 1.10 per 10%, acting via concurrent year",8083,0.12425801866629194,7.895346874730802e-12,True,True
"IRR 1.10 per 10%, acting via concurrent year",8085,0.04607819378485417,0.0011388710465423655,True,True
"IRR 1.10 per 10%, acting via concurrent year",8086,0.1053299224982682,4.148882175792602e-09,True,True
"IRR 1.10 per 10%, acting via concurrent year",8087,0.09679961277224057,4.0253358971463185e-06,True,True
"IRR 1.10 per 10%, acting via concurrent year",8088,0.049260898629171865,0.0005876727738672401,True,True
"IRR 1.10 per 10%, acting via concurrent year",8089,0.06972578318005629,0.0023260787575092767,True,True
"IRR 1.10 per 10%, acting via concurrent year",8090,0.07536558263372199,5.056806125664649e-07,True,True
"IRR 1.10 per 10%, acting via concurrent year",8091,0.0473091370639485,0.00042842993379676563,True,True
"IRR 1.10 per 10%, acting via concurrent year",8092,0.08311471548909768,3.8727457553202826e-08,True,True
"IRR 1.10 per 10%, acting via concurrent year",8093,0.08806380966858667,1.1760258288615952e-08,True,True
"IRR 1.10 per 10%, acting via concurrent year",8094,0.06584721835460522,1.0841706707963626e-06,True,True
"IRR 1.10 per 10%, acting via concurrent year",8095,0.07183264547366437,4.7624083873274106e-05,True,True
"IRR 1.10 per 10%, acting via concurrent year",8096,0.07661165311471352,5.216306705908466e-05,True,True
"IRR 1.10 per 10%, acting via concurrent year",8098,0.07000669900454337,0.002355170423745112,True,True
"IRR 1.10 per 10%, acting via concurrent year",8097,0.08952638809006379,9.650020728841266e-08,True,True
"IRR 1.10 per 10%, acting via concurrent year",8099,0.0517635808195685,0.001592129884984336,True,True
"IRR 1.10 per 10%, acting via concurrent year",8100,0.06530972561323965,0.00015356899222089036,True,True
"IRR 1.10 per 10%, acting via concurrent year",8101,0.08311159016607933,1.2543353718480308e-06,True,True
"IRR 1.10 per 10%, acting via concurrent year",8102,0.08372951071569892,6.813839863962126e-08,True,True
"IRR 1.10 per 10%, acting via concurrent year",8103,0.07917085817636264,1.3196260554044505e-05,True,True
"IRR 1.10 per 10%, acting via concurrent year",8104,0.09486700726820117,6.512551739505545e-10,True,True
"IRR 1.10 per 10%, acting via concurrent year",8105,0.08090622278392846,8.023464743260534e-07,True,True
"IRR 1.10 per 10%, acting via concurrent year",8106,0.06649103233974876,9.085917294762048e-06,True,True
"IRR 1.10 per 10%, acting via concurrent year",8107,0.08932700186200067,2.6642255880163027e-06,True,True
"IRR 1.10 per 10%, acting via concurrent year",8108,0.07451486868994617,5.16027839723943e-06,True,True
"IRR 1.10 per 10%, acting via concurrent year",8109,0.058558550391370486,0.0036838641712271074,True,True
"IRR 1.10 per 10%, acting via concurrent year",8110,0.06541051157569895,2.428719533573e-05,True,True
"IRR 1.10 per 10%, acting via concurrent year",8111,0.07472656730668176,1.2030589086200447e-05,True,True
"IRR 1.10 per 10%, acting via concurrent year",8112,0.08298134413439981,5.0743577835740934e-08,True,True
"IRR 1.10 per 10%, acting via concurrent year",8113,0.06894878185753063,6.012785915135535e-06,True,True
"IRR 1.10 per 10%, acting via concurrent year",8114,0.07951011408150513,4.685806342084857e-05,True,True
"IRR 1.10 per 10%, acting via concurrent year",8115,0.09616569869467868,2.4566710694495905e-07,True,True
"IRR 1.10 per 10%, acting via concurrent year",8116,0.0793571418546007,3.674296304491275e-08,True,True
"IRR 1.10 per 10%, acting via concurrent year",8117,0.07913254321850592,4.3872534015755585e-07,True,True
"IRR 1.10 per 10%, acting via concurrent year",8118,0.036132007197860395,0.10402206902900109,False,False
"IRR 1.10 per 10%, acting via concurrent year",8119,0.08413652263152666,3.0194026344005425e-08,True,True
"IRR 1.10 per 10%, acting via concurrent year",8120,0.06990330879452322,3.474767100952208e-06,True,True
"IRR 1.10 per 10%, acting via concurrent year",8121,0.0965867519550011,1.02490918878635e-09,True,True
"IRR 1.10 per 10%, acting via concurrent year",8122,0.07749026004527627,6.920636171576358e-05,True,True
"IRR 1.10 per 10%, acting via concurrent year",8123,0.07660441362193979,5.542225739986154e-05,True,True
"IRR 1.10 per 10%, acting via concurrent year",8124,0.09766306420035312,3.730937577576371e-06,True,True
"IRR 1.10 per 10%, acting via concurrent year",8125,0.10744139614414426,2.6925458798672698e-08,True,True
"IRR 1.10 per 10%, acting via concurrent year",8126,0.07200758751283068,7.69415926512752e-05,True,True
"IRR 1.10 per 10%, acting via concurrent year",8127,0.10854202320473713,4.355470267071281e-09,True,True
"IRR 1.10 per 10%, acting via concurrent year",8128,0.05111892468353472,0.004376045515596829,True,True
"IRR 1.10 per 10%, acting via concurrent year",8129,0.11230655874460052,2.239058588381721e-09,True,True
"IRR 1.10 per 10%, acting via concurrent year",8130,0.08536653092679772,5.082871198128124e-07,True,True
"IRR 1.10 per 10%, acting via concurrent year",8131,0.05256787309672591,0.0029068633592030024,True,True
"IRR 1.10 per 10%, acting via concurrent year",8132,0.06392858757825495,0.0003284811994779356,True,True
"IRR 1.10 per 10%, acting via concurrent year",8133,0.06002267380423152,0.0009753770154515305,True,True
"IRR 1.10 per 10%, acting via concurrent year",8134,0.07280551813405342,0.002578656925767892,True,True
"IRR 1.10 per 10%, acting via concurrent year",8135,0.08060366222734201,2.506339420940222e-07,True,True
"IRR 1.10 per 10%, acting via concurrent year",8136,0.06735597960199334,0.0002788532820146989,True,True
"IRR 1.10 per 10%, acting via concurrent year",8137,0.05587960158092931,0.001961224459106989,True,True
"IRR 1.10 per 10%, acting via concurrent year",8138,0.08257489179093999,4.228702922155205e-05,True,True
"IRR 1.10 per 10%, acting via concurrent year",8139,0.08568594062859472,3.3981547617649788e-06,True,True
"IRR 1.10 per 10%, acting via concurrent year",8140,0.07638712292139728,5.1435444590397325e-05,True,True
"IRR 1.10 per 10%, acting via concurrent year",8141,0.08055172288594502,8.667925689104213e-05,True,True
"IRR 1.10 per 10%, acting via concurrent year",8142,0.06181030990926726,0.0016149948233936257,True,True
"IRR 1.10 per 10%, acting via concurrent year",8143,0.09444494258674997,1.692293178367869e-06,True,True
"IRR 1.10 per 10%, acting via concurrent year",8144,0.06256780705205948,0.0003049692532011147,True,True
"IRR 1.10 per 10%, acting via concurrent year",8145,0.0657734496608081,0.0010610901312728134,True,True
"IRR 1.10 per 10%, acting via concurrent year",8146,0.07969531344635307,5.274673346365979e-06,True,True
"IRR 1.10 per 10%, acting via concurrent year",8147,0.09456664543808363,5.081468722352831e-07,True,True
"IRR 1.10 per 10%, acting via concurrent year",8148,0.07289439312120857,0.00010151078381005936,True,True
"IRR 1.10 per 10%, acting via concurrent year",8149,0.07839468159182297,9.215997760766168e-05,True,True
"IRR 1.10 per 10%, acting via concurrent year",8150,0.09056546378574758,2.671178237547228e-06,True,True
"IRR 1.10 per 10%, acting via concurrent year",8151,0.09588421955950426,7.513955254966572e-07,True,True
"IRR 1.10 per 10%, acting via concurrent year",8152,0.08706309250066908,3.9049326937898796e-08,True,True
"IRR 1.10 per 10%, acting via concurrent year",8153,0.05142726524936771,0.012709673628308426,True,True
"IRR 1.10 per 10%, acting via concurrent year",8154,0.09110076265403466,2.5510954329169813e-08,True,True
"IRR 1.10 per 10%, acting via concurrent year",8155,0.09166385978367317,3.095279860694684e-07,True,True
"IRR 1.10 per 10%, acting via concurrent year",8156,0.05223764374101549,0.011185652962633017,True,True
"IRR 1.10 per 10%, acting via concurrent year",8157,0.050547589823225964,0.0014843281965213058,True,True
"IRR 1.10 per 10%, acting via concurrent year",8158,0.10137422587875926,1.3278991192042516e-07,True,True
"IRR 1.10 per 10%, acting via concurrent year",8159,0.06825440685723208,0.0011207549311130324,True,True
"IRR 1.10 per 10%, acting via concurrent year",8160,0.08256143692208956,2.0913221087590672e-08,True,True
"IRR 1.10 per 10%, acting via concurrent year",8162,0.0596801102282472,0.0006630105489979874,True,True
"IRR 1.10 per 10%, acting via concurrent year",8161,0.08792210408580513,5.743525997363322e-07,True,True
"IRR 1.10 per 10%, acting via concurrent year",8164,0.08839797653704877,0.00019948782245009174,True,True
"IRR 1.10 per 10%, acting via concurrent year",8163,0.060597931307851426,0.00015655957936976792,True,True
"IRR 1.10 per 10%, acting via concurrent year",8165,0.06911381034641453,1.074195590834572e-06,True,True
"IRR 1.10 per 10%, acting via concurrent year",8166,0.09143039017007233,1.4102422163811145e-06,True,True
"IRR 1.10 per 10%, acting via concurrent year",8167,0.05524252207125551,0.0005012085763673018,True,True
"IRR 1.10 per 10%, acting via concurrent year",8168,0.09885637382889291,3.690733860506858e-09,True,True
"IRR 1.10 per 10%, acting via concurrent year",8169,0.07884459278130658,0.00021755409309719072,True,True
"IRR 1.10 per 10%, acting via concurrent year",8170,0.07763981475995964,6.286674708872404e-08,True,True
"IRR 1.10 per 10%, acting via concurrent year",8171,0.0710303816169913,3.306629558580464e-06,True,True
"IRR 1.10 per 10%, acting via concurrent year",8172,0.060795299057499745,9.291463049310957e-05,True,True
"IRR 1.10 per 10%, acting via concurrent year",8173,0.08253416154535892,3.951551483777508e-06,True,True
"IRR 1.10 per 10%, acting via concurrent year",8174,0.08829417603190226,9.287332049256015e-08,True,True
"IRR 1.10 per 10%, acting via concurrent year",8175,0.10384892566124168,6.844329453204307e-08,True,True
"IRR 1.10 per 10%, acting via concurrent year",8176,0.10119504504770875,8.019267044231519e-12,True,True
"IRR 1.10 per 10%, acting via concurrent year",8178,0.10276255554336705,1.5836243948648765e-08,True,True
"IRR 1.10 per 10%, acting via concurrent year",8177,0.05599684543779209,0.004006555687401919,True,True
"IRR 1.10 per 10%, acting via concurrent year",8179,0.08434600766127918,2.524157562944174e-07,True,True
"IRR 1.10 per 10%, acting via concurrent year",8180,0.07883536276721921,7.4180292990678e-07,True,True
"IRR 1.10 per 10%, acting via concurrent year",8181,0.10298179175959796,5.827610349262328e-06,True,True
"IRR 1.10 per 10%, acting via concurrent year",8182,0.08965805194024713,3.9056995162935826e-07,True,True
"IRR 1.10 per 10%, acting via concurrent year",8183,0.10688848230051863,1.1489983856693994e-07,True,True
"IRR 1.10 per 10%, acting via concurrent year",8184,0.06774895048995526,9.480013544610851e-06,True,True
"IRR 1.10 per 10%, acting via concurrent year",8185,0.08256580812394218,1.0360848115240512e-06,True,True
"IRR 1.10 per 10%, acting via concurrent year",8186,0.08873710128331522,6.937186458672155e-07,True,True
"IRR 1.10 per 10%, acting via concurrent year",8187,0.09564187565220614,2.8218014202522414e-08,True,True
"IRR 1.10 per 10%, acting via concurrent year",8188,0.07683323761298097,3.2356663319625536e-07,True,True
"IRR 1.10 per 10%, acting via concurrent year",8189,0.06604965624421283,0.0006905699145275973,True,True
"IRR 1.10 per 10%, acting via concurrent year",8190,0.061367609558274805,6.355304029991554e-05,True,True
"IRR 1.10 per 10%, acting via concurrent year",8191,0.08775021756044657,1.4012924590551943e-08,True,True
"IRR 1.10 per 10%, acting via concurrent year",8192,0.08800601762452262,1.1242382789485718e-06,True,True
"IRR 1.10 per 10%, acting via concurrent year",8193,0.0975969361854963,7.624455765479863e-08,True,True
"IRR 1.10 per 10%, acting via concurrent year",8194,0.11427441564902345,1.2040396982790714e-08,True,True
"IRR 1.10 per 10%, acting via concurrent year",8195,0.05987884487138771,0.002326428238407496,True,True
"IRR 1.10 per 10%, acting via concurrent year",8196,0.08885409109279901,5.17767128774627e-10,True,True
"IRR 1.10 per 10%, acting via concurrent year",8197,0.06584004112133808,7.170719225059043e-05,True,True
"IRR 1.10 per 10%, acting via concurrent year",8198,0.06541752287330473,0.0016060603265333866,True,True
"IRR 1.10 per 10%, acting via concurrent year",8199,0.07717386266341375,4.174228147130538e-06,True,True
"IRR 1.10 per 10%, acting via concurrent year",8200,0.061045304486678255,0.00011197556809782614,True,True
"IRR 1.10 per 10%, acting via concurrent year",8201,0.09003117396778139,1.7678740417371586e-07,True,True
"IRR 1.10 per 10%, acting via concurrent year",8202,0.06546914794276336,2.3720339317733474e-05,True,True
"IRR 1.10 per 10%, acting via concurrent year",8203,0.07085151142025706,0.0008848308112846244,True,True
"IRR 1.10 per 10%, acting via concurrent year",8204,0.056838738432591726,0.00039156884222316335,True,True
"IRR 1.10 per 10%, acting via concurrent year",8205,0.08427524799250728,1.7624403674114478e-06,True,True
"IRR 1.10 per 10%, acting via concurrent year",8206,0.12505462713617896,4.4018326153206703e-13,True,True
"IRR 1.10 per 10%, acting via concurrent year",8207,0.05868781570998956,0.0005359461143118048,True,True
"IRR 1.10 per 10%, acting via concurrent year",8208,0.08270440115343093,8.893623321781894e-06,True,True
"IRR 1.10 per 10%, acting via concurrent year",8209,0.08916155153255527,2.0153686767649926e-05,True,True
"IRR 1.10 per 10%, acting via concurrent year",8210,0.05227029414451404,0.0039246752257856695,True,True
"IRR 1.10 per 10%, acting via concurrent year",8211,0.08755794267245907,3.095413585898354e-06,True,True
"IRR 1.10 per 10%, acting via concurrent year",8212,0.07656439232446256,5.932091801386143e-06,True,True
"IRR 1.10 per 10%, acting via concurrent year",8213,0.10480629678251882,3.079804580860519e-09,True,True
"IRR 1.10 per 10%, acting via concurrent year",8214,0.08870621473620492,6.043305152409771e-06,True,True
"IRR 1.10 per 10%, acting via concurrent year",8215,0.07911500180227524,6.49191469961646e-08,True,True
"IRR 1.10 per 10%, acting via concurrent year",8216,0.08184173870343238,9.620802886210262e-06,True,True
"IRR 1.10 per 10%, acting via concurrent year",8217,0.10259845372640189,6.3396201698002386e-09,True,True
"IRR 1.10 per 10%, acting via concurrent year",8218,0.05687465032489268,0.0009863532337874403,True,True
"IRR 1.10 per 10%, acting via concurrent year",8219,0.08131365855830776,2.0981391927777196e-06,True,True
"IRR 1.10 per 10%, acting via concurrent year",8220,0.09124828641731529,3.1054865496944676e-07,True,True
"IRR 1.10 per 10%, acting via concurrent year",8221,0.07360898426978164,1.821364370533911e-06,True,True
"IRR 1.10 per 10%, acting via concurrent year",8222,0.07499315092365602,8.565655617086149e-06,True,True
"IRR 1.10 per 10%, acting via concurrent year",8223,0.061709904750005845,8.44206074874211e-05,True,True
"IRR 1.10 per 10%, acting via concurrent year",8224,0.06089428921754598,1.4044943557280804e-05,True,True
"IRR 1.10 per 10%, acting via concurrent year",8225,0.07543914279392464,8.258960299867224e-05,True,True
"IRR 1.10 per 10%, acting via concurrent year",8226,0.05004452874921083,0.0004737561212221017,True,True
"IRR 1.10 per 10%, acting via concurrent year",8227,0.04275648316903169,0.0011969710207750687,True,True
"IRR 1.10 per 10%, acting via concurrent year",8228,0.09476219463448099,7.667441375310302e-06,True,True
"IRR 1.10 per 10%, acting via concurrent year",8229,0.09791898354904659,8.330176592669224e-08,True,True
"IRR 1.10 per 10%, acting via concurrent year",8230,0.08207781767424402,2.021136901274523e-06,True,True
"IRR 1.10 per 10%, acting via concurrent year",8231,0.06125674630312451,0.0005525856120515945,True,True
"IRR 1.10 per 10%, acting via concurrent year",8232,0.060699407653868775,0.0002239507000021582,True,True
"IRR 1.10 per 10%, acting via concurrent year",8233,0.07587854173299999,0.0009812129672896472,True,True
"IRR 1.10 per 10%, acting via concurrent year",8234,0.07837519306978132,1.1408250499083305e-06,True,True
"IRR 1.10 per 10%, acting via concurrent year",8235,0.09470788382612995,2.4762382590785197e-07,True,True
"IRR 1.10 per 10%, acting via concurrent year",8236,0.08017987034232571,0.00016524620154552102,True,True
"IRR 1.10 per 10%, acting via concurrent year",8237,0.08535749901443283,2.072679095600297e-06,True,True
"IRR 1.10 per 10%, acting via concurrent year",8238,0.07790356035512574,3.270210044582647e-07,True,True
"IRR 1.10 per 10%, acting via concurrent year",8239,0.0799410122630711,9.346430531429249e-07,True,True
"IRR 1.10 per 10%, acting via concurrent year",8240,0.05831458262783694,0.0002225473246163044,True,True
"IRR 1.10 per 10%, acting via concurrent year",8242,0.08691486224229315,1.1795243019017446e-06,True,True
"IRR 1.10 per 10%, acting via concurrent year",8241,0.08482622435014056,2.3845788729671787e-06,True,True
"IRR 1.10 per 10%, acting via concurrent year",8243,0.10426402898338466,1.7155789242329474e-09,True,True
"IRR 1.10 per 10%, acting via concurrent year",8244,0.08218286320981374,1.1596090599820492e-06,True,True
"IRR 1.10 per 10%, acting via concurrent year",8245,0.08147691171209599,5.129528221162595e-05,True,True
"IRR 1.10 per 10%, acting via concurrent year",8246,0.05429704525037494,0.00361344645170254,True,True
"IRR 1.10 per 10%, acting via concurrent year",8247,0.08063191727308429,8.178022498364458e-09,True,True
"IRR 1.10 per 10%, acting via concurrent year",8248,0.048123282939833846,0.0013683993371172434,True,True
"IRR 1.10 per 10%, acting via concurrent year",8249,0.10108028183427997,1.7981812174644762e-07,True,True
"IRR 1.10 per 10%, acting via concurrent year",8250,0.051792001068857244,0.005582502709299123,True,True
"IRR 1.10 per 10%, acting via concurrent year",8251,0.05332709086183,0.004314516376876072,True,True
"IRR 1.10 per 10%, acting via concurrent year",8252,0.06539644860191757,0.00022060534174998437,True,True
"IRR 1.10 per 10%, acting via concurrent year",8253,0.0857234413236113,5.180902000493557e-06,True,True
"IRR 1.10 per 10%, acting via concurrent year",8254,0.0479780994688377,0.003655561056938529,True,True
"IRR 1.10 per 10%, acting via concurrent year",8255,0.08019321599514583,1.4159486918642963e-06,True,True
"IRR 1.10 per 10%, acting via concurrent year",8256,0.053269313676403716,0.0006466904908067516,True,True
"IRR 1.10 per 10%, acting via concurrent year",8257,0.07029064701724042,7.898499471410942e-06,True,True
"IRR 1.10 per 10%, acting via concurrent year",8258,0.08384422403254987,1.0452241751612758e-05,True,True
"IRR 1.10 per 10%, acting via concurrent year",8259,0.06027152282711106,0.00037321708145438036,True,True
"IRR 1.10 per 10%, acting via concurrent year",8260,0.0639432091640511,0.0010587586994589603,True,True
"IRR 1.10 per 10%, acting via concurrent year",8261,0.07261357956581674,2.619170193875046e-06,True,True
"IRR 1.10 per 10%, acting via concurrent year",8262,0.058745405890763124,9.016003973096674e-05,True,True
"IRR 1.10 per 10%, acting via concurrent year",8263,0.10296550365409143,1.9922602833226867e-11,True,True
"IRR 1.10 per 10%, acting via concurrent year",8264,0.06936489062718579,0.0018587468532954643,True,True
"IRR 1.10 per 10%, acting via concurrent year",8265,0.0761294658121918,1.6951080890966144e-06,True,True
"IRR 1.10 per 10%, acting via concurrent year",8266,0.09909839723397956,6.12366394710647e-07,True,True
"IRR 1.10 per 10%, acting via concurrent year",8267,0.040888724438409164,0.02305935518957169,True,True
"IRR 1.10 per 10%, acting via concurrent year",8268,0.1321263152991642,4.585524742704536e-19,True,True
"IRR 1.10 per 10%, acting via concurrent year",8269,0.068942805638899,1.7688344883207487e-05,True,True
"IRR 1.10 per 10%, acting via concurrent year",8270,0.11562781467975694,7.597182643232521e-12,True,True
"IRR 1.10 per 10%, acting via concurrent year",8271,0.08809430010000104,7.516338265492872e-05,True,True
"IRR 1.10 per 10%, acting via concurrent year",8272,0.09468142823884401,1.5826614785071328e-07,True,True
"IRR 1.10 per 10%, acting via concurrent year",8273,0.0755574792629936,1.883791184714357e-05,True,True
"IRR 1.10 per 10%, acting via concurrent year",8274,0.05802243463272757,0.0016523328509508778,True,True
"IRR 1.10 per 10%, acting via concurrent year",8275,0.10744983595376473,1.6522677451964304e-12,True,True
"IRR 1.10 per 10%, acting via concurrent year",8276,0.09045567243065425,1.0773147515111504e-06,True,True
"IRR 1.10 per 10%, acting via concurrent year",8277,0.0636759770446532,0.0011073602019718658,True,True
"IRR 1.10 per 10%, acting via concurrent year",8278,0.09581785208924996,9.748000226757627e-07,True,True
"IRR 1.10 per 10%, acting via concurrent year",8279,0.06050862572600585,0.0010855669601404815,True,True
"IRR 1.10 per 10%, acting via concurrent year",8280,0.06601931047496291,0.00014729073280578083,True,True
"IRR 1.10 per 10%, acting via concurrent year",8281,0.07658255096019993,5.1753758072905844e-05,True,True
"IRR 1.10 per 10%, acting via concurrent year",8282,0.04279174500651613,0.031879533306047786,True,True
"IRR 1.10 per 10%, acting via concurrent year",8283,0.06304267453595726,0.005838767807905589,True,True
"IRR 1.10 per 10%, acting via concurrent year",8284,0.06883342362726844,3.0816015928892085e-06,True,True
"IRR 1.10 per 10%, acting via concurrent year",8285,0.06781453839351119,6.372763598363362e-05,True,True
"IRR 1.10 per 10%, acting via concurrent year",8286,0.10806538353045353,3.878861457250887e-09,True,True
"IRR 1.10 per 10%, acting via concurrent year",8287,0.09396950567548218,2.1101131259000716e-07,True,True
"IRR 1.10 per 10%, acting via concurrent year",8288,0.048593796245104466,0.007529629329497258,True,True
"IRR 1.10 per 10%, acting via concurrent year",8289,0.042408371663262834,0.01624794204936914,True,True
"IRR 1.10 per 10%, acting via concurrent year",8290,0.06249942631100392,0.00012481076970260685,True,True
"IRR 1.10 per 10%, acting via concurrent year",8291,0.095967984505581,1.934166068651657e-05,True,True
"IRR 1.10 per 10%, acting via concurrent year",8292,0.0838203237163602,7.119376063047767e-08,True,True
"IRR 1.10 per 10%, acting via concurrent year",8293,0.06901224657590102,0.00024027538471647328,True,True
"IRR 1.10 per 10%, acting via concurrent year",8294,0.07675533099221993,1.1767929641091772e-05,True,True
"IRR 1.10 per 10%, acting via concurrent year",8295,0.08491200817303927,4.819342639810086e-06,True,True
"IRR 1.10 per 10%, acting via concurrent year",8296,0.06761677630218454,4.084611996889049e-05,True,True
"IRR 1.10 per 10%, acting via concurrent year",8297,0.07845319540463515,4.190957337972203e-07,True,True
"IRR 1.10 per 10%, acting via concurrent year",8298,0.08249557836978808,2.7204792137282894e-06,True,True
"IRR 1.10 per 10%, acting via concurrent year",8299,0.07423293857193095,0.00013517768360634167,True,True
