scenario,seed,log_irr_10pct,p,rejected_two_sided,detected_correct_direction
No effect,1,-0.006196955508614406,0.7650277484210909,False,False
No effect,0,0.017259201773691855,0.29372309467518465,False,False
No effect,2,-0.017960020132626504,0.28994547142459137,False,False
No effect,3,-0.04672952844311878,0.02514702072108703,True,False
No effect,4,0.004715029111380991,0.7867805771923935,False,False
No effect,5,0.006577568055699898,0.6699998941894001,False,False
No effect,6,-0.0005348267391349621,0.9714300894839091,False,False
No effect,7,0.004657909149094416,0.788313562718733,False,False
No effect,8,-0.007358347852570792,0.699811337323466,False,False
No effect,9,-0.005459554817637217,0.7245164888435072,False,False
No effect,10,0.020389841460228174,0.1810406311531655,False,False
No effect,11,0.005725227843214943,0.7060946955503039,False,False
No effect,12,-0.01165337002492071,0.5018810395556498,False,False
No effect,13,0.0032007823787603682,0.8567854453720423,False,False
No effect,14,-0.02590186263065137,0.17007087863346926,False,False
No effect,15,-0.012286165097139257,0.6204986916734712,False,False
No effect,16,-0.00681233312650688,0.6626349782432293,False,False
No effect,17,-0.028567839606710627,0.0705982628307642,False,False
No effect,18,-0.012913824845364463,0.4523931429202861,False,False
No effect,19,-0.000921679350095091,0.9551336320128959,False,False
No effect,20,-0.02262374964834821,0.07824220735239205,False,False
No effect,21,-0.0063221662036255025,0.7132538127500914,False,False
No effect,22,-0.006735484594591916,0.7207778211376705,False,False
No effect,23,0.019695042830038867,0.11813522160413564,False,False
No effect,24,0.00883079555142178,0.529171001608976,False,False
No effect,25,-0.02768679111699499,0.06787602926325066,False,False
No effect,26,0.004174427607668995,0.7902596679608628,False,False
No effect,27,-0.0010220704409497328,0.9450322245225857,False,False
No effect,28,-0.012439727079492414,0.4504767351036444,False,False
No effect,29,-0.034695434506212076,0.027308334992911652,True,False
No effect,30,0.024942937288442577,0.14991331529635038,False,False
No effect,31,-0.01776073136548722,0.2359327268541923,False,False
No effect,32,0.00034027673950996453,0.9822823050087932,False,False
No effect,33,-0.04169759425127647,0.011877306714426512,True,False
No effect,34,-0.00044992450492430136,0.9801822965793923,False,False
No effect,35,-0.02145312287599272,0.25302696438077077,False,False
No effect,36,0.0065734340517352345,0.6541640884025629,False,False
No effect,37,0.013641419917332219,0.3251572267621359,False,False
No effect,38,0.005653197528711451,0.784096956791572,False,False
No effect,39,0.026306970528199233,0.09380275146433213,False,False
No effect,40,-0.0186643812562787,0.30846402159304676,False,False
No effect,41,0.0037130454612016536,0.8201728585913052,False,False
No effect,42,0.009278156276423196,0.5318041173139411,False,False
No effect,43,-0.03133240624214998,0.027762666008576298,True,False
No effect,44,0.01917185408640071,0.2243438380347016,False,False
No effect,45,-0.01644781260112758,0.29382173916292587,False,False
No effect,46,0.007702502060342428,0.6535439185917225,False,False
No effect,47,0.007183441635131256,0.6886153921794175,False,False
No effect,48,-0.027574129807832894,0.07812355858708868,False,False
No effect,49,-0.006180121056408421,0.6515616852116324,False,False
No effect,50,0.01629237362703804,0.3636088166852166,False,False
No effect,51,0.010463829216477111,0.5262616036000134,False,False
No effect,52,0.0017035509690118639,0.919197653550908,False,False
No effect,53,0.0020044336331088842,0.8931926233167959,False,False
No effect,54,-0.009395294735769423,0.5733282275384457,False,False
No effect,55,-0.029324620080055208,0.09544703620399071,False,False
No effect,56,-0.001428718608316084,0.9498203173014639,False,False
No effect,57,0.006956296533130418,0.6786876077524524,False,False
No effect,58,-0.007025991191310327,0.7309255983977604,False,False
No effect,59,-0.03052947519770494,0.07135717658163619,False,False
No effect,60,0.008724436388512443,0.576502309847032,False,False
No effect,61,0.023941335734354977,0.16886611060068635,False,False
No effect,62,-0.014849050649691907,0.44869309001763025,False,False
No effect,63,-0.008992508085629172,0.650743333746647,False,False
No effect,64,-0.0006368480622849895,0.9609220109185055,False,False
No effect,65,-0.006012959647499534,0.6965023581824438,False,False
No effect,66,-0.008978515757215037,0.6321581252171506,False,False
No effect,67,-0.01750732807930343,0.3338320113602701,False,False
No effect,68,0.006938200991456868,0.706695082642352,False,False
No effect,69,0.002739821821951157,0.8473527558305457,False,False
No effect,70,0.01710579232105147,0.2571179784604012,False,False
No effect,71,-0.015992414757397037,0.31877200301236286,False,False
No effect,72,0.017832288077882563,0.2493532859720331,False,False
No effect,73,-0.007624912962033396,0.6254467492244349,False,False
No effect,74,-0.001399431838894912,0.9282389508079996,False,False
No effect,75,-0.0063200391539334376,0.7405166663846481,False,False
No effect,76,0.004509151388429118,0.7846227805614409,False,False
No effect,77,-0.0073223591288528395,0.7046592499858532,False,False
No effect,78,-0.013220998031280745,0.4978658508296079,False,False
No effect,79,0.006529673388093755,0.6984305597872824,False,False
No effect,80,0.01356573227386591,0.4225834693163498,False,False
No effect,81,-0.022460385034511126,0.10662740552579959,False,False
No effect,82,0.003478624130683783,0.8278854522332892,False,False
No effect,83,-0.013626220560392649,0.3864320263078864,False,False
No effect,84,-0.004845677870678298,0.7759253140663714,False,False
No effect,85,0.005617634173750524,0.7312046266678962,False,False
No effect,86,0.0035876807063780058,0.8600340455121872,False,False
No effect,87,0.021692267909581696,0.1363187407506008,False,False
No effect,89,-0.02229431776803484,0.24807604592188148,False,False
No effect,88,0.0023329253542082977,0.9007774769470931,False,False
No effect,90,-0.010975280719267873,0.6096688081697761,False,False
No effect,91,-0.015155792012054591,0.35058043254543036,False,False
No effect,92,-0.0050470375561063536,0.7471605196966714,False,False
No effect,93,-0.010383812754208006,0.5606501371902658,False,False
No effect,94,-0.028640752290023476,0.1599854804582127,False,False
No effect,95,-0.012732741970758412,0.4166952063516277,False,False
No effect,96,0.014280276140554665,0.3486846335175374,False,False
No effect,97,-0.00865137188387344,0.6791368073453673,False,False
No effect,98,0.014600371468785088,0.29302638392894376,False,False
No effect,99,0.018297578474756476,0.36637646636594345,False,False
No effect,100,0.02909638583532864,0.0787827180222425,False,False
No effect,101,0.0033344967506709518,0.8466968964024619,False,False
No effect,102,0.0033422432120027833,0.8739881709447754,False,False
No effect,103,-0.004559786781551062,0.810662104253381,False,False
No effect,104,-0.044348839416431994,0.001631458960389013,True,False
No effect,105,0.03622972570589754,0.044472486758976026,True,True
No effect,106,0.004107014902663354,0.8160232916301916,False,False
No effect,107,0.024935312154213705,0.08440545926124364,False,False
No effect,108,-0.005854361455884562,0.7130506133712855,False,False
No effect,109,0.010583892282758755,0.5681341877161068,False,False
No effect,110,0.037188317752056915,0.003078458993043309,True,True
No effect,111,-0.01736573837455185,0.29930847523350146,False,False
No effect,112,-0.010238573604305688,0.49912536777900607,False,False
No effect,113,-0.005624447949098529,0.7362129633748427,False,False
No effect,114,0.011246557125344177,0.4859366132108224,False,False
No effect,115,-0.03780408219019653,0.01383395643692861,True,False
No effect,116,-0.007128352127962305,0.6854096252482612,False,False
No effect,117,0.021123151914773205,0.14158281860498906,False,False
No effect,118,-0.007015993001424126,0.7214618523763335,False,False
No effect,119,0.012740014225956182,0.47692370426523634,False,False
No effect,120,-0.01005540605942383,0.5600680247810148,False,False
No effect,121,0.0254073037430911,0.12461380972058136,False,False
No effect,122,-0.008563810224368688,0.5298604472142816,False,False
No effect,123,-0.015388140848179592,0.4226810757379442,False,False
No effect,124,-0.01886501104620756,0.1900576864513157,False,False
No effect,125,0.006375123703511786,0.6838133906511383,False,False
No effect,126,0.0027025127832911197,0.8838262359535145,False,False
No effect,127,0.03151392328228027,0.028254443601975036,True,True
No effect,128,-0.01346151845563543,0.35551975694347593,False,False
No effect,129,-0.03748099912916707,0.03897788417733003,True,False
No effect,130,-0.04061028475797204,0.03909015088454786,True,False
No effect,131,0.013718739132595473,0.3768025516855835,False,False
No effect,132,0.004166639861600115,0.8237286146063876,False,False
No effect,133,0.005637001924606263,0.7180060948374111,False,False
No effect,134,0.0010993737236646797,0.9392118709030858,False,False
No effect,135,0.0034843475728794644,0.8295748679358178,False,False
No effect,136,-2.2115380100558868e-05,0.9987967925821527,False,False
No effect,137,0.01122733181178922,0.5078532640492216,False,False
No effect,138,-0.008639246822387868,0.68839641445205,False,False
No effect,139,0.005107544382202433,0.7633285883768011,False,False
No effect,140,-0.026337459082857,0.14213508899746197,False,False
No effect,141,0.03459304212235054,0.016423098980865337,True,True
No effect,142,0.006173325742862949,0.7215859094096893,False,False
No effect,143,0.025305057655520494,0.11907434169014537,False,False
No effect,144,0.016525724037726595,0.3789026549517567,False,False
No effect,145,0.012938636077561544,0.5085147277790912,False,False
No effect,146,0.011327198326093151,0.5254181965153456,False,False
No effect,147,-0.02045473984387548,0.15881773560333512,False,False
No effect,149,0.003300916746717427,0.8231063134840302,False,False
No effect,148,0.006221719516090289,0.7137724542032651,False,False
No effect,150,-0.022870980972963428,0.20360551955956951,False,False
No effect,151,0.02208341760068275,0.18271498913297635,False,False
No effect,152,0.004712238276777788,0.7883511860994016,False,False
No effect,153,-0.004366330856428466,0.7812595296450744,False,False
No effect,154,0.02375308230182357,0.12635467749738707,False,False
No effect,155,0.0009723955017606657,0.9510241487290588,False,False
No effect,156,-0.001073819495484447,0.952610130208476,False,False
No effect,157,0.014961920556364633,0.3001784040984795,False,False
No effect,158,0.03218878380210328,0.03588603429509301,True,True
No effect,159,-0.008572232976382465,0.6808087265336571,False,False
No effect,160,-0.011069165509537066,0.5604925423534675,False,False
No effect,161,0.005926353083552387,0.6794474703763358,False,False
No effect,162,0.0029375998534593747,0.8598980248081755,False,False
No effect,163,-0.00646452291200291,0.742160818505418,False,False
No effect,164,0.010584143235508587,0.5253328641433719,False,False
No effect,165,-0.012545936091466335,0.42554580347432414,False,False
No effect,166,0.03764639537298405,0.025487731343132796,True,True
No effect,167,-0.033867563270592926,0.050748337393189666,False,False
No effect,168,0.013539120537707103,0.2773872323676494,False,False
No effect,169,-0.02906576917195915,0.13601721233574132,False,False
No effect,170,0.004002789932335932,0.8141279744916258,False,False
No effect,171,0.005586689075128442,0.7433944178547057,False,False
No effect,172,0.014539733031645548,0.3286125503518279,False,False
No effect,173,-0.01773992542216397,0.2800266893896175,False,False
No effect,174,0.027538388477843418,0.018662887969966156,True,True
No effect,175,0.0021312932262260794,0.8926702862780974,False,False
No effect,176,-0.024003078274195323,0.18220264668433894,False,False
No effect,177,-0.002954344715935569,0.8478010816781079,False,False
No effect,178,-0.008680113996173494,0.5498310466508178,False,False
No effect,179,0.013222101964222598,0.4055046975158767,False,False
No effect,180,0.017830905232491343,0.2657909037786097,False,False
No effect,181,0.017595305230191358,0.21195407411355427,False,False
No effect,182,-0.00044372135892407243,0.9793929818162503,False,False
No effect,183,0.0030884104376608084,0.8402690644659422,False,False
No effect,184,0.005374763261465266,0.6958073092030507,False,False
No effect,185,-0.01512405432126707,0.36282562442944555,False,False
No effect,186,0.03192873576368963,0.042422840395962606,True,True
No effect,187,0.0017924306008021982,0.914568493519755,False,False
No effect,188,-0.009160447433611626,0.597070409374217,False,False
No effect,189,-0.012393168802284804,0.4206342347300489,False,False
No effect,190,-0.01402614160523476,0.34512592697046984,False,False
No effect,191,0.010089607959233466,0.5863690196074252,False,False
No effect,192,0.004458891257496115,0.8123305874444341,False,False
No effect,193,-0.013961939056312853,0.4153549188709378,False,False
No effect,194,0.010583136024890475,0.49900540308440944,False,False
No effect,195,-0.009854819034387096,0.5652796204528285,False,False
No effect,196,-0.012804362870690172,0.514022037601344,False,False
No effect,197,0.012508478373142066,0.4923898393367795,False,False
No effect,198,0.017580235689915368,0.3364794401965545,False,False
No effect,199,-0.02472094863761957,0.1505746874063401,False,False
No effect,200,-0.003898298527149337,0.7818998892426139,False,False
No effect,201,0.02110244532379023,0.2567417820500595,False,False
No effect,202,0.01995418906775911,0.21516778782247292,False,False
No effect,203,0.015864400465932297,0.3339646058452457,False,False
No effect,204,-0.015583666516955204,0.4276839923914031,False,False
No effect,205,0.019937664022738538,0.3191213728208333,False,False
No effect,206,-0.02305433203495181,0.1592920685244148,False,False
No effect,207,0.003880665855492099,0.8096658482661604,False,False
No effect,209,-0.010393799650006813,0.552706843085305,False,False
No effect,208,-0.005770616433394526,0.7755460846641871,False,False
No effect,210,0.004062179388824813,0.8220354188764433,False,False
No effect,211,-0.013996375965091581,0.4300747994904237,False,False
No effect,212,-0.002649336790090068,0.8813546897142471,False,False
No effect,213,-0.00121149704146819,0.9458737747488138,False,False
No effect,214,-0.013121584807061947,0.5734937148123278,False,False
No effect,215,-0.018311309311214705,0.3148933972572727,False,False
No effect,216,0.018898786153426456,0.30554264965792755,False,False
No effect,217,-0.02929282947666527,0.037371940297080485,True,False
No effect,218,-0.009533117936271597,0.6690469861874819,False,False
No effect,219,0.02449740730597309,0.18146209427077686,False,False
No effect,220,0.006853511169445565,0.6589135062229634,False,False
No effect,221,-0.017151144084765292,0.3468927839492767,False,False
No effect,222,0.006458331903443174,0.6604957228211695,False,False
No effect,223,0.009293425231431942,0.6274711311757786,False,False
No effect,224,-0.029130636281879684,0.09069217647171894,False,False
No effect,225,-0.018673547754812485,0.2589069332123676,False,False
No effect,226,-0.007434144069161131,0.6568517652952154,False,False
No effect,227,0.014194108179316373,0.32767641791076807,False,False
No effect,228,-0.015816729453428394,0.3154191463740025,False,False
No effect,229,-0.004326660550239648,0.7937825336381336,False,False
No effect,230,-0.01166453960625957,0.31561039242067723,False,False
No effect,231,-0.003133415262545594,0.857522447114824,False,False
No effect,232,-0.004615128884684159,0.7541155891464367,False,False
No effect,233,0.01743944820019278,0.30988913851355626,False,False
No effect,234,-0.007555609855423796,0.5656915803071975,False,False
No effect,235,0.01749903645384455,0.342102675736087,False,False
No effect,236,-0.04070387130707632,0.022669137053134877,True,False
No effect,237,0.007010813357142557,0.6806160097005678,False,False
No effect,238,0.0020810232051287902,0.9169897717923875,False,False
No effect,239,-0.0012537402853083632,0.9359938464088525,False,False
No effect,240,-0.020861041619263467,0.19081645610183684,False,False
No effect,241,0.019268878905888083,0.2360684264998396,False,False
No effect,242,-0.011802634973144845,0.4800354783854843,False,False
No effect,243,-0.013264859070355439,0.5047277809769096,False,False
No effect,244,0.029008857711738813,0.07811121342304335,False,False
No effect,245,0.015505303849571835,0.2921454494486594,False,False
No effect,246,-0.02827309781156744,0.16342212362086084,False,False
No effect,247,-0.026530059405987384,0.13605365266318326,False,False
No effect,248,0.033527386533394925,0.0245392714187505,True,True
No effect,249,0.01883352148228578,0.18065739013690485,False,False
No effect,250,-0.016178862399459586,0.2732540197326081,False,False
No effect,251,-0.010740737675067013,0.5052442875276957,False,False
No effect,252,0.012388142223507502,0.45451510777011195,False,False
No effect,253,-0.009266542551827699,0.5593004187566563,False,False
No effect,254,-0.021473037818727364,0.256378328830116,False,False
No effect,255,0.016006774229546362,0.26079999049716085,False,False
No effect,256,-0.013804733651274038,0.4615686315563745,False,False
No effect,257,0.017021110007600915,0.3238798362255427,False,False
No effect,258,0.02102511845266245,0.29102304747224794,False,False
No effect,259,0.019784526331213508,0.20935936468490401,False,False
No effect,260,-0.012946095805217337,0.46525485715523085,False,False
No effect,261,0.012640597926227291,0.3694593734900522,False,False
No effect,262,0.02675968204371659,0.06503207299963873,False,False
No effect,263,0.007708134004204549,0.6363323685167365,False,False
No effect,264,-0.0041116879674871,0.8408288707812758,False,False
No effect,265,0.01232997358039773,0.32857815555576675,False,False
No effect,266,0.03933676774081302,0.008537758249535822,True,True
No effect,268,-0.0070462770551547324,0.6719771749707679,False,False
No effect,267,0.016699801239129033,0.334994710015293,False,False
No effect,269,0.005288115897805102,0.7833032338155734,False,False
No effect,270,-0.017725475803361285,0.32727129501507446,False,False
No effect,271,-0.035550109589351904,0.02363593239834002,True,False
No effect,272,-0.004227180659352529,0.7860492865733024,False,False
No effect,273,0.01989341592667544,0.27502562274582076,False,False
No effect,274,-0.014085971343218515,0.500933337886429,False,False
No effect,275,-0.017696879012095372,0.23147107563113933,False,False
No effect,276,0.01110508061345284,0.49263745609989074,False,False
No effect,277,-0.00805330149968279,0.6750361283489266,False,False
No effect,278,-0.013108361749163917,0.5183279594369163,False,False
No effect,279,0.03458795060574947,0.02341577467741174,True,True
No effect,280,-0.020632930999839868,0.2155458040375101,False,False
No effect,281,-0.00034096220037912,0.9861072079507417,False,False
No effect,282,-0.008130663679129306,0.6735321658830298,False,False
No effect,283,0.004935420139956347,0.7958682328505493,False,False
No effect,284,0.0025085554819996455,0.8762671476011239,False,False
No effect,285,-0.01493934463906212,0.43880136952836113,False,False
No effect,286,-0.021905824131580307,0.2625138457784597,False,False
No effect,287,0.01003328639005312,0.49261025788336965,False,False
No effect,288,0.01672242074270118,0.2919276882655446,False,False
No effect,289,-0.0016906737432357626,0.9299030449517711,False,False
No effect,291,-0.0026294673483191924,0.8529729592642916,False,False
No effect,290,0.011720918056713344,0.4611419417855257,False,False
No effect,292,0.02933298524557962,0.08611491240290746,False,False
No effect,293,0.02714563716863438,0.06314684192050811,False,False
No effect,294,-0.0078114744100746866,0.5851890778595521,False,False
No effect,295,0.004242776638882152,0.7958196306790354,False,False
No effect,296,-0.016752418036232487,0.23242473875813086,False,False
No effect,297,-0.021023581499972098,0.24173524531895463,False,False
No effect,298,-0.004391121692736773,0.8115118889257682,False,False
No effect,299,-0.011291689866689178,0.54187262192198,False,False
No effect,300,-0.004189673467496503,0.8137683130211224,False,False
No effect,301,0.029038382654201843,0.020184685777512517,True,True
No effect,302,0.006770814962345473,0.5905543209188457,False,False
No effect,303,0.03693930352606369,0.018995368536545917,True,True
No effect,304,0.02131734157881602,0.16872047019385294,False,False
No effect,305,0.01661513744619444,0.23593965149978802,False,False
No effect,306,-0.04133676039016338,0.014499494542039755,True,False
No effect,307,0.005046485953406719,0.7751004896216056,False,False
No effect,308,-0.0026973212237766655,0.8571985493628523,False,False
No effect,309,0.0075997085258515,0.6639320606812023,False,False
No effect,310,0.012694206138630268,0.4144696432792714,False,False
No effect,311,-0.01640298085427006,0.3414199780824685,False,False
No effect,312,-0.0032359174161152057,0.84933145112802,False,False
No effect,313,-0.02993675585625293,0.06081124863681814,False,False
No effect,314,-0.014595803506515643,0.4608014278211231,False,False
No effect,315,-0.0008568244995978527,0.9638250166551237,False,False
No effect,316,-0.021537061885791246,0.2033240117752778,False,False
No effect,317,-0.0004913512147890302,0.9803214529471561,False,False
No effect,318,-0.00020997359387828925,0.990731968005953,False,False
No effect,319,0.00509573523063741,0.7514033205514838,False,False
No effect,320,0.01736000758362551,0.35912542449874163,False,False
No effect,321,-0.05637562079880044,0.00025850426346106975,True,False
No effect,322,-0.012423590897687634,0.4681877370123487,False,False
No effect,323,0.006238237464305918,0.705771240374641,False,False
No effect,324,0.008784373898466842,0.5984530655408147,False,False
No effect,325,0.011810449120951982,0.5751046645869142,False,False
No effect,326,-0.0014556643869699868,0.9306548633948909,False,False
No effect,327,-0.015181210202441488,0.30922088876958,False,False
No effect,328,0.006023314623325131,0.7327151398588441,False,False
No effect,329,0.004577536441961031,0.8153013116500712,False,False
No effect,330,0.04134965215897154,0.0074960199614153645,True,True
No effect,331,0.0077155972584623655,0.6323941817809919,False,False
No effect,332,-0.015145171998663614,0.33277880507877367,False,False
No effect,333,8.035864107155907e-05,0.996227063493623,False,False
No effect,334,-0.0022298132860133026,0.9106573447856298,False,False
No effect,335,0.00098325343375116,0.950261431155539,False,False
No effect,336,-0.006213004045636202,0.740379972871438,False,False
No effect,337,0.004900466239795512,0.6946516939421659,False,False
No effect,338,-0.02563949316356765,0.14096111654992824,False,False
No effect,339,0.014544579470426826,0.32703077305706163,False,False
No effect,340,-0.02379636761295696,0.0724063387634293,False,False
No effect,341,0.007635217134167482,0.5777684691806891,False,False
No effect,342,0.03574892306202001,0.022120425400878996,True,True
No effect,343,-0.016962861684548292,0.3149222078731524,False,False
No effect,344,0.008214866367969633,0.6575640926098092,False,False
No effect,345,0.008727891157479916,0.5687750395639437,False,False
No effect,346,0.03331463813274809,0.06530977652951278,False,False
No effect,347,0.015189376676499805,0.38368470236384167,False,False
No effect,348,-0.027751049086968016,0.11097659772926356,False,False
No effect,349,-0.019140784827666967,0.22874639228485316,False,False
No effect,350,0.009557119641518412,0.6257641652592746,False,False
No effect,351,0.009951894897212843,0.5622381545749195,False,False
No effect,352,0.029803934395060534,0.09698351110064966,False,False
No effect,353,-0.03649516704698608,0.014568175606028277,True,False
No effect,354,-0.01636593706680438,0.27521018327940727,False,False
No effect,355,-0.02198569450355546,0.1526035970376181,False,False
No effect,356,0.018841826838835923,0.2421512399646163,False,False
No effect,357,-0.010571165583630518,0.5624268415603477,False,False
No effect,358,0.0017786330727874707,0.9256389482551144,False,False
No effect,359,0.004085820804013113,0.7603764587310292,False,False
No effect,360,-0.014198195673244084,0.3335377707521564,False,False
No effect,361,0.008967851886001292,0.5959317074966466,False,False
No effect,362,-0.014226752638128464,0.4610944243618038,False,False
No effect,363,0.0168255056703956,0.23479566484404524,False,False
No effect,364,0.01978264193385208,0.3020038275152682,False,False
No effect,365,0.012416467771338254,0.44109838068501117,False,False
No effect,366,-0.0150014889799482,0.3731321992751948,False,False
No effect,367,-0.005615292396710142,0.7257893802218127,False,False
No effect,368,-0.001897043781514388,0.9056907548321305,False,False
No effect,369,0.002189349672510001,0.8964458874718263,False,False
No effect,370,-0.019899857564293348,0.3147933389801243,False,False
No effect,371,0.00019861085154764934,0.9901558692566034,False,False
No effect,372,-0.03044643670402129,0.09825257019719355,False,False
No effect,373,0.041089356376404894,0.01407897775221625,True,True
No effect,374,0.014309699794371963,0.4924974102089502,False,False
No effect,375,-0.010360874399191136,0.5956919393095887,False,False
No effect,376,0.015121871003468132,0.29667174596283374,False,False
No effect,377,0.00956651764982528,0.618886051031745,False,False
No effect,378,-0.0016737740242912596,0.9363048800272737,False,False
No effect,379,-0.0034349429195423453,0.862113839821845,False,False
No effect,380,-0.02479450845745358,0.13390145585685845,False,False
No effect,381,0.013091349904789688,0.4251349161716046,False,False
No effect,382,-0.0016670114602179262,0.9267270562584438,False,False
No effect,383,-0.0036058863650781535,0.8021195847835974,False,False
No effect,384,0.005439832996856513,0.7722748503274062,False,False
No effect,385,0.003981007791252995,0.8365554087804996,False,False
No effect,386,-0.004046812769110522,0.8202484946839463,False,False
No effect,387,0.0009486535940065948,0.9560215550792903,False,False
No effect,388,0.013221297194482466,0.4073201397441988,False,False
No effect,389,0.001941227525995092,0.9062417987573281,False,False
No effect,390,0.009627907653963262,0.5590854757502268,False,False
No effect,391,0.017664943474491785,0.3547107275354773,False,False
No effect,392,0.016304839102800558,0.3315323263501676,False,False
No effect,393,0.002218236633391062,0.8967262616007337,False,False
No effect,394,-0.023237338174723246,0.15284998477447262,False,False
No effect,395,0.014983132330899738,0.35053634932045286,False,False
No effect,396,-0.00929471132238977,0.644692863993946,False,False
No effect,397,0.014957332236423884,0.42825522634126334,False,False
No effect,398,-0.006302045972926796,0.7045215726683604,False,False
No effect,399,0.014496299308781303,0.3898593279635634,False,False
No effect,400,0.015144509444195186,0.40194770621727194,False,False
No effect,401,0.038555013320350474,0.002631192853553063,True,True
No effect,402,0.01534120450291375,0.26755617177601243,False,False
No effect,403,-0.0003685478574780394,0.9843324364791852,False,False
No effect,404,-0.019440125483496138,0.22169191507741437,False,False
No effect,405,-0.01788838445645567,0.2739239790623368,False,False
No effect,406,0.0021769532182147606,0.8971166651150252,False,False
No effect,407,-0.013663294650518085,0.42169485024193765,False,False
No effect,409,0.024158866168147254,0.09480350353902471,False,False
No effect,408,0.010165086336588771,0.5459597672101929,False,False
No effect,411,0.009121580727193268,0.46149812215102837,False,False
No effect,410,-0.006795687785404589,0.6586183042322384,False,False
No effect,412,-0.0075517176816038865,0.7017740122875531,False,False
No effect,413,-0.0018056710223584055,0.9131724511938911,False,False
No effect,414,-0.011915962622463422,0.49900538306930553,False,False
No effect,415,0.027643147965749834,0.04355656277343249,True,True
No effect,416,-0.019978935652911152,0.18012275815518664,False,False
No effect,417,-0.017084732148708443,0.3574437138964137,False,False
No effect,418,-0.015181379397937341,0.4228152956850033,False,False
No effect,419,-0.032244350545972425,0.08386839973042988,False,False
No effect,420,0.019791984951568708,0.32833635180608667,False,False
No effect,421,0.002882073143066668,0.8537546895136622,False,False
No effect,422,-0.0008488937649428324,0.9578365137377878,False,False
No effect,423,0.005640821741535295,0.7450312745631555,False,False
No effect,424,0.00960877167114328,0.5630799782232299,False,False
No effect,425,0.019450463907148278,0.25220983841443934,False,False
No effect,426,-0.02011051530992659,0.23595333560219667,False,False
No effect,427,0.0006838614864953631,0.965243185745781,False,False
No effect,428,0.005501321848572577,0.7226637071646822,False,False
No effect,429,-0.0346320987211275,0.059252567540152255,False,False
No effect,430,0.006365465839545441,0.6962043487312177,False,False
No effect,431,-0.023669461712037782,0.12269175186003455,False,False
No effect,432,-0.004145166516481904,0.7917739621001203,False,False
No effect,433,-0.004899757969592309,0.6899517762302421,False,False
No effect,434,-0.001509197596857924,0.9208233596972956,False,False
No effect,435,0.009417755374369289,0.5686331358830754,False,False
No effect,436,0.0033782851484272527,0.8236579130166529,False,False
No effect,437,-0.004196646990401777,0.8083303378582628,False,False
No effect,438,-0.025456865731432545,0.030145038719173824,True,False
No effect,439,0.02238317221783075,0.25134251022040444,False,False
No effect,440,0.0303725847774235,0.09984439001923634,False,False
No effect,441,0.0017654421334555269,0.902622507704754,False,False
No effect,442,-0.018439397399278447,0.27393106301163006,False,False
No effect,443,0.006717469099529389,0.6621079406413763,False,False
No effect,444,0.00957486440880359,0.6398116321224067,False,False
No effect,445,-0.0007644921609062015,0.9683035773122056,False,False
No effect,446,0.0028419499146387288,0.852077043298357,False,False
No effect,447,0.003255348883429706,0.8626620225498467,False,False
No effect,449,-0.006981133785795363,0.6716220493941673,False,False
No effect,448,-0.00550599838003004,0.7704433957451817,False,False
No effect,450,-0.02973311428937261,0.10651979436129287,False,False
No effect,451,-0.013315291079344089,0.34877717052969226,False,False
No effect,452,0.0010991556162679016,0.9490807057086723,False,False
No effect,453,-0.0033042483694894695,0.821194777027691,False,False
No effect,454,0.008624105014322807,0.5692366250393289,False,False
No effect,455,0.000908170994483863,0.9492346049442322,False,False
No effect,456,0.005825019394767541,0.7436662559163127,False,False
No effect,457,0.015848004163118747,0.3344818140828134,False,False
No effect,458,0.01246774870067263,0.4242252814884876,False,False
No effect,459,-0.02890873189587764,0.22072860685043183,False,False
No effect,460,-0.009473897504462682,0.5139778103348936,False,False
No effect,461,-0.015989575937064304,0.3639583474654158,False,False
No effect,462,-0.020799229655654408,0.3002697855042288,False,False
No effect,463,0.0006102590854322761,0.9722269779825976,False,False
No effect,464,0.009683335956740053,0.5947479994362586,False,False
No effect,465,-0.011333002654363659,0.536882522303999,False,False
No effect,466,-0.01889055871158626,0.30411599083348384,False,False
No effect,467,-0.007925903216213871,0.6221244558654022,False,False
No effect,468,0.002746862904825392,0.8704518654759156,False,False
No effect,469,-0.018464369896963692,0.2631055793249869,False,False
No effect,470,-0.005546419236665389,0.7330895551056236,False,False
No effect,471,-0.006400789448776748,0.723947556380034,False,False
No effect,472,-0.023491814596125742,0.1725634615501449,False,False
No effect,473,-0.022407372322664598,0.13384938042016492,False,False
No effect,474,0.01368822479630852,0.4763252350751376,False,False
No effect,475,-0.00725973804548884,0.6605742071055126,False,False
No effect,476,-0.02552527495965915,0.19915340656920744,False,False
No effect,477,-0.0007574783650075125,0.9678829397691548,False,False
No effect,478,0.02011953978065438,0.258896054537635,False,False
No effect,479,-0.00885256225303303,0.6484031161415622,False,False
No effect,480,-0.005247328661767196,0.7672693842904876,False,False
No effect,481,0.01617309770659116,0.30886270450808495,False,False
No effect,482,-0.008115426002072924,0.6363456006624715,False,False
No effect,483,0.015176845818059089,0.30451288131086085,False,False
No effect,484,0.017802591088995796,0.312760709854477,False,False
No effect,485,-0.009920041621941468,0.6007139519642452,False,False
No effect,486,-0.05461433801852665,9.650644545292916e-05,True,False
No effect,487,-0.03874661821326043,0.011245273020706286,True,False
No effect,488,0.006124248917384507,0.7427876097206576,False,False
No effect,489,0.01982891260045844,0.34575759947099804,False,False
No effect,490,0.029527366467984602,0.04652620232629289,True,True
No effect,491,0.0007985155038355623,0.9618164564026975,False,False
No effect,492,0.0066031710085185415,0.7542199477962589,False,False
No effect,493,-0.025318688484505792,0.15224373020874432,False,False
No effect,494,0.011686314280199549,0.44571854773532626,False,False
No effect,495,0.002187570825631544,0.8878914931406048,False,False
No effect,496,0.011054366525810943,0.5271946432574615,False,False
No effect,497,-0.029854955524612398,0.041054936576834136,True,False
No effect,498,-0.010409482190141916,0.5451969908583623,False,False
No effect,499,0.03132498109715459,0.02628622947456093,True,True
Published RR 4.9,1000,-0.0024605942729403548,0.8966314329911595,False,False
Published RR 4.9,1001,0.014626632666848376,0.4094602649287825,False,False
Published RR 4.9,1002,0.019340600671806946,0.1756882527646919,False,False
Published RR 4.9,1003,-0.013870841831520696,0.419322280375221,False,False
Published RR 4.9,1004,0.002809573550709054,0.8485421338213738,False,False
Published RR 4.9,1005,0.03151624025435024,0.02024428561774396,True,True
Published RR 4.9,1006,0.022948273647867053,0.10392683979049906,False,False
Published RR 4.9,1007,0.011172796693281231,0.49835214780943693,False,False
Published RR 4.9,1009,0.0006142752927222634,0.9697661944880169,False,False
Published RR 4.9,1008,0.018880821399162397,0.23446993375712877,False,False
Published RR 4.9,1010,-0.01556832003604273,0.36965598478676664,False,False
Published RR 4.9,1011,0.024089416515751125,0.11429250244916409,False,False
Published RR 4.9,1012,0.020669721320875658,0.2136694328078378,False,False
Published RR 4.9,1013,-0.02898117593198771,0.046629163466390636,True,False
Published RR 4.9,1014,0.007001232581291623,0.6880789805434638,False,False
Published RR 4.9,1015,0.027075220738532146,0.1589033922808364,False,False
Published RR 4.9,1016,-0.008060462881348483,0.6613871651020935,False,False
Published RR 4.9,1017,-0.010559679944594861,0.5137632124407554,False,False
Published RR 4.9,1018,-0.0012729780573831895,0.9378138691725755,False,False
Published RR 4.9,1019,0.04796123547471762,0.0022273203626343276,True,True
Published RR 4.9,1020,-0.007455594351120888,0.6338361076689402,False,False
Published RR 4.9,1021,0.024587505291710016,0.19029651765410016,False,False
Published RR 4.9,1022,0.012331523981697227,0.4747079130438896,False,False
Published RR 4.9,1023,-0.024218268212165512,0.19641915994593584,False,False
Published RR 4.9,1024,-0.011929504478120972,0.5461356019457018,False,False
Published RR 4.9,1025,0.018135521465766153,0.41582767675231613,False,False
Published RR 4.9,1026,0.013872510684269273,0.3550048803074497,False,False
Published RR 4.9,1027,0.02282335375660563,0.1883428889202554,False,False
Published RR 4.9,1028,-0.013866342129085855,0.32184581030706316,False,False
Published RR 4.9,1029,-0.00031434445517562596,0.9855963389283159,False,False
Published RR 4.9,1030,0.042040639259818685,0.003445742976817222,True,True
Published RR 4.9,1031,0.0022300236958902706,0.9145838117104482,False,False
Published RR 4.9,1032,0.005470998747185514,0.7005733943987742,False,False
Published RR 4.9,1033,-0.0013077999351014862,0.9479324585180585,False,False
Published RR 4.9,1034,-0.020726969815291423,0.25945445061453987,False,False
Published RR 4.9,1035,0.005649629233993178,0.7776358134338608,False,False
Published RR 4.9,1036,-0.014246135704252408,0.3408766728226804,False,False
Published RR 4.9,1037,-0.009202289230949474,0.5910587760768848,False,False
Published RR 4.9,1038,-0.0058164155009819045,0.7298701093770377,False,False
Published RR 4.9,1039,0.01475787671961063,0.3647805020603495,False,False
Published RR 4.9,1040,-0.020471854356094533,0.12219814135796493,False,False
Published RR 4.9,1041,-0.022442627106826218,0.18536340327597767,False,False
Published RR 4.9,1042,-0.01569802877558245,0.47280768288348585,False,False
Published RR 4.9,1043,0.009862065177291256,0.5704560857690355,False,False
Published RR 4.9,1044,0.049394913335159225,0.0018700173825186009,True,True
Published RR 4.9,1045,-0.005340161948053123,0.7658181370484334,False,False
Published RR 4.9,1046,0.02345038603928407,0.13779402828891696,False,False
Published RR 4.9,1047,0.018828987669281247,0.2283595841648729,False,False
Published RR 4.9,1048,-0.007094548257315347,0.5835711594338617,False,False
Published RR 4.9,1049,-0.006182934833877514,0.7281041474814789,False,False
Published RR 4.9,1050,0.02223587659694488,0.18401497621247087,False,False
Published RR 4.9,1051,-0.007178695160315168,0.7391948712224883,False,False
Published RR 4.9,1052,0.023088520255838754,0.21329571304621464,False,False
Published RR 4.9,1053,0.0233920174195011,0.18151477659527293,False,False
Published RR 4.9,1054,0.03312995298970062,0.062495495959254466,False,False
Published RR 4.9,1055,0.029934343013202056,0.03777118826166328,True,True
Published RR 4.9,1056,0.05228089734056595,0.0009457298477827383,True,True
Published RR 4.9,1057,0.008400290235549581,0.5635667649542218,False,False
Published RR 4.9,1058,0.027321983817114745,0.04702150439124196,True,True
Published RR 4.9,1059,-0.02425484143582404,0.12662285602607923,False,False
Published RR 4.9,1060,0.004933893395520239,0.7459432124142886,False,False
Published RR 4.9,1061,-0.008510499445326692,0.5790228705364713,False,False
Published RR 4.9,1062,0.006664060987782703,0.6884898142197149,False,False
Published RR 4.9,1063,0.012435822383013929,0.3438116228438388,False,False
Published RR 4.9,1064,0.020531413704504144,0.3389862187256599,False,False
Published RR 4.9,1065,-0.011570674034262403,0.5087741505999306,False,False
Published RR 4.9,1066,0.012936540991640646,0.34963944065628505,False,False
Published RR 4.9,1067,-0.030434110407191073,0.0611058877327666,False,False
Published RR 4.9,1068,0.03788532860466964,0.02922925828198992,True,True
Published RR 4.9,1069,-0.013329304369043138,0.42859653114514684,False,False
Published RR 4.9,1070,0.01670731099240047,0.38803445426237615,False,False
Published RR 4.9,1071,0.04477850166915924,0.008267864814417226,True,True
Published RR 4.9,1072,0.0035188096823531483,0.8293084369207698,False,False
Published RR 4.9,1073,0.014316815274977732,0.4157535975416202,False,False
Published RR 4.9,1074,0.016719248872879608,0.19914742635802585,False,False
Published RR 4.9,1075,-0.001785146767075509,0.9153731749327834,False,False
Published RR 4.9,1076,0.011312994024530206,0.57362757249078,False,False
Published RR 4.9,1077,0.016926453832727575,0.3652596549981163,False,False
Published RR 4.9,1078,0.025391811204626028,0.08621559910093823,False,False
Published RR 4.9,1079,-0.035876889206575974,0.00756798013209825,True,False
Published RR 4.9,1080,-0.002365353034329927,0.9060161787357999,False,False
Published RR 4.9,1081,0.00923415639532254,0.5651455009466801,False,False
Published RR 4.9,1082,0.014159072148569861,0.33424973016587434,False,False
Published RR 4.9,1083,0.018391894440832782,0.35851165640653393,False,False
Published RR 4.9,1084,0.036966339694563526,0.002917568923498038,True,True
Published RR 4.9,1085,0.004892999816112011,0.7278154354819458,False,False
Published RR 4.9,1086,-0.027897697541137273,0.09489967879370624,False,False
Published RR 4.9,1087,0.033560424592445764,0.018590232699317904,True,True
Published RR 4.9,1088,-0.0025548613865543474,0.876313230752607,False,False
Published RR 4.9,1089,-0.007148046276366119,0.5800011043781933,False,False
Published RR 4.9,1090,-0.02463476930987994,0.17415128364719823,False,False
Published RR 4.9,1091,-0.0015031070762863284,0.9051838578210916,False,False
Published RR 4.9,1092,-0.004412476308065887,0.8103888243735593,False,False
Published RR 4.9,1093,0.013071257165976699,0.4385904703161425,False,False
Published RR 4.9,1094,0.02079070347770802,0.3146213745381139,False,False
Published RR 4.9,1095,-0.002685983138238941,0.8587646187148359,False,False
Published RR 4.9,1096,0.0006442667496634457,0.9678044479341584,False,False
Published RR 4.9,1097,-0.002491053052215802,0.8923820332727309,False,False
Published RR 4.9,1098,0.023164410759599467,0.17118309542088983,False,False
Published RR 4.9,1099,-0.015208509488506113,0.3155189728964142,False,False
Published RR 4.9,1100,0.0020124211061137843,0.9085897738709512,False,False
Published RR 4.9,1101,0.02459038716956528,0.11317981619051357,False,False
Published RR 4.9,1102,0.023425840750188547,0.10315814618937572,False,False
Published RR 4.9,1103,0.011297856263536903,0.38320643029682433,False,False
Published RR 4.9,1104,-0.012781048242077549,0.40050193184242155,False,False
Published RR 4.9,1105,0.023188635595186677,0.1572752630965525,False,False
Published RR 4.9,1106,0.007745458402376129,0.6185931408346425,False,False
Published RR 4.9,1107,-0.008133787919506332,0.6507387414682484,False,False
Published RR 4.9,1109,0.04892771485206322,0.004594726518076692,True,True
Published RR 4.9,1108,0.005667705753830703,0.7328664280880052,False,False
Published RR 4.9,1110,-0.016716614533568968,0.3017764843573669,False,False
Published RR 4.9,1111,0.008665232379305561,0.6249393501176763,False,False
Published RR 4.9,1112,0.013047841191075918,0.48801245528981685,False,False
Published RR 4.9,1113,-0.006321181259223783,0.6721404255718112,False,False
Published RR 4.9,1114,-0.01551005516429586,0.31710968934665473,False,False
Published RR 4.9,1115,-0.016722302663808267,0.3216820672452876,False,False
Published RR 4.9,1116,-0.024013262171902448,0.20011557400261093,False,False
Published RR 4.9,1117,-0.003259850408958222,0.8327152672432989,False,False
Published RR 4.9,1118,0.020476656054344386,0.16370652979150768,False,False
Published RR 4.9,1119,0.005855192837785425,0.7288396324113084,False,False
Published RR 4.9,1120,-0.013928967103413693,0.4757653408493515,False,False
Published RR 4.9,1121,0.012521135015815301,0.4799882340773858,False,False
Published RR 4.9,1122,-0.018220305182034185,0.1806572528143866,False,False
Published RR 4.9,1123,0.0008124346519204827,0.9668675230002105,False,False
Published RR 4.9,1124,-0.019828970321634394,0.1914504759509611,False,False
Published RR 4.9,1125,0.024172679926649832,0.12948010412637873,False,False
Published RR 4.9,1126,0.008255277344239626,0.6063986433132293,False,False
Published RR 4.9,1127,-0.0335075946505606,0.07848311961576211,False,False
Published RR 4.9,1129,0.01540861463922206,0.45808221879186906,False,False
Published RR 4.9,1128,-0.013699487699485991,0.44366989913483645,False,False
Published RR 4.9,1130,0.010848409371178796,0.5367482323351546,False,False
Published RR 4.9,1131,0.033251153588388614,0.06312564086428311,False,False
Published RR 4.9,1132,-0.011995148060599335,0.5277744423328029,False,False
Published RR 4.9,1133,0.01305693586224271,0.5230152867076008,False,False
Published RR 4.9,1134,0.0263015615671162,0.10464884108607969,False,False
Published RR 4.9,1135,0.019361656052297404,0.25671512425360865,False,False
Published RR 4.9,1136,-0.017569068476104205,0.2761008300704252,False,False
Published RR 4.9,1137,-0.022506649721492987,0.18690731153560636,False,False
Published RR 4.9,1138,0.02534516803991063,0.07036684622271683,False,False
Published RR 4.9,1139,-0.009991775211546759,0.5504540505198631,False,False
Published RR 4.9,1140,-0.011113075745155066,0.5141750962707239,False,False
Published RR 4.9,1141,-0.01827707855454169,0.35134621372559693,False,False
Published RR 4.9,1142,-0.01620360866703293,0.36753495928284496,False,False
Published RR 4.9,1143,-0.004418834131334189,0.798267863537813,False,False
Published RR 4.9,1144,0.015796983356809978,0.43859713235563247,False,False
Published RR 4.9,1145,-0.007205133939198602,0.7050316429319159,False,False
Published RR 4.9,1146,-0.025473217883773942,0.1646381955823818,False,False
Published RR 4.9,1147,0.009788541506935217,0.4577885026395916,False,False
Published RR 4.9,1148,-0.004083649211380635,0.8082805488627102,False,False
Published RR 4.9,1149,-0.011573265213712665,0.500653087167025,False,False
Published RR 4.9,1150,-0.008568789948030585,0.6599737637830738,False,False
Published RR 4.9,1151,0.015030027878207028,0.23893486302330946,False,False
Published RR 4.9,1152,-0.016246628706605273,0.33575723010476366,False,False
Published RR 4.9,1153,0.006969908914350615,0.6879460500907993,False,False
Published RR 4.9,1154,0.038250326235882204,0.053960258795658446,False,False
Published RR 4.9,1155,-0.011701668611613302,0.42100955905590454,False,False
Published RR 4.9,1156,0.013609956438903743,0.4604418068114603,False,False
Published RR 4.9,1157,0.016884593704882645,0.3789914339989445,False,False
Published RR 4.9,1158,0.022846425248601893,0.160297005040011,False,False
Published RR 4.9,1159,-0.017383694289923406,0.2975539609532487,False,False
Published RR 4.9,1160,0.00504156636857114,0.8095366578170502,False,False
Published RR 4.9,1161,0.008433351432683343,0.623381661497715,False,False
Published RR 4.9,1162,0.05065542618590179,0.005103876189042537,True,True
Published RR 4.9,1163,0.004936296062543135,0.799935688034753,False,False
Published RR 4.9,1164,0.028714165807003186,0.07230265327005013,False,False
Published RR 4.9,1165,0.008114661896045547,0.6267065484610266,False,False
Published RR 4.9,1166,0.007790297316329349,0.5825198101040326,False,False
Published RR 4.9,1167,0.033858821336795734,0.038844500603859904,True,True
Published RR 4.9,1168,-0.005040664860660437,0.6749365702282536,False,False
Published RR 4.9,1169,0.006893250776151167,0.7282488692545115,False,False
Published RR 4.9,1170,-0.006657153413261321,0.6811239663902697,False,False
Published RR 4.9,1171,-0.01759340397384507,0.45548403532174997,False,False
Published RR 4.9,1172,-0.009349142502364067,0.5024602771578492,False,False
Published RR 4.9,1173,0.03681961756140554,0.014553667821421073,True,True
Published RR 4.9,1174,0.009441588483129943,0.5653180183965455,False,False
Published RR 4.9,1175,-0.009744928207732777,0.6090792865504712,False,False
Published RR 4.9,1176,-0.009657170071930909,0.5234635176312763,False,False
Published RR 4.9,1177,0.026389224250201657,0.10156095288956679,False,False
Published RR 4.9,1178,0.038726514282409204,0.05024236421555987,False,False
Published RR 4.9,1179,0.006348778583306559,0.7270616225108237,False,False
Published RR 4.9,1180,0.019225514926993797,0.23884858458115477,False,False
Published RR 4.9,1181,-0.018475838313855648,0.2840031043532336,False,False
Published RR 4.9,1182,0.03254565183791308,0.09517621290071801,False,False
Published RR 4.9,1183,0.02189442055624592,0.24054084984746815,False,False
Published RR 4.9,1184,0.007542767977539743,0.6619531585202856,False,False
Published RR 4.9,1185,0.029896011502829497,0.045164086685251306,True,True
Published RR 4.9,1186,-0.004475966020693178,0.7731726197932081,False,False
Published RR 4.9,1187,0.026634167917995298,0.07837400103201043,False,False
Published RR 4.9,1188,-0.021902260911089932,0.21097666088241518,False,False
Published RR 4.9,1190,0.03110182796722648,0.048804009708530334,True,True
Published RR 4.9,1189,0.005089974768822483,0.7346180804119751,False,False
Published RR 4.9,1191,0.00576377651070057,0.6294153558959282,False,False
Published RR 4.9,1192,-0.015419140403512395,0.271023449222926,False,False
Published RR 4.9,1193,-0.03063540685304264,0.09686137274986804,False,False
Published RR 4.9,1194,0.008954504157718608,0.5797116269558025,False,False
Published RR 4.9,1195,0.023568527893463604,0.18256131849843293,False,False
Published RR 4.9,1196,-0.021025561276572537,0.1108363735229869,False,False
Published RR 4.9,1197,0.010190126630818022,0.5510522964593507,False,False
Published RR 4.9,1198,-0.0005432847749371274,0.9761213409386299,False,False
Published RR 4.9,1199,-0.006261924246838201,0.6994038170943147,False,False
Published RR 4.9,1200,-0.004765367449754405,0.7841241636665329,False,False
Published RR 4.9,1201,-0.015643756067429505,0.3863088072375913,False,False
Published RR 4.9,1202,0.03158085598346097,0.06426079951753438,False,False
Published RR 4.9,1203,-0.0210921095655438,0.2311072895851336,False,False
Published RR 4.9,1204,0.010134303369692978,0.5445234248455812,False,False
Published RR 4.9,1205,-0.006210279597593922,0.7384761917934556,False,False
Published RR 4.9,1206,-0.01470119574682392,0.33048207913777594,False,False
Published RR 4.9,1207,0.025981135278171273,0.2316758989995248,False,False
Published RR 4.9,1208,-0.003733039692650153,0.8560743281360117,False,False
Published RR 4.9,1210,-0.008569393068790634,0.6278240897595337,False,False
Published RR 4.9,1209,0.014531024812333329,0.3794936818167258,False,False
Published RR 4.9,1211,0.022892359103601306,0.24996582382166754,False,False
Published RR 4.9,1212,0.03355964283944018,0.03468855762766316,True,True
Published RR 4.9,1213,-0.00432224286074077,0.8146941541900091,False,False
Published RR 4.9,1214,-0.036268027762488005,0.008496609892092128,True,False
Published RR 4.9,1215,-0.012463126660351485,0.471936018812648,False,False
Published RR 4.9,1216,-0.0020080207077226445,0.9067547042667361,False,False
Published RR 4.9,1217,-0.007475692406125341,0.6227002831319683,False,False
Published RR 4.9,1218,-0.00761373649856681,0.566768165733715,False,False
Published RR 4.9,1219,-0.011737627164243234,0.49326129656414497,False,False
Published RR 4.9,1220,-0.02386875808845939,0.16790368174685188,False,False
Published RR 4.9,1221,0.041679724936632606,0.006423275130329827,True,True
Published RR 4.9,1222,0.0034138396344579915,0.8145108808621322,False,False
Published RR 4.9,1223,0.028089141457744528,0.0973987447352798,False,False
Published RR 4.9,1224,-0.0062381012463225225,0.7210509094927469,False,False
Published RR 4.9,1225,-0.025001905633711328,0.11623790202156464,False,False
Published RR 4.9,1226,-0.02660925012095899,0.17052736949256497,False,False
Published RR 4.9,1227,-0.0011546695875070683,0.9452574260204573,False,False
Published RR 4.9,1228,0.01792279520577397,0.2419234758813894,False,False
Published RR 4.9,1229,0.010911549496517717,0.36916035945654946,False,False
Published RR 4.9,1230,0.009235456416130435,0.556463329377294,False,False
Published RR 4.9,1231,0.028563780687433947,0.07160363578993863,False,False
Published RR 4.9,1232,0.003948617489817255,0.8289181520002467,False,False
Published RR 4.9,1233,0.007781254747716687,0.6062833331310624,False,False
Published RR 4.9,1234,-0.01530329252410663,0.3372138605705609,False,False
Published RR 4.9,1235,-0.005256767438641191,0.7661995705804296,False,False
Published RR 4.9,1236,0.0059144982622260315,0.7397129201173969,False,False
Published RR 4.9,1237,0.0434867978174983,0.006963395630224919,True,True
Published RR 4.9,1238,0.02121159039420363,0.12795134227372673,False,False
Published RR 4.9,1239,0.0009006460326326756,0.970076443565121,False,False
Published RR 4.9,1240,-0.0033608760178373536,0.8455383892190308,False,False
Published RR 4.9,1241,-0.01836998605141901,0.2968055386581546,False,False
Published RR 4.9,1242,0.0008018901673313574,0.9653947150315891,False,False
Published RR 4.9,1243,0.029327437367424374,0.06178019717234534,False,False
Published RR 4.9,1244,-0.009330756942769167,0.5826051722959726,False,False
Published RR 4.9,1245,0.016150777032362774,0.324256045800119,False,False
Published RR 4.9,1246,0.010108745804171636,0.5403240930245905,False,False
Published RR 4.9,1247,-0.0020379832995657183,0.910326096919402,False,False
Published RR 4.9,1248,0.005798410019378685,0.7733833843411302,False,False
Published RR 4.9,1249,0.016756623984970187,0.3937081350608277,False,False
Published RR 4.9,1250,-0.021657412544598863,0.07129135172365135,False,False
Published RR 4.9,1251,-0.01381964443452485,0.39423244478749986,False,False
Published RR 4.9,1252,0.013270371563712502,0.3820083283287884,False,False
Published RR 4.9,1253,-0.02126635207864294,0.3001437615694089,False,False
Published RR 4.9,1254,-0.017063773287177425,0.3384405238565923,False,False
Published RR 4.9,1255,-0.023060827057180412,0.10970199810307896,False,False
Published RR 4.9,1256,-0.0030408791553578375,0.8637521467616323,False,False
Published RR 4.9,1257,-0.022728928563370023,0.09603747110648903,False,False
Published RR 4.9,1258,-0.013065716561852085,0.48941255765865366,False,False
Published RR 4.9,1259,0.011750425233531162,0.40666059607015737,False,False
Published RR 4.9,1260,0.0005567228449868873,0.9762672742368835,False,False
Published RR 4.9,1261,-0.023892355661371947,0.21819507449355502,False,False
Published RR 4.9,1262,0.005962354063999912,0.7352117417169831,False,False
Published RR 4.9,1263,0.013538867617772713,0.4868970844444952,False,False
Published RR 4.9,1264,0.00135610982667984,0.9332994184759522,False,False
Published RR 4.9,1265,-0.006737126580921781,0.7280950543983236,False,False
Published RR 4.9,1266,0.01355729265716263,0.445336254305313,False,False
Published RR 4.9,1267,-0.0014267892428620405,0.9394897124034188,False,False
Published RR 4.9,1268,-0.018839927247292387,0.23962495863097255,False,False
Published RR 4.9,1269,-0.02212771659606688,0.21112967879066313,False,False
Published RR 4.9,1270,-0.0026952163470101717,0.8793270164260354,False,False
Published RR 4.9,1271,-0.011734026040662612,0.6226027951901314,False,False
Published RR 4.9,1272,-0.03599177631708653,0.0173167519921913,True,False
Published RR 4.9,1273,-0.003690174298997231,0.8208751222360864,False,False
Published RR 4.9,1274,-0.008011695872366347,0.6345790531915747,False,False
Published RR 4.9,1275,-0.029589392451696946,0.07181982367032304,False,False
Published RR 4.9,1276,0.030854881457226684,0.08103641575909959,False,False
Published RR 4.9,1277,0.019378302493253355,0.21957094796582355,False,False
Published RR 4.9,1278,-0.003039156116747576,0.8393336669639246,False,False
Published RR 4.9,1279,0.0012647448644216917,0.942231748943459,False,False
Published RR 4.9,1280,0.01868857342356595,0.29061945758809726,False,False
Published RR 4.9,1281,-0.009492691159248506,0.5509281259710271,False,False
Published RR 4.9,1282,-0.008931705311676247,0.6174082064069224,False,False
Published RR 4.9,1283,-0.02333926636920006,0.16663260796409896,False,False
Published RR 4.9,1284,0.006210154791386596,0.6959375650553983,False,False
Published RR 4.9,1285,0.022344044167382605,0.11889782886469186,False,False
Published RR 4.9,1286,-0.02426958566874269,0.16746619742937874,False,False
Published RR 4.9,1287,0.01605703558397751,0.2357464902931118,False,False
Published RR 4.9,1288,-0.003684307315397021,0.8192131644592953,False,False
Published RR 4.9,1289,-0.01538198749805,0.4254173875773892,False,False
Published RR 4.9,1290,0.013759001797695115,0.46864430232488163,False,False
Published RR 4.9,1291,0.005350863609278335,0.7560435309165994,False,False
Published RR 4.9,1292,0.009752677924645436,0.4999079534912144,False,False
Published RR 4.9,1293,-0.016653853774181177,0.425311194621274,False,False
Published RR 4.9,1294,-0.0002567558042492415,0.9877377735784054,False,False
Published RR 4.9,1295,-0.01057626498426172,0.5456875651311963,False,False
Published RR 4.9,1296,0.012842461402468365,0.4695643748721643,False,False
Published RR 4.9,1297,0.004598615656487528,0.751096232326811,False,False
Published RR 4.9,1298,-0.020331893142048522,0.16862026408086273,False,False
Published RR 4.9,1299,-0.008087901605585248,0.5277591959181309,False,False
RR 25,2000,0.010830808930913276,0.4940786516719725,False,False
RR 25,2001,0.020859444085740964,0.2590200157873722,False,False
RR 25,2002,0.0043063739343236155,0.8246304897694472,False,False
RR 25,2003,0.03879229835589542,0.046124426190805486,True,True
RR 25,2004,0.03749312735210649,0.03377761481423493,True,True
RR 25,2005,0.03998991570401279,0.018212118006112044,True,True
RR 25,2006,0.0029265355154833536,0.8504767322520725,False,False
RR 25,2007,0.008993826907318377,0.602044835011244,False,False
RR 25,2008,0.014349602059534417,0.31723844440032656,False,False
RR 25,2009,0.03554582384674087,0.08180559304105961,False,False
RR 25,2010,0.04343637537394938,0.005964307133600614,True,True
RR 25,2011,0.02876937002643465,0.08379938130807116,False,False
RR 25,2012,0.016558099284432186,0.3189137124840281,False,False
RR 25,2013,0.035053089204674696,0.05918917660336692,False,False
RR 25,2014,0.03791277328439425,0.002917323225411705,True,True
RR 25,2015,0.0007835804227610578,0.9618253716753962,False,False
RR 25,2016,0.013573435833439175,0.4405945609779699,False,False
RR 25,2017,0.050041518009064326,0.009410935145685506,True,True
RR 25,2018,0.038109104181547775,0.022449986774868553,True,True
RR 25,2019,0.021036671288682536,0.2778819302257415,False,False
RR 25,2020,0.010881739606328879,0.5753783741863282,False,False
RR 25,2021,-0.01086878928887494,0.44962885778764217,False,False
RR 25,2022,0.026959790912132325,0.19091548257674718,False,False
RR 25,2023,0.03304012296811112,0.01589856641099693,True,True
RR 25,2024,-0.035656302691537356,0.013318421528794474,True,False
RR 25,2025,0.01431144032335522,0.376333691032658,False,False
RR 25,2026,0.029469130624330705,0.07249097498426361,False,False
RR 25,2027,-0.006409191465588138,0.7333532074339315,False,False
RR 25,2028,0.04568106254041544,0.008792586879263906,True,True
RR 25,2029,0.002196653225823284,0.8969123216510455,False,False
RR 25,2030,-0.00433068808698717,0.7790494379394444,False,False
RR 25,2031,0.03745430015122697,0.04149732186849309,True,True
RR 25,2032,0.02970136220268158,0.08657609929311663,False,False
RR 25,2033,0.019334759294360897,0.17228622195495014,False,False
RR 25,2034,0.007678990180718414,0.6121229888352167,False,False
RR 25,2035,0.02892457613522648,0.07083249467525816,False,False
RR 25,2036,-0.0005931457345705878,0.9680686346085807,False,False
RR 25,2037,0.023395203754377612,0.1554200793105209,False,False
RR 25,2038,0.031983234859282714,0.0512115045981459,False,False
RR 25,2039,0.018621637793499155,0.23727698250260476,False,False
RR 25,2040,0.030735538431646083,0.05302688494172255,False,False
RR 25,2041,0.06030066819345042,4.509428949819569e-05,True,True
RR 25,2042,0.039923364765146435,0.021485930542264765,True,True
RR 25,2043,0.01293812745819715,0.4108740499157493,False,False
RR 25,2044,-0.008683723793268452,0.50048543520195,False,False
RR 25,2045,0.006338287290663403,0.7133509118514614,False,False
RR 25,2046,0.014343294829245965,0.3529299086596466,False,False
RR 25,2047,0.025611452995934356,0.14371693787389753,False,False
RR 25,2048,0.009484255827272858,0.5827886435585435,False,False
RR 25,2049,0.0038244607877681524,0.8598519035706154,False,False
RR 25,2050,0.028041316166630532,0.1024649953901227,False,False
RR 25,2051,0.014214268368788727,0.32252457157148273,False,False
RR 25,2052,0.023457094732060077,0.20234664329679442,False,False
RR 25,2053,0.01124066126347614,0.5426459761875444,False,False
RR 25,2054,0.04531735202171652,0.022052048157089946,True,True
RR 25,2055,0.0483858808540693,5.128682210375547e-05,True,True
RR 25,2056,0.014984389950467721,0.3886705336917152,False,False
RR 25,2057,0.023023681851493494,0.09864341381577237,False,False
RR 25,2058,0.02165153368508802,0.22322649678469642,False,False
RR 25,2059,0.01226148686480955,0.506249763189445,False,False
RR 25,2060,0.023832830723935827,0.1705017802962241,False,False
RR 25,2061,0.01524997512019761,0.37504176509171727,False,False
RR 25,2062,-0.0061804206305121736,0.7533734553787839,False,False
RR 25,2063,0.00566455211138275,0.75880528617486,False,False
RR 25,2064,0.029240529462220173,0.16940684391151561,False,False
RR 25,2065,-0.010737468724081763,0.5200787883860274,False,False
RR 25,2066,0.052999098456422804,0.0010429492812756194,True,True
RR 25,2067,0.011290922773371995,0.564823467806679,False,False
RR 25,2068,-0.005766268493196912,0.7577054103891147,False,False
RR 25,2069,-0.0024542232455268065,0.9102601828021506,False,False
RR 25,2070,0.011973707497354835,0.3889181284557537,False,False
RR 25,2071,0.021593265803902285,0.1814945057615015,False,False
RR 25,2072,0.036791417301223116,0.01454955865506924,True,True
RR 25,2073,0.015326918425634195,0.302857965476228,False,False
RR 25,2074,-0.0031332485118636317,0.8580461184646413,False,False
RR 25,2075,0.011354171224426696,0.45022511935325393,False,False
RR 25,2076,0.00792217859322786,0.6215058217708218,False,False
RR 25,2077,0.023574163490255675,0.2333536772237279,False,False
RR 25,2078,-0.010921414545312686,0.5275985939371757,False,False
RR 25,2079,0.040826355053104,0.01643539747549897,True,True
RR 25,2080,0.0027951441401579766,0.8814450502580805,False,False
RR 25,2081,-0.014872051248209674,0.33159200152346224,False,False
RR 25,2082,0.0367722644556739,0.0376662738944467,True,True
RR 25,2083,0.049272528512530465,0.0009454407961494097,True,True
RR 25,2084,0.016646622072164195,0.26710228567597727,False,False
RR 25,2085,-0.008061110290422793,0.7117234991216015,False,False
RR 25,2086,0.0077502544519788144,0.6012414525219862,False,False
RR 25,2087,0.050647929252021814,0.006948504476712294,True,True
RR 25,2088,0.00014315945986069427,0.9940840767223297,False,False
RR 25,2089,0.02488218503768247,0.11893200355457408,False,False
RR 25,2090,0.021528554908766533,0.14440563683327765,False,False
RR 25,2091,-0.026171958045746558,0.125762108376693,False,False
RR 25,2092,0.003424103979118004,0.8372150333438577,False,False
RR 25,2093,0.04965236617025496,0.006002455382947659,True,True
RR 25,2094,0.00092369519117595,0.9556665558004003,False,False
RR 25,2095,0.03767345565127016,0.014291058702977148,True,True
RR 25,2096,0.002502686656280011,0.8926630925224732,False,False
RR 25,2097,0.04014943413190648,0.012880508164323132,True,True
RR 25,2098,0.05293963288970386,0.004407383487484315,True,True
RR 25,2099,0.03867653996400214,0.01666928194511304,True,True
RR 25,2100,0.02470185913304043,0.07802365531422914,False,False
RR 25,2101,0.020664878773846585,0.18491861177613345,False,False
RR 25,2102,0.00024639879526291866,0.9896725951904572,False,False
RR 25,2103,0.03677245250076911,0.011234817571818335,True,True
RR 25,2104,-0.0019366377334651581,0.9129896552691826,False,False
RR 25,2105,0.013085930180287978,0.5053304467115429,False,False
RR 25,2106,0.028324645118514916,0.0661106474574484,False,False
RR 25,2107,0.02100175998722671,0.22517588796245902,False,False
RR 25,2109,-0.006391824577757964,0.7491398102507478,False,False
RR 25,2108,0.03558723538666416,0.06762021091010073,False,False
RR 25,2110,0.03278791930234765,0.03723476482534002,True,True
RR 25,2111,0.04212726568529374,0.005174610390212729,True,True
RR 25,2112,0.026612831318930285,0.1114724489177567,False,False
RR 25,2113,-0.0031703501130512716,0.829534786521039,False,False
RR 25,2114,-0.003215626347863641,0.8618822601017158,False,False
RR 25,2115,0.011783448759525776,0.580762142877032,False,False
RR 25,2116,0.034811393404503795,0.0444079978106652,True,True
RR 25,2117,0.02853387595197946,0.027650688494850535,True,True
RR 25,2118,-0.01055229697746755,0.5322823496229124,False,False
RR 25,2119,-0.0106544158522481,0.5541018597270795,False,False
RR 25,2120,0.02693106707463943,0.12920156257305154,False,False
RR 25,2121,0.023884892427447114,0.13241810186154698,False,False
RR 25,2122,0.020817566380364538,0.2237391279774016,False,False
RR 25,2123,0.03005772397081609,0.10338464245054378,False,False
RR 25,2124,-0.005055451389022451,0.7761400518802557,False,False
RR 25,2125,-0.03799178103846463,0.011186078404384918,True,False
RR 25,2126,0.00491741793141975,0.8060733659695616,False,False
RR 25,2127,0.021099070924016645,0.22695433835598855,False,False
RR 25,2128,-0.011123605677384926,0.5138756279879169,False,False
RR 25,2129,0.006561924682063376,0.756061074312333,False,False
RR 25,2130,0.004680159774403596,0.7763207543308248,False,False
RR 25,2131,0.02065771595969379,0.15284668392149148,False,False
RR 25,2132,-0.0026706876905013424,0.8921587404502302,False,False
RR 25,2133,0.012520881480032114,0.4964916768484623,False,False
RR 25,2134,0.03209037226747396,0.07736914784170078,False,False
RR 25,2135,0.03191002997632088,0.03571243297502966,True,True
RR 25,2136,0.04191408623505176,0.003844580145308933,True,True
RR 25,2137,0.014805315180205024,0.3716905159381255,False,False
RR 25,2138,0.021809335577638738,0.15195214040195704,False,False
RR 25,2139,0.031123959699520906,0.04065514215274246,True,True
RR 25,2140,0.015261523851117037,0.27079200855185215,False,False
RR 25,2141,0.0002121660591413891,0.9880112891142359,False,False
RR 25,2142,0.007470596755757368,0.6846111368638883,False,False
RR 25,2143,-0.0007197290165217764,0.9730875716469772,False,False
RR 25,2144,-0.007286022744734559,0.5702295007626539,False,False
RR 25,2145,-0.0023961166187613033,0.8924032871512851,False,False
RR 25,2146,0.015588675906932959,0.320160075885773,False,False
RR 25,2147,0.014066955157198396,0.48665166765055434,False,False
RR 25,2148,0.02011175186660552,0.2226087760382821,False,False
RR 25,2149,0.008912239878399906,0.5959097414613995,False,False
RR 25,2150,0.03202995592938094,0.03656538259737717,True,True
RR 25,2151,0.030422849360449134,0.07560492209396273,False,False
RR 25,2152,0.016565453047023237,0.2782180623006507,False,False
RR 25,2153,0.03420401775103502,0.08744236474261852,False,False
RR 25,2154,0.030804962710836284,0.09271283032214436,False,False
RR 25,2155,0.014952953148036961,0.3805395807511509,False,False
RR 25,2156,0.024616481750927396,0.12375319457808613,False,False
RR 25,2157,0.029274855001714645,0.09637425258740545,False,False
RR 25,2158,-0.0014160877927530343,0.928478611964199,False,False
RR 25,2159,-0.014611072791543033,0.296121585607805,False,False
RR 25,2160,0.01477182703060061,0.4177870979564511,False,False
RR 25,2161,-0.0020130002238445406,0.919013410415995,False,False
RR 25,2162,0.021719355062311863,0.27769273032356345,False,False
RR 25,2163,0.045321670970611995,0.006593579397078767,True,True
RR 25,2164,0.048744242758671744,0.004803559804146164,True,True
RR 25,2165,-0.008673565668438075,0.6232705887434933,False,False
RR 25,2166,0.03747621621311064,0.02539988980623444,True,True
RR 25,2167,0.01034748038554904,0.5047432464792814,False,False
RR 25,2168,0.0231805655215486,0.2216889957073951,False,False
RR 25,2169,0.04531346072016794,0.005356024856208668,True,True
RR 25,2170,0.018163244173105084,0.31903287897414,False,False
RR 25,2171,0.0005654595789779986,0.9759466999660755,False,False
RR 25,2172,0.024391637338657415,0.1309572980181543,False,False
RR 25,2173,0.04526200529588805,0.0010303788760449909,True,True
RR 25,2174,0.0067162412107098935,0.715852730780596,False,False
RR 25,2175,0.04559923814389962,0.005269845932689739,True,True
RR 25,2176,0.012249978083593335,0.4667632886778955,False,False
RR 25,2177,0.02113700983726529,0.22506079207789387,False,False
RR 25,2178,-0.026370117793831985,0.18050843069104938,False,False
RR 25,2179,0.02807845013511066,0.10802117204517371,False,False
RR 25,2180,0.011809571883559258,0.6240054951094616,False,False
RR 25,2181,0.00867957481956146,0.6035425859161607,False,False
RR 25,2182,0.018781407529358092,0.3129251074813698,False,False
RR 25,2183,0.01622339807675121,0.2913365412618384,False,False
RR 25,2184,0.010126393829081967,0.5416139300711758,False,False
RR 25,2185,0.03980886463370533,0.036697669696364094,True,True
RR 25,2186,0.018163927811008472,0.34110438581765135,False,False
RR 25,2187,0.02212040604607794,0.18521658170787114,False,False
RR 25,2189,0.029497528537967544,0.0369498065002618,True,True
RR 25,2188,0.001651207702849875,0.9335288867909205,False,False
RR 25,2190,0.023869766816893855,0.11326700908917042,False,False
RR 25,2191,0.021404101966143202,0.19705242588589644,False,False
RR 25,2192,-0.0053927502805636305,0.7782924125978719,False,False
RR 25,2193,0.005310785964833767,0.7324820507417626,False,False
RR 25,2194,0.042223241887033976,0.004146431781236283,True,True
RR 25,2195,0.023642719804351644,0.15617226907700038,False,False
RR 25,2196,0.01665423199174634,0.3499356913797783,False,False
RR 25,2197,0.02708733248280242,0.04815112743124357,True,True
RR 25,2198,-0.0014209786998557164,0.9306634548908087,False,False
RR 25,2199,0.0264356084768744,0.08233748880205997,False,False
RR 25,2200,0.021587695790627855,0.12140153096909574,False,False
RR 25,2201,0.0073892908017714875,0.678776042432563,False,False
RR 25,2202,-0.004313668217271442,0.8362735444228218,False,False
RR 25,2203,0.018371806290006638,0.2559250624093148,False,False
RR 25,2204,0.03706029606652909,0.005922393651890043,True,True
RR 25,2205,0.04247660337109434,0.003196520187668537,True,True
RR 25,2206,0.03353186460338415,0.012995528103358548,True,True
RR 25,2207,0.035010381350288895,0.0644382280879204,False,False
RR 25,2208,0.016487005829868607,0.22704703078841282,False,False
RR 25,2209,0.010608324406213121,0.49812864639438836,False,False
RR 25,2210,0.029718628799332274,0.07638516217179706,False,False
RR 25,2211,0.0011692345560020312,0.9420737048361809,False,False
RR 25,2212,0.017415415276328127,0.36526030636911766,False,False
RR 25,2213,0.04649814146960173,0.00032540802386816543,True,True
RR 25,2214,0.022143356483634084,0.14544031026937837,False,False
RR 25,2215,0.02086462200565609,0.18926236755778414,False,False
RR 25,2216,0.014915559104922852,0.4361195746907722,False,False
RR 25,2217,0.03316173959172841,0.065962223571242,False,False
RR 25,2218,0.027072616039367184,0.12444850409238889,False,False
RR 25,2219,0.0010023745740948586,0.9470110469929397,False,False
RR 25,2220,0.014564608450960179,0.4255534735451151,False,False
RR 25,2221,0.02258689685851685,0.19918114571558354,False,False
RR 25,2222,-0.019125202582527836,0.24113099241993885,False,False
RR 25,2223,0.025565964908479823,0.16142121238620655,False,False
RR 25,2224,-0.003059985571607407,0.8749280747858891,False,False
RR 25,2225,0.020069344861201092,0.2851355029004249,False,False
RR 25,2226,-0.002372362319154715,0.9009887908614729,False,False
RR 25,2227,0.029874822968431112,0.09651266378997196,False,False
RR 25,2228,0.005494272987596224,0.7721081822441384,False,False
RR 25,2229,0.024596366271055145,0.08636500702069527,False,False
RR 25,2230,0.01658447503786537,0.2204426238372531,False,False
RR 25,2231,0.012605689016965294,0.47911319945429154,False,False
RR 25,2232,0.023639507065048165,0.253395407667242,False,False
RR 25,2233,0.031197108624998058,0.10840364596013571,False,False
RR 25,2234,0.02242701059667929,0.19210630260121475,False,False
RR 25,2235,0.01736226744906328,0.3460784920896943,False,False
RR 25,2236,-0.0003090072896159696,0.9846309908251334,False,False
RR 25,2237,-0.002379820339635379,0.8824511164862521,False,False
RR 25,2238,0.036062515419250395,0.01737311009228671,True,True
RR 25,2239,0.03329727025590314,0.01602334171257284,True,True
RR 25,2240,0.012538028825927895,0.539142725349913,False,False
RR 25,2241,0.015895853629824524,0.36920120265831513,False,False
RR 25,2242,0.03667552880025048,0.05427486847386547,False,False
RR 25,2243,0.027718278415455565,0.05290661673535701,False,False
RR 25,2244,-0.00738233522684235,0.6415029615725232,False,False
RR 25,2245,0.027164630739279046,0.12020815857606593,False,False
RR 25,2246,0.020674255239024324,0.21183203829432007,False,False
RR 25,2247,0.016095675768334077,0.3365900756848763,False,False
RR 25,2248,0.004985374932527052,0.7774727784984572,False,False
RR 25,2249,0.021592719876642408,0.10246932824225168,False,False
RR 25,2250,-0.003778917735309038,0.8466426004689456,False,False
RR 25,2251,0.015855923086682502,0.32256584541857336,False,False
RR 25,2252,-0.001793463565182197,0.9072929194795168,False,False
RR 25,2253,0.005704384351391219,0.7693221947493063,False,False
RR 25,2254,-0.003225682572542315,0.8466105077005222,False,False
RR 25,2255,0.0038824768023357444,0.8253216535286132,False,False
RR 25,2256,0.024946600007286365,0.1299355182511045,False,False
RR 25,2257,-0.015474871936064918,0.29555593733989116,False,False
RR 25,2258,0.03728345942534272,0.049262923475562624,True,True
RR 25,2259,0.013723914180619974,0.5261402635659198,False,False
RR 25,2260,0.033393041948947995,0.05935381233263145,False,False
RR 25,2261,0.03246293183703972,0.028608850209304745,True,True
RR 25,2262,0.039007951295799155,0.01765337319767329,True,True
RR 25,2263,0.02158785622240849,0.22036163953927734,False,False
RR 25,2264,0.019284341929845385,0.25893582713904273,False,False
RR 25,2265,0.00016900319224202735,0.9917791780482024,False,False
RR 25,2266,0.035618073541986865,0.05139393200660478,False,False
RR 25,2267,0.030369089630817636,0.07470379591770131,False,False
RR 25,2268,0.033646245530749505,0.03333401479376682,True,True
RR 25,2269,0.04626514540833651,0.011443295625964377,True,True
RR 25,2270,0.0363718885911813,0.07566020428067462,False,False
RR 25,2271,0.00761159179645858,0.7079066205693121,False,False
RR 25,2272,0.005749637694892492,0.7507211181070959,False,False
RR 25,2273,-0.0041052824119824,0.8092989487485048,False,False
RR 25,2274,0.022829739424933344,0.22347871386092955,False,False
RR 25,2275,0.001055587574785788,0.9487191506189095,False,False
RR 25,2276,0.0016463832885737324,0.8992976783810619,False,False
RR 25,2277,-0.013155253795263855,0.4247448331716046,False,False
RR 25,2278,0.027569567607118903,0.09512303554904014,False,False
RR 25,2279,0.03791914940840242,0.03935761001337961,True,True
RR 25,2280,0.017581728247890272,0.3543550270741115,False,False
RR 25,2281,-0.002682526626518035,0.8851283707161246,False,False
RR 25,2282,0.007563152917904788,0.6123696659500245,False,False
RR 25,2283,-0.008849259505103705,0.6139452135131198,False,False
RR 25,2284,0.04429039095546371,0.006496033656119933,True,True
RR 25,2285,0.021312863791663843,0.05169291937864833,False,False
RR 25,2286,0.026663298525508677,0.15895155121651217,False,False
RR 25,2287,-0.01750860352484186,0.2830604419795343,False,False
RR 25,2288,0.02549207791059027,0.11862371593342375,False,False
RR 25,2289,0.01707160323481074,0.39333570002322105,False,False
RR 25,2290,0.03738551638375176,0.024133038405677886,True,True
RR 25,2291,-0.0061955906132755475,0.752396200208336,False,False
RR 25,2292,0.0158363512998482,0.3679346674946189,False,False
RR 25,2293,0.013374584872039071,0.39806890377482473,False,False
RR 25,2294,0.025151238561861983,0.13015960714550942,False,False
RR 25,2295,0.02380891558414819,0.17221617050286775,False,False
RR 25,2296,0.024456083739955992,0.09085883718469681,False,False
RR 25,2297,0.008118537879446167,0.61911561143733,False,False
RR 25,2298,0.0150556606234366,0.3658335455881535,False,False
RR 25,2299,0.03106763904595454,0.07249298982610747,False,False
RR 100,3000,0.05278622903105494,0.04390619011828275,True,True
RR 100,3001,0.056600786923686315,9.739446140033986e-05,True,True
RR 100,3002,0.048519837883379026,0.0003206723222501742,True,True
RR 100,3003,0.05697142522641123,0.001393597265247853,True,True
RR 100,3004,0.07476006213271263,0.00011091316284912347,True,True
RR 100,3005,0.0390245241317487,0.034329289924295035,True,True
RR 100,3006,0.03282790759537544,0.11607836523247463,False,False
RR 100,3007,0.0529943256073092,0.01889837579684731,True,True
RR 100,3008,0.06417982886092607,5.589241020078105e-05,True,True
RR 100,3009,0.0623194654473608,0.0013434951121791404,True,True
RR 100,3010,0.05137790887078699,0.0056861997382802705,True,True
RR 100,3011,0.046310295970823416,0.01138211783929595,True,True
RR 100,3012,0.05100919178196667,0.007249907454265211,True,True
RR 100,3013,0.07222138901088679,6.90849818568244e-09,True,True
RR 100,3014,0.07522357220500082,5.529413333255071e-06,True,True
RR 100,3015,0.01378898249474523,0.3921975687899576,False,False
RR 100,3016,0.06416470083643062,1.2052372982766121e-05,True,True
RR 100,3017,0.011632022123132144,0.5468345293400896,False,False
RR 100,3018,0.054356550311696054,0.00150039531554038,True,True
RR 100,3019,0.04568103483757101,0.009051025247721226,True,True
RR 100,3020,0.028675122125688426,0.1832137262289717,False,False
RR 100,3021,0.05485089618904038,1.8684645844619595e-05,True,True
RR 100,3022,0.07012954034126971,9.851346349484322e-05,True,True
RR 100,3023,0.046160831475469816,0.003247007427379603,True,True
RR 100,3024,0.01215821923109137,0.41358268583769375,False,False
RR 100,3025,0.052829371475596985,0.0001421532598021161,True,True
RR 100,3026,0.05592383892326493,0.00029592140005920835,True,True
RR 100,3027,0.02843725991519287,0.11605662022169114,False,False
RR 100,3028,0.018265318413036014,0.297614342770127,False,False
RR 100,3029,0.066077067578882,1.0501129205922701e-05,True,True
RR 100,3030,0.05769160585530813,0.00019238764764813244,True,True
RR 100,3031,0.09169606366796552,1.1388226864390094e-05,True,True
RR 100,3032,0.07575962232980885,3.876311224580727e-07,True,True
RR 100,3033,0.044798940723263875,0.013222068744936517,True,True
RR 100,3034,0.07115015340397077,0.00028722741495172536,True,True
RR 100,3035,0.062386772469143634,0.0005790067418064895,True,True
RR 100,3036,0.024096396942456754,0.16276426358904972,False,False
RR 100,3037,0.04394442217416598,0.03059109172751015,True,True
RR 100,3038,0.03760539356297875,0.03462215714273266,True,True
RR 100,3039,0.04450876231884577,0.027749574460387408,True,True
RR 100,3040,0.05397548786458967,0.007533571297079897,True,True
RR 100,3041,0.050960960881004894,0.010807323372611533,True,True
RR 100,3042,0.05119226475463822,0.04092484761614966,True,True
RR 100,3043,0.04138966225815726,0.01149716653154583,True,True
RR 100,3044,0.03620874614031364,0.09228882226973652,False,False
RR 100,3045,0.030384147611698612,0.09027498140277151,False,False
RR 100,3046,0.05076893094658639,0.0007193678006183171,True,True
RR 100,3047,0.04912708665451183,0.008209879565325201,True,True
RR 100,3049,0.05474248958429427,0.0030337232207715147,True,True
RR 100,3048,0.0376138042287807,0.02978827285307296,True,True
RR 100,3050,0.026356411959070198,0.21157127725680946,False,False
RR 100,3051,0.044234862440490456,0.037736568925136806,True,True
RR 100,3052,0.04358031158308708,0.022712985350381153,True,True
RR 100,3053,0.03659275346588679,0.06496954821724273,False,False
RR 100,3054,0.056000033822798764,0.0001059173662532362,True,True
RR 100,3055,0.04177597661572175,0.05117907655089461,False,False
RR 100,3056,0.08781436495355481,1.265210719394592e-07,True,True
RR 100,3057,0.06579491839204578,0.00014556191824023116,True,True
RR 100,3058,0.05929351229920603,0.0006580721567776133,True,True
RR 100,3059,0.04218437272990478,0.018990130291770487,True,True
RR 100,3060,0.0645067385527977,0.001093777529024199,True,True
RR 100,3061,0.038175282057116934,0.028963655586052503,True,True
RR 100,3062,0.007734655099420505,0.6234403252096852,False,False
RR 100,3063,0.07007815196201263,2.104581439639462e-05,True,True
RR 100,3064,0.028188773643313247,0.10474519343386715,False,False
RR 100,3065,0.05053646721378511,0.004161378068604074,True,True
RR 100,3066,0.05383245382087525,0.0041653558681437166,True,True
RR 100,3067,0.025172104705876847,0.12300292448904103,False,False
RR 100,3068,0.06962090020187567,4.705672766543741e-05,True,True
RR 100,3069,0.04347358313602598,0.014720562143162787,True,True
RR 100,3070,0.025036600981964748,0.15076978660076554,False,False
RR 100,3071,0.04006372456817358,0.03896758741466858,True,True
RR 100,3072,0.051753708177361316,3.721668981937827e-05,True,True
RR 100,3073,0.07031401274441985,2.8686299715989263e-05,True,True
RR 100,3074,0.029343893768573347,0.09256178651388819,False,False
RR 100,3075,0.03195540273527741,0.08600603055083703,False,False
RR 100,3076,0.045674056132187765,0.00621961600347671,True,True
RR 100,3077,0.03949224260631069,0.017863278341180153,True,True
RR 100,3078,0.05216341132585165,0.0015939629816068023,True,True
RR 100,3079,0.06906100557908908,0.00015017934124795103,True,True
RR 100,3080,0.07343371397816803,9.308965207370433e-05,True,True
RR 100,3081,0.05869527761424727,0.00014582495412760737,True,True
RR 100,3082,0.048704976921372156,0.003621487681651222,True,True
RR 100,3083,0.05478707362503922,0.014862834901373476,True,True
RR 100,3084,0.028942516881777382,0.08017979476550462,False,False
RR 100,3085,0.04745037017849015,0.0243952085319691,True,True
RR 100,3086,0.019667957809428562,0.2452887898259749,False,False
RR 100,3087,0.07013855919650822,7.157279938292295e-06,True,True
RR 100,3088,0.020212137354357188,0.3180543907022614,False,False
RR 100,3089,0.03503767341449972,0.05784412638278558,False,False
RR 100,3090,0.02361822756469476,0.18887996832749998,False,False
RR 100,3091,0.07572397882176739,5.210259355922034e-06,True,True
RR 100,3092,0.059934595618944896,8.964360183303941e-05,True,True
RR 100,3093,0.04705336150268254,0.012802371173393034,True,True
RR 100,3094,0.033155410485872616,0.05250907967633201,False,False
RR 100,3095,0.04476796837700767,0.014063975626751197,True,True
RR 100,3096,0.0181715491336217,0.22037789282773002,False,False
RR 100,3097,0.03292731996008027,0.13711612241461535,False,False
RR 100,3098,0.038688787491330034,0.011799374401007938,True,True
RR 100,3099,0.030717560319373678,0.09027352896410361,False,False
RR 100,3100,0.031339556703422915,0.07621899885740963,False,False
RR 100,3101,0.03916590985218343,0.05959083390261054,False,False
RR 100,3102,0.05683449753398276,0.0037153553659986377,True,True
RR 100,3103,0.001607610026929246,0.928523937284639,False,False
RR 100,3104,0.045343031776156346,0.016476665258025384,True,True
RR 100,3105,0.052236294316158324,0.0008738936003979174,True,True
RR 100,3106,0.05049428441271682,0.02240186894878302,True,True
RR 100,3107,0.05276300260340766,0.00513709422635053,True,True
RR 100,3108,0.02318408342611793,0.20587437651288687,False,False
RR 100,3109,0.05539271186816848,0.0035899923567959506,True,True
RR 100,3110,0.0610546205892537,1.0703156453109732e-05,True,True
RR 100,3111,0.08159571606474783,2.2744615757901486e-07,True,True
RR 100,3112,0.016605184951133476,0.27928293982274877,False,False
RR 100,3113,0.06420926362106358,0.0006104123795406934,True,True
RR 100,3114,0.03410096593378038,0.0686979242482634,False,False
RR 100,3115,0.049444043143637,0.0009933865373186702,True,True
RR 100,3116,0.03651263827854164,0.03205401254603007,True,True
RR 100,3117,0.06779326468853464,6.252613718733574e-05,True,True
RR 100,3118,0.06065406000014417,0.0011878391512215078,True,True
RR 100,3119,0.020195974616734943,0.23725003889768104,False,False
RR 100,3120,0.017456760951896164,0.27065353443874995,False,False
RR 100,3121,0.030660336351299198,0.07413620131446645,False,False
RR 100,3122,0.06724585075267085,5.842575750172733e-06,True,True
RR 100,3123,0.057249008147011456,0.00035229363740738365,True,True
RR 100,3124,0.04787920535806212,0.007518254587825279,True,True
RR 100,3125,0.07893235548260887,1.5454717034610796e-06,True,True
RR 100,3126,0.046364926884289406,0.004670033645610314,True,True
RR 100,3127,0.030266127246807516,0.08981978065782169,False,False
RR 100,3128,0.034747002519806544,0.013270385528553091,True,True
RR 100,3129,0.031787274324408574,0.07380922766750168,False,False
RR 100,3130,0.06154877437013909,0.0008376127054648883,True,True
RR 100,3131,0.047651673513431296,0.004479814718096011,True,True
RR 100,3132,0.02107973156622423,0.21717166584962933,False,False
RR 100,3133,0.022173938536304828,0.22022111258883692,False,False
RR 100,3134,0.0486022092250913,0.002175275664459569,True,True
RR 100,3135,0.03973655684614253,0.07146042547743274,False,False
RR 100,3136,0.05840608899901312,0.0022742875941709336,True,True
RR 100,3137,0.01205389401005347,0.4699679596568823,False,False
RR 100,3138,0.02069111915245523,0.32054207843511584,False,False
RR 100,3139,0.05109638977378305,0.010549370356539522,True,True
RR 100,3140,0.05699800265969488,0.00374265795179551,True,True
RR 100,3141,0.06990765499780785,4.4202994529160856e-05,True,True
RR 100,3142,0.04271137783052868,0.01080014345323681,True,True
RR 100,3143,0.03066246540845204,0.09509806775738062,False,False
RR 100,3144,0.02517068850479616,0.11338668429352071,False,False
RR 100,3145,0.0413733455608391,0.028160668806278003,True,True
RR 100,3146,0.057909956437806304,0.0012069922088156825,True,True
RR 100,3147,0.03260072004536353,0.05622335982373411,False,False
RR 100,3148,0.05372936374620825,0.0023203126368081584,True,True
RR 100,3149,0.023254802518502107,0.17778743511575212,False,False
RR 100,3150,0.03915306117149141,0.03775265143422186,True,True
RR 100,3151,0.04822400081882388,0.0185771864164871,True,True
RR 100,3152,0.041866636266681474,0.01713738754527331,True,True
RR 100,3153,0.02887577976109319,0.06597428025519865,False,False
RR 100,3154,0.06860082153446394,0.00017809634898851548,True,True
RR 100,3155,0.05133945985090846,0.0007672762895142138,True,True
RR 100,3156,0.055998977931512,0.00012944900163394817,True,True
RR 100,3157,0.04853578533232111,0.003127187818535483,True,True
RR 100,3158,0.033111570390859775,0.05149514483895472,False,False
RR 100,3159,0.07390524895186575,2.659976237637203e-07,True,True
RR 100,3160,0.030000529851555862,0.09323471166911511,False,False
RR 100,3161,0.05022996014227472,0.0012612455707226371,True,True
RR 100,3162,0.02469706144923765,0.19011145410071273,False,False
RR 100,3163,0.01752978629308403,0.27159239842965344,False,False
RR 100,3164,0.02501641414955849,0.09432891034923449,False,False
RR 100,3165,0.030855089799988644,0.09010817824194325,False,False
RR 100,3166,0.030877559972732956,0.03269740854507923,True,True
RR 100,3167,0.0580142968991369,0.0006594503952860707,True,True
RR 100,3168,0.022487074221386537,0.23586958197709362,False,False
RR 100,3169,0.09684943590618526,1.2616235411465976e-06,True,True
RR 100,3170,0.03236446557120847,0.06027952202856183,False,False
RR 100,3171,0.03164966173951302,0.05492883918163845,False,False
RR 100,3172,0.03985964353876505,0.04121607669543202,True,True
RR 100,3173,0.058088409684209336,0.0002235766984680972,True,True
RR 100,3174,0.03103887100405495,0.08347857914480708,False,False
RR 100,3175,0.036512854785162675,0.05814646910490751,False,False
RR 100,3176,0.048914362722176766,0.00299145179910304,True,True
RR 100,3177,0.02866391551548311,0.14660572686197637,False,False
RR 100,3178,0.04307613575658208,0.06985389216950894,False,False
RR 100,3179,0.03543821540643038,0.018239679838704306,True,True
RR 100,3180,0.014944976988059269,0.4331469179916013,False,False
RR 100,3181,0.0671887144319152,0.000656274032834187,True,True
RR 100,3182,0.050040400493670395,0.011583584287369803,True,True
RR 100,3183,0.06662808573495153,0.00044424245632301634,True,True
RR 100,3184,0.04324127275421918,0.007881173214336058,True,True
RR 100,3185,0.0566915512605454,0.0008646887372116533,True,True
RR 100,3186,0.02174103512417712,0.23925969572970351,False,False
RR 100,3187,0.0676977999294659,2.2469742298173318e-05,True,True
RR 100,3188,0.025547416504563703,0.17743049550006995,False,False
RR 100,3189,0.06755866465547007,0.0005668096835492819,True,True
RR 100,3190,0.08195705101062145,2.5485087006187632e-05,True,True
RR 100,3191,0.06031438383941214,0.000904851774829532,True,True
RR 100,3192,0.02362979777712766,0.06500912484318096,False,False
RR 100,3193,0.08622884618614134,1.610004138361661e-07,True,True
RR 100,3194,0.054447774716344315,9.702035616509777e-05,True,True
RR 100,3195,0.03133962584980372,0.10343594996909504,False,False
RR 100,3196,0.05637794023709825,0.0013783309265415896,True,True
RR 100,3197,0.06029401230060691,0.0006157941612106383,True,True
RR 100,3198,0.015248880530565162,0.31735589237248285,False,False
RR 100,3199,0.04218498951926391,0.007984764199861752,True,True
RR 100,3200,0.06166520765166776,9.120424007057556e-05,True,True
RR 100,3201,0.05129443195522619,0.0002174203922172999,True,True
RR 100,3202,0.08977755184856123,2.323529926544514e-06,True,True
RR 100,3203,0.04812731949022646,0.00037255011068978614,True,True
RR 100,3204,0.043986088596758094,0.022199002555107,True,True
RR 100,3205,0.03651402258595782,0.025351653506171856,True,True
RR 100,3206,0.0437492335941927,0.0024502374597734733,True,True
RR 100,3207,0.02915875335529404,0.1502362550282681,False,False
RR 100,3208,0.07676539626226991,1.3557040794076398e-05,True,True
RR 100,3209,0.04472225425829375,0.00524466274399033,True,True
RR 100,3210,0.012617482287295477,0.4575476198865718,False,False
RR 100,3211,0.007828220695937468,0.6823598228833067,False,False
RR 100,3212,0.06901698523930948,9.135133453922246e-05,True,True
RR 100,3213,0.036510498610265084,0.05007263444749081,False,False
RR 100,3214,0.051702906647649996,0.0017752939699112028,True,True
RR 100,3215,0.04954974055154809,0.0016096782576331833,True,True
RR 100,3216,0.03595573557269208,0.01588025585680787,True,True
RR 100,3217,0.03444946853593916,0.04436362948995864,True,True
RR 100,3218,0.04424310504368132,0.024542905553550275,True,True
RR 100,3219,0.07117665680030949,0.00042672495849699105,True,True
RR 100,3220,0.02204653524353107,0.14361561736564435,False,False
RR 100,3221,0.05125808323257127,0.0023601265365169634,True,True
RR 100,3222,0.038262286008533306,0.03107325408050507,True,True
RR 100,3223,0.04862611673273958,0.010343260247448444,True,True
RR 100,3224,0.051259028385703384,0.004658734712615933,True,True
RR 100,3225,0.04894208128630074,0.007292446191977526,True,True
RR 100,3226,0.06365475172381184,3.2988555229603074e-05,True,True
RR 100,3227,0.05119783103514737,0.010150315592131887,True,True
RR 100,3228,0.0598997881189028,0.0007774054651105363,True,True
RR 100,3229,0.058951560826354436,0.0033031322160769357,True,True
RR 100,3230,0.05405557049650596,0.0050154570845448,True,True
RR 100,3231,0.051093964558577364,0.002492869015762204,True,True
RR 100,3232,0.034278515312152084,0.02336946274533005,True,True
RR 100,3233,0.003921468761282387,0.7944969316459244,False,False
RR 100,3234,0.01650563810665264,0.38594927500286547,False,False
RR 100,3235,0.03210050974882465,0.11690130682195611,False,False
RR 100,3236,0.02209006472415824,0.15548196287090518,False,False
RR 100,3237,0.06256875943238162,0.00022090781470272524,True,True
RR 100,3238,0.06375723319181967,0.0002737340014424462,True,True
RR 100,3239,0.01880623291144967,0.17298622682209608,False,False
RR 100,3240,0.02885345678384126,0.16306496308623963,False,False
RR 100,3241,0.047043079287305896,0.0025948420893921855,True,True
RR 100,3242,0.06433281261508285,5.11483136365806e-05,True,True
RR 100,3243,0.05315679173118073,0.0030378357244835725,True,True
RR 100,3244,0.007377856331932157,0.6892044703448701,False,False
RR 100,3245,0.05455100776429106,0.02054927843241089,True,True
RR 100,3246,0.04934232960655268,0.004854715708408475,True,True
RR 100,3247,0.059404799760264505,0.00020374166633193327,True,True
RR 100,3248,0.02920941990031862,0.055872639376671314,False,False
RR 100,3249,0.016435635346212892,0.28868647987922513,False,False
RR 100,3250,0.03529846232436339,0.01536939859945787,True,True
RR 100,3251,0.032337802963104005,0.052351933367341806,False,False
RR 100,3252,0.031718737497172036,0.09375719231044773,False,False
RR 100,3253,0.07779106780444556,2.6871641282078557e-06,True,True
RR 100,3254,0.053637898168642346,0.0025771875602535765,True,True
RR 100,3255,0.008049506955970601,0.6640292462651057,False,False
RR 100,3256,0.043637646467878606,0.03656367585016125,True,True
RR 100,3257,0.03151551322503807,0.07094581998930283,False,False
RR 100,3258,0.007822781083762186,0.6806385206668877,False,False
RR 100,3259,0.04201107047537959,0.0254131034469315,True,True
RR 100,3260,0.024447809164183886,0.18470754079372442,False,False
RR 100,3261,0.046517171000202535,0.008212912309258498,True,True
RR 100,3262,0.060308537084871945,3.9609872899396096e-05,True,True
RR 100,3263,0.026764646756424072,0.1587210994090109,False,False
RR 100,3264,0.054970609517773494,0.00021331129359790005,True,True
RR 100,3265,0.05371934427835577,0.023073691096995246,True,True
RR 100,3266,0.055334962951374064,0.001369894665812517,True,True
RR 100,3267,0.031791628982283375,0.14976345400609237,False,False
RR 100,3268,0.07488077056806804,8.460284484752644e-05,True,True
RR 100,3269,0.050376735342393994,0.009367930940710477,True,True
RR 100,3270,0.03425308093430959,0.02164211735998354,True,True
RR 100,3271,0.05770834350266431,0.0001545269599694966,True,True
RR 100,3272,0.059303116694233944,1.941918025751799e-06,True,True
RR 100,3273,0.012726328548000359,0.44414098597445706,False,False
RR 100,3274,0.039032990628585215,0.08363376280906974,False,False
RR 100,3275,0.020322231775042398,0.33987210236366083,False,False
RR 100,3276,0.028157558014355124,0.14061461305685313,False,False
RR 100,3277,0.0636627025147752,2.128675711465606e-05,True,True
RR 100,3278,0.05872265650746562,0.0003054833317679319,True,True
RR 100,3279,0.047288979567808975,0.007078303752591508,True,True
RR 100,3280,0.039329465913669634,0.049866631418637834,True,True
RR 100,3281,0.019297363918749613,0.3157040319213682,False,False
RR 100,3282,0.05028860606244217,0.012061491530096433,True,True
RR 100,3283,0.06740111374377238,2.6698890935342067e-05,True,True
RR 100,3284,0.07881271796537706,2.0107972786418858e-06,True,True
RR 100,3285,0.02936246317085162,0.1569640650061215,False,False
RR 100,3286,0.011359319931191507,0.4572708383127113,False,False
RR 100,3287,0.050218754057351565,0.0017218335528946872,True,True
RR 100,3288,0.029108833066324002,0.0856462887982798,False,False
RR 100,3289,0.05065527014508156,0.001988384119873864,True,True
RR 100,3290,0.03480116277263847,0.04832930279077587,True,True
RR 100,3291,0.03395630422242833,0.037062961308238405,True,True
RR 100,3292,0.016864479231237402,0.3162569588580719,False,False
RR 100,3293,-0.00035175798521158626,0.9805756662840958,False,False
RR 100,3294,0.04314300712915328,0.012670711482788996,True,True
RR 100,3295,0.0331904891976731,0.0051871282639545735,True,True
RR 100,3296,0.054078184788631196,0.003449114057235722,True,True
RR 100,3297,0.060546963850316306,0.0018936599989675458,True,True
RR 100,3298,0.06724154714421676,1.1383722729599827e-06,True,True
RR 100,3299,0.08334194500017805,1.5774419359357281e-07,True,True
IRR 1.02 per 10%,4000,0.023742340787704715,0.23125160457012395,False,False
IRR 1.02 per 10%,4001,0.03928409027912435,0.016141966275405744,True,True
IRR 1.02 per 10%,4002,0.04311517959625742,0.0022417750599339967,True,True
IRR 1.02 per 10%,4003,0.042187707245654175,0.006295424039893359,True,True
IRR 1.02 per 10%,4004,0.01640148411603419,0.32330151886351544,False,False
IRR 1.02 per 10%,4005,0.021665737781618323,0.22485126468109717,False,False
IRR 1.02 per 10%,4006,0.043666003202952705,0.0034337796312321933,True,True
IRR 1.02 per 10%,4007,0.0156656595914283,0.435412516052641,False,False
IRR 1.02 per 10%,4008,0.03500948815610971,0.05439736489793957,False,False
IRR 1.02 per 10%,4009,0.020036101831728128,0.21201579270324677,False,False
IRR 1.02 per 10%,4010,0.012665015165093461,0.3730524133309835,False,False
IRR 1.02 per 10%,4011,-0.01687700472714032,0.36988473133466104,False,False
IRR 1.02 per 10%,4012,0.033093312140771464,0.04244786810043584,True,True
IRR 1.02 per 10%,4013,0.051538872190567526,0.0019448902016434115,True,True
IRR 1.02 per 10%,4014,0.009476685190394352,0.6003260540937262,False,False
IRR 1.02 per 10%,4015,0.024963920163084498,0.18273140092944584,False,False
IRR 1.02 per 10%,4016,0.025301577569476805,0.1639838749186563,False,False
IRR 1.02 per 10%,4017,0.006149076356150558,0.7388643975634575,False,False
IRR 1.02 per 10%,4018,0.030577036806771835,0.0801717394495266,False,False
IRR 1.02 per 10%,4019,0.011527005711593102,0.48095074780690517,False,False
IRR 1.02 per 10%,4020,0.033259879541730285,0.01752055383957839,True,True
IRR 1.02 per 10%,4021,0.04896657780632793,0.006941021289409032,True,True
IRR 1.02 per 10%,4022,0.051567573186060325,0.01553745063849171,True,True
IRR 1.02 per 10%,4023,0.01888293489576697,0.22190256870724856,False,False
IRR 1.02 per 10%,4024,0.00896009463167434,0.528223886465772,False,False
IRR 1.02 per 10%,4025,0.05181429795036209,0.0012865219226818013,True,True
IRR 1.02 per 10%,4026,0.02681546522044226,0.08582910868626083,False,False
IRR 1.02 per 10%,4027,0.032401878656178905,0.07165361086923447,False,False
IRR 1.02 per 10%,4028,0.0235239579638024,0.13280081075369593,False,False
IRR 1.02 per 10%,4029,0.035774018446873605,0.014190076900021826,True,True
IRR 1.02 per 10%,4030,0.029558528154199216,0.04456791700081901,True,True
IRR 1.02 per 10%,4031,0.023888687992168048,0.2935610172955734,False,False
IRR 1.02 per 10%,4032,0.0018358712741415228,0.9192610295189347,False,False
IRR 1.02 per 10%,4033,0.0007429819319029427,0.9643208180495833,False,False
IRR 1.02 per 10%,4034,0.02115145082123228,0.17769982808192253,False,False
IRR 1.02 per 10%,4035,0.04745728793463805,0.018556918056821116,True,True
IRR 1.02 per 10%,4036,0.036334544840853945,0.07101155159887966,False,False
IRR 1.02 per 10%,4037,0.02507722085187326,0.11432517180939769,False,False
IRR 1.02 per 10%,4038,0.03276334772613282,0.030591212507196437,True,True
IRR 1.02 per 10%,4039,0.01517914847892391,0.42818206740889553,False,False
IRR 1.02 per 10%,4040,0.0060209512294208565,0.7516177833233143,False,False
IRR 1.02 per 10%,4041,0.05238553930347822,0.00014200363622035518,True,True
IRR 1.02 per 10%,4042,0.03774904254211398,0.0692571236431109,False,False
IRR 1.02 per 10%,4043,0.02139520106716863,0.28009661824340226,False,False
IRR 1.02 per 10%,4044,0.020840264150533656,0.2331123190277482,False,False
IRR 1.02 per 10%,4045,0.007550643921158378,0.6874676974437065,False,False
IRR 1.02 per 10%,4046,0.042298040325511946,0.03156283744541387,True,True
IRR 1.02 per 10%,4047,0.05537700809344375,0.00026318052467459957,True,True
IRR 1.02 per 10%,4048,-0.012523032241360818,0.4215589297600011,False,False
IRR 1.02 per 10%,4049,0.0415740025844794,0.042819949592074545,True,True
IRR 1.02 per 10%,4050,0.027841658954768773,0.06182700838514532,False,False
IRR 1.02 per 10%,4051,0.03758790367468601,0.046143575885699555,True,True
IRR 1.02 per 10%,4052,0.0140917789422705,0.35488336298189505,False,False
IRR 1.02 per 10%,4053,0.04221760481804815,0.022677877217367574,True,True
IRR 1.02 per 10%,4054,0.03335213285581919,0.05174364127845644,False,False
IRR 1.02 per 10%,4055,0.029732718482274788,0.09610449314203844,False,False
IRR 1.02 per 10%,4056,0.02812577180539799,0.1011079526173321,False,False
IRR 1.02 per 10%,4057,0.006740460601767706,0.6076379555106666,False,False
IRR 1.02 per 10%,4058,0.015258098305279388,0.3357281692684395,False,False
IRR 1.02 per 10%,4059,-0.006268797888928722,0.7054267941029717,False,False
IRR 1.02 per 10%,4060,-0.0036879641052161077,0.8464848043559112,False,False
IRR 1.02 per 10%,4061,0.06075069679191603,0.0016034551861540563,True,True
IRR 1.02 per 10%,4062,0.017557015769936634,0.3331603657520711,False,False
IRR 1.02 per 10%,4063,0.01456324684113731,0.5398582571163462,False,False
IRR 1.02 per 10%,4064,0.009529553471533262,0.652067724092508,False,False
IRR 1.02 per 10%,4065,0.018820725189247996,0.23077890080332752,False,False
IRR 1.02 per 10%,4066,0.020128796258870155,0.1850052700151339,False,False
IRR 1.02 per 10%,4067,0.047628873472942035,0.0008793290063012315,True,True
IRR 1.02 per 10%,4068,0.023545032220363804,0.22932238348158407,False,False
IRR 1.02 per 10%,4069,0.029598731994331492,0.06472703657965365,False,False
IRR 1.02 per 10%,4070,0.002508317487405528,0.888095547053963,False,False
IRR 1.02 per 10%,4071,0.023410552853676405,0.17826051232512863,False,False
IRR 1.02 per 10%,4072,0.014548419071078638,0.47995303007108314,False,False
IRR 1.02 per 10%,4073,0.01139881852548246,0.4484317617359045,False,False
IRR 1.02 per 10%,4074,0.027165706674583484,0.20817179045168388,False,False
IRR 1.02 per 10%,4075,0.0017944223023027193,0.9192016552905905,False,False
IRR 1.02 per 10%,4076,0.013468921094317953,0.4045942848012136,False,False
IRR 1.02 per 10%,4077,0.03512882420135544,0.03139991287507851,True,True
IRR 1.02 per 10%,4078,0.011113731728404196,0.5180620023754663,False,False
IRR 1.02 per 10%,4079,0.01412104903236551,0.36093248020753055,False,False
IRR 1.02 per 10%,4080,-0.002826488288318116,0.8404315053996372,False,False
IRR 1.02 per 10%,4081,0.02631699617579522,0.21085834792074587,False,False
IRR 1.02 per 10%,4082,0.028045762348395353,0.08812314720366979,False,False
IRR 1.02 per 10%,4083,0.020478080997021975,0.17112516580449266,False,False
IRR 1.02 per 10%,4084,0.04381845964412541,0.015268128971663703,True,True
IRR 1.02 per 10%,4085,0.008029707850446894,0.6664725525339618,False,False
IRR 1.02 per 10%,4086,-0.0009677124666122275,0.9482469620900386,False,False
IRR 1.02 per 10%,4087,0.04038007421138057,0.026651573130229526,True,True
IRR 1.02 per 10%,4088,0.023753548243301875,0.19361659745034487,False,False
IRR 1.02 per 10%,4089,0.023936046900740807,0.11171504949884264,False,False
IRR 1.02 per 10%,4090,-0.004018245853870471,0.8361465798135163,False,False
IRR 1.02 per 10%,4091,0.007036201637397344,0.6253715801593116,False,False
IRR 1.02 per 10%,4092,0.01866779568871715,0.22261727290978583,False,False
IRR 1.02 per 10%,4093,0.001258659906485096,0.9395559666084838,False,False
IRR 1.02 per 10%,4094,0.023896259771673315,0.22210995398958833,False,False
IRR 1.02 per 10%,4095,0.0043825095786636055,0.8116602764617564,False,False
IRR 1.02 per 10%,4096,0.044718725744256976,0.0027402170849508403,True,True
IRR 1.02 per 10%,4097,0.015904519384163325,0.40145215019722325,False,False
IRR 1.02 per 10%,4099,0.027205957391107507,0.1188531798328645,False,False
IRR 1.02 per 10%,4098,0.027178223635761427,0.17602058282627797,False,False
IRR 1.02 per 10%,4100,0.017825047553847034,0.29860696879430026,False,False
IRR 1.02 per 10%,4101,0.005124606916932043,0.6807493584009149,False,False
IRR 1.02 per 10%,4102,0.036904617915271054,0.03810259388673395,True,True
IRR 1.02 per 10%,4103,-0.013597080179774153,0.3648339152566189,False,False
IRR 1.02 per 10%,4104,0.00963497240437785,0.6364448946247866,False,False
IRR 1.02 per 10%,4105,-0.009744910454004647,0.5629122827644628,False,False
IRR 1.02 per 10%,4106,0.002153725366715926,0.8992730390624729,False,False
IRR 1.02 per 10%,4107,0.05639396927419142,0.0030637321545872653,True,True
IRR 1.02 per 10%,4108,0.03281663870543177,0.10721655957716893,False,False
IRR 1.02 per 10%,4109,0.04173827545234272,0.014902599627296403,True,True
IRR 1.02 per 10%,4110,0.023527528335167653,0.2016731770721223,False,False
IRR 1.02 per 10%,4111,0.0018704146557633832,0.8912845654876379,False,False
IRR 1.02 per 10%,4112,0.02200484698830125,0.2144246090300551,False,False
IRR 1.02 per 10%,4113,0.034308160496991445,0.0726552329399131,False,False
IRR 1.02 per 10%,4114,0.03447014462304628,0.0748580363626962,False,False
IRR 1.02 per 10%,4115,0.007186308072807618,0.6959925168887553,False,False
IRR 1.02 per 10%,4116,0.04062651684297438,0.05882762336518985,False,False
IRR 1.02 per 10%,4117,0.0505569424542193,0.003281583761878092,True,True
IRR 1.02 per 10%,4118,0.0379161035091132,0.04409740592568553,True,True
IRR 1.02 per 10%,4119,0.03438851711567554,0.03695453301798604,True,True
IRR 1.02 per 10%,4120,0.022179163250494793,0.2196658184694339,False,False
IRR 1.02 per 10%,4121,0.03451392021955423,0.016946742387999078,True,True
IRR 1.02 per 10%,4122,0.0059126548803169685,0.7853864080518722,False,False
IRR 1.02 per 10%,4123,0.010056362304441189,0.5391649043862823,False,False
IRR 1.02 per 10%,4124,0.0017278334092854666,0.9153476147034945,False,False
IRR 1.02 per 10%,4125,0.025431859209387297,0.15528835508775166,False,False
IRR 1.02 per 10%,4126,0.0308035552473855,0.13233045957448764,False,False
IRR 1.02 per 10%,4127,0.004416665027546215,0.829466898737562,False,False
IRR 1.02 per 10%,4128,0.05878282221094945,1.4367849077123689e-05,True,True
IRR 1.02 per 10%,4129,0.027269459287777405,0.08459707626773597,False,False
IRR 1.02 per 10%,4130,0.02664701366656925,0.07505977810459123,False,False
IRR 1.02 per 10%,4131,0.03306183306426571,0.03863773033100437,True,True
IRR 1.02 per 10%,4132,0.02933951402478082,0.18883432346880058,False,False
IRR 1.02 per 10%,4133,0.039357125873951605,0.015482185092205123,True,True
IRR 1.02 per 10%,4134,-0.002587958849795552,0.8732133490289036,False,False
IRR 1.02 per 10%,4135,0.0369853786213861,0.057065949998981395,False,False
IRR 1.02 per 10%,4136,0.011406207733775441,0.5003866537373396,False,False
IRR 1.02 per 10%,4137,0.002402570240078382,0.8747150998046074,False,False
IRR 1.02 per 10%,4138,0.0635265886929393,0.001211830890019422,True,True
IRR 1.02 per 10%,4139,0.007886852043367752,0.6213038191240383,False,False
IRR 1.02 per 10%,4140,0.04126515921147761,0.013055513855855022,True,True
IRR 1.02 per 10%,4141,0.006489273424669823,0.7521732940282533,False,False
IRR 1.02 per 10%,4142,0.03367362076529886,0.056021441611849236,False,False
IRR 1.02 per 10%,4143,0.03085805718608776,0.03843916633471876,True,True
IRR 1.02 per 10%,4144,0.018599965177534084,0.24404639898865987,False,False
IRR 1.02 per 10%,4145,0.03864431192489278,0.06581573428946526,False,False
IRR 1.02 per 10%,4146,0.026656131130698563,0.1289782651591713,False,False
IRR 1.02 per 10%,4147,0.013454119413254887,0.5691199154617637,False,False
IRR 1.02 per 10%,4148,0.0351950941650219,0.021588188772151542,True,True
IRR 1.02 per 10%,4149,0.04640497652843292,0.0003968723825685644,True,True
IRR 1.02 per 10%,4150,0.05185521103859849,0.001274192828648252,True,True
IRR 1.02 per 10%,4151,0.02966722227137403,0.061910588494682006,False,False
IRR 1.02 per 10%,4152,0.012802669911316402,0.41655821347709465,False,False
IRR 1.02 per 10%,4153,-0.02099460184532244,0.1203895862455083,False,False
IRR 1.02 per 10%,4154,0.015313840056815575,0.21440039353690765,False,False
IRR 1.02 per 10%,4155,0.005821834430162147,0.7519547626283765,False,False
IRR 1.02 per 10%,4156,-0.001946991434880736,0.9139204812300499,False,False
IRR 1.02 per 10%,4157,0.010563483942030844,0.500751281104945,False,False
IRR 1.02 per 10%,4158,0.028746088758499183,0.12687912735183038,False,False
IRR 1.02 per 10%,4159,0.01021893243929388,0.5555787438489943,False,False
IRR 1.02 per 10%,4160,0.0675754857472526,9.604144661321581e-05,True,True
IRR 1.02 per 10%,4161,0.0022495643383064804,0.8734349490156139,False,False
IRR 1.02 per 10%,4162,0.05085612522295367,0.0014791953500304061,True,True
IRR 1.02 per 10%,4163,0.0057284003444459325,0.7237122830626932,False,False
IRR 1.02 per 10%,4164,-0.015831134873278776,0.3352065982727255,False,False
IRR 1.02 per 10%,4165,-0.0026802740383747156,0.8630357181251631,False,False
IRR 1.02 per 10%,4166,0.013273630347901742,0.4898822225170225,False,False
IRR 1.02 per 10%,4167,0.022480216454211492,0.174457344232418,False,False
IRR 1.02 per 10%,4168,0.028336655886035598,0.07279160721325305,False,False
IRR 1.02 per 10%,4169,0.0015969937220107202,0.9231557888579948,False,False
IRR 1.02 per 10%,4170,0.018238555181322415,0.3491467903118113,False,False
IRR 1.02 per 10%,4171,-0.004002166511069975,0.814062484433318,False,False
IRR 1.02 per 10%,4172,0.0202168764809871,0.33081782701760576,False,False
IRR 1.02 per 10%,4173,0.013343975620563862,0.4179596064740998,False,False
IRR 1.02 per 10%,4174,0.02593915341742654,0.12363629149933343,False,False
IRR 1.02 per 10%,4175,0.042772034853059276,0.015523215242117772,True,True
IRR 1.02 per 10%,4176,0.03251105104895426,0.07607080741567544,False,False
IRR 1.02 per 10%,4177,-0.0068520560405181995,0.5990103906262534,False,False
IRR 1.02 per 10%,4178,0.0017900313380089165,0.9115533950924998,False,False
IRR 1.02 per 10%,4179,0.006072179663089548,0.80007736437639,False,False
IRR 1.02 per 10%,4180,0.031130504440960233,0.06663153403443701,False,False
IRR 1.02 per 10%,4181,0.015716547345119465,0.375751073051213,False,False
IRR 1.02 per 10%,4182,0.012031102957395965,0.5221115823307969,False,False
IRR 1.02 per 10%,4183,0.0010793170668318712,0.9521371816646818,False,False
IRR 1.02 per 10%,4184,-0.002053654770969717,0.9048818842063097,False,False
IRR 1.02 per 10%,4185,0.017856089657660505,0.28925620396003127,False,False
IRR 1.02 per 10%,4186,0.02810931917602806,0.05973282595526084,False,False
IRR 1.02 per 10%,4187,0.024254839834309653,0.11841453673082443,False,False
IRR 1.02 per 10%,4188,-0.006088229374936166,0.6852892241349698,False,False
IRR 1.02 per 10%,4189,0.020063219281254457,0.18939142949073529,False,False
IRR 1.02 per 10%,4190,0.025803798743716185,0.12507713688372013,False,False
IRR 1.02 per 10%,4191,0.019722171622939624,0.18832152691505066,False,False
IRR 1.02 per 10%,4192,-0.0006509296385892831,0.9759797646848655,False,False
IRR 1.02 per 10%,4193,0.02246703679687842,0.15116927624988433,False,False
IRR 1.02 per 10%,4194,0.020374910643233327,0.2497651004622249,False,False
IRR 1.02 per 10%,4195,0.021423588769708225,0.173419238756631,False,False
IRR 1.02 per 10%,4196,-0.009288636407124674,0.6121251716923625,False,False
IRR 1.02 per 10%,4197,0.05246590783130654,2.024926960195629e-05,True,True
IRR 1.02 per 10%,4198,0.0016979673763367746,0.9151498083642751,False,False
IRR 1.02 per 10%,4199,0.038745564919166614,0.02575344108512754,True,True
IRR 1.02 per 10%,4200,-0.00990812885481261,0.4315959241077486,False,False
IRR 1.02 per 10%,4201,0.015964395345025164,0.3423197534081863,False,False
IRR 1.02 per 10%,4202,0.03609576269016066,0.028845829429512058,True,True
IRR 1.02 per 10%,4203,0.0174859823467501,0.3640146391572976,False,False
IRR 1.02 per 10%,4204,0.012455538300969264,0.4438857302888104,False,False
IRR 1.02 per 10%,4205,0.03100291270807926,0.06517968770064868,False,False
IRR 1.02 per 10%,4206,0.0155975408165975,0.35615419005072946,False,False
IRR 1.02 per 10%,4207,0.013109236773605369,0.50473720156948,False,False
IRR 1.02 per 10%,4208,0.023354324083354003,0.21110625661800975,False,False
IRR 1.02 per 10%,4209,-0.011078869487169733,0.5373348403558824,False,False
IRR 1.02 per 10%,4210,0.017760948817478955,0.44224684042963947,False,False
IRR 1.02 per 10%,4211,-0.0031211307201845237,0.8700666252154765,False,False
IRR 1.02 per 10%,4212,0.027410700077245484,0.044447713809424194,True,True
IRR 1.02 per 10%,4213,0.04909786072376772,0.001520960197826058,True,True
IRR 1.02 per 10%,4214,0.03626195649522493,0.03249028231761054,True,True
IRR 1.02 per 10%,4215,0.013583267507428302,0.5527948021404341,False,False
IRR 1.02 per 10%,4216,0.00850690075389245,0.6546615487818563,False,False
IRR 1.02 per 10%,4217,0.04418239463688672,0.01912012314308302,True,True
IRR 1.02 per 10%,4218,0.028594601274770457,0.03385867985199297,True,True
IRR 1.02 per 10%,4219,0.03375884197529521,0.10534319430165053,False,False
IRR 1.02 per 10%,4220,0.03585571756960961,0.09480405538772187,False,False
IRR 1.02 per 10%,4221,0.02394782864240578,0.21147297519969388,False,False
IRR 1.02 per 10%,4222,-0.013254252521174814,0.393092830638346,False,False
IRR 1.02 per 10%,4223,-5.6218060470141247e-05,0.9975102194341456,False,False
IRR 1.02 per 10%,4224,0.01631322044621684,0.2791609313926633,False,False
IRR 1.02 per 10%,4225,0.01978313095413197,0.2083916210385579,False,False
IRR 1.02 per 10%,4226,0.005041068159735969,0.7496389043007146,False,False
IRR 1.02 per 10%,4227,0.01289844487089944,0.412853845620917,False,False
IRR 1.02 per 10%,4228,-0.00038839532379681877,0.9810568892979883,False,False
IRR 1.02 per 10%,4229,0.04411882138300979,0.016838833926429684,True,True
IRR 1.02 per 10%,4230,0.024472764433515825,0.12241838266904657,False,False
IRR 1.02 per 10%,4231,0.01817734973246141,0.28043307847409027,False,False
IRR 1.02 per 10%,4232,0.02977511717785717,0.06993144132466811,False,False
IRR 1.02 per 10%,4233,-0.005501791376098819,0.7941075572951362,False,False
IRR 1.02 per 10%,4234,0.06907587846226589,1.629063669689613e-05,True,True
IRR 1.02 per 10%,4235,0.022207336952773517,0.2287067863974962,False,False
IRR 1.02 per 10%,4236,0.01366568367640239,0.5591896607735778,False,False
IRR 1.02 per 10%,4237,0.06181699469369177,2.162085382790857e-06,True,True
IRR 1.02 per 10%,4238,0.018705776642697677,0.3046509371843241,False,False
IRR 1.02 per 10%,4239,-0.00461671871299231,0.7738973567725047,False,False
IRR 1.02 per 10%,4240,0.0629518624895841,0.0007086516411026055,True,True
IRR 1.02 per 10%,4241,0.018639226235055102,0.36187939320315976,False,False
IRR 1.02 per 10%,4242,0.041478519808474085,0.018945425205587892,True,True
IRR 1.02 per 10%,4243,0.012878195374200018,0.5342900291572776,False,False
IRR 1.02 per 10%,4244,0.01990530893602779,0.298828794547528,False,False
IRR 1.02 per 10%,4245,0.03864073441685289,0.045609759960075894,True,True
IRR 1.02 per 10%,4246,0.03978107664474371,0.023182906794748766,True,True
IRR 1.02 per 10%,4247,0.021649793242174645,0.1988247186305816,False,False
IRR 1.02 per 10%,4248,0.04078548154603683,0.011571322101890396,True,True
IRR 1.02 per 10%,4249,-0.011457436391842036,0.45133865316663824,False,False
IRR 1.02 per 10%,4250,0.014757926806267526,0.3514965682334654,False,False
IRR 1.02 per 10%,4251,0.0345552333122268,0.05370300871691738,False,False
IRR 1.02 per 10%,4252,0.0404383917901244,0.003072888316343891,True,True
IRR 1.02 per 10%,4253,0.027971575456567463,0.09590125388936761,False,False
IRR 1.02 per 10%,4254,0.00266735801347769,0.8819094797945838,False,False
IRR 1.02 per 10%,4255,0.017325425313401314,0.250587449578058,False,False
IRR 1.02 per 10%,4256,0.027008165018729623,0.11290182000429841,False,False
IRR 1.02 per 10%,4257,0.00017069138050804057,0.993052015616043,False,False
IRR 1.02 per 10%,4258,0.01969928820634336,0.17727417894842,False,False
IRR 1.02 per 10%,4259,0.0018561526495325413,0.9186761347389855,False,False
IRR 1.02 per 10%,4260,0.05780165336998675,0.00023873706192340964,True,True
IRR 1.02 per 10%,4261,0.0005732389449236986,0.9694641972540217,False,False
IRR 1.02 per 10%,4262,0.0021623651056773266,0.8999052360354337,False,False
IRR 1.02 per 10%,4263,0.03382302969964746,0.022920729721271446,True,True
IRR 1.02 per 10%,4264,0.015373694997580649,0.4367616851934245,False,False
IRR 1.02 per 10%,4265,0.0027479604492866676,0.8687604378873096,False,False
IRR 1.02 per 10%,4266,0.026279578322380405,0.08173860581305431,False,False
IRR 1.02 per 10%,4267,0.036707403782718195,0.030826105578100865,True,True
IRR 1.02 per 10%,4268,0.004589776424912103,0.7932432772574937,False,False
IRR 1.02 per 10%,4269,0.04923647621060336,0.0012622136471031385,True,True
IRR 1.02 per 10%,4270,0.0531101998731108,0.003915605109488153,True,True
IRR 1.02 per 10%,4271,0.026155459535740798,0.058169898397966574,False,False
IRR 1.02 per 10%,4272,0.014442201013418738,0.40705822254397794,False,False
IRR 1.02 per 10%,4273,0.031628158059143624,0.0598695921432771,False,False
IRR 1.02 per 10%,4274,0.01746582281591032,0.23068111912257416,False,False
IRR 1.02 per 10%,4275,-0.006234223126325566,0.7685191176547642,False,False
IRR 1.02 per 10%,4276,0.04221638589019726,0.021291712694272904,True,True
IRR 1.02 per 10%,4277,0.020335468035854745,0.27642574587907176,False,False
IRR 1.02 per 10%,4278,0.027274592506765664,0.14138426637525825,False,False
IRR 1.02 per 10%,4279,0.0021114075376771346,0.8797539571433993,False,False
IRR 1.02 per 10%,4280,0.017521066913113545,0.40885270326511447,False,False
IRR 1.02 per 10%,4281,0.020624023116745854,0.1579063010257683,False,False
IRR 1.02 per 10%,4282,0.02621249681265941,0.07385398548643106,False,False
IRR 1.02 per 10%,4283,-0.01668485703678653,0.3014125321172981,False,False
IRR 1.02 per 10%,4284,0.02153017357395201,0.229449690449954,False,False
IRR 1.02 per 10%,4285,0.024589645106415575,0.20860634492009844,False,False
IRR 1.02 per 10%,4286,-0.002372329145272281,0.8977696744660105,False,False
IRR 1.02 per 10%,4287,0.011153468224759076,0.4814827846141655,False,False
IRR 1.02 per 10%,4288,0.04125499910406918,0.019106427117620485,True,True
IRR 1.02 per 10%,4289,0.017030127938207924,0.39120111502813326,False,False
IRR 1.02 per 10%,4290,0.049598929403905416,0.0011092983337814622,True,True
IRR 1.02 per 10%,4291,0.008778465551309513,0.617279105010871,False,False
IRR 1.02 per 10%,4292,0.029216958211493945,0.04326766904363005,True,True
IRR 1.02 per 10%,4293,0.03631483255722473,0.02994482670478434,True,True
IRR 1.02 per 10%,4294,0.014938032143708872,0.40705606904554414,False,False
IRR 1.02 per 10%,4295,0.013606794074994948,0.35800150933092734,False,False
IRR 1.02 per 10%,4296,0.010569788151546512,0.5590670599817072,False,False
IRR 1.02 per 10%,4297,0.05458483235744901,0.00020521618255336458,True,True
IRR 1.02 per 10%,4298,0.02953669788281421,0.061606280559229995,False,False
IRR 1.02 per 10%,4299,0.042182532805036733,0.010892954488715703,True,True
IRR 1.05 per 10%,5000,0.04710999541122631,0.0032128383796140546,True,True
IRR 1.05 per 10%,5001,0.06696099642292186,0.00020497431881572463,True,True
IRR 1.05 per 10%,5002,0.04113420456138024,0.01407442765590285,True,True
IRR 1.05 per 10%,5003,0.07494329124778,5.862221573098603e-06,True,True
IRR 1.05 per 10%,5004,0.030388867914118354,0.08306992772465055,False,False
IRR 1.05 per 10%,5005,0.04905174664525479,0.005995326748437315,True,True
IRR 1.05 per 10%,5006,0.00986869335848414,0.5622736218228934,False,False
IRR 1.05 per 10%,5007,0.051084136460417734,0.0019605068109147653,True,True
IRR 1.05 per 10%,5008,0.0820408525081555,1.8110412685779243e-12,True,True
IRR 1.05 per 10%,5009,0.02243292144184725,0.31057117734116946,False,False
IRR 1.05 per 10%,5010,0.04113215890767982,0.07172974374013699,False,False
IRR 1.05 per 10%,5011,0.026187798375785516,0.12793685115723416,False,False
IRR 1.05 per 10%,5012,0.055423567301320954,0.0017979662875441398,True,True
IRR 1.05 per 10%,5013,0.07192828919815261,1.2550259360210535e-06,True,True
IRR 1.05 per 10%,5014,0.05473959458700926,0.02431048823790285,True,True
IRR 1.05 per 10%,5015,0.030898567353052835,0.1111988210187631,False,False
IRR 1.05 per 10%,5016,0.026609869883339396,0.11743404102872763,False,False
IRR 1.05 per 10%,5017,0.06323751001860144,0.00045481249277624697,True,True
IRR 1.05 per 10%,5018,0.008652154609482758,0.556518462627681,False,False
IRR 1.05 per 10%,5019,0.06659445047531026,0.00034948351091200643,True,True
IRR 1.05 per 10%,5020,0.020661356776300946,0.30488472439374803,False,False
IRR 1.05 per 10%,5021,0.06276160285458389,0.00025573914412565856,True,True
IRR 1.05 per 10%,5022,0.015276397978456008,0.45266786777422685,False,False
IRR 1.05 per 10%,5023,0.038477983617479845,0.0221833012921951,True,True
IRR 1.05 per 10%,5024,0.026037857775734204,0.09728958633608463,False,False
IRR 1.05 per 10%,5025,0.061282813827824106,0.00026055486901062683,True,True
IRR 1.05 per 10%,5026,0.06368521365742824,5.62754419733005e-06,True,True
IRR 1.05 per 10%,5027,0.04239400117677175,0.0074367628427681465,True,True
IRR 1.05 per 10%,5028,0.07782946639453209,1.748151558578793e-05,True,True
IRR 1.05 per 10%,5029,0.0292608302220762,0.08327567761478101,False,False
IRR 1.05 per 10%,5030,0.03139918862987027,0.10047744226526024,False,False
IRR 1.05 per 10%,5031,0.052284004824778116,0.0002465836188976265,True,True
IRR 1.05 per 10%,5032,0.048324243289534066,0.03148603854361348,True,True
IRR 1.05 per 10%,5033,0.05374139751477841,0.010274534951952389,True,True
IRR 1.05 per 10%,5034,0.058803818993810285,0.0001481417575765412,True,True
IRR 1.05 per 10%,5035,0.07254367216796628,0.0003115009421759316,True,True
IRR 1.05 per 10%,5036,0.049737802962864765,0.03059925817338953,True,True
IRR 1.05 per 10%,5037,0.059492573778019225,0.0018589000747536817,True,True
IRR 1.05 per 10%,5038,0.03713679458914515,0.049676579996161714,True,True
IRR 1.05 per 10%,5039,0.03900226855241854,0.017239859111375766,True,True
IRR 1.05 per 10%,5040,0.04377758349207838,0.0020471029817111415,True,True
IRR 1.05 per 10%,5041,0.08180779182813504,4.368860140625976e-11,True,True
IRR 1.05 per 10%,5042,0.01731532785265164,0.35846531388277925,False,False
IRR 1.05 per 10%,5043,0.02279337351661879,0.09808708059358143,False,False
IRR 1.05 per 10%,5044,0.06103692201967327,0.00012128785327901371,True,True
IRR 1.05 per 10%,5045,0.06188630903393106,0.00010741009248892344,True,True
IRR 1.05 per 10%,5046,0.05514120428033428,0.003956942083852749,True,True
IRR 1.05 per 10%,5047,0.049447131556442196,0.0018606115943814402,True,True
IRR 1.05 per 10%,5048,0.00803007605949232,0.6352479108604048,False,False
IRR 1.05 per 10%,5049,0.06314653595269631,7.907664431749503e-05,True,True
IRR 1.05 per 10%,5050,0.10204474047000424,4.549433692050535e-13,True,True
IRR 1.05 per 10%,5051,0.035774743927349625,0.049137499326593975,True,True
IRR 1.05 per 10%,5052,0.06528967374418997,3.640720808692608e-05,True,True
IRR 1.05 per 10%,5053,0.07477310370427886,1.0967732671737003e-05,True,True
IRR 1.05 per 10%,5054,0.06430467396150356,0.0005224834832104957,True,True
IRR 1.05 per 10%,5055,0.06074699125456049,5.140446114564572e-05,True,True
IRR 1.05 per 10%,5056,0.04051944336319121,0.03700749999651792,True,True
IRR 1.05 per 10%,5057,0.03572201689803139,0.004579804602848619,True,True
IRR 1.05 per 10%,5058,0.042604819083551855,0.01273072628543147,True,True
IRR 1.05 per 10%,5059,0.03161811417327183,0.08328485769331981,False,False
IRR 1.05 per 10%,5060,0.05747545132524754,0.002912733413103977,True,True
IRR 1.05 per 10%,5061,0.0395633217439125,0.01477852936187408,True,True
IRR 1.05 per 10%,5062,0.04111884382068035,0.03385461175450284,True,True
IRR 1.05 per 10%,5063,0.041025945730245074,0.004919898499592293,True,True
IRR 1.05 per 10%,5064,0.04881558205267219,0.00039327270670061915,True,True
IRR 1.05 per 10%,5065,0.01620308707354845,0.3019992973397476,False,False
IRR 1.05 per 10%,5066,0.050868718545872604,0.005477831942663527,True,True
IRR 1.05 per 10%,5067,0.038136964871173205,0.024341006178198007,True,True
IRR 1.05 per 10%,5068,0.03555136797082369,0.009416506318160872,True,True
IRR 1.05 per 10%,5069,0.033944391850701285,0.04901062135813698,True,True
IRR 1.05 per 10%,5070,0.05060195903591995,0.0022642818472064967,True,True
IRR 1.05 per 10%,5071,0.07747445638147853,5.927015068308203e-05,True,True
IRR 1.05 per 10%,5072,0.07559664992118016,8.435657697430514e-05,True,True
IRR 1.05 per 10%,5073,0.058666314150196006,0.01021998234727549,True,True
IRR 1.05 per 10%,5074,0.0849506200230622,9.909118685158468e-07,True,True
IRR 1.05 per 10%,5075,0.0460366929184243,0.00904519551321583,True,True
IRR 1.05 per 10%,5076,0.03263246868305358,0.04408247315566764,True,True
IRR 1.05 per 10%,5077,0.07147708331925014,4.813068056068712e-05,True,True
IRR 1.05 per 10%,5078,0.03277583233468563,0.060897796105627094,False,False
IRR 1.05 per 10%,5079,0.0863876094424799,4.111827120839331e-05,True,True
IRR 1.05 per 10%,5080,0.02873189707661125,0.18125132930578147,False,False
IRR 1.05 per 10%,5081,0.04726590111434919,0.015582625315823825,True,True
IRR 1.05 per 10%,5082,0.06902990647190094,5.613673441391356e-06,True,True
IRR 1.05 per 10%,5083,0.07075789214688134,8.895888839308503e-06,True,True
IRR 1.05 per 10%,5084,0.042158842570156514,0.012744929416820245,True,True
IRR 1.05 per 10%,5085,0.03128277680496765,0.09705039322114829,False,False
IRR 1.05 per 10%,5086,0.04896229052187358,0.01953022496498455,True,True
IRR 1.05 per 10%,5087,0.04317949419250105,0.007916292980030873,True,True
IRR 1.05 per 10%,5088,0.048866153219150894,0.0010943160672578023,True,True
IRR 1.05 per 10%,5089,0.04251548024924377,0.022624859820322436,True,True
IRR 1.05 per 10%,5090,0.04205440276953734,0.01453154021773926,True,True
IRR 1.05 per 10%,5091,0.013463534016323319,0.3822184956409642,False,False
IRR 1.05 per 10%,5092,0.06777922661060173,0.00024922814023692314,True,True
IRR 1.05 per 10%,5093,0.06415670589267154,0.0013201744060115771,True,True
IRR 1.05 per 10%,5094,0.034043683300916706,0.08064118163303269,False,False
IRR 1.05 per 10%,5095,0.04613782863111372,0.012760465671240584,True,True
IRR 1.05 per 10%,5096,0.01800986217968156,0.3624611090717281,False,False
IRR 1.05 per 10%,5097,0.03400010426897486,0.03494361744940867,True,True
IRR 1.05 per 10%,5098,0.0784133721840042,0.00011763217259711377,True,True
IRR 1.05 per 10%,5099,0.02768991192001724,0.1470338427947678,False,False
IRR 1.05 per 10%,5100,0.0028937570787094936,0.8809404662702449,False,False
IRR 1.05 per 10%,5101,0.040303238058527605,0.006974813674489722,True,True
IRR 1.05 per 10%,5102,0.03149357974502796,0.081512593589931,False,False
IRR 1.05 per 10%,5103,0.022008088354113473,0.17259603872035423,False,False
IRR 1.05 per 10%,5104,0.040517184946563325,0.0184211275795691,True,True
IRR 1.05 per 10%,5105,0.08320769609184658,2.4464869706175226e-05,True,True
IRR 1.05 per 10%,5106,0.043738448799310096,0.0030089151504979154,True,True
IRR 1.05 per 10%,5107,0.053133971110521545,0.0009517517739004736,True,True
IRR 1.05 per 10%,5108,0.030302911638694096,0.12630971426161416,False,False
IRR 1.05 per 10%,5109,0.034578220342050846,0.04220448400418978,True,True
IRR 1.05 per 10%,5110,0.06697694217802774,0.00012408319775761712,True,True
IRR 1.05 per 10%,5111,0.05215163902000878,0.00043841429843367586,True,True
IRR 1.05 per 10%,5112,0.036512057607726224,0.029700549853081185,True,True
IRR 1.05 per 10%,5113,0.07374580968908724,0.0001581168068524811,True,True
IRR 1.05 per 10%,5114,0.07595593586646077,5.650719138205437e-07,True,True
IRR 1.05 per 10%,5115,0.0115437963540676,0.5608728461805771,False,False
IRR 1.05 per 10%,5116,0.052413915535591535,0.0002668132375666364,True,True
IRR 1.05 per 10%,5117,0.051008096211901326,0.0042784036000857156,True,True
IRR 1.05 per 10%,5119,0.056894580358509625,0.0026499657385218307,True,True
IRR 1.05 per 10%,5118,0.06338824534733951,0.00016826154744780845,True,True
IRR 1.05 per 10%,5120,0.07132054199709768,6.128413429391532e-05,True,True
IRR 1.05 per 10%,5121,0.06166171142785564,0.00300655628909927,True,True
IRR 1.05 per 10%,5122,0.041466168349487104,0.02106841232457805,True,True
IRR 1.05 per 10%,5123,0.015196905137394866,0.41477325567899637,False,False
IRR 1.05 per 10%,5124,0.05804646224233324,1.8422926870429855e-05,True,True
IRR 1.05 per 10%,5125,0.060172924240296764,0.00048083685555060996,True,True
IRR 1.05 per 10%,5126,0.035381183161311204,0.029207837742305995,True,True
IRR 1.05 per 10%,5127,0.04763490614843116,0.002993092180828727,True,True
IRR 1.05 per 10%,5128,0.04433372762147201,0.011251040887243702,True,True
IRR 1.05 per 10%,5129,0.028970219747431677,0.11212853702595187,False,False
IRR 1.05 per 10%,5130,0.036574511746288195,0.0612008949485376,False,False
IRR 1.05 per 10%,5131,0.07699525344375915,1.9781167672447357e-05,True,True
IRR 1.05 per 10%,5132,0.05404735215215156,0.00981867069597149,True,True
IRR 1.05 per 10%,5133,0.06309028784179396,4.125703432729379e-05,True,True
IRR 1.05 per 10%,5134,0.04374372965620587,0.03656947224788872,True,True
IRR 1.05 per 10%,5135,0.06410524295767832,0.0006197564979555516,True,True
IRR 1.05 per 10%,5136,0.06262023225926193,0.000938195212165111,True,True
IRR 1.05 per 10%,5137,0.06258693755255237,0.00018323131997146562,True,True
IRR 1.05 per 10%,5139,0.06687150917924346,0.00021957767802760643,True,True
IRR 1.05 per 10%,5138,0.03696602193696277,0.03714497953983045,True,True
IRR 1.05 per 10%,5140,0.05885473671368905,0.0009200957677161154,True,True
IRR 1.05 per 10%,5141,0.05963365451634038,0.004295797930873945,True,True
IRR 1.05 per 10%,5142,0.028496597301164852,0.08812753620383361,False,False
IRR 1.05 per 10%,5143,0.047778391741628935,0.001495162017459322,True,True
IRR 1.05 per 10%,5144,0.044370569379170416,0.008639815302951733,True,True
IRR 1.05 per 10%,5145,0.06851379738542462,0.00034632933798385194,True,True
IRR 1.05 per 10%,5146,0.030501690394590383,0.12972524154483925,False,False
IRR 1.05 per 10%,5147,0.043068416475970685,0.0020036600839432803,True,True
IRR 1.05 per 10%,5148,0.053621318393876446,0.004006730525046812,True,True
IRR 1.05 per 10%,5149,0.07396292467607934,1.8745452559290034e-08,True,True
IRR 1.05 per 10%,5150,0.034867510525587016,0.07050637124321618,False,False
IRR 1.05 per 10%,5151,0.03595142298627553,0.03168028498568838,True,True
IRR 1.05 per 10%,5152,0.018707441399576766,0.2409809296029215,False,False
IRR 1.05 per 10%,5153,0.052853990081900684,0.009122493164895202,True,True
IRR 1.05 per 10%,5154,0.038906380443089854,0.022384717251002603,True,True
IRR 1.05 per 10%,5155,0.04603270469909846,0.0032079468660324555,True,True
IRR 1.05 per 10%,5156,0.05802416353759602,0.004385202436999806,True,True
IRR 1.05 per 10%,5157,0.0375519680987087,0.07859203075316543,False,False
IRR 1.05 per 10%,5158,0.05392520183212489,0.0018659048756805886,True,True
IRR 1.05 per 10%,5159,0.02038083562692556,0.24303778715775626,False,False
IRR 1.05 per 10%,5160,0.08078598110267816,3.1516805604455983e-07,True,True
IRR 1.05 per 10%,5161,0.01716635005243959,0.4150688684351468,False,False
IRR 1.05 per 10%,5162,0.05166168792165494,0.004671226276371782,True,True
IRR 1.05 per 10%,5163,0.06594237952838282,0.00031608302444133545,True,True
IRR 1.05 per 10%,5164,0.04792740192019425,0.0036309139863479377,True,True
IRR 1.05 per 10%,5165,0.03403058489564695,0.07315020202416643,False,False
IRR 1.05 per 10%,5166,0.0368589922301529,0.013173519909340148,True,True
IRR 1.05 per 10%,5167,0.05461019137772575,0.0013190056025669332,True,True
IRR 1.05 per 10%,5168,0.04828567913282624,0.0018381439246107783,True,True
IRR 1.05 per 10%,5169,0.019519948188342566,0.3190697549248539,False,False
IRR 1.05 per 10%,5170,0.05656466138923579,0.00021454311772733364,True,True
IRR 1.05 per 10%,5171,0.050017738329708746,0.01424064071439199,True,True
IRR 1.05 per 10%,5172,-0.028296052319670962,0.08691489705419131,False,False
IRR 1.05 per 10%,5173,0.05045959879990838,0.005598297752445314,True,True
IRR 1.05 per 10%,5174,0.052160008467418716,0.005924241978971577,True,True
IRR 1.05 per 10%,5175,0.059023946455305044,0.00028199787422891477,True,True
IRR 1.05 per 10%,5176,0.06091094751626357,2.922085378608779e-05,True,True
IRR 1.05 per 10%,5177,0.05731704190364361,2.463472558604182e-06,True,True
IRR 1.05 per 10%,5178,0.05439201576302499,0.0004972057968443621,True,True
IRR 1.05 per 10%,5179,0.049567705996053396,0.0002827046981368639,True,True
IRR 1.05 per 10%,5180,0.04532278710940686,0.003678471896983962,True,True
IRR 1.05 per 10%,5181,0.05056744747137374,0.004759341244026917,True,True
IRR 1.05 per 10%,5182,0.04804697394424585,0.0028199333080795932,True,True
IRR 1.05 per 10%,5183,0.02334855300481535,0.11422586090809997,False,False
IRR 1.05 per 10%,5184,0.04099444024961938,0.03686048581711362,True,True
IRR 1.05 per 10%,5185,0.034709445442168634,0.08599235731910566,False,False
IRR 1.05 per 10%,5186,0.03964553132008288,0.01434923542652373,True,True
IRR 1.05 per 10%,5187,0.040820694009253845,0.04011035179212746,True,True
IRR 1.05 per 10%,5188,0.0694294001779458,0.002693822033312927,True,True
IRR 1.05 per 10%,5189,0.054902041274350485,0.001341198984649666,True,True
IRR 1.05 per 10%,5190,0.07271030135465799,9.881946368963659e-06,True,True
IRR 1.05 per 10%,5191,0.059095494717263886,0.001850105115950042,True,True
IRR 1.05 per 10%,5192,0.08749681802615278,8.121470648013488e-09,True,True
IRR 1.05 per 10%,5193,0.036772201626370044,0.06423416204618315,False,False
IRR 1.05 per 10%,5194,0.041817356625054106,0.0041941137351136385,True,True
IRR 1.05 per 10%,5195,0.031396719025531934,0.08248662810551012,False,False
IRR 1.05 per 10%,5196,0.07012055015088507,1.805869458691646e-05,True,True
IRR 1.05 per 10%,5197,0.04928680617831858,0.004963331766087462,True,True
IRR 1.05 per 10%,5198,0.053763406896423234,0.0008693477575418812,True,True
IRR 1.05 per 10%,5199,0.03933647642041728,0.009478607429955923,True,True
IRR 1.05 per 10%,5200,0.06860106353906067,6.414823712014257e-05,True,True
IRR 1.05 per 10%,5201,0.03966323321632949,0.017213268341297747,True,True
IRR 1.05 per 10%,5202,0.06248556705165652,0.00043096230444967555,True,True
IRR 1.05 per 10%,5203,0.03564699160868723,0.02969935599801058,True,True
IRR 1.05 per 10%,5204,0.07348240698743608,3.668659273324019e-05,True,True
IRR 1.05 per 10%,5205,0.047310797209009346,0.0053228145366451055,True,True
IRR 1.05 per 10%,5206,0.06095333945126616,0.00012034641322045218,True,True
IRR 1.05 per 10%,5207,0.04767240446164815,0.007090614652106651,True,True
IRR 1.05 per 10%,5208,0.06595565931691838,0.00026918317991243303,True,True
IRR 1.05 per 10%,5209,0.06226874960447876,6.983883561672886e-06,True,True
IRR 1.05 per 10%,5210,0.05834411525994962,0.0028990920260475823,True,True
IRR 1.05 per 10%,5211,0.05218205645774173,0.009266574102525392,True,True
IRR 1.05 per 10%,5212,0.0351876785415345,0.023373133061294276,True,True
IRR 1.05 per 10%,5213,0.07856950860935644,2.9744049687873583e-06,True,True
IRR 1.05 per 10%,5214,0.01703257860709228,0.39485050658448595,False,False
IRR 1.05 per 10%,5215,0.03733814544982389,0.0734053749835638,False,False
IRR 1.05 per 10%,5216,0.07360118725143705,0.00010594896261165819,True,True
IRR 1.05 per 10%,5217,0.04670215381395258,0.002864393343762366,True,True
IRR 1.05 per 10%,5218,0.06304299601687685,0.00042028816796917676,True,True
IRR 1.05 per 10%,5220,0.03542538748378198,0.0652604820699103,False,False
IRR 1.05 per 10%,5219,0.02222122053352358,0.3174174535054376,False,False
IRR 1.05 per 10%,5221,0.0365562710160331,0.021151738089836915,True,True
IRR 1.05 per 10%,5222,0.04124548519962353,0.09283485310391713,False,False
IRR 1.05 per 10%,5223,0.050168305836001785,0.0023651982513367407,True,True
IRR 1.05 per 10%,5224,0.09238462259848895,1.4865613068396008e-08,True,True
IRR 1.05 per 10%,5225,0.07627235562035804,3.1689218444229286e-05,True,True
IRR 1.05 per 10%,5226,0.08161872015218295,3.943398067008412e-05,True,True
IRR 1.05 per 10%,5227,0.0717701634589674,9.176731845853685e-05,True,True
IRR 1.05 per 10%,5228,0.012375690239808737,0.5193371288398705,False,False
IRR 1.05 per 10%,5229,0.0782073172112403,9.84335724905011e-08,True,True
IRR 1.05 per 10%,5230,0.0535199006621834,0.0026667657918511977,True,True
IRR 1.05 per 10%,5231,0.05160875870724491,0.0010915853744917418,True,True
IRR 1.05 per 10%,5232,0.05082298877131262,0.002632756370590659,True,True
IRR 1.05 per 10%,5233,0.0646398767634318,1.589655079032825e-05,True,True
IRR 1.05 per 10%,5234,0.0251709720881855,0.08321934204712424,False,False
IRR 1.05 per 10%,5235,0.04733298396816061,0.005106102868668905,True,True
IRR 1.05 per 10%,5236,0.056176701024036935,0.000228142279264178,True,True
IRR 1.05 per 10%,5237,0.05638726547368201,0.0005848647785285469,True,True
IRR 1.05 per 10%,5238,0.03623306110300096,0.030907997581340278,True,True
IRR 1.05 per 10%,5239,0.03886290549515415,0.024456463845050482,True,True
IRR 1.05 per 10%,5240,0.04308496556468897,0.006372841350625201,True,True
IRR 1.05 per 10%,5241,0.05868201890783865,4.019895555870973e-05,True,True
IRR 1.05 per 10%,5242,0.07272113767001796,7.069472777150026e-06,True,True
IRR 1.05 per 10%,5243,0.052439040517775044,0.004206149581746937,True,True
IRR 1.05 per 10%,5244,0.05425165517984452,0.008565411526528566,True,True
IRR 1.05 per 10%,5245,0.05168551144076575,0.00260364544264484,True,True
IRR 1.05 per 10%,5246,0.03637566581767106,0.019167996496364238,True,True
IRR 1.05 per 10%,5247,0.05209298600882703,0.0006834260249295865,True,True
IRR 1.05 per 10%,5248,0.036319117908718127,0.07123625679255205,False,False
IRR 1.05 per 10%,5249,0.04589469633170753,0.007491544567817355,True,True
IRR 1.05 per 10%,5250,0.03359951313094999,0.029478066517535633,True,True
IRR 1.05 per 10%,5251,0.06273599931997337,9.560264285482867e-05,True,True
IRR 1.05 per 10%,5252,0.03829241042442472,0.025754851735760215,True,True
IRR 1.05 per 10%,5253,0.05795397713180098,0.001083317551818153,True,True
IRR 1.05 per 10%,5254,0.051621393372588954,0.0033764417522813978,True,True
IRR 1.05 per 10%,5255,0.05612818580222876,0.0028436495713446085,True,True
IRR 1.05 per 10%,5256,0.055635306167150685,0.0015723852566251546,True,True
IRR 1.05 per 10%,5257,0.038393357285555235,0.018615010263096508,True,True
IRR 1.05 per 10%,5258,0.019428408238186846,0.24737127382515056,False,False
IRR 1.05 per 10%,5259,0.00678513770320996,0.680725276543144,False,False
IRR 1.05 per 10%,5260,0.02307297437803313,0.1532277262654233,False,False
IRR 1.05 per 10%,5261,0.03761487778921351,0.03137604499492703,True,True
IRR 1.05 per 10%,5262,0.09301991398593307,2.6536181176663845e-07,True,True
IRR 1.05 per 10%,5263,0.06151576027036925,0.001066614528185537,True,True
IRR 1.05 per 10%,5264,0.02702791957044842,0.09945573835952219,False,False
IRR 1.05 per 10%,5265,0.0781309725950025,1.0928963487083075e-05,True,True
IRR 1.05 per 10%,5266,0.060171415100515005,0.00016614025042375465,True,True
IRR 1.05 per 10%,5267,0.07316494243974504,2.0743697523571435e-05,True,True
IRR 1.05 per 10%,5268,0.048910391513110094,0.0035552480226443478,True,True
IRR 1.05 per 10%,5269,0.02525427379426529,0.1648562096103996,False,False
IRR 1.05 per 10%,5270,0.038867819767313384,0.01913182844995884,True,True
IRR 1.05 per 10%,5271,0.053860869921456986,0.0031500395591192833,True,True
IRR 1.05 per 10%,5272,0.04007867849272107,0.0638259555211565,False,False
IRR 1.05 per 10%,5273,0.04910928227588476,0.004016740324288124,True,True
IRR 1.05 per 10%,5274,0.055359946530334,0.004562212547345141,True,True
IRR 1.05 per 10%,5275,0.04049936710850393,0.027340115725519334,True,True
IRR 1.05 per 10%,5276,0.045469440118852913,0.006621494726333783,True,True
IRR 1.05 per 10%,5277,0.0640020773560596,9.260996547008256e-05,True,True
IRR 1.05 per 10%,5279,0.060588596763532676,9.080968610204785e-05,True,True
IRR 1.05 per 10%,5278,0.06826247355918132,3.795556589655662e-05,True,True
IRR 1.05 per 10%,5280,0.021868088423975474,0.3555983450617213,False,False
IRR 1.05 per 10%,5281,0.06793416469674286,0.0002031729548121961,True,True
IRR 1.05 per 10%,5282,0.06328251126422646,0.003956465139168271,True,True
IRR 1.05 per 10%,5283,0.07400273602145542,1.238272052718424e-06,True,True
IRR 1.05 per 10%,5284,0.028349222165188617,0.09871488092196018,False,False
IRR 1.05 per 10%,5285,0.0662228039639673,0.00021971975174724033,True,True
IRR 1.05 per 10%,5286,0.04211056595532501,0.016348632338086578,True,True
IRR 1.05 per 10%,5287,0.07558983405070754,9.258293393487909e-05,True,True
IRR 1.05 per 10%,5288,0.05391434826045829,0.002725448643053746,True,True
IRR 1.05 per 10%,5289,0.053399709327936896,0.005288804692174844,True,True
IRR 1.05 per 10%,5290,0.05552734234907783,0.00031674668199396837,True,True
IRR 1.05 per 10%,5291,0.06695151209628461,0.0002767666607249113,True,True
IRR 1.05 per 10%,5292,0.059244997761848155,0.00044936814238329353,True,True
IRR 1.05 per 10%,5293,0.0034940147943906892,0.8176549698584473,False,False
IRR 1.05 per 10%,5294,0.039026157992501885,0.06963122524623575,False,False
IRR 1.05 per 10%,5295,0.03792285749118553,0.007256878617361333,True,True
IRR 1.05 per 10%,5296,0.04727132288808024,0.0057330736882044075,True,True
IRR 1.05 per 10%,5297,0.015830329900089687,0.4015703861914899,False,False
IRR 1.05 per 10%,5298,0.05812964961595055,0.001187665707189639,True,True
IRR 1.05 per 10%,5299,0.0621935060133982,0.0010440222182658064,True,True
IRR 1.10 per 10%,6000,0.09453232036978437,2.439214876894689e-08,True,True
IRR 1.10 per 10%,6001,0.12062336247607593,1.9988596976639455e-11,True,True
IRR 1.10 per 10%,6002,0.07597892767615382,4.580540923307982e-05,True,True
IRR 1.10 per 10%,6003,0.06468236532887862,0.0001664600062933701,True,True
IRR 1.10 per 10%,6004,0.12701308262119468,5.062169973055644e-12,True,True
IRR 1.10 per 10%,6005,0.12531634122567983,3.6347368225527877e-10,True,True
IRR 1.10 per 10%,6006,0.10635805469526485,3.631617733245166e-11,True,True
IRR 1.10 per 10%,6007,0.11100727450674835,2.392615903118645e-10,True,True
IRR 1.10 per 10%,6008,0.11126568935074649,2.535779846407005e-11,True,True
IRR 1.10 per 10%,6009,0.09239327969343976,4.4084662802419076e-07,True,True
IRR 1.10 per 10%,6010,0.10400660541204397,2.3201610663248765e-07,True,True
IRR 1.10 per 10%,6011,0.08841015058313006,1.5938577985215248e-07,True,True
IRR 1.10 per 10%,6012,0.11221047293195767,3.193815474409888e-08,True,True
IRR 1.10 per 10%,6013,0.09112844524265078,1.0653276693820478e-07,True,True
IRR 1.10 per 10%,6014,0.10685040540748772,7.963772951498121e-08,True,True
IRR 1.10 per 10%,6015,0.090944076334317,6.545183924917923e-06,True,True
IRR 1.10 per 10%,6016,0.11870187084080229,8.135992878102756e-09,True,True
IRR 1.10 per 10%,6017,0.07358054028736549,0.0014640579230092785,True,True
IRR 1.10 per 10%,6018,0.10613677750787985,5.39169767573814e-10,True,True
IRR 1.10 per 10%,6020,0.11133281455731459,1.3823618989974554e-09,True,True
IRR 1.10 per 10%,6019,0.08079489457284618,4.1352706503434606e-05,True,True
IRR 1.10 per 10%,6021,0.0854874297191996,4.905096918352602e-05,True,True
IRR 1.10 per 10%,6022,0.06369270368836402,0.00036412758731403877,True,True
IRR 1.10 per 10%,6023,0.10034721347200237,1.2406256720960186e-16,True,True
IRR 1.10 per 10%,6024,0.1200213501143009,2.9913191397460633e-12,True,True
IRR 1.10 per 10%,6025,0.06439354706227442,0.0009722273257791799,True,True
IRR 1.10 per 10%,6026,0.09954521219869544,3.702120022878799e-10,True,True
IRR 1.10 per 10%,6027,0.07520715699937584,2.2624831863538315e-05,True,True
IRR 1.10 per 10%,6028,0.07764356807132386,1.518485477076253e-06,True,True
IRR 1.10 per 10%,6029,0.05752439554219627,0.0012059321173636811,True,True
IRR 1.10 per 10%,6030,0.11044345134355245,1.3974805683125323e-06,True,True
IRR 1.10 per 10%,6031,0.09529456923562106,4.9159611739275544e-11,True,True
IRR 1.10 per 10%,6032,0.11296886455774366,7.386551229574253e-14,True,True
IRR 1.10 per 10%,6033,0.06793834781108453,5.557046218326557e-05,True,True
IRR 1.10 per 10%,6034,0.10730261634465636,7.25144273185418e-11,True,True
IRR 1.10 per 10%,6035,0.09798366220121911,1.2784307384392021e-11,True,True
IRR 1.10 per 10%,6036,0.08767599631164712,8.22378825116933e-05,True,True
IRR 1.10 per 10%,6037,0.08255719207138047,3.161724339351854e-07,True,True
IRR 1.10 per 10%,6038,0.09742588423218912,4.006715124579105e-09,True,True
IRR 1.10 per 10%,6039,0.08744275839883335,2.0766892516071435e-06,True,True
IRR 1.10 per 10%,6040,0.08928991944819971,2.1106426151208296e-05,True,True
IRR 1.10 per 10%,6041,0.11169892511725472,2.6580870574782837e-17,True,True
IRR 1.10 per 10%,6042,0.07711362601536856,0.00012808857753046377,True,True
IRR 1.10 per 10%,6043,0.1008712838808035,3.00879249725287e-11,True,True
IRR 1.10 per 10%,6044,0.10458646266043446,2.8562105663541525e-08,True,True
IRR 1.10 per 10%,6045,0.08923346357897327,1.124065362154938e-07,True,True
IRR 1.10 per 10%,6046,0.0879867332074202,1.3075787883778842e-06,True,True
IRR 1.10 per 10%,6047,0.06395932757371263,0.0013087668188505853,True,True
IRR 1.10 per 10%,6048,0.10584392693754258,1.8033405341251082e-08,True,True
IRR 1.10 per 10%,6049,0.1375863061153006,1.3534742717160624e-10,True,True
IRR 1.10 per 10%,6050,0.07382471536292214,4.197398037901424e-05,True,True
IRR 1.10 per 10%,6051,0.06940393557641505,2.6461498554813315e-05,True,True
IRR 1.10 per 10%,6052,0.09646322226161581,1.3790925855317935e-07,True,True
IRR 1.10 per 10%,6053,0.09263012919853116,2.1205938850294861e-07,True,True
IRR 1.10 per 10%,6054,0.12497007185068411,1.4885607635767346e-13,True,True
IRR 1.10 per 10%,6055,0.08105302667199835,3.2669916076924244e-06,True,True
IRR 1.10 per 10%,6056,0.07523559252138241,4.0899568793773944e-05,True,True
IRR 1.10 per 10%,6057,0.09438681438601834,3.210124736933877e-07,True,True
IRR 1.10 per 10%,6058,0.11100225388629417,1.0720163831041e-06,True,True
IRR 1.10 per 10%,6059,0.07538950733398421,0.00014038029080652126,True,True
IRR 1.10 per 10%,6060,0.08370776796279714,1.2020585279062042e-05,True,True
IRR 1.10 per 10%,6061,0.09125142217506736,3.8025405192769304e-06,True,True
IRR 1.10 per 10%,6062,0.08979294411559101,5.439158578372347e-08,True,True
IRR 1.10 per 10%,6063,0.07746155941621224,0.00031931237380590315,True,True
IRR 1.10 per 10%,6064,0.12359825122029032,1.5704416882792298e-14,True,True
IRR 1.10 per 10%,6065,0.07491252856146001,1.4340236790920996e-06,True,True
IRR 1.10 per 10%,6066,0.11364772883728236,1.259903325978123e-09,True,True
IRR 1.10 per 10%,6067,0.05759915466942942,0.0015279025413268313,True,True
IRR 1.10 per 10%,6068,0.09398886403818438,3.3815801202047797e-07,True,True
IRR 1.10 per 10%,6069,0.11750170333720404,6.20802345963352e-11,True,True
IRR 1.10 per 10%,6070,0.06933269771579045,0.0010674490743249534,True,True
IRR 1.10 per 10%,6071,0.1019892133374614,3.575342783380534e-08,True,True
IRR 1.10 per 10%,6072,0.11391322133522508,2.7456774447271717e-13,True,True
IRR 1.10 per 10%,6073,0.06800145324691713,3.178910472011079e-05,True,True
IRR 1.10 per 10%,6074,0.08561568666583914,1.1673762387250297e-06,True,True
IRR 1.10 per 10%,6075,0.09356723681660946,1.073354062157035e-08,True,True
IRR 1.10 per 10%,6076,0.07199147428226707,3.552728118051409e-07,True,True
IRR 1.10 per 10%,6077,0.08598361869668399,2.2966922644849105e-06,True,True
IRR 1.10 per 10%,6078,0.10984692720478814,1.469084635134654e-11,True,True
IRR 1.10 per 10%,6079,0.05790496594466657,0.011540920502721845,True,True
IRR 1.10 per 10%,6080,0.10069293481324294,3.012308717977304e-09,True,True
IRR 1.10 per 10%,6081,0.10096718443944831,2.54218865066976e-06,True,True
IRR 1.10 per 10%,6082,0.06481551920423875,0.0002748619344968473,True,True
IRR 1.10 per 10%,6083,0.11855497237069046,6.656462416740774e-16,True,True
IRR 1.10 per 10%,6084,0.08672880253312411,1.3813702878164201e-07,True,True
IRR 1.10 per 10%,6085,0.10125391395953139,1.6457430854550042e-06,True,True
IRR 1.10 per 10%,6086,0.0991942619789969,5.817659942924178e-08,True,True
IRR 1.10 per 10%,6087,0.1240786880950737,1.4302981210591452e-12,True,True
IRR 1.10 per 10%,6088,0.09080691829889803,4.243440616173336e-10,True,True
IRR 1.10 per 10%,6089,0.08841360310120606,2.9198682629102585e-06,True,True
IRR 1.10 per 10%,6090,0.08914114014517403,3.554347053254725e-08,True,True
IRR 1.10 per 10%,6091,0.12191074661320496,7.425177168989066e-16,True,True
IRR 1.10 per 10%,6092,0.10819564874598007,7.169571169516078e-09,True,True
IRR 1.10 per 10%,6093,0.09798591699799945,1.214405033328371e-06,True,True
IRR 1.10 per 10%,6094,0.08949250068908378,1.8626929202689694e-09,True,True
IRR 1.10 per 10%,6095,0.078106107244993,0.00016651874474402046,True,True
IRR 1.10 per 10%,6096,0.04978700301973625,0.0014072503375723662,True,True
IRR 1.10 per 10%,6097,0.11307311732415995,1.1860463191932996e-08,True,True
IRR 1.10 per 10%,6098,0.05365592054143432,0.0015174879998734966,True,True
IRR 1.10 per 10%,6099,0.07980619427971782,6.586723264031318e-07,True,True
IRR 1.10 per 10%,6100,0.10279050418257149,3.914856352272349e-10,True,True
IRR 1.10 per 10%,6101,0.0878207306424821,9.208380195740032e-07,True,True
IRR 1.10 per 10%,6102,0.11721194953623168,2.554099636593157e-11,True,True
IRR 1.10 per 10%,6103,0.11805518325911686,3.181658415951508e-12,True,True
IRR 1.10 per 10%,6104,0.11765644343819547,2.1178647962652445e-08,True,True
IRR 1.10 per 10%,6105,0.09322858804552321,2.8347868584612245e-08,True,True
IRR 1.10 per 10%,6106,0.08547510922880919,1.4115409028923434e-06,True,True
IRR 1.10 per 10%,6107,0.12084671046569787,2.365256774526137e-16,True,True
IRR 1.10 per 10%,6108,0.11120831122052778,1.675293620484501e-07,True,True
IRR 1.10 per 10%,6109,0.09975533702373884,1.8391496144076593e-09,True,True
IRR 1.10 per 10%,6110,0.11751059938465279,1.2414129987889803e-12,True,True
IRR 1.10 per 10%,6111,0.07654871801325988,1.081478513637865e-06,True,True
IRR 1.10 per 10%,6112,0.08536992429164243,3.103469596038287e-06,True,True
IRR 1.10 per 10%,6113,0.1103554781559686,1.952452767360589e-09,True,True
IRR 1.10 per 10%,6114,0.11649268958360795,1.0927829191157888e-09,True,True
IRR 1.10 per 10%,6115,0.08440615398525003,2.777225797517989e-06,True,True
IRR 1.10 per 10%,6116,0.11873473671048189,3.1547233141107247e-13,True,True
IRR 1.10 per 10%,6117,0.09492905614651337,2.5022057557609213e-08,True,True
IRR 1.10 per 10%,6118,0.10698014988605126,8.581110649793037e-07,True,True
IRR 1.10 per 10%,6119,0.08406239980394827,4.1593491459545375e-05,True,True
IRR 1.10 per 10%,6120,0.13128741787402667,1.8012394514020533e-09,True,True
IRR 1.10 per 10%,6121,0.1265468338915162,8.976937206389795e-14,True,True
IRR 1.10 per 10%,6122,0.11849251022252363,1.0162300977066485e-09,True,True
IRR 1.10 per 10%,6123,0.05737945063847893,0.0006108603742337637,True,True
IRR 1.10 per 10%,6124,0.09471696209812004,2.291008039281706e-09,True,True
IRR 1.10 per 10%,6125,0.11930183939903317,9.26939358475552e-19,True,True
IRR 1.10 per 10%,6126,0.09297946267107692,4.7278701246935045e-09,True,True
IRR 1.10 per 10%,6127,0.11165538928765582,2.9920272039429805e-09,True,True
IRR 1.10 per 10%,6128,0.10212718931576023,1.4887386943977506e-08,True,True
IRR 1.10 per 10%,6129,0.07938041264580473,4.3032434065109035e-05,True,True
IRR 1.10 per 10%,6130,0.07897051374018285,2.282043354829872e-05,True,True
IRR 1.10 per 10%,6131,0.11270427151362332,8.859793904841391e-10,True,True
IRR 1.10 per 10%,6132,0.10287043645295155,9.813814975751315e-12,True,True
IRR 1.10 per 10%,6133,0.126096345259671,1.12079621212647e-25,True,True
IRR 1.10 per 10%,6134,0.12450024431468408,1.4410089416166617e-13,True,True
IRR 1.10 per 10%,6135,0.08520799910158607,7.412859400212516e-08,True,True
IRR 1.10 per 10%,6136,0.10595300784692999,7.843558935927924e-12,True,True
IRR 1.10 per 10%,6137,0.09871383246116228,9.890109880726421e-08,True,True
IRR 1.10 per 10%,6138,0.11106019207407618,1.77475679468996e-11,True,True
IRR 1.10 per 10%,6139,0.10682416444253894,2.606339165151078e-08,True,True
IRR 1.10 per 10%,6140,0.1007624731515881,7.109915614102466e-05,True,True
IRR 1.10 per 10%,6141,0.08702781370573058,1.599099165295076e-07,True,True
IRR 1.10 per 10%,6142,0.09143481433489946,1.449219891037673e-07,True,True
IRR 1.10 per 10%,6143,0.10091411576536215,9.675664807016122e-07,True,True
IRR 1.10 per 10%,6144,0.08091061230813812,5.5380478704452775e-05,True,True
IRR 1.10 per 10%,6145,0.09446841186326844,2.733831052874805e-06,True,True
IRR 1.10 per 10%,6146,0.09114455625289068,1.0137055761306485e-06,True,True
IRR 1.10 per 10%,6147,0.10919248886595959,2.328253911997157e-08,True,True
IRR 1.10 per 10%,6148,0.059261536076122986,0.009926700191418981,True,True
IRR 1.10 per 10%,6149,0.07737028199378158,1.2876306152612434e-05,True,True
IRR 1.10 per 10%,6150,0.09083025113453254,9.190315237020019e-05,True,True
IRR 1.10 per 10%,6151,0.08165873231852668,2.1639721890580936e-07,True,True
IRR 1.10 per 10%,6152,0.11683806135859026,3.747952341162988e-12,True,True
IRR 1.10 per 10%,6153,0.10070495196236336,2.015038098517e-08,True,True
IRR 1.10 per 10%,6154,0.1123561456639331,1.1314531487629394e-13,True,True
IRR 1.10 per 10%,6155,0.11595149140817602,1.34689587087433e-09,True,True
IRR 1.10 per 10%,6156,0.11262669837634984,9.770603581332215e-07,True,True
IRR 1.10 per 10%,6157,0.07635739686319643,6.86509034455663e-06,True,True
IRR 1.10 per 10%,6158,0.09470063253548561,5.868712386569343e-10,True,True
IRR 1.10 per 10%,6159,0.10935968072853951,7.366736619327365e-09,True,True
IRR 1.10 per 10%,6160,0.07993096135749361,4.5796740716182684e-07,True,True
IRR 1.10 per 10%,6161,0.10587072707069903,7.46946158477342e-09,True,True
IRR 1.10 per 10%,6162,0.08983254818462763,3.5958931626789603e-10,True,True
IRR 1.10 per 10%,6163,0.0673653934118033,0.0004305563197742368,True,True
IRR 1.10 per 10%,6164,0.10471917573194094,3.392178127364392e-07,True,True
IRR 1.10 per 10%,6165,0.08141200268601342,1.7162169614869309e-06,True,True
IRR 1.10 per 10%,6166,0.0808523492867141,1.395175091108504e-06,True,True
IRR 1.10 per 10%,6167,0.11077416666536934,2.079084805110642e-08,True,True
IRR 1.10 per 10%,6168,0.10442940552280269,2.597248420900994e-06,True,True
IRR 1.10 per 10%,6169,0.09273145279855373,1.037421640613632e-06,True,True
IRR 1.10 per 10%,6170,0.07736244202439044,1.3608277600419867e-05,True,True
IRR 1.10 per 10%,6171,0.10036635251571022,1.191686667981063e-08,True,True
IRR 1.10 per 10%,6172,0.09295804124625516,1.009575543833726e-06,True,True
IRR 1.10 per 10%,6173,0.07811375211417253,3.6107921161256247e-06,True,True
IRR 1.10 per 10%,6174,0.09545618830495328,8.039240976192126e-10,True,True
IRR 1.10 per 10%,6175,0.06315612161502947,0.0004467857172810873,True,True
IRR 1.10 per 10%,6176,0.07186521784119354,5.584411850671306e-05,True,True
IRR 1.10 per 10%,6177,0.09505562111424713,1.1358930684364632e-07,True,True
IRR 1.10 per 10%,6178,0.07305265034618218,0.00018418496030607354,True,True
IRR 1.10 per 10%,6179,0.09681397095624021,1.0392540408533369e-06,True,True
IRR 1.10 per 10%,6180,0.12187638888294092,2.815759243777143e-12,True,True
IRR 1.10 per 10%,6181,0.09601571385041106,3.6112593191783443e-11,True,True
IRR 1.10 per 10%,6182,0.10283422909879687,2.0219894734811607e-13,True,True
IRR 1.10 per 10%,6183,0.10589089586154062,2.517539935446323e-08,True,True
IRR 1.10 per 10%,6184,0.06354691780754985,0.0003437524640498881,True,True
IRR 1.10 per 10%,6185,0.10406800333739244,1.8507923814612731e-09,True,True
IRR 1.10 per 10%,6186,0.1218702890556242,9.446494574413432e-11,True,True
IRR 1.10 per 10%,6187,0.09830178222892953,6.490258097273556e-10,True,True
IRR 1.10 per 10%,6188,0.12621079309865385,1.7694896273313975e-14,True,True
IRR 1.10 per 10%,6189,0.07957388937155209,8.015257929437439e-07,True,True
IRR 1.10 per 10%,6190,0.07619927113428315,1.2395602325058857e-05,True,True
IRR 1.10 per 10%,6191,0.08313358829413056,1.025139372432087e-06,True,True
IRR 1.10 per 10%,6192,0.08264509047977421,0.0002819467202798121,True,True
IRR 1.10 per 10%,6193,0.09049830757191689,1.1446507591970624e-08,True,True
IRR 1.10 per 10%,6194,0.1025134535870095,5.123355885396061e-07,True,True
IRR 1.10 per 10%,6195,0.0980400378552735,1.6860381966740086e-06,True,True
IRR 1.10 per 10%,6196,0.08718395096904435,7.376136971289847e-08,True,True
IRR 1.10 per 10%,6197,0.08847110242604946,2.9244197680659104e-05,True,True
IRR 1.10 per 10%,6198,0.07312286808486809,6.36589486584141e-05,True,True
IRR 1.10 per 10%,6199,0.09666711149556155,2.5511889129575823e-11,True,True
IRR 1.10 per 10%,6200,0.08225294832166347,0.00013236486843390286,True,True
IRR 1.10 per 10%,6201,0.08111747968201827,2.8462903751108848e-06,True,True
IRR 1.10 per 10%,6202,0.10622292328475653,4.201689770859406e-07,True,True
IRR 1.10 per 10%,6203,0.06334941084007095,0.0002284694316149358,True,True
IRR 1.10 per 10%,6204,0.11180152324958594,1.0855586575479308e-07,True,True
IRR 1.10 per 10%,6205,0.08732415111508837,1.4374007795554714e-07,True,True
IRR 1.10 per 10%,6206,0.09979617840721744,1.4116426353059644e-10,True,True
IRR 1.10 per 10%,6207,0.09373515153649725,6.745412277429946e-11,True,True
IRR 1.10 per 10%,6208,0.09033156351136655,1.3656464709385577e-06,True,True
IRR 1.10 per 10%,6209,0.11571444967354703,5.210963532241676e-10,True,True
IRR 1.10 per 10%,6210,0.07858985593886858,0.00027243919076893296,True,True
IRR 1.10 per 10%,6211,0.06326092951720086,0.0001232290235180377,True,True
IRR 1.10 per 10%,6212,0.08847623557106844,3.732789753336182e-06,True,True
IRR 1.10 per 10%,6213,0.09498558202136599,4.420952499547799e-07,True,True
IRR 1.10 per 10%,6214,0.05993675664603998,9.688649435858684e-05,True,True
IRR 1.10 per 10%,6215,0.11098058874855478,8.254267876285061e-09,True,True
IRR 1.10 per 10%,6216,0.07960963179817823,1.5060209715468386e-06,True,True
IRR 1.10 per 10%,6217,0.09799292752188273,2.7423923957700788e-09,True,True
IRR 1.10 per 10%,6218,0.10098190677424303,6.337082525196553e-10,True,True
IRR 1.10 per 10%,6219,0.09885589310970151,1.0135799276885491e-06,True,True
IRR 1.10 per 10%,6220,0.10626170763622898,9.25933637324889e-10,True,True
IRR 1.10 per 10%,6221,0.0814652218273742,2.89239851044543e-06,True,True
IRR 1.10 per 10%,6222,0.1009374982883805,5.945344142874742e-06,True,True
IRR 1.10 per 10%,6223,0.12401449348571282,3.568804655992807e-17,True,True
IRR 1.10 per 10%,6224,0.09930095778148522,8.433407340618715e-12,True,True
IRR 1.10 per 10%,6225,0.09903869404216575,5.258096244424707e-09,True,True
IRR 1.10 per 10%,6226,0.06632129391715556,0.0015417863532470144,True,True
IRR 1.10 per 10%,6227,0.12965897797784165,1.0444295252301935e-09,True,True
IRR 1.10 per 10%,6228,0.08183052735280574,4.535240718928936e-06,True,True
IRR 1.10 per 10%,6229,0.10664680702545462,5.329602449260894e-09,True,True
IRR 1.10 per 10%,6230,0.08547086096778467,0.0003899247305818641,True,True
IRR 1.10 per 10%,6231,0.0941286677391457,9.34377202188179e-08,True,True
IRR 1.10 per 10%,6232,0.09952138405591614,3.9540535765612366e-08,True,True
IRR 1.10 per 10%,6233,0.08302200650862392,6.597793034521909e-09,True,True
IRR 1.10 per 10%,6234,0.11125484094778154,7.135900809273556e-14,True,True
IRR 1.10 per 10%,6235,0.08809700676091409,1.8738878077145878e-05,True,True
IRR 1.10 per 10%,6236,0.07738525598879313,5.927496340308517e-06,True,True
IRR 1.10 per 10%,6237,0.09931384580686045,4.068714883340933e-09,True,True
IRR 1.10 per 10%,6238,0.0984227955145079,4.260288115601662e-07,True,True
IRR 1.10 per 10%,6239,0.0824837228071138,2.6444986433617954e-06,True,True
IRR 1.10 per 10%,6240,0.09019091527396009,1.5950246276281562e-05,True,True
IRR 1.10 per 10%,6241,0.10035124864257741,0.0002210375636331529,True,True
IRR 1.10 per 10%,6242,0.09712557896745572,8.377076882284586e-08,True,True
IRR 1.10 per 10%,6243,0.1124220379098227,6.880779780697832e-14,True,True
IRR 1.10 per 10%,6244,0.14666643808523266,2.525595348961952e-16,True,True
IRR 1.10 per 10%,6245,0.08512875541023258,1.944112240114798e-05,True,True
IRR 1.10 per 10%,6246,0.0859319486392444,1.1046342668852203e-06,True,True
IRR 1.10 per 10%,6247,0.11540127515295576,1.9520631407352263e-10,True,True
IRR 1.10 per 10%,6248,0.12346292554705249,8.875264444021635e-11,True,True
IRR 1.10 per 10%,6249,0.10929273953682055,3.109506041471245e-08,True,True
IRR 1.10 per 10%,6250,0.14111829117109934,1.2204078514047722e-30,True,True
IRR 1.10 per 10%,6251,0.10230080188281361,7.363992648313773e-18,True,True
IRR 1.10 per 10%,6252,0.12197484472029836,2.505935103323887e-09,True,True
IRR 1.10 per 10%,6253,0.1453511875085506,2.4938334211126768e-21,True,True
IRR 1.10 per 10%,6254,0.0860855843003662,1.4365154096453473e-07,True,True
IRR 1.10 per 10%,6255,0.1280716526340873,5.951084407779631e-18,True,True
IRR 1.10 per 10%,6256,0.08104441586653835,8.48878531271559e-05,True,True
IRR 1.10 per 10%,6257,0.0996424111308435,4.527366698502248e-09,True,True
IRR 1.10 per 10%,6258,0.12015701411290286,1.3935589155398778e-19,True,True
IRR 1.10 per 10%,6259,0.09850541512505671,1.0315898777540556e-06,True,True
IRR 1.10 per 10%,6260,0.08645677474047261,1.3982475832338302e-06,True,True
IRR 1.10 per 10%,6261,0.07592065101960906,6.113285238108508e-07,True,True
IRR 1.10 per 10%,6262,0.11596688456060522,1.6153840746703196e-09,True,True
IRR 1.10 per 10%,6263,0.0858276252379525,1.435721964563902e-08,True,True
IRR 1.10 per 10%,6264,0.1294404460339562,2.5209404576514804e-15,True,True
IRR 1.10 per 10%,6265,0.10280095126290074,4.8244865025552936e-12,True,True
IRR 1.10 per 10%,6266,0.07739993775380466,7.973583224020594e-05,True,True
IRR 1.10 per 10%,6267,0.09081996084578947,1.170458586922343e-05,True,True
IRR 1.10 per 10%,6268,0.08898493459308988,4.021810723997054e-08,True,True
IRR 1.10 per 10%,6269,0.073874908705085,8.018642829293333e-07,True,True
IRR 1.10 per 10%,6270,0.10228919294481711,2.3223198527516723e-08,True,True
IRR 1.10 per 10%,6271,0.07217583659693914,0.0005426895910078478,True,True
IRR 1.10 per 10%,6272,0.09015703357717217,6.668142278135653e-06,True,True
IRR 1.10 per 10%,6273,0.11073517147943199,2.742045543858002e-09,True,True
IRR 1.10 per 10%,6274,0.09498431857001177,1.1655256898846052e-06,True,True
IRR 1.10 per 10%,6275,0.09110446883241832,1.5704609734535432e-06,True,True
IRR 1.10 per 10%,6276,0.13060074405073088,6.951389679133891e-13,True,True
IRR 1.10 per 10%,6277,0.058666861046428515,0.00014110872425839838,True,True
IRR 1.10 per 10%,6278,0.10909644843112871,4.3221508347879594e-11,True,True
IRR 1.10 per 10%,6279,0.09242772590114652,3.641820995760898e-09,True,True
IRR 1.10 per 10%,6280,0.09797072937634933,1.1943481094294234e-09,True,True
IRR 1.10 per 10%,6281,0.08114182074146514,1.568226121218091e-06,True,True
IRR 1.10 per 10%,6282,0.0802286750033078,7.826604848777028e-05,True,True
IRR 1.10 per 10%,6283,0.0799718720391788,0.00013480169707217945,True,True
IRR 1.10 per 10%,6284,0.0900868045450605,7.5483647957088555e-06,True,True
IRR 1.10 per 10%,6285,0.08437874967808258,2.5239106777524837e-08,True,True
IRR 1.10 per 10%,6286,0.10477811708162202,2.3360621961909484e-06,True,True
IRR 1.10 per 10%,6287,0.09802610376372799,3.775373649844087e-10,True,True
IRR 1.10 per 10%,6288,0.0892505996661107,1.928814688525439e-08,True,True
IRR 1.10 per 10%,6289,0.11211354693310538,6.275359197750933e-09,True,True
IRR 1.10 per 10%,6290,0.09073268094502111,1.6097870562527918e-05,True,True
IRR 1.10 per 10%,6291,0.09527678504407175,3.5151346147154664e-07,True,True
IRR 1.10 per 10%,6292,0.11893900374318593,1.3877229120865924e-10,True,True
IRR 1.10 per 10%,6293,0.11628618697521904,1.6122410073175897e-11,True,True
IRR 1.10 per 10%,6294,0.09336893436226291,2.4756469649789826e-06,True,True
IRR 1.10 per 10%,6295,0.1130362739612483,1.5604554004480582e-10,True,True
IRR 1.10 per 10%,6296,0.09536889098338397,7.429589395093546e-08,True,True
IRR 1.10 per 10%,6297,0.106607580149421,2.1959939216729695e-10,True,True
IRR 1.10 per 10%,6298,0.08880785316011643,3.965508687239593e-05,True,True
IRR 1.10 per 10%,6299,0.10598824487156491,1.9982390640952598e-07,True,True
"IRR 1.05 per 10%, acting via concurrent year",7000,0.041102153476325606,0.027088308389804215,True,True
"IRR 1.05 per 10%, acting via concurrent year",7001,0.02147033557081751,0.3019661396118615,False,False
"IRR 1.05 per 10%, acting via concurrent year",7002,0.06604050470866606,2.376472748224721e-05,True,True
"IRR 1.05 per 10%, acting via concurrent year",7003,0.02689183570801072,0.1519036868804696,False,False
"IRR 1.05 per 10%, acting via concurrent year",7004,0.01578212595158091,0.44676222462913107,False,False
"IRR 1.05 per 10%, acting via concurrent year",7005,0.056324089209561015,0.0009728938864555536,True,True
"IRR 1.05 per 10%, acting via concurrent year",7006,0.03978557850287878,0.04139410024614943,True,True
"IRR 1.05 per 10%, acting via concurrent year",7007,0.016235990662137063,0.3896156424171835,False,False
"IRR 1.05 per 10%, acting via concurrent year",7008,0.056070603496011104,0.0023217736022541798,True,True
"IRR 1.05 per 10%, acting via concurrent year",7009,0.027718795024947483,0.060240391381354445,False,False
"IRR 1.05 per 10%, acting via concurrent year",7010,0.04792233336453984,0.001179771494446919,True,True
"IRR 1.05 per 10%, acting via concurrent year",7011,0.028693363852270885,0.09261045751047815,False,False
"IRR 1.05 per 10%, acting via concurrent year",7012,0.01847333109080614,0.18846371504415727,False,False
"IRR 1.05 per 10%, acting via concurrent year",7013,0.05704574677722495,0.00023668438231264815,True,True
"IRR 1.05 per 10%, acting via concurrent year",7014,0.03621572284163226,0.04207147749656341,True,True
"IRR 1.05 per 10%, acting via concurrent year",7015,0.0228863257543937,0.1943581048833547,False,False
"IRR 1.05 per 10%, acting via concurrent year",7016,0.04117681777409874,0.048926401654500316,True,True
"IRR 1.05 per 10%, acting via concurrent year",7017,0.07375784471411942,4.0367965175570665e-06,True,True
"IRR 1.05 per 10%, acting via concurrent year",7018,0.053134764610837736,0.0013733144628687668,True,True
"IRR 1.05 per 10%, acting via concurrent year",7019,0.05601413638311938,0.0006110256006628134,True,True
"IRR 1.05 per 10%, acting via concurrent year",7020,0.028808279285230987,0.07238040642230072,False,False
"IRR 1.05 per 10%, acting via concurrent year",7021,0.02707945216130581,0.19088859338284225,False,False
"IRR 1.05 per 10%, acting via concurrent year",7022,0.03292591400219409,0.049583691540995296,True,True
"IRR 1.05 per 10%, acting via concurrent year",7023,0.05175551216665487,0.005939662133757387,True,True
"IRR 1.05 per 10%, acting via concurrent year",7024,0.05913889421452986,0.0013182418044187089,True,True
"IRR 1.05 per 10%, acting via concurrent year",7025,0.024215714035169054,0.23819503074787485,False,False
"IRR 1.05 per 10%, acting via concurrent year",7026,0.012115032837506416,0.5299575833528112,False,False
"IRR 1.05 per 10%, acting via concurrent year",7027,0.03828610914979163,0.03600891476986498,True,True
"IRR 1.05 per 10%, acting via concurrent year",7028,0.06053818899366832,0.00015132034047538848,True,True
"IRR 1.05 per 10%, acting via concurrent year",7029,0.03368228101131519,0.028487107628281345,True,True
"IRR 1.05 per 10%, acting via concurrent year",7030,0.03626302205953332,0.02483503389220955,True,True
"IRR 1.05 per 10%, acting via concurrent year",7031,0.03613766600887106,0.04042965830026694,True,True
"IRR 1.05 per 10%, acting via concurrent year",7032,0.05246705939481047,0.0018312506589372032,True,True
"IRR 1.05 per 10%, acting via concurrent year",7033,0.04464283368990226,0.02418986911773713,True,True
"IRR 1.05 per 10%, acting via concurrent year",7034,0.042280794774227345,0.03811901172058165,True,True
"IRR 1.05 per 10%, acting via concurrent year",7035,0.06233671958459203,1.93915766681841e-06,True,True
"IRR 1.05 per 10%, acting via concurrent year",7036,0.04205328898759796,0.022135194724431793,True,True
"IRR 1.05 per 10%, acting via concurrent year",7037,0.02232517832217665,0.234807612680485,False,False
"IRR 1.05 per 10%, acting via concurrent year",7038,0.03886088622113405,0.02679541680080125,True,True
"IRR 1.05 per 10%, acting via concurrent year",7039,0.07049884909945613,0.0012388004141751531,True,True
"IRR 1.05 per 10%, acting via concurrent year",7040,0.008295179669503622,0.6669745830438251,False,False
"IRR 1.05 per 10%, acting via concurrent year",7041,0.04697175409674449,0.01163314785524609,True,True
"IRR 1.05 per 10%, acting via concurrent year",7042,0.036292012367772936,0.08744013123908294,False,False
"IRR 1.05 per 10%, acting via concurrent year",7043,0.029155228939993498,0.15365637398081586,False,False
"IRR 1.05 per 10%, acting via concurrent year",7044,0.04539140484816606,0.017008647010425267,True,True
"IRR 1.05 per 10%, acting via concurrent year",7045,0.029678704479787196,0.06338999835597627,False,False
"IRR 1.05 per 10%, acting via concurrent year",7046,0.041726512519337254,0.013476535952117728,True,True
"IRR 1.05 per 10%, acting via concurrent year",7047,0.0458134780634511,0.019248937353409677,True,True
"IRR 1.05 per 10%, acting via concurrent year",7048,0.041723090734991856,0.05363585718902147,False,False
"IRR 1.05 per 10%, acting via concurrent year",7049,0.015501036669973873,0.42580890064036236,False,False
"IRR 1.05 per 10%, acting via concurrent year",7050,0.04591067761720125,0.014881686136859478,True,True
"IRR 1.05 per 10%, acting via concurrent year",7051,0.03838139217697819,0.029656090502420095,True,True
"IRR 1.05 per 10%, acting via concurrent year",7052,0.03623492762739839,0.05769213725663369,False,False
"IRR 1.05 per 10%, acting via concurrent year",7053,0.04209564698301867,0.03911555963639214,True,True
"IRR 1.05 per 10%, acting via concurrent year",7054,0.05885978801747533,0.0010509341354612827,True,True
"IRR 1.05 per 10%, acting via concurrent year",7055,0.037403195893507934,0.058863112545753646,False,False
"IRR 1.05 per 10%, acting via concurrent year",7056,0.047945438106537244,0.0152865472850772,True,True
"IRR 1.05 per 10%, acting via concurrent year",7057,0.03823091237824559,0.0032948051817150645,True,True
"IRR 1.05 per 10%, acting via concurrent year",7058,0.03908558739097135,0.02105534216929051,True,True
"IRR 1.05 per 10%, acting via concurrent year",7059,0.03975893154126331,0.028115505148282715,True,True
"IRR 1.05 per 10%, acting via concurrent year",7060,0.051269267709030335,0.0011210576835985308,True,True
"IRR 1.05 per 10%, acting via concurrent year",7061,0.03615383903861247,0.012991806265033209,True,True
"IRR 1.05 per 10%, acting via concurrent year",7062,0.06174675061325927,0.0003464027397774078,True,True
"IRR 1.05 per 10%, acting via concurrent year",7063,0.041905957115318554,0.003877929836039005,True,True
"IRR 1.05 per 10%, acting via concurrent year",7064,0.019389901328787356,0.25283299547155214,False,False
"IRR 1.05 per 10%, acting via concurrent year",7065,0.04572420419798134,0.03525306414707309,True,True
"IRR 1.05 per 10%, acting via concurrent year",7066,0.046906828195113014,0.013314747930095098,True,True
"IRR 1.05 per 10%, acting via concurrent year",7067,0.04794772071231033,0.0015958172611419826,True,True
"IRR 1.05 per 10%, acting via concurrent year",7068,0.03558460228003853,0.10663320300783707,False,False
"IRR 1.05 per 10%, acting via concurrent year",7069,0.03771427459194304,0.012016500116779866,True,True
"IRR 1.05 per 10%, acting via concurrent year",7070,0.04294533763547288,0.01400340496730794,True,True
"IRR 1.05 per 10%, acting via concurrent year",7071,0.05328398381157021,0.00266473804988901,True,True
"IRR 1.05 per 10%, acting via concurrent year",7072,0.03598022291720664,0.06633122288529453,False,False
"IRR 1.05 per 10%, acting via concurrent year",7073,0.03089424795350564,0.16965115249497775,False,False
"IRR 1.05 per 10%, acting via concurrent year",7074,0.0307971073386481,0.07665053311790669,False,False
"IRR 1.05 per 10%, acting via concurrent year",7075,0.046921960288469115,0.004308210823006896,True,True
"IRR 1.05 per 10%, acting via concurrent year",7076,0.05335064149860535,0.0013558484410134738,True,True
"IRR 1.05 per 10%, acting via concurrent year",7077,0.034106697152051675,0.05324906269355171,False,False
"IRR 1.05 per 10%, acting via concurrent year",7078,0.05211769131263426,0.0018415389878050621,True,True
"IRR 1.05 per 10%, acting via concurrent year",7079,0.02834172304645201,0.04887138500538294,True,True
"IRR 1.05 per 10%, acting via concurrent year",7080,0.08748620970210058,1.322422314680261e-07,True,True
"IRR 1.05 per 10%, acting via concurrent year",7081,0.018709353631930534,0.3092708546983718,False,False
"IRR 1.05 per 10%, acting via concurrent year",7082,0.04634568896157334,0.00041416212673538763,True,True
"IRR 1.05 per 10%, acting via concurrent year",7083,0.01830287213188232,0.3906439273922312,False,False
"IRR 1.05 per 10%, acting via concurrent year",7084,0.04781564221024542,0.020683717588398636,True,True
"IRR 1.05 per 10%, acting via concurrent year",7085,0.01161331072681407,0.542092420534983,False,False
"IRR 1.05 per 10%, acting via concurrent year",7086,0.031200933578326453,0.07744226756981254,False,False
"IRR 1.05 per 10%, acting via concurrent year",7087,0.0392393483800213,0.03768562781844319,True,True
"IRR 1.05 per 10%, acting via concurrent year",7088,0.03944012037486945,0.011536305143036262,True,True
"IRR 1.05 per 10%, acting via concurrent year",7089,0.05117927455318044,0.0010162358317420386,True,True
"IRR 1.05 per 10%, acting via concurrent year",7090,0.04603059061780966,0.053016808205629665,False,False
"IRR 1.05 per 10%, acting via concurrent year",7091,0.06563757204688202,0.0003171535038055167,True,True
"IRR 1.05 per 10%, acting via concurrent year",7092,0.05271382576240971,0.0023450310917208176,True,True
"IRR 1.05 per 10%, acting via concurrent year",7093,0.027152571869408792,0.08581677356679854,False,False
"IRR 1.05 per 10%, acting via concurrent year",7094,0.06852231669352646,0.00019056996428197927,True,True
"IRR 1.05 per 10%, acting via concurrent year",7095,0.02247043765454395,0.22702803410409056,False,False
"IRR 1.05 per 10%, acting via concurrent year",7096,0.037459146161280904,0.03590541413896119,True,True
"IRR 1.05 per 10%, acting via concurrent year",7097,0.062153267583097874,0.0016942406299112586,True,True
"IRR 1.05 per 10%, acting via concurrent year",7098,0.038228219119997256,0.021724527854126964,True,True
"IRR 1.05 per 10%, acting via concurrent year",7099,0.06193243441635876,0.0007192523875666945,True,True
"IRR 1.05 per 10%, acting via concurrent year",7100,0.033412368653245,0.014174264905343794,True,True
"IRR 1.05 per 10%, acting via concurrent year",7101,0.04801413844451327,0.007302252299022034,True,True
"IRR 1.05 per 10%, acting via concurrent year",7102,0.03145713432836512,0.05770784011305559,False,False
"IRR 1.05 per 10%, acting via concurrent year",7103,0.06391000306652106,0.001072796425168781,True,True
"IRR 1.05 per 10%, acting via concurrent year",7104,0.03888581423475742,0.024601737346223108,True,True
"IRR 1.05 per 10%, acting via concurrent year",7105,0.07196830056353508,9.228410331256365e-07,True,True
"IRR 1.05 per 10%, acting via concurrent year",7106,0.02639252894525442,0.11363622135621979,False,False
"IRR 1.05 per 10%, acting via concurrent year",7107,0.03548518674343718,0.06703538574742124,False,False
"IRR 1.05 per 10%, acting via concurrent year",7108,0.0670848474253559,1.6474659764753324e-06,True,True
"IRR 1.05 per 10%, acting via concurrent year",7109,0.06696013016997959,0.0005222119379475753,True,True
"IRR 1.05 per 10%, acting via concurrent year",7110,0.01570955745412693,0.35941940168952724,False,False
"IRR 1.05 per 10%, acting via concurrent year",7111,0.0035202886703621077,0.8460139815936236,False,False
"IRR 1.05 per 10%, acting via concurrent year",7112,0.0221761165585566,0.12100327703408807,False,False
"IRR 1.05 per 10%, acting via concurrent year",7113,0.020285971835369683,0.13192351808281294,False,False
"IRR 1.05 per 10%, acting via concurrent year",7114,0.04666261544777696,0.006272226306476865,True,True
"IRR 1.05 per 10%, acting via concurrent year",7115,0.03358395506345092,0.024990522912301184,True,True
"IRR 1.05 per 10%, acting via concurrent year",7116,0.02937435712508746,0.07630561834049245,False,False
"IRR 1.05 per 10%, acting via concurrent year",7117,0.042646416273290313,0.022317143708059244,True,True
"IRR 1.05 per 10%, acting via concurrent year",7118,0.06046974351635193,0.00030204044312723006,True,True
"IRR 1.05 per 10%, acting via concurrent year",7119,0.02348530623078604,0.21158780834017976,False,False
"IRR 1.05 per 10%, acting via concurrent year",7120,0.019622877017511853,0.30505443277527544,False,False
"IRR 1.05 per 10%, acting via concurrent year",7121,0.01502762342779403,0.44426500085436393,False,False
"IRR 1.05 per 10%, acting via concurrent year",7122,0.026145105257561037,0.18098593592931767,False,False
"IRR 1.05 per 10%, acting via concurrent year",7123,0.04282079835684675,0.0022395954016194396,True,True
"IRR 1.05 per 10%, acting via concurrent year",7124,0.03905646401916146,0.03183053134068421,True,True
"IRR 1.05 per 10%, acting via concurrent year",7125,0.047625483914523654,0.009030411087250112,True,True
"IRR 1.05 per 10%, acting via concurrent year",7126,0.009679515030149704,0.566845601180264,False,False
"IRR 1.05 per 10%, acting via concurrent year",7127,0.03565847666133843,0.047046490911025064,True,True
"IRR 1.05 per 10%, acting via concurrent year",7128,0.04227429589537069,0.01258972969656446,True,True
"IRR 1.05 per 10%, acting via concurrent year",7129,0.013281575803993135,0.30030022187344907,False,False
"IRR 1.05 per 10%, acting via concurrent year",7130,0.029710961707344524,0.04200651115156793,True,True
"IRR 1.05 per 10%, acting via concurrent year",7131,0.05779890329421162,0.012710520762978284,True,True
"IRR 1.05 per 10%, acting via concurrent year",7132,0.042357962532439945,0.009805357626236395,True,True
"IRR 1.05 per 10%, acting via concurrent year",7133,0.06680438884872857,7.833810634886802e-05,True,True
"IRR 1.05 per 10%, acting via concurrent year",7134,0.019191900549944282,0.18516654211243933,False,False
"IRR 1.05 per 10%, acting via concurrent year",7135,0.014523322036330404,0.4290711805967551,False,False
"IRR 1.05 per 10%, acting via concurrent year",7136,0.03446834279157611,0.06884404031790214,False,False
"IRR 1.05 per 10%, acting via concurrent year",7137,0.014479299636448707,0.4405481594530559,False,False
"IRR 1.05 per 10%, acting via concurrent year",7138,0.05358919479925203,0.0018566516069980126,True,True
"IRR 1.05 per 10%, acting via concurrent year",7139,0.033131929782684394,0.05527669170998367,False,False
"IRR 1.05 per 10%, acting via concurrent year",7140,0.04522940784893879,0.012052391793711266,True,True
"IRR 1.05 per 10%, acting via concurrent year",7141,0.03715672204019974,0.04873725693069814,True,True
"IRR 1.05 per 10%, acting via concurrent year",7142,0.03767158119659947,0.04663963485023107,True,True
"IRR 1.05 per 10%, acting via concurrent year",7143,0.05343747787481701,0.00927871580434799,True,True
"IRR 1.05 per 10%, acting via concurrent year",7144,0.03024047486606181,0.05234471688936334,False,False
"IRR 1.05 per 10%, acting via concurrent year",7145,0.07251239413590063,4.900676833731489e-05,True,True
"IRR 1.05 per 10%, acting via concurrent year",7146,0.01816249735180863,0.3450544337804744,False,False
"IRR 1.05 per 10%, acting via concurrent year",7147,0.03403925826885193,0.07937640561254392,False,False
"IRR 1.05 per 10%, acting via concurrent year",7148,0.05289444852725281,0.000661629685646237,True,True
"IRR 1.05 per 10%, acting via concurrent year",7149,0.030457046743100465,0.053748322583569076,False,False
"IRR 1.05 per 10%, acting via concurrent year",7150,0.02240488928397829,0.261531072214653,False,False
"IRR 1.05 per 10%, acting via concurrent year",7151,0.04201101811842011,0.00918360746009824,True,True
"IRR 1.05 per 10%, acting via concurrent year",7152,0.05869013727378803,0.0035756000251825136,True,True
"IRR 1.05 per 10%, acting via concurrent year",7153,0.025912892098015925,0.07953773018909124,False,False
"IRR 1.05 per 10%, acting via concurrent year",7154,0.04977792133332022,0.006514741838649786,True,True
"IRR 1.05 per 10%, acting via concurrent year",7155,0.034352406082348345,0.07110853999257094,False,False
"IRR 1.05 per 10%, acting via concurrent year",7156,0.01780962629224735,0.30216764033454147,False,False
"IRR 1.05 per 10%, acting via concurrent year",7157,0.03769214176376782,0.0727129599545514,False,False
"IRR 1.05 per 10%, acting via concurrent year",7158,-0.001040223025067012,0.9331403611152761,False,False
"IRR 1.05 per 10%, acting via concurrent year",7159,0.0391463560205963,0.032299015273992204,True,True
"IRR 1.05 per 10%, acting via concurrent year",7160,0.03975189802153237,0.05440590432982751,False,False
"IRR 1.05 per 10%, acting via concurrent year",7161,0.04055606719046958,0.04034440877949261,True,True
"IRR 1.05 per 10%, acting via concurrent year",7162,0.03170610822020831,0.03764707833222702,True,True
"IRR 1.05 per 10%, acting via concurrent year",7163,0.049922466031217576,3.315481810056913e-05,True,True
"IRR 1.05 per 10%, acting via concurrent year",7164,0.06066011297914019,0.0021123184057168396,True,True
"IRR 1.05 per 10%, acting via concurrent year",7165,0.02446373880799225,0.11954265184511337,False,False
"IRR 1.05 per 10%, acting via concurrent year",7166,0.003152766630670245,0.8449260261654147,False,False
"IRR 1.05 per 10%, acting via concurrent year",7167,0.04012352523825533,0.024224734180195547,True,True
"IRR 1.05 per 10%, acting via concurrent year",7168,0.04957203933513469,0.008791815732308281,True,True
"IRR 1.05 per 10%, acting via concurrent year",7169,0.06123369745363789,8.129556974043635e-05,True,True
"IRR 1.05 per 10%, acting via concurrent year",7170,0.04366290577529405,0.03869688279250211,True,True
"IRR 1.05 per 10%, acting via concurrent year",7171,0.05093654243950208,0.0033207003495665226,True,True
"IRR 1.05 per 10%, acting via concurrent year",7172,0.052764791680541136,0.0006720846105592445,True,True
"IRR 1.05 per 10%, acting via concurrent year",7173,0.07873504259077392,7.919492227378901e-08,True,True
"IRR 1.05 per 10%, acting via concurrent year",7174,0.028828851655302763,0.05330016284019754,False,False
"IRR 1.05 per 10%, acting via concurrent year",7175,0.040253239537753546,0.006487424044666013,True,True
"IRR 1.05 per 10%, acting via concurrent year",7176,0.02195167288937992,0.18025026131714417,False,False
"IRR 1.05 per 10%, acting via concurrent year",7177,0.03984656176929717,0.016606229357286194,True,True
"IRR 1.05 per 10%, acting via concurrent year",7178,0.07133515107104248,9.656757266576095e-05,True,True
"IRR 1.05 per 10%, acting via concurrent year",7179,0.031260727678031536,0.10080749095088036,False,False
"IRR 1.05 per 10%, acting via concurrent year",7180,0.055980849039850476,0.0018869655465182148,True,True
"IRR 1.05 per 10%, acting via concurrent year",7181,0.0526542940974116,0.02634140854375108,True,True
"IRR 1.05 per 10%, acting via concurrent year",7182,0.03914154693847238,0.08762507324724243,False,False
"IRR 1.05 per 10%, acting via concurrent year",7183,0.05261361236604279,0.00024456532880200345,True,True
"IRR 1.05 per 10%, acting via concurrent year",7184,0.037984450349356706,0.06632602098031357,False,False
"IRR 1.05 per 10%, acting via concurrent year",7185,0.021907719317868543,0.20423853265712288,False,False
"IRR 1.05 per 10%, acting via concurrent year",7186,0.04242791910559162,0.020797761998785757,True,True
"IRR 1.05 per 10%, acting via concurrent year",7187,0.05228305306256541,0.003649933941789167,True,True
"IRR 1.05 per 10%, acting via concurrent year",7188,0.055902187411225636,0.0022776214717924346,True,True
"IRR 1.05 per 10%, acting via concurrent year",7189,0.06889444730821982,2.193132408377769e-05,True,True
"IRR 1.05 per 10%, acting via concurrent year",7190,0.07007213407904743,0.0005073922139876264,True,True
"IRR 1.05 per 10%, acting via concurrent year",7191,0.053705591751964786,0.0011471928721428321,True,True
"IRR 1.05 per 10%, acting via concurrent year",7192,0.05606296626861046,0.0055215621786243625,True,True
"IRR 1.05 per 10%, acting via concurrent year",7193,0.03472994189772839,0.05651756603070508,False,False
"IRR 1.05 per 10%, acting via concurrent year",7194,0.050796922667992433,0.0005777575896562044,True,True
"IRR 1.05 per 10%, acting via concurrent year",7195,0.04307333299591253,0.0041265316236164945,True,True
"IRR 1.05 per 10%, acting via concurrent year",7196,0.025507035963999416,0.04940510730179145,True,True
"IRR 1.05 per 10%, acting via concurrent year",7197,0.025111532089491385,0.1971782414141564,False,False
"IRR 1.05 per 10%, acting via concurrent year",7198,0.05462989346737773,0.009811674583980417,True,True
"IRR 1.05 per 10%, acting via concurrent year",7199,0.04552203526154494,0.00194186990054437,True,True
"IRR 1.05 per 10%, acting via concurrent year",7200,0.05842058213561832,0.0013272130769618304,True,True
"IRR 1.05 per 10%, acting via concurrent year",7201,0.012576661614205965,0.452377009378904,False,False
"IRR 1.05 per 10%, acting via concurrent year",7202,0.04365284998779411,0.01358876691421066,True,True
"IRR 1.05 per 10%, acting via concurrent year",7203,0.027500407042726733,0.22468267226327154,False,False
"IRR 1.05 per 10%, acting via concurrent year",7204,0.00940530281076642,0.5434478735984846,False,False
"IRR 1.05 per 10%, acting via concurrent year",7205,0.06031115564440766,0.00023973857961705566,True,True
"IRR 1.05 per 10%, acting via concurrent year",7206,0.024003297192922206,0.1429571914884483,False,False
"IRR 1.05 per 10%, acting via concurrent year",7207,0.03799079575154481,0.05628008745921439,False,False
"IRR 1.05 per 10%, acting via concurrent year",7208,0.0407203660778566,0.02775049068464143,True,True
"IRR 1.05 per 10%, acting via concurrent year",7209,0.05656442453320695,0.001155723251309009,True,True
"IRR 1.05 per 10%, acting via concurrent year",7210,0.022657980561149278,0.11797308370910238,False,False
"IRR 1.05 per 10%, acting via concurrent year",7211,0.027736821807489362,0.1417437160475383,False,False
"IRR 1.05 per 10%, acting via concurrent year",7212,0.054238848797460194,0.0022962047285172665,True,True
"IRR 1.05 per 10%, acting via concurrent year",7213,0.04969509957556672,0.012512673354512052,True,True
"IRR 1.05 per 10%, acting via concurrent year",7214,0.034191559679317154,0.03464747740663305,True,True
"IRR 1.05 per 10%, acting via concurrent year",7215,0.06552277344373794,0.000893357335201919,True,True
"IRR 1.05 per 10%, acting via concurrent year",7216,0.05485985559768814,0.00157606134311645,True,True
"IRR 1.05 per 10%, acting via concurrent year",7217,0.06271692985307935,0.0010799908773842842,True,True
"IRR 1.05 per 10%, acting via concurrent year",7218,0.03506570426716395,0.11599840939442084,False,False
"IRR 1.05 per 10%, acting via concurrent year",7219,0.04581016730298158,0.08779483089392334,False,False
"IRR 1.05 per 10%, acting via concurrent year",7220,0.06568103687160132,0.00018137317903674935,True,True
"IRR 1.05 per 10%, acting via concurrent year",7221,0.061958827720569216,0.0009471440445309743,True,True
"IRR 1.05 per 10%, acting via concurrent year",7222,0.021110893846008616,0.3210747160039181,False,False
"IRR 1.05 per 10%, acting via concurrent year",7223,0.030998558254335305,0.03318213671228493,True,True
"IRR 1.05 per 10%, acting via concurrent year",7224,0.04830770329740262,0.0031470528873864165,True,True
"IRR 1.05 per 10%, acting via concurrent year",7225,0.060477611491720075,0.0001602049070431132,True,True
"IRR 1.05 per 10%, acting via concurrent year",7226,0.05199599280686644,0.013600624730855933,True,True
"IRR 1.05 per 10%, acting via concurrent year",7227,0.0466005110926778,0.020211039604761834,True,True
"IRR 1.05 per 10%, acting via concurrent year",7228,0.039357378766620044,0.035003219645214315,True,True
"IRR 1.05 per 10%, acting via concurrent year",7230,0.03266989163734937,0.03811500706084564,True,True
"IRR 1.05 per 10%, acting via concurrent year",7229,0.0466153608330501,0.0029515616054307053,True,True
"IRR 1.05 per 10%, acting via concurrent year",7231,0.056118604351359236,0.0021138144741235467,True,True
"IRR 1.05 per 10%, acting via concurrent year",7232,0.043266133448396395,0.06631108354636783,False,False
"IRR 1.05 per 10%, acting via concurrent year",7233,0.06568156893509093,6.658002818459634e-05,True,True
"IRR 1.05 per 10%, acting via concurrent year",7234,0.028362034938348893,0.08957518018648909,False,False
"IRR 1.05 per 10%, acting via concurrent year",7235,0.04961302336460962,0.008116649378254199,True,True
"IRR 1.05 per 10%, acting via concurrent year",7236,0.03425569381054719,0.015019963058348712,True,True
"IRR 1.05 per 10%, acting via concurrent year",7237,0.03614288473493699,0.047386420797916155,True,True
"IRR 1.05 per 10%, acting via concurrent year",7238,0.044432687124455306,0.0020404624928963776,True,True
"IRR 1.05 per 10%, acting via concurrent year",7239,0.03780691912966402,0.014399182580771474,True,True
"IRR 1.05 per 10%, acting via concurrent year",7240,0.024040733095372014,0.22501456148499388,False,False
"IRR 1.05 per 10%, acting via concurrent year",7241,0.058748286020589596,0.0004189367247081289,True,True
"IRR 1.05 per 10%, acting via concurrent year",7242,0.0070075126673683225,0.6969131262613333,False,False
"IRR 1.05 per 10%, acting via concurrent year",7243,0.033892851984489686,0.043883760649771814,True,True
"IRR 1.05 per 10%, acting via concurrent year",7244,0.05818115858906189,0.0012199038580103124,True,True
"IRR 1.05 per 10%, acting via concurrent year",7245,0.03906165957979052,0.118458855296358,False,False
"IRR 1.05 per 10%, acting via concurrent year",7246,0.05223995221436477,0.009636202119060409,True,True
"IRR 1.05 per 10%, acting via concurrent year",7247,0.04515592395841571,0.01707970133297064,True,True
"IRR 1.05 per 10%, acting via concurrent year",7248,0.05381517441064227,0.0005765610363994101,True,True
"IRR 1.05 per 10%, acting via concurrent year",7249,0.05924863229530129,0.00017194786270380942,True,True
"IRR 1.05 per 10%, acting via concurrent year",7250,0.033402328944585856,0.02094006890027776,True,True
"IRR 1.05 per 10%, acting via concurrent year",7251,0.01249835917189355,0.4615662609350667,False,False
"IRR 1.05 per 10%, acting via concurrent year",7252,0.048666128076883114,0.019354007908683253,True,True
"IRR 1.05 per 10%, acting via concurrent year",7253,0.017190380606145125,0.3345189675797844,False,False
"IRR 1.05 per 10%, acting via concurrent year",7254,0.04430374140589184,0.015931507791199673,True,True
"IRR 1.05 per 10%, acting via concurrent year",7255,0.04377554098860559,0.01994212749857111,True,True
"IRR 1.05 per 10%, acting via concurrent year",7256,0.025440305006099298,0.25487898848916024,False,False
"IRR 1.05 per 10%, acting via concurrent year",7257,0.08406520642007873,3.614350326218699e-08,True,True
"IRR 1.05 per 10%, acting via concurrent year",7258,0.038026319879457475,0.10121043860616373,False,False
"IRR 1.05 per 10%, acting via concurrent year",7259,0.07797190478925058,3.835605318614207e-05,True,True
"IRR 1.05 per 10%, acting via concurrent year",7260,0.05306492908690069,0.0009006359194612615,True,True
"IRR 1.05 per 10%, acting via concurrent year",7261,0.0714008688512139,0.00013646494891671396,True,True
"IRR 1.05 per 10%, acting via concurrent year",7262,0.027909180895833587,0.1537749178241026,False,False
"IRR 1.05 per 10%, acting via concurrent year",7263,0.051289118454055115,0.009402768199724925,True,True
"IRR 1.05 per 10%, acting via concurrent year",7264,0.05226983821551675,0.002273583603811487,True,True
"IRR 1.05 per 10%, acting via concurrent year",7265,0.06213445905568774,0.002252964877459802,True,True
"IRR 1.05 per 10%, acting via concurrent year",7266,0.04275417544091393,0.0126074251040291,True,True
"IRR 1.05 per 10%, acting via concurrent year",7267,0.057982526603741494,0.0003174702134116264,True,True
"IRR 1.05 per 10%, acting via concurrent year",7268,0.04728072758276866,0.006654299211632487,True,True
"IRR 1.05 per 10%, acting via concurrent year",7269,0.06402658290822276,0.0029599407358146816,True,True
"IRR 1.05 per 10%, acting via concurrent year",7270,0.057929802534671344,0.004311742448023128,True,True
"IRR 1.05 per 10%, acting via concurrent year",7271,0.06547651915481874,3.953210751303362e-05,True,True
"IRR 1.05 per 10%, acting via concurrent year",7272,0.06912923030910566,0.00016106566731902182,True,True
"IRR 1.05 per 10%, acting via concurrent year",7273,0.017738081847148666,0.3837397234684553,False,False
"IRR 1.05 per 10%, acting via concurrent year",7274,0.03201019824724772,0.05428294820138619,False,False
"IRR 1.05 per 10%, acting via concurrent year",7275,0.03991939449253772,0.021213109507418004,True,True
"IRR 1.05 per 10%, acting via concurrent year",7276,0.033820216477512384,0.051450530934081425,False,False
"IRR 1.05 per 10%, acting via concurrent year",7277,0.040116458260025085,0.010637737604286802,True,True
"IRR 1.05 per 10%, acting via concurrent year",7278,0.052033415287721714,0.0005084646706444593,True,True
"IRR 1.05 per 10%, acting via concurrent year",7279,0.002855725527452553,0.8775521707739774,False,False
"IRR 1.05 per 10%, acting via concurrent year",7280,0.03192184652305803,0.10979622253562292,False,False
"IRR 1.05 per 10%, acting via concurrent year",7281,0.050190720061287344,0.0014059428894157718,True,True
"IRR 1.05 per 10%, acting via concurrent year",7282,0.04704239423970067,0.006829252377408827,True,True
"IRR 1.05 per 10%, acting via concurrent year",7283,0.038037220899509866,0.018321273506090592,True,True
"IRR 1.05 per 10%, acting via concurrent year",7284,0.048408015288642456,0.016271335478530425,True,True
"IRR 1.05 per 10%, acting via concurrent year",7285,0.061791544500956926,0.00039022195182105313,True,True
"IRR 1.05 per 10%, acting via concurrent year",7286,0.058263974747846836,5.095481807208222e-05,True,True
"IRR 1.05 per 10%, acting via concurrent year",7287,0.024961977681174453,0.15409237111581062,False,False
"IRR 1.05 per 10%, acting via concurrent year",7289,0.02620743564259152,0.23905049300405334,False,False
"IRR 1.05 per 10%, acting via concurrent year",7288,0.046255319013618665,0.00318651003143103,True,True
"IRR 1.05 per 10%, acting via concurrent year",7290,0.02615822377672532,0.2248569493630843,False,False
"IRR 1.05 per 10%, acting via concurrent year",7291,0.02466791236268797,0.0967525842097242,False,False
"IRR 1.05 per 10%, acting via concurrent year",7292,0.05163447521100546,0.003568417323971607,True,True
"IRR 1.05 per 10%, acting via concurrent year",7293,0.06050597238659341,0.002862875137999969,True,True
"IRR 1.05 per 10%, acting via concurrent year",7294,0.04682585070973875,0.013375341663503144,True,True
"IRR 1.05 per 10%, acting via concurrent year",7295,0.05965517058674804,0.00030642406742374196,True,True
"IRR 1.05 per 10%, acting via concurrent year",7296,0.0335170065685333,0.03615701115373416,True,True
"IRR 1.05 per 10%, acting via concurrent year",7297,0.055678639514577404,0.0022731342843129365,True,True
"IRR 1.05 per 10%, acting via concurrent year",7298,0.04881111818489572,0.007530528698496051,True,True
"IRR 1.05 per 10%, acting via concurrent year",7299,0.0745588566435193,3.0818794725723306e-06,True,True
"IRR 1.10 per 10%, acting via concurrent year",8000,0.06244745856012222,1.9151712856586592e-05,True,True
"IRR 1.10 per 10%, acting via concurrent year",8001,0.053263581121770084,0.015169059089384578,True,True
"IRR 1.10 per 10%, acting via concurrent year",8002,0.06860978579055226,0.0003288276262845974,True,True
"IRR 1.10 per 10%, acting via concurrent year",8003,0.09221600005023411,2.079656141473399e-06,True,True
"IRR 1.10 per 10%, acting via concurrent year",8004,0.09194866035100652,3.2583771386086775e-08,True,True
"IRR 1.10 per 10%, acting via concurrent year",8005,0.0713176647092008,0.0010186866939536426,True,True
"IRR 1.10 per 10%, acting via concurrent year",8006,0.0683030490361759,7.793654439498827e-05,True,True
"IRR 1.10 per 10%, acting via concurrent year",8007,0.07828508698903595,6.7124820586630265e-06,True,True
"IRR 1.10 per 10%, acting via concurrent year",8008,0.054698752073870205,0.0002239446135072306,True,True
"IRR 1.10 per 10%, acting via concurrent year",8009,0.07743672750492793,2.7313766009435808e-06,True,True
"IRR 1.10 per 10%, acting via concurrent year",8010,0.07419698158061308,1.2859652242569496e-05,True,True
"IRR 1.10 per 10%, acting via concurrent year",8011,0.07041026130336356,1.760824507929187e-05,True,True
"IRR 1.10 per 10%, acting via concurrent year",8012,0.11087201373830925,8.764453431067793e-07,True,True
"IRR 1.10 per 10%, acting via concurrent year",8013,0.07707984190742728,1.6287889327278464e-05,True,True
"IRR 1.10 per 10%, acting via concurrent year",8014,0.08798407147974056,4.784777454113498e-07,True,True
"IRR 1.10 per 10%, acting via concurrent year",8015,0.11986622478315942,2.3617925971368106e-10,True,True
"IRR 1.10 per 10%, acting via concurrent year",8016,0.0940507457881878,3.524275894238881e-08,True,True
"IRR 1.10 per 10%, acting via concurrent year",8017,0.09030600326141205,7.503067700556965e-06,True,True
"IRR 1.10 per 10%, acting via concurrent year",8018,0.09508621426385859,0.00011930425534487416,True,True
"IRR 1.10 per 10%, acting via concurrent year",8019,0.0942808783850602,4.295990374213332e-06,True,True
"IRR 1.10 per 10%, acting via concurrent year",8020,0.08422590513557753,1.0646179664857347e-06,True,True
"IRR 1.10 per 10%, acting via concurrent year",8021,0.0720404210729037,7.009819791393997e-06,True,True
"IRR 1.10 per 10%, acting via concurrent year",8022,0.08483140437783691,4.8043957336231767e-05,True,True
"IRR 1.10 per 10%, acting via concurrent year",8023,0.06415932276973284,3.701934140989361e-05,True,True
"IRR 1.10 per 10%, acting via concurrent year",8024,0.06399005030101111,0.0016228552443097748,True,True
"IRR 1.10 per 10%, acting via concurrent year",8025,0.07284512735917675,2.284012093609071e-05,True,True
"IRR 1.10 per 10%, acting via concurrent year",8026,0.0611946157103496,0.002038605827625576,True,True
"IRR 1.10 per 10%, acting via concurrent year",8027,0.09842114926533321,3.1946376928048573e-09,True,True
"IRR 1.10 per 10%, acting via concurrent year",8028,0.07744462175135958,9.818146947520539e-05,True,True
"IRR 1.10 per 10%, acting via concurrent year",8029,0.07832955740311762,1.7717282662369883e-05,True,True
"IRR 1.10 per 10%, acting via concurrent year",8030,0.07100638912904528,0.00019563921272992593,True,True
"IRR 1.10 per 10%, acting via concurrent year",8031,0.07495793940313243,2.1897633800157886e-06,True,True
"IRR 1.10 per 10%, acting via concurrent year",8032,0.07259886967460666,3.505437892831238e-05,True,True
"IRR 1.10 per 10%, acting via concurrent year",8033,0.09200103311169366,4.009707563832165e-10,True,True
"IRR 1.10 per 10%, acting via concurrent year",8034,0.047850011897420476,0.006739939357115385,True,True
"IRR 1.10 per 10%, acting via concurrent year",8035,0.09912685224314603,8.468766125954982e-12,True,True
"IRR 1.10 per 10%, acting via concurrent year",8036,0.0918835548915935,6.123004281433507e-07,True,True
"IRR 1.10 per 10%, acting via concurrent year",8037,0.06105603252378725,0.00037126752697484657,True,True
"IRR 1.10 per 10%, acting via concurrent year",8038,0.08751181050919409,7.340199149824933e-06,True,True
"IRR 1.10 per 10%, acting via concurrent year",8039,0.07234592742814151,8.506584716472595e-08,True,True
"IRR 1.10 per 10%, acting via concurrent year",8040,0.07299903196238593,0.00021969514014413133,True,True
"IRR 1.10 per 10%, acting via concurrent year",8041,0.048503878215806644,0.0015073891456440754,True,True
"IRR 1.10 per 10%, acting via concurrent year",8042,0.08992908206178211,1.3081337947101892e-07,True,True
"IRR 1.10 per 10%, acting via concurrent year",8043,0.10029886887531916,7.745833071204501e-09,True,True
"IRR 1.10 per 10%, acting via concurrent year",8044,0.07627274720807511,1.2505127048562885e-06,True,True
"IRR 1.10 per 10%, acting via concurrent year",8045,0.07041075058098197,8.477991193097914e-06,True,True
"IRR 1.10 per 10%, acting via concurrent year",8046,0.04766709269555373,0.008191142011913358,True,True
"IRR 1.10 per 10%, acting via concurrent year",8047,0.023447043171911628,0.27097697577446733,False,False
"IRR 1.10 per 10%, acting via concurrent year",8048,0.09019610277135871,7.25026378969951e-09,True,True
"IRR 1.10 per 10%, acting via concurrent year",8049,0.10332596570982042,7.350918280297633e-12,True,True
"IRR 1.10 per 10%, acting via concurrent year",8050,0.07844755089627363,0.0007613733535843749,True,True
"IRR 1.10 per 10%, acting via concurrent year",8051,0.09161367944546177,7.182999474308572e-08,True,True
"IRR 1.10 per 10%, acting via concurrent year",8052,0.09095873109002192,1.2094527903972044e-08,True,True
"IRR 1.10 per 10%, acting via concurrent year",8053,0.09511841729800032,8.980880186773535e-07,True,True
"IRR 1.10 per 10%, acting via concurrent year",8054,0.09335910695496727,2.9299979318526493e-09,True,True
"IRR 1.10 per 10%, acting via concurrent year",8055,0.09500505005029566,4.4956429848354065e-07,True,True
"IRR 1.10 per 10%, acting via concurrent year",8056,0.07976144735024351,4.390569821190842e-05,True,True
"IRR 1.10 per 10%, acting via concurrent year",8057,0.10652942981232658,7.911331670385386e-12,True,True
"IRR 1.10 per 10%, acting via concurrent year",8058,0.08163356420231871,0.0002633697595975513,True,True
"IRR 1.10 per 10%, acting via concurrent year",8059,0.09409192423559883,1.0365216478328396e-08,True,True
"IRR 1.10 per 10%, acting via concurrent year",8060,0.06988439873469149,0.00043524880756237223,True,True
"IRR 1.10 per 10%, acting via concurrent year",8061,0.03163122406243109,0.10196381516894747,False,False
"IRR 1.10 per 10%, acting via concurrent year",8062,0.08609133870558609,5.02294588701557e-08,True,True
"IRR 1.10 per 10%, acting via concurrent year",8063,0.08363875263621842,8.455084859739034e-06,True,True
"IRR 1.10 per 10%, acting via concurrent year",8064,0.09711380876757286,1.0989815265876484e-07,True,True
"IRR 1.10 per 10%, acting via concurrent year",8065,0.060622782115657504,0.0003195280481744604,True,True
"IRR 1.10 per 10%, acting via concurrent year",8066,0.08628041864352035,1.6020180161124442e-08,True,True
"IRR 1.10 per 10%, acting via concurrent year",8067,0.07946834902947024,0.00035563597568573515,True,True
"IRR 1.10 per 10%, acting via concurrent year",8068,0.0671923205216973,0.0004302222763619342,True,True
"IRR 1.10 per 10%, acting via concurrent year",8069,0.08656708513342289,1.6968310684903082e-08,True,True
"IRR 1.10 per 10%, acting via concurrent year",8070,0.08327656156529832,0.00025568099321028007,True,True
"IRR 1.10 per 10%, acting via concurrent year",8071,0.08690836298181871,2.7707527948956157e-06,True,True
"IRR 1.10 per 10%, acting via concurrent year",8072,0.07733427213649308,1.1178716255943972e-05,True,True
"IRR 1.10 per 10%, acting via concurrent year",8073,0.09198160170086317,1.0089055176502858e-06,True,True
"IRR 1.10 per 10%, acting via concurrent year",8074,0.09994659628748685,4.380126149439465e-05,True,True
"IRR 1.10 per 10%, acting via concurrent year",8075,0.09322892984446482,7.128081336452104e-08,True,True
"IRR 1.10 per 10%, acting via concurrent year",8076,0.10935485146610088,3.4401624192913357e-12,True,True
"IRR 1.10 per 10%, acting via concurrent year",8077,0.07054009080246175,3.762768247302142e-05,True,True
"IRR 1.10 per 10%, acting via concurrent year",8078,0.0849765121387246,3.2956095838709125e-06,True,True
"IRR 1.10 per 10%, acting via concurrent year",8079,0.0383182018883043,0.04420216028509833,True,True
"IRR 1.10 per 10%, acting via concurrent year",8080,0.06965009407837632,1.4969895401110782e-06,True,True
"IRR 1.10 per 10%, acting via concurrent year",8081,0.09413834395564967,6.186757345476193e-07,True,True
"IRR 1.10 per 10%, acting via concurrent year",8082,0.07064187489095614,6.491425528616767e-07,True,True
"IRR 1.10 per 10%, acting via concurrent year",8083,0.0734308770761031,0.0016469693667007475,True,True
"IRR 1.10 per 10%, acting via concurrent year",8084,0.05497582002434364,0.0008732942922419169,True,True
"IRR 1.10 per 10%, acting via concurrent year",8085,0.07489905304773416,0.0005550128629583525,True,True
"IRR 1.10 per 10%, acting via concurrent year",8086,0.0754354857372692,8.118054491720357e-05,True,True
"IRR 1.10 per 10%, acting via concurrent year",8087,0.09435009393690194,5.722530401043961e-12,True,True
"IRR 1.10 per 10%, acting via concurrent year",8088,0.1105934945696134,2.1371614264310623e-09,True,True
"IRR 1.10 per 10%, acting via concurrent year",8090,0.0720060158889823,7.047780559158213e-05,True,True
"IRR 1.10 per 10%, acting via concurrent year",8089,0.08839706708404246,5.579150448552522e-07,True,True
"IRR 1.10 per 10%, acting via concurrent year",8091,0.09019598022493672,1.7589631582838067e-09,True,True
"IRR 1.10 per 10%, acting via concurrent year",8092,0.06999216827598785,0.00011494662887760122,True,True
"IRR 1.10 per 10%, acting via concurrent year",8093,0.07720487636186958,5.846961755743256e-06,True,True
"IRR 1.10 per 10%, acting via concurrent year",8094,0.10495428636766033,1.8087511004520112e-11,True,True
"IRR 1.10 per 10%, acting via concurrent year",8095,0.0931571640062314,1.634352785813368e-05,True,True
"IRR 1.10 per 10%, acting via concurrent year",8096,0.0937155598369026,9.52512291694537e-10,True,True
"IRR 1.10 per 10%, acting via concurrent year",8097,0.07181559372861346,2.6832137152025963e-05,True,True
"IRR 1.10 per 10%, acting via concurrent year",8098,0.07817384951723487,1.3057581954785064e-06,True,True
"IRR 1.10 per 10%, acting via concurrent year",8099,0.10554205809090866,8.957766886198809e-08,True,True
"IRR 1.10 per 10%, acting via concurrent year",8100,0.05438145790749361,0.0011057411448827943,True,True
"IRR 1.10 per 10%, acting via concurrent year",8101,0.09596970806001945,8.472362616158341e-07,True,True
"IRR 1.10 per 10%, acting via concurrent year",8102,0.12246735628513573,8.935169413531751e-10,True,True
"IRR 1.10 per 10%, acting via concurrent year",8103,0.12499278935282825,1.829939440994643e-15,True,True
"IRR 1.10 per 10%, acting via concurrent year",8104,0.10042507385777688,4.055590451272707e-09,True,True
"IRR 1.10 per 10%, acting via concurrent year",8105,0.09554400733298883,1.1248509470461805e-06,True,True
"IRR 1.10 per 10%, acting via concurrent year",8106,0.10430794792416584,1.2516663181581893e-09,True,True
"IRR 1.10 per 10%, acting via concurrent year",8107,0.08867501630174365,2.215744213412009e-06,True,True
"IRR 1.10 per 10%, acting via concurrent year",8108,0.07857120915307861,1.739826322810163e-06,True,True
"IRR 1.10 per 10%, acting via concurrent year",8109,0.08988192428869755,5.224133147039903e-07,True,True
"IRR 1.10 per 10%, acting via concurrent year",8110,0.09623561711007511,3.9037548719257947e-07,True,True
"IRR 1.10 per 10%, acting via concurrent year",8111,0.07560453809325057,0.0001506339763897786,True,True
"IRR 1.10 per 10%, acting via concurrent year",8112,0.0630983658159291,0.0001314930596345578,True,True
"IRR 1.10 per 10%, acting via concurrent year",8113,0.07664017070911723,1.8835338039686385e-06,True,True
"IRR 1.10 per 10%, acting via concurrent year",8114,0.08657182079898688,1.0479829127863984e-05,True,True
"IRR 1.10 per 10%, acting via concurrent year",8115,0.07696560520828116,9.348051203570804e-05,True,True
"IRR 1.10 per 10%, acting via concurrent year",8116,0.0521154854425129,0.011689897733007437,True,True
"IRR 1.10 per 10%, acting via concurrent year",8117,0.08592260315821533,1.7108340766896332e-05,True,True
"IRR 1.10 per 10%, acting via concurrent year",8118,0.06633944283169212,5.234293285517025e-05,True,True
"IRR 1.10 per 10%, acting via concurrent year",8119,0.07598333507649127,1.129828622799408e-06,True,True
"IRR 1.10 per 10%, acting via concurrent year",8120,0.0692156661519551,0.0003262369194285032,True,True
"IRR 1.10 per 10%, acting via concurrent year",8121,0.10488289427738742,5.561757469547048e-10,True,True
"IRR 1.10 per 10%, acting via concurrent year",8122,0.09658918374495684,1.2931578498742427e-09,True,True
"IRR 1.10 per 10%, acting via concurrent year",8123,0.06598070533373332,1.5600685670999186e-05,True,True
"IRR 1.10 per 10%, acting via concurrent year",8124,0.04947660224040926,0.0007483326589777134,True,True
"IRR 1.10 per 10%, acting via concurrent year",8125,0.09370615352841347,7.782947302719041e-10,True,True
"IRR 1.10 per 10%, acting via concurrent year",8126,0.06818955066796255,0.00018573176541093064,True,True
"IRR 1.10 per 10%, acting via concurrent year",8127,0.05056143382668247,0.001243820608877291,True,True
"IRR 1.10 per 10%, acting via concurrent year",8128,0.07738418312241606,9.553557328855599e-05,True,True
"IRR 1.10 per 10%, acting via concurrent year",8129,0.0753935677845102,2.3287295664089202e-05,True,True
"IRR 1.10 per 10%, acting via concurrent year",8130,0.10425272628911646,1.1479311863546534e-10,True,True
"IRR 1.10 per 10%, acting via concurrent year",8131,0.08613130958858359,2.231480420490054e-06,True,True
"IRR 1.10 per 10%, acting via concurrent year",8132,0.07761916566397442,0.00011465360868688817,True,True
"IRR 1.10 per 10%, acting via concurrent year",8133,0.08159150712983569,4.55884095558074e-05,True,True
"IRR 1.10 per 10%, acting via concurrent year",8134,0.06552430863552638,0.0001894089416161302,True,True
"IRR 1.10 per 10%, acting via concurrent year",8135,0.0942136633581048,5.625078832912108e-08,True,True
"IRR 1.10 per 10%, acting via concurrent year",8136,0.07471247395790181,1.4092231112595863e-05,True,True
"IRR 1.10 per 10%, acting via concurrent year",8137,0.07656887703664599,4.2426507298890704e-05,True,True
"IRR 1.10 per 10%, acting via concurrent year",8138,0.04769016707326369,0.012424075178461624,True,True
"IRR 1.10 per 10%, acting via concurrent year",8139,0.06685269672409777,2.0588549973350676e-06,True,True
"IRR 1.10 per 10%, acting via concurrent year",8140,0.11850592774258967,4.0597295218198345e-11,True,True
"IRR 1.10 per 10%, acting via concurrent year",8141,0.08392725229648552,4.6246470477748693e-07,True,True
"IRR 1.10 per 10%, acting via concurrent year",8142,0.10819337252953456,9.514318825679123e-11,True,True
"IRR 1.10 per 10%, acting via concurrent year",8143,0.08171173896144572,2.2597523473162656e-06,True,True
"IRR 1.10 per 10%, acting via concurrent year",8144,0.04211857779835718,0.009567785861185124,True,True
"IRR 1.10 per 10%, acting via concurrent year",8145,0.10604365236427968,2.8212275797252377e-09,True,True
"IRR 1.10 per 10%, acting via concurrent year",8146,0.06240484924081116,0.00016832444397345338,True,True
"IRR 1.10 per 10%, acting via concurrent year",8147,0.05288554736887976,0.006240099505054917,True,True
"IRR 1.10 per 10%, acting via concurrent year",8148,0.09936534496827402,4.476328876258891e-07,True,True
"IRR 1.10 per 10%, acting via concurrent year",8149,0.07627521625674338,1.8721991771802405e-07,True,True
"IRR 1.10 per 10%, acting via concurrent year",8150,0.0866830462761613,4.601286233846679e-06,True,True
"IRR 1.10 per 10%, acting via concurrent year",8151,0.09285777627328505,1.6857277185246081e-06,True,True
"IRR 1.10 per 10%, acting via concurrent year",8152,0.11362338689009778,2.6305210219684573e-08,True,True
"IRR 1.10 per 10%, acting via concurrent year",8153,0.07535040068254399,6.955365304315534e-05,True,True
"IRR 1.10 per 10%, acting via concurrent year",8154,0.06746289080331869,0.00025831764741085094,True,True
"IRR 1.10 per 10%, acting via concurrent year",8155,0.04776562660692676,0.03237798173734786,True,True
"IRR 1.10 per 10%, acting via concurrent year",8156,0.06034678508278098,0.00036120921586771517,True,True
"IRR 1.10 per 10%, acting via concurrent year",8157,0.05291053816888572,0.006774770769530647,True,True
"IRR 1.10 per 10%, acting via concurrent year",8158,0.09084433536014035,8.159548178108832e-10,True,True
"IRR 1.10 per 10%, acting via concurrent year",8159,0.10870497173220325,1.1822592367928629e-11,True,True
"IRR 1.10 per 10%, acting via concurrent year",8160,0.07505341813807902,1.6986971796202067e-07,True,True
"IRR 1.10 per 10%, acting via concurrent year",8161,0.06070471485089943,0.0018976943093315306,True,True
"IRR 1.10 per 10%, acting via concurrent year",8162,0.11722530418460332,6.0444548467781436e-09,True,True
"IRR 1.10 per 10%, acting via concurrent year",8163,0.10137389786471135,2.5314027946865174e-07,True,True
"IRR 1.10 per 10%, acting via concurrent year",8164,0.08990834577811675,6.292530506893526e-08,True,True
"IRR 1.10 per 10%, acting via concurrent year",8165,0.08040485941236851,0.0014825281647916446,True,True
"IRR 1.10 per 10%, acting via concurrent year",8166,0.041008557362670554,0.008451744952693864,True,True
"IRR 1.10 per 10%, acting via concurrent year",8167,0.09019356504545403,2.6391792812227727e-08,True,True
"IRR 1.10 per 10%, acting via concurrent year",8168,0.05739980692843543,0.005637650401900648,True,True
"IRR 1.10 per 10%, acting via concurrent year",8169,0.0613863420768669,0.0014602232699692658,True,True
"IRR 1.10 per 10%, acting via concurrent year",8170,0.11220436285998633,7.588831540602473e-08,True,True
"IRR 1.10 per 10%, acting via concurrent year",8171,0.08394229809744083,6.016368743087016e-06,True,True
"IRR 1.10 per 10%, acting via concurrent year",8172,0.08249663293100128,4.245243810839172e-05,True,True
"IRR 1.10 per 10%, acting via concurrent year",8173,0.11019775076730627,4.159302263570154e-09,True,True
"IRR 1.10 per 10%, acting via concurrent year",8174,0.09130710467433174,6.007342563195552e-11,True,True
"IRR 1.10 per 10%, acting via concurrent year",8175,0.04538539368236793,0.017967533590575582,True,True
"IRR 1.10 per 10%, acting via concurrent year",8176,0.06451000581264049,0.00014621611360984444,True,True
"IRR 1.10 per 10%, acting via concurrent year",8177,0.0972536764278686,8.756270743714485e-08,True,True
"IRR 1.10 per 10%, acting via concurrent year",8178,0.09031545279090004,2.9153064749628704e-05,True,True
"IRR 1.10 per 10%, acting via concurrent year",8179,0.07311120712199909,3.0701973136636685e-05,True,True
"IRR 1.10 per 10%, acting via concurrent year",8180,0.09431368512308984,4.318945760040276e-05,True,True
"IRR 1.10 per 10%, acting via concurrent year",8181,0.09374566969456842,2.48810097427215e-07,True,True
"IRR 1.10 per 10%, acting via concurrent year",8182,0.06508958932140757,8.991094251673702e-05,True,True
"IRR 1.10 per 10%, acting via concurrent year",8183,0.07390753928055933,2.348448315060933e-06,True,True
"IRR 1.10 per 10%, acting via concurrent year",8184,0.05244187900433218,0.0044418765109209835,True,True
"IRR 1.10 per 10%, acting via concurrent year",8185,0.06916432437929725,8.749552874337075e-06,True,True
"IRR 1.10 per 10%, acting via concurrent year",8186,0.07039554421305921,5.595880838346098e-06,True,True
"IRR 1.10 per 10%, acting via concurrent year",8187,0.0888777712707214,4.3599140607725205e-06,True,True
"IRR 1.10 per 10%, acting via concurrent year",8188,0.081262409322542,4.1721796299050166e-05,True,True
"IRR 1.10 per 10%, acting via concurrent year",8189,0.08898197576379119,1.7204845913160725e-08,True,True
"IRR 1.10 per 10%, acting via concurrent year",8190,0.08934096412925475,1.2121451465687396e-05,True,True
"IRR 1.10 per 10%, acting via concurrent year",8191,0.10099701645839128,5.064903806234153e-09,True,True
"IRR 1.10 per 10%, acting via concurrent year",8192,0.06940178437636543,2.1932714762610772e-05,True,True
"IRR 1.10 per 10%, acting via concurrent year",8193,0.06563251866903352,0.002062500456117636,True,True
"IRR 1.10 per 10%, acting via concurrent year",8194,0.08759182042913267,9.310610229862524e-07,True,True
"IRR 1.10 per 10%, acting via concurrent year",8195,0.07465838811569354,9.55155382435327e-07,True,True
"IRR 1.10 per 10%, acting via concurrent year",8196,0.08450406283034592,2.6182604797388873e-09,True,True
"IRR 1.10 per 10%, acting via concurrent year",8197,0.0859798309645775,1.911504721675727e-07,True,True
"IRR 1.10 per 10%, acting via concurrent year",8198,0.07254275440315558,3.2743799065517335e-05,True,True
"IRR 1.10 per 10%, acting via concurrent year",8199,0.07799532452233293,2.7871824493458054e-06,True,True
"IRR 1.10 per 10%, acting via concurrent year",8200,0.07202435896746015,0.0002082156262624729,True,True
"IRR 1.10 per 10%, acting via concurrent year",8201,0.09276361546076678,3.1130557474035183e-07,True,True
"IRR 1.10 per 10%, acting via concurrent year",8202,0.11431486763339305,1.1533944088244576e-10,True,True
"IRR 1.10 per 10%, acting via concurrent year",8203,0.07471638202615181,5.752267805284477e-05,True,True
"IRR 1.10 per 10%, acting via concurrent year",8204,0.11953351003027225,4.621404352674431e-11,True,True
"IRR 1.10 per 10%, acting via concurrent year",8205,0.11170512695060356,2.6722340695660495e-14,True,True
"IRR 1.10 per 10%, acting via concurrent year",8206,0.08981449280061046,4.956266801240251e-07,True,True
"IRR 1.10 per 10%, acting via concurrent year",8207,0.06432062592025253,0.0002944575492237131,True,True
"IRR 1.10 per 10%, acting via concurrent year",8208,0.08069959520055098,3.047358924958582e-05,True,True
"IRR 1.10 per 10%, acting via concurrent year",8209,0.09558227922374873,1.9218700708931245e-07,True,True
"IRR 1.10 per 10%, acting via concurrent year",8210,0.09173655072303007,6.331216953338847e-05,True,True
"IRR 1.10 per 10%, acting via concurrent year",8211,0.07863139475848219,1.8621345835980966e-07,True,True
"IRR 1.10 per 10%, acting via concurrent year",8212,0.08267789830580274,4.2068204050265175e-06,True,True
"IRR 1.10 per 10%, acting via concurrent year",8213,0.08686739117313874,5.965106183656207e-06,True,True
"IRR 1.10 per 10%, acting via concurrent year",8214,0.07346850363297491,1.8683186948686495e-06,True,True
"IRR 1.10 per 10%, acting via concurrent year",8215,0.11612632658314116,3.40486595867944e-09,True,True
"IRR 1.10 per 10%, acting via concurrent year",8216,0.09892833330671921,6.210873225806974e-06,True,True
"IRR 1.10 per 10%, acting via concurrent year",8217,0.08103484463740782,1.0293042191127843e-06,True,True
"IRR 1.10 per 10%, acting via concurrent year",8218,0.103461356740526,2.23459753121081e-06,True,True
"IRR 1.10 per 10%, acting via concurrent year",8219,0.0798471199842394,1.6202974717831548e-06,True,True
"IRR 1.10 per 10%, acting via concurrent year",8220,0.11988351927294531,9.064252811826688e-09,True,True
"IRR 1.10 per 10%, acting via concurrent year",8221,0.06490629051668005,0.0017008595973235748,True,True
"IRR 1.10 per 10%, acting via concurrent year",8222,0.08161617792790053,4.947401409390887e-06,True,True
"IRR 1.10 per 10%, acting via concurrent year",8223,0.08007320384329081,2.704579858261167e-06,True,True
"IRR 1.10 per 10%, acting via concurrent year",8224,0.06047329950553752,0.000773995969123281,True,True
"IRR 1.10 per 10%, acting via concurrent year",8225,0.09759224583260503,4.4800909998765266e-07,True,True
"IRR 1.10 per 10%, acting via concurrent year",8226,0.06338851240986033,0.00012759166752344245,True,True
"IRR 1.10 per 10%, acting via concurrent year",8227,0.08156403427017928,5.192385586482631e-06,True,True
"IRR 1.10 per 10%, acting via concurrent year",8228,0.11441623926331801,8.080763853332003e-13,True,True
"IRR 1.10 per 10%, acting via concurrent year",8229,0.08323453470648601,2.8731606447810843e-05,True,True
"IRR 1.10 per 10%, acting via concurrent year",8230,0.104817948990237,1.0981088642325789e-10,True,True
"IRR 1.10 per 10%, acting via concurrent year",8231,0.0641199158236922,0.00037704386563249367,True,True
"IRR 1.10 per 10%, acting via concurrent year",8232,0.1207704641716708,1.352533056608514e-11,True,True
"IRR 1.10 per 10%, acting via concurrent year",8233,0.11337921799183766,1.60300069533597e-10,True,True
"IRR 1.10 per 10%, acting via concurrent year",8234,0.0804902158140809,1.5862483214063042e-07,True,True
"IRR 1.10 per 10%, acting via concurrent year",8235,0.06594513146859982,0.0007373074279128638,True,True
"IRR 1.10 per 10%, acting via concurrent year",8236,0.0874182854410407,1.3288198255613624e-05,True,True
"IRR 1.10 per 10%, acting via concurrent year",8237,0.09366418131063275,4.151303323255025e-07,True,True
"IRR 1.10 per 10%, acting via concurrent year",8238,0.045194754839361084,0.008003157789982798,True,True
"IRR 1.10 per 10%, acting via concurrent year",8239,0.0631366630672898,0.0003796437970535213,True,True
"IRR 1.10 per 10%, acting via concurrent year",8240,0.09221017640316492,2.1287626396806176e-07,True,True
"IRR 1.10 per 10%, acting via concurrent year",8241,0.08661487980880116,3.8233116945333035e-07,True,True
"IRR 1.10 per 10%, acting via concurrent year",8242,0.06788710228746538,4.1760167253485773e-05,True,True
"IRR 1.10 per 10%, acting via concurrent year",8243,0.09049628608607317,0.00010770822237675775,True,True
"IRR 1.10 per 10%, acting via concurrent year",8244,0.07687896675132798,2.950165077409789e-07,True,True
"IRR 1.10 per 10%, acting via concurrent year",8245,0.07494902503676819,0.001075637956728148,True,True
"IRR 1.10 per 10%, acting via concurrent year",8246,0.0564558447529582,0.00036398957784035353,True,True
"IRR 1.10 per 10%, acting via concurrent year",8247,0.058865418374919626,5.269036942137884e-05,True,True
"IRR 1.10 per 10%, acting via concurrent year",8248,0.10042662421216658,2.8087485320631957e-07,True,True
"IRR 1.10 per 10%, acting via concurrent year",8249,0.057398536325240834,0.00013200277306804454,True,True
"IRR 1.10 per 10%, acting via concurrent year",8250,0.05604500583835415,0.00023845852649814775,True,True
"IRR 1.10 per 10%, acting via concurrent year",8251,0.08895632358246396,3.874238146373997e-06,True,True
"IRR 1.10 per 10%, acting via concurrent year",8252,0.09238213750628839,2.572984144413444e-05,True,True
"IRR 1.10 per 10%, acting via concurrent year",8253,0.07571242675214093,5.202955367162335e-05,True,True
"IRR 1.10 per 10%, acting via concurrent year",8254,0.08835938001774675,4.0001257626008816e-05,True,True
"IRR 1.10 per 10%, acting via concurrent year",8255,0.07325188427747995,8.577917600133842e-05,True,True
"IRR 1.10 per 10%, acting via concurrent year",8256,0.09177656018509667,0.00010472473390686555,True,True
"IRR 1.10 per 10%, acting via concurrent year",8257,0.07883726516575731,9.734710233724991e-07,True,True
"IRR 1.10 per 10%, acting via concurrent year",8258,0.09844612311384794,6.638811758577142e-08,True,True
"IRR 1.10 per 10%, acting via concurrent year",8259,0.07973640271537415,2.5124806390320185e-06,True,True
"IRR 1.10 per 10%, acting via concurrent year",8260,0.09159509067241582,1.7388423539139557e-06,True,True
"IRR 1.10 per 10%, acting via concurrent year",8261,0.06283768064995282,0.0001478516082139611,True,True
"IRR 1.10 per 10%, acting via concurrent year",8262,0.04406992779030313,0.033052720813968366,True,True
"IRR 1.10 per 10%, acting via concurrent year",8263,0.12338766879157545,3.8468590844998714e-11,True,True
"IRR 1.10 per 10%, acting via concurrent year",8264,0.05747798029020625,0.0027691074890462005,True,True
"IRR 1.10 per 10%, acting via concurrent year",8265,0.070065237243128,1.1891629949117777e-05,True,True
"IRR 1.10 per 10%, acting via concurrent year",8266,0.07846907397869612,1.968261842827742e-06,True,True
"IRR 1.10 per 10%, acting via concurrent year",8267,0.08179291783501551,0.0002038934733633991,True,True
"IRR 1.10 per 10%, acting via concurrent year",8268,0.05960632631893837,0.0010203850371460995,True,True
"IRR 1.10 per 10%, acting via concurrent year",8269,0.051686303922635124,0.0012195406440849807,True,True
"IRR 1.10 per 10%, acting via concurrent year",8270,0.11145802861954633,2.4498815751943074e-07,True,True
"IRR 1.10 per 10%, acting via concurrent year",8271,0.08712209351208036,2.145738451895979e-09,True,True
"IRR 1.10 per 10%, acting via concurrent year",8272,0.05417753789066645,0.008079970399133843,True,True
"IRR 1.10 per 10%, acting via concurrent year",8273,0.08717852475144383,6.561330371032532e-10,True,True
"IRR 1.10 per 10%, acting via concurrent year",8274,0.054226954516567075,0.006409133763173539,True,True
"IRR 1.10 per 10%, acting via concurrent year",8275,0.05252948907281199,0.002792564257071553,True,True
"IRR 1.10 per 10%, acting via concurrent year",8276,0.09506877829475144,1.1976491411199544e-05,True,True
"IRR 1.10 per 10%, acting via concurrent year",8277,0.0837929793407435,2.2478880889468666e-05,True,True
"IRR 1.10 per 10%, acting via concurrent year",8278,0.08693154444157565,1.4186762858713427e-05,True,True
"IRR 1.10 per 10%, acting via concurrent year",8279,0.10055298276268133,8.16590381843827e-08,True,True
"IRR 1.10 per 10%, acting via concurrent year",8280,0.06980677091601374,0.0010620562491396367,True,True
"IRR 1.10 per 10%, acting via concurrent year",8281,0.09518407494502382,9.973276298742795e-06,True,True
"IRR 1.10 per 10%, acting via concurrent year",8282,0.0894785069440217,8.262057095511957e-07,True,True
"IRR 1.10 per 10%, acting via concurrent year",8283,0.06039654423983575,0.00031650578170724214,True,True
"IRR 1.10 per 10%, acting via concurrent year",8284,0.053471150337713415,0.0017212924750101488,True,True
"IRR 1.10 per 10%, acting via concurrent year",8285,0.09299478476401875,3.486551912548311e-05,True,True
"IRR 1.10 per 10%, acting via concurrent year",8286,0.06750546437800813,0.000274009401472292,True,True
"IRR 1.10 per 10%, acting via concurrent year",8287,0.08105073777228547,0.0015499187583060446,True,True
"IRR 1.10 per 10%, acting via concurrent year",8288,0.0997646896366465,3.966015614442801e-06,True,True
"IRR 1.10 per 10%, acting via concurrent year",8289,0.0877646441849856,1.668019949759453e-08,True,True
"IRR 1.10 per 10%, acting via concurrent year",8290,0.04499924410840479,0.026749768013233626,True,True
"IRR 1.10 per 10%, acting via concurrent year",8291,0.11109505175355489,9.899435467043872e-10,True,True
"IRR 1.10 per 10%, acting via concurrent year",8292,0.08657740894743196,0.0016507294181336031,True,True
"IRR 1.10 per 10%, acting via concurrent year",8293,0.09024954811501508,1.0907983045457764e-06,True,True
"IRR 1.10 per 10%, acting via concurrent year",8294,0.07760622545990738,8.116003096856459e-06,True,True
"IRR 1.10 per 10%, acting via concurrent year",8295,0.07250080402735233,3.6251254036350504e-06,True,True
"IRR 1.10 per 10%, acting via concurrent year",8296,0.10548276030157755,1.1017153747207448e-10,True,True
"IRR 1.10 per 10%, acting via concurrent year",8297,0.07542840522023153,4.132193926601781e-05,True,True
"IRR 1.10 per 10%, acting via concurrent year",8298,0.08962523200485006,4.2062807909559775e-11,True,True
"IRR 1.10 per 10%, acting via concurrent year",8299,0.09436074871055526,5.006492809692254e-10,True,True
