vmp_snomed_code,vmp_product_name,unit,substances,new_group,route_class,mg_per_unit,rifampicin_mg_per_unit,isoniazid_mg_per_unit,pyrazinamide_mg_per_unit,ethambutol_mg_per_unit,ddd_mg,ddd_source,pred_equiv_factor,include,notes,total_qty_all_months,ddd_per_unit
42264811000001105,Azathioprine 100mg tablets,TABLET,azathioprine,antiproliferative,oral,100.0,,,,,150.0,"WHO ATC/DDD index (atcddd.fhi.no, checked 2026-09-14)",,True,,313.0,0.6666666666666666
8281911000001107,Azathioprine 100mg/5ml oral solution,ML,azathioprine,antiproliferative,oral,20.0,,,,,150.0,"WHO ATC/DDD index (atcddd.fhi.no, checked 2026-09-14)",,True,,500.0,0.13333333333333333
8282011000001100,Azathioprine 100mg/5ml oral suspension,ML,azathioprine,antiproliferative,oral,20.0,,,,,150.0,"WHO ATC/DDD index (atcddd.fhi.no, checked 2026-09-14)",,True,,111350.0,0.13333333333333333
8791311000001100,Azathioprine 10mg capsules,CAPSULE,azathioprine,antiproliferative,oral,10.0,,,,,150.0,"WHO ATC/DDD index (atcddd.fhi.no, checked 2026-09-14)",,True,,6126.0,0.06666666666666667
8282211000001105,Azathioprine 10mg/5ml oral suspension,ML,azathioprine,antiproliferative,oral,2.0,,,,,150.0,"WHO ATC/DDD index (atcddd.fhi.no, checked 2026-09-14)",,True,,9200.0,0.013333333333333334
42642711000001100,Azathioprine 10mg/ml oral suspension sugar free,ML,azathioprine,antiproliferative,oral,10.0,,,,,150.0,"WHO ATC/DDD index (atcddd.fhi.no, checked 2026-09-14)",,True,,1036423.0,0.06666666666666667
8283211000001104,Azathioprine 15mg/5ml oral suspension,ML,azathioprine,antiproliferative,oral,3.0,,,,,150.0,"WHO ATC/DDD index (atcddd.fhi.no, checked 2026-09-14)",,True,,450.0,0.02
12097111000001103,Azathioprine 200mg/5ml oral suspension,ML,azathioprine,antiproliferative,oral,40.0,,,,,150.0,"WHO ATC/DDD index (atcddd.fhi.no, checked 2026-09-14)",,True,,1700.0,0.26666666666666666
8283911000001108,Azathioprine 20mg/5ml oral suspension,ML,azathioprine,antiproliferative,oral,4.0,,,,,150.0,"WHO ATC/DDD index (atcddd.fhi.no, checked 2026-09-14)",,True,,6100.0,0.02666666666666667
16035911000001102,Azathioprine 250mg/5ml oral solution,ML,azathioprine,antiproliferative,oral,50.0,,,,,150.0,"WHO ATC/DDD index (atcddd.fhi.no, checked 2026-09-14)",,True,,250.0,0.3333333333333333
16036011000001105,Azathioprine 250mg/5ml oral suspension,ML,azathioprine,antiproliferative,oral,50.0,,,,,150.0,"WHO ATC/DDD index (atcddd.fhi.no, checked 2026-09-14)",,True,,1050.0,0.3333333333333333
327071005,Azathioprine 25mg tablets,TABLET,azathioprine,antiproliferative,oral,25.0,,,,,150.0,"WHO ATC/DDD index (atcddd.fhi.no, checked 2026-09-14)",,True,,491990.0,0.16666666666666666
41759011000001103,Azathioprine 25mg tablets,TABLET,azathioprine,antiproliferative,oral,25.0,,,,,150.0,"WHO ATC/DDD index (atcddd.fhi.no, checked 2026-09-14)",,True,,15574473.19,0.16666666666666666
8284111000001107,Azathioprine 25mg/5ml oral suspension,ML,azathioprine,antiproliferative,oral,5.0,,,,,150.0,"WHO ATC/DDD index (atcddd.fhi.no, checked 2026-09-14)",,True,,14650.0,0.03333333333333333
12211811000001105,Azathioprine 37.5mg/5ml oral suspension,ML,azathioprine,antiproliferative,oral,7.5,,,,,150.0,"WHO ATC/DDD index (atcddd.fhi.no, checked 2026-09-14)",,True,,3850.0,0.05
327072003,Azathioprine 50mg powder for solution for injection vials,VIAL,azathioprine,antiproliferative,parenteral_systemic,50.0,,,,,150.0,"WHO ATC/DDD index (atcddd.fhi.no, checked 2026-09-14)",,True,,22.0,0.3333333333333333
41759111000001102,Azathioprine 50mg powder for solution for injection vials,VIAL,azathioprine,antiproliferative,parenteral_systemic,50.0,,,,,150.0,"WHO ATC/DDD index (atcddd.fhi.no, checked 2026-09-14)",,True,,969.0,0.3333333333333333
327070006,Azathioprine 50mg tablets,TABLET,azathioprine,antiproliferative,oral,50.0,,,,,150.0,"WHO ATC/DDD index (atcddd.fhi.no, checked 2026-09-14)",,True,,2392471.0,0.3333333333333333
41759311000001100,Azathioprine 50mg tablets,TABLET,azathioprine,antiproliferative,oral,50.0,,,,,150.0,"WHO ATC/DDD index (atcddd.fhi.no, checked 2026-09-14)",,True,,66725413.24,0.3333333333333333
8308511000001103,Azathioprine 50mg/5ml oral solution,ML,azathioprine,antiproliferative,oral,10.0,,,,,150.0,"WHO ATC/DDD index (atcddd.fhi.no, checked 2026-09-14)",,True,,226616.0,0.06666666666666667
8308411000001102,Azathioprine 50mg/5ml oral suspension,ML,azathioprine,antiproliferative,oral,10.0,,,,,150.0,"WHO ATC/DDD index (atcddd.fhi.no, checked 2026-09-14)",,True,,4128612.0,0.06666666666666667
8307811000001104,Azathioprine 75mg/5ml oral suspension,ML,azathioprine,antiproliferative,oral,15.0,,,,,150.0,"WHO ATC/DDD index (atcddd.fhi.no, checked 2026-09-14)",,True,,300.0,0.1
326875008,Methotrexate 10mg tablets,TABLET,methotrexate,antiproliferative,oral,10.0,,,,,2.5,"WHO ATC/DDD index (atcddd.fhi.no, checked 2026-09-14) (L04AX03)",,True,low-dose methotrexate (oral),9492.0,4.0
41791911000001107,Methotrexate 10mg tablets,TABLET,methotrexate,antiproliferative,oral,10.0,,,,,2.5,"WHO ATC/DDD index (atcddd.fhi.no, checked 2026-09-14) (L04AX03)",,True,low-dose methotrexate (oral),185235.0,4.0
24594311000001100,Methotrexate 10mg/0.2ml solution for injection pre-filled disposable devices,ML,methotrexate,antiproliferative,parenteral_systemic,50.0,,,,,2.5,"WHO ATC/DDD index (atcddd.fhi.no, checked 2026-09-14) (L04AX03)",,True,low-dose methotrexate (SC pre-filled syringe/pen <= 30 mg),209300.22,20.0
15517911000001104,Methotrexate 10mg/0.2ml solution for injection pre-filled syringes,ML,methotrexate,antiproliferative,parenteral_systemic,50.0,,,,,2.5,"WHO ATC/DDD index (atcddd.fhi.no, checked 2026-09-14) (L04AX03)",,True,low-dose methotrexate (SC pre-filled syringe/pen <= 30 mg),57265.2,20.0
34167711000001101,Methotrexate 10mg/0.4ml solution for injection pre-filled disposable devices,ML,methotrexate,antiproliferative,parenteral_systemic,25.0,,,,,2.5,"WHO ATC/DDD index (atcddd.fhi.no, checked 2026-09-14) (L04AX03)",,True,low-dose methotrexate (SC pre-filled syringe/pen <= 30 mg),13446.8,10.0
9468211000001108,Methotrexate 10mg/0.4ml solution for injection pre-filled syringes,ML,methotrexate,antiproliferative,parenteral_systemic,25.0,,,,,2.5,"WHO ATC/DDD index (atcddd.fhi.no, checked 2026-09-14) (L04AX03)",,True,low-dose methotrexate (SC pre-filled syringe/pen <= 30 mg),17385.6,10.0
10675611000001107,Methotrexate 10mg/1ml solution for injection pre-filled syringes,ML,methotrexate,antiproliferative,parenteral_systemic,10.0,,,,,2.5,"WHO ATC/DDD index (atcddd.fhi.no, checked 2026-09-14) (L04AX03)",,True,low-dose methotrexate (SC pre-filled syringe/pen <= 30 mg),15119.5,4.0
8664911000001105,Methotrexate 10mg/5ml oral solution,ML,methotrexate,antiproliferative,oral,2.0,,,,,2.5,"WHO ATC/DDD index (atcddd.fhi.no, checked 2026-09-14) (L04AX03)",,True,low-dose methotrexate (oral),1023929.58,0.8
8665011000001105,Methotrexate 10mg/5ml oral suspension,ML,methotrexate,antiproliferative,oral,2.0,,,,,2.5,"WHO ATC/DDD index (atcddd.fhi.no, checked 2026-09-14) (L04AX03)",,True,low-dose methotrexate (oral),67541.0,0.8
24594411000001107,Methotrexate 12.5mg/0.25ml solution for injection pre-filled disposable devices,ML,methotrexate,antiproliferative,parenteral_systemic,50.0,,,,,2.5,"WHO ATC/DDD index (atcddd.fhi.no, checked 2026-09-14) (L04AX03)",,True,low-dose methotrexate (SC pre-filled syringe/pen <= 30 mg),94225.75,20.0
19231311000001104,Methotrexate 12.5mg/0.25ml solution for injection pre-filled syringes,ML,methotrexate,antiproliferative,parenteral_systemic,50.0,,,,,2.5,"WHO ATC/DDD index (atcddd.fhi.no, checked 2026-09-14) (L04AX03)",,True,low-dose methotrexate (SC pre-filled syringe/pen <= 30 mg),41745.0,20.0
34167811000001109,Methotrexate 12.5mg/0.5ml solution for injection pre-filled disposable devices,ML,methotrexate,antiproliferative,parenteral_systemic,25.0,,,,,2.5,"WHO ATC/DDD index (atcddd.fhi.no, checked 2026-09-14) (L04AX03)",,True,low-dose methotrexate (SC pre-filled syringe/pen <= 30 mg),6423.3,10.0
9468311000001100,Methotrexate 12.5mg/0.5ml solution for injection pre-filled syringes,ML,methotrexate,antiproliferative,parenteral_systemic,25.0,,,,,2.5,"WHO ATC/DDD index (atcddd.fhi.no, checked 2026-09-14) (L04AX03)",,True,low-dose methotrexate (SC pre-filled syringe/pen <= 30 mg),14399.69,10.0
24594511000001106,Methotrexate 15mg/0.3ml solution for injection pre-filled disposable devices,ML,methotrexate,antiproliferative,parenteral_systemic,50.0,,,,,2.5,"WHO ATC/DDD index (atcddd.fhi.no, checked 2026-09-14) (L04AX03)",,True,low-dose methotrexate (SC pre-filled syringe/pen <= 30 mg),668031.68,20.0
15518011000001102,Methotrexate 15mg/0.3ml solution for injection pre-filled syringes,ML,methotrexate,antiproliferative,parenteral_systemic,50.0,,,,,2.5,"WHO ATC/DDD index (atcddd.fhi.no, checked 2026-09-14) (L04AX03)",,True,low-dose methotrexate (SC pre-filled syringe/pen <= 30 mg),185837.4,20.0
34167911000001104,Methotrexate 15mg/0.6ml solution for injection pre-filled disposable devices,ML,methotrexate,antiproliferative,parenteral_systemic,25.0,,,,,2.5,"WHO ATC/DDD index (atcddd.fhi.no, checked 2026-09-14) (L04AX03)",,True,low-dose methotrexate (SC pre-filled syringe/pen <= 30 mg),27565.2,10.0
9468411000001107,Methotrexate 15mg/0.6ml solution for injection pre-filled syringes,ML,methotrexate,antiproliferative,parenteral_systemic,25.0,,,,,2.5,"WHO ATC/DDD index (atcddd.fhi.no, checked 2026-09-14) (L04AX03)",,True,low-dose methotrexate (SC pre-filled syringe/pen <= 30 mg),45345.0,10.0
10675711000001103,Methotrexate 15mg/1.5ml solution for injection pre-filled syringes,ML,methotrexate,antiproliferative,parenteral_systemic,10.0,,,,,2.5,"WHO ATC/DDD index (atcddd.fhi.no, checked 2026-09-14) (L04AX03)",,True,low-dose methotrexate (SC pre-filled syringe/pen <= 30 mg),45243.01,4.0
24594611000001105,Methotrexate 17.5mg/0.35ml solution for injection pre-filled disposable devices,ML,methotrexate,antiproliferative,parenteral_systemic,50.0,,,,,2.5,"WHO ATC/DDD index (atcddd.fhi.no, checked 2026-09-14) (L04AX03)",,True,low-dose methotrexate (SC pre-filled syringe/pen <= 30 mg),166159.0,20.0
19231411000001106,Methotrexate 17.5mg/0.35ml solution for injection pre-filled syringes,ML,methotrexate,antiproliferative,parenteral_systemic,50.0,,,,,2.5,"WHO ATC/DDD index (atcddd.fhi.no, checked 2026-09-14) (L04AX03)",,True,low-dose methotrexate (SC pre-filled syringe/pen <= 30 mg),46977.44,20.0
34168011000001102,Methotrexate 17.5mg/0.7ml solution for injection pre-filled disposable devices,ML,methotrexate,antiproliferative,parenteral_systemic,25.0,,,,,2.5,"WHO ATC/DDD index (atcddd.fhi.no, checked 2026-09-14) (L04AX03)",,True,low-dose methotrexate (SC pre-filled syringe/pen <= 30 mg),5312.3,10.0
9468511000001106,Methotrexate 17.5mg/0.7ml solution for injection pre-filled syringes,ML,methotrexate,antiproliferative,parenteral_systemic,25.0,,,,,2.5,"WHO ATC/DDD index (atcddd.fhi.no, checked 2026-09-14) (L04AX03)",,True,low-dose methotrexate (SC pre-filled syringe/pen <= 30 mg),10040.8,10.0
326874007,Methotrexate 2.5mg tablets,TABLET,methotrexate,antiproliferative,oral,2.5,,,,,2.5,"WHO ATC/DDD index (atcddd.fhi.no, checked 2026-09-14) (L04AX03)",,True,low-dose methotrexate (oral),1718070.0,1.0
41792011000001100,Methotrexate 2.5mg tablets,TABLET,methotrexate,antiproliferative,oral,2.5,,,,,2.5,"WHO ATC/DDD index (atcddd.fhi.no, checked 2026-09-14) (L04AX03)",,True,low-dose methotrexate (oral),55156603.6,1.0
8665611000001103,Methotrexate 2.5mg/5ml oral solution,ML,methotrexate,antiproliferative,oral,0.5,,,,,2.5,"WHO ATC/DDD index (atcddd.fhi.no, checked 2026-09-14) (L04AX03)",,True,low-dose methotrexate (oral),290.0,0.2
24594711000001101,Methotrexate 20mg/0.4ml solution for injection pre-filled disposable devices,ML,methotrexate,antiproliferative,parenteral_systemic,50.0,,,,,2.5,"WHO ATC/DDD index (atcddd.fhi.no, checked 2026-09-14) (L04AX03)",,True,low-dose methotrexate (SC pre-filled syringe/pen <= 30 mg),1225166.08,20.0
15518111000001101,Methotrexate 20mg/0.4ml solution for injection pre-filled syringes,ML,methotrexate,antiproliferative,parenteral_systemic,50.0,,,,,2.5,"WHO ATC/DDD index (atcddd.fhi.no, checked 2026-09-14) (L04AX03)",,True,low-dose methotrexate (SC pre-filled syringe/pen <= 30 mg),283626.4,20.0
34168111000001101,Methotrexate 20mg/0.8ml solution for injection pre-filled disposable devices,ML,methotrexate,antiproliferative,parenteral_systemic,25.0,,,,,2.5,"WHO ATC/DDD index (atcddd.fhi.no, checked 2026-09-14) (L04AX03)",,True,low-dose methotrexate (SC pre-filled syringe/pen <= 30 mg),35451.2,10.0
9468611000001105,Methotrexate 20mg/0.8ml solution for injection pre-filled syringes,ML,methotrexate,antiproliferative,parenteral_systemic,25.0,,,,,2.5,"WHO ATC/DDD index (atcddd.fhi.no, checked 2026-09-14) (L04AX03)",,True,low-dose methotrexate (SC pre-filled syringe/pen <= 30 mg),87892.8,10.0
19976011000001106,Methotrexate 20mg/1ml solution for injection pre-filled syringes,ML,methotrexate,antiproliferative,parenteral_systemic,20.0,,,,,2.5,"WHO ATC/DDD index (atcddd.fhi.no, checked 2026-09-14) (L04AX03)",,True,low-dose methotrexate (SC pre-filled syringe/pen <= 30 mg),13667.0,8.0
10675811000001106,Methotrexate 20mg/2ml solution for injection pre-filled syringes,ML,methotrexate,antiproliferative,parenteral_systemic,10.0,,,,,2.5,"WHO ATC/DDD index (atcddd.fhi.no, checked 2026-09-14) (L04AX03)",,True,low-dose methotrexate (SC pre-filled syringe/pen <= 30 mg),180.0,4.0
12814711000001109,Methotrexate 20mg/5ml oral solution,ML,methotrexate,antiproliferative,oral,4.0,,,,,2.5,"WHO ATC/DDD index (atcddd.fhi.no, checked 2026-09-14) (L04AX03)",,True,low-dose methotrexate (oral),315.0,1.6
24594811000001109,Methotrexate 22.5mg/0.45ml solution for injection pre-filled disposable devices,ML,methotrexate,antiproliferative,parenteral_systemic,50.0,,,,,2.5,"WHO ATC/DDD index (atcddd.fhi.no, checked 2026-09-14) (L04AX03)",,True,low-dose methotrexate (SC pre-filled syringe/pen <= 30 mg),99358.64,20.0
19231511000001105,Methotrexate 22.5mg/0.45ml solution for injection pre-filled syringes,ML,methotrexate,antiproliferative,parenteral_systemic,50.0,,,,,2.5,"WHO ATC/DDD index (atcddd.fhi.no, checked 2026-09-14) (L04AX03)",,True,low-dose methotrexate (SC pre-filled syringe/pen <= 30 mg),27174.59,20.0
34168211000001107,Methotrexate 22.5mg/0.9ml solution for injection pre-filled disposable devices,ML,methotrexate,antiproliferative,parenteral_systemic,25.0,,,,,2.5,"WHO ATC/DDD index (atcddd.fhi.no, checked 2026-09-14) (L04AX03)",,True,low-dose methotrexate (SC pre-filled syringe/pen <= 30 mg),4522.5,10.0
9468711000001101,Methotrexate 22.5mg/0.9ml solution for injection pre-filled syringes,ML,methotrexate,antiproliferative,parenteral_systemic,25.0,,,,,2.5,"WHO ATC/DDD index (atcddd.fhi.no, checked 2026-09-14) (L04AX03)",,True,low-dose methotrexate (SC pre-filled syringe/pen <= 30 mg),3753.0,10.0
12814911000001106,Methotrexate 22.5mg/5ml oral solution,ML,methotrexate,antiproliferative,oral,4.5,,,,,2.5,"WHO ATC/DDD index (atcddd.fhi.no, checked 2026-09-14) (L04AX03)",,True,low-dose methotrexate (oral),2001.0,1.8
24594911000001104,Methotrexate 25mg/0.5ml solution for injection pre-filled disposable devices,ML,methotrexate,antiproliferative,parenteral_systemic,50.0,,,,,2.5,"WHO ATC/DDD index (atcddd.fhi.no, checked 2026-09-14) (L04AX03)",,True,low-dose methotrexate (SC pre-filled syringe/pen <= 30 mg),911924.0,20.0
15518211000001107,Methotrexate 25mg/0.5ml solution for injection pre-filled syringes,ML,methotrexate,antiproliferative,parenteral_systemic,50.0,,,,,2.5,"WHO ATC/DDD index (atcddd.fhi.no, checked 2026-09-14) (L04AX03)",,True,low-dose methotrexate (SC pre-filled syringe/pen <= 30 mg),317842.0,20.0
34168311000001104,Methotrexate 25mg/1ml solution for injection pre-filled disposable devices,ML,methotrexate,antiproliferative,parenteral_systemic,25.0,,,,,2.5,"WHO ATC/DDD index (atcddd.fhi.no, checked 2026-09-14) (L04AX03)",,True,low-dose methotrexate (SC pre-filled syringe/pen <= 30 mg),60504.6,10.0
9468811000001109,Methotrexate 25mg/1ml solution for injection pre-filled syringes,ML,methotrexate,antiproliferative,parenteral_systemic,25.0,,,,,2.5,"WHO ATC/DDD index (atcddd.fhi.no, checked 2026-09-14) (L04AX03)",,True,low-dose methotrexate (SC pre-filled syringe/pen <= 30 mg),99846.32,10.0
10675911000001101,Methotrexate 25mg/2.5ml solution for injection pre-filled syringes,ML,methotrexate,antiproliferative,parenteral_systemic,10.0,,,,,2.5,"WHO ATC/DDD index (atcddd.fhi.no, checked 2026-09-14) (L04AX03)",,True,low-dose methotrexate (SC pre-filled syringe/pen <= 30 mg),118777.5,4.0
24595011000001104,Methotrexate 27.5mg/0.55ml solution for injection pre-filled disposable devices,ML,methotrexate,antiproliferative,parenteral_systemic,49.99999999999999,,,,,2.5,"WHO ATC/DDD index (atcddd.fhi.no, checked 2026-09-14) (L04AX03)",,True,low-dose methotrexate (SC pre-filled syringe/pen <= 30 mg),1234.75,19.999999999999996
19231611000001109,Methotrexate 27.5mg/0.55ml solution for injection pre-filled syringes,ML,methotrexate,antiproliferative,parenteral_systemic,49.99999999999999,,,,,2.5,"WHO ATC/DDD index (atcddd.fhi.no, checked 2026-09-14) (L04AX03)",,True,low-dose methotrexate (SC pre-filled syringe/pen <= 30 mg),2868.25,19.999999999999996
9468911000001104,Methotrexate 27.5mg/1.1ml solution for injection pre-filled syringes,ML,methotrexate,antiproliferative,parenteral_systemic,24.999999999999996,,,,,2.5,"WHO ATC/DDD index (atcddd.fhi.no, checked 2026-09-14) (L04AX03)",,True,low-dose methotrexate (SC pre-filled syringe/pen <= 30 mg),382.79999999999995,9.999999999999998
30799911000001104,Methotrexate 2mg/ml oral solution sugar free,ML,methotrexate,antiproliferative,oral,2.0,,,,,2.5,"WHO ATC/DDD index (atcddd.fhi.no, checked 2026-09-14) (L04AX03)",,True,low-dose methotrexate (oral),1590400.6,0.8
24595111000001103,Methotrexate 30mg/0.6ml solution for injection pre-filled disposable devices,ML,methotrexate,antiproliferative,parenteral_systemic,50.0,,,,,2.5,"WHO ATC/DDD index (atcddd.fhi.no, checked 2026-09-14) (L04AX03)",,True,low-dose methotrexate (SC pre-filled syringe/pen <= 30 mg),21907.2,20.0
18245711000001104,Methotrexate 30mg/0.6ml solution for injection pre-filled syringes,ML,methotrexate,antiproliferative,parenteral_systemic,50.0,,,,,2.5,"WHO ATC/DDD index (atcddd.fhi.no, checked 2026-09-14) (L04AX03)",,True,low-dose methotrexate (SC pre-filled syringe/pen <= 30 mg),2761.2,20.0
9469011000001108,Methotrexate 30mg/1.2ml solution for injection pre-filled syringes,ML,methotrexate,antiproliferative,parenteral_systemic,25.0,,,,,2.5,"WHO ATC/DDD index (atcddd.fhi.no, checked 2026-09-14) (L04AX03)",,True,low-dose methotrexate (SC pre-filled syringe/pen <= 30 mg),2652.0,10.0
19976211000001101,Methotrexate 30mg/1.5ml solution for injection pre-filled syringes,ML,methotrexate,antiproliferative,parenteral_systemic,20.0,,,,,2.5,"WHO ATC/DDD index (atcddd.fhi.no, checked 2026-09-14) (L04AX03)",,True,low-dose methotrexate (SC pre-filled syringe/pen <= 30 mg),211.5,8.0
12817511000001107,Methotrexate 50mg/5ml oral solution,ML,methotrexate,antiproliferative,oral,10.0,,,,,2.5,"WHO ATC/DDD index (atcddd.fhi.no, checked 2026-09-14) (L04AX03)",,True,low-dose methotrexate (oral),13.0,4.0
9469411000001104,Methotrexate 5mg/0.2ml solution for injection pre-filled syringes,ML,methotrexate,antiproliferative,parenteral_systemic,25.0,,,,,2.5,"WHO ATC/DDD index (atcddd.fhi.no, checked 2026-09-14) (L04AX03)",,True,low-dose methotrexate (SC pre-filled syringe/pen <= 30 mg),1301.8,10.0
8665811000001104,Methotrexate 5mg/5ml oral solution,ML,methotrexate,antiproliferative,oral,1.0,,,,,2.5,"WHO ATC/DDD index (atcddd.fhi.no, checked 2026-09-14) (L04AX03)",,True,low-dose methotrexate (oral),200.0,0.4
24595211000001109,Methotrexate 7.5mg/0.15ml solution for injection pre-filled disposable devices,ML,methotrexate,antiproliferative,parenteral_systemic,50.0,,,,,2.5,"WHO ATC/DDD index (atcddd.fhi.no, checked 2026-09-14) (L04AX03)",,True,low-dose methotrexate (SC pre-filled syringe/pen <= 30 mg),50735.3,20.0
15518311000001104,Methotrexate 7.5mg/0.15ml solution for injection pre-filled syringes,ML,methotrexate,antiproliferative,parenteral_systemic,50.0,,,,,2.5,"WHO ATC/DDD index (atcddd.fhi.no, checked 2026-09-14) (L04AX03)",,True,low-dose methotrexate (SC pre-filled syringe/pen <= 30 mg),13215.6,20.0
34168411000001106,Methotrexate 7.5mg/0.3ml solution for injection pre-filled disposable devices,ML,methotrexate,antiproliferative,parenteral_systemic,25.0,,,,,2.5,"WHO ATC/DDD index (atcddd.fhi.no, checked 2026-09-14) (L04AX03)",,True,low-dose methotrexate (SC pre-filled syringe/pen <= 30 mg),3217.2,10.0
9469511000001100,Methotrexate 7.5mg/0.3ml solution for injection pre-filled syringes,ML,methotrexate,antiproliferative,parenteral_systemic,25.0,,,,,2.5,"WHO ATC/DDD index (atcddd.fhi.no, checked 2026-09-14) (L04AX03)",,True,low-dose methotrexate (SC pre-filled syringe/pen <= 30 mg),8640.5,10.0
10676011000001109,Methotrexate 7.5mg/0.75ml solution for injection pre-filled syringes,ML,methotrexate,antiproliferative,parenteral_systemic,10.0,,,,,2.5,"WHO ATC/DDD index (atcddd.fhi.no, checked 2026-09-14) (L04AX03)",,True,low-dose methotrexate (SC pre-filled syringe/pen <= 30 mg),983.25,4.0
8666111000001100,Methotrexate 7.5mg/5ml oral suspension,ML,methotrexate,antiproliferative,oral,1.5,,,,,2.5,"WHO ATC/DDD index (atcddd.fhi.no, checked 2026-09-14) (L04AX03)",,True,low-dose methotrexate (oral),120.0,0.6
40548511000001107,Methotrexate 800micrograms/0.2ml solution for injection pre-filled syringes,ML,methotrexate,antiproliferative,parenteral_systemic,4.0,,,,,2.5,"WHO ATC/DDD index (atcddd.fhi.no, checked 2026-09-14) (L04AX03)",,True,low-dose methotrexate (SC pre-filled syringe/pen <= 30 mg),69.2,1.6
4897811000001103,Mycophenolate mofetil 1g/5ml oral suspension sugar free,ML,mycophenolate mofetil,antiproliferative,oral,200.0,,,,,2000.0,"WHO ATC/DDD index (atcddd.fhi.no, checked 2026-09-14) (as mycophenolate mofetil)",,True,,15158732.19,0.1
327104000,Mycophenolate mofetil 250mg capsules,CAPSULE,mycophenolate mofetil,antiproliferative,oral,250.0,,,,,2000.0,"WHO ATC/DDD index (atcddd.fhi.no, checked 2026-09-14) (as mycophenolate mofetil)",,True,,1597167.0,0.125
41766011000001104,Mycophenolate mofetil 250mg capsules,CAPSULE,mycophenolate mofetil,antiproliferative,oral,250.0,,,,,2000.0,"WHO ATC/DDD index (atcddd.fhi.no, checked 2026-09-14) (as mycophenolate mofetil)",,True,,55547930.67,0.125
327109005,Mycophenolate mofetil 500mg powder for solution for infusion vials,VIAL,mycophenolate mofetil,antiproliferative,parenteral_systemic,500.0,,,,,2000.0,"WHO ATC/DDD index (atcddd.fhi.no, checked 2026-09-14) (as mycophenolate mofetil)",,True,,11059.01,0.25
41766111000001103,Mycophenolate mofetil 500mg powder for solution for infusion vials,VIAL,mycophenolate mofetil,antiproliferative,parenteral_systemic,500.0,,,,,2000.0,"WHO ATC/DDD index (atcddd.fhi.no, checked 2026-09-14) (as mycophenolate mofetil)",,True,,395034.28,0.25
327106003,Mycophenolate mofetil 500mg tablets,TABLET,mycophenolate mofetil,antiproliferative,oral,500.0,,,,,2000.0,"WHO ATC/DDD index (atcddd.fhi.no, checked 2026-09-14) (as mycophenolate mofetil)",,True,,5530400.0,0.25
41766211000001109,Mycophenolate mofetil 500mg tablets,TABLET,mycophenolate mofetil,antiproliferative,oral,500.0,,,,,2000.0,"WHO ATC/DDD index (atcddd.fhi.no, checked 2026-09-14) (as mycophenolate mofetil)",,True,,181885072.7,0.25
8076911000001104,Mycophenolic acid 180mg gastro-resistant tablets,TABLET,mycophenolic acid,antiproliferative,oral,180.0,,,,,1440.0,derived: WHO 2 g as mycophenolate mofetil ~ 1440 mg mycophenolic acid (as sodium; 720 mg = 1 g MMF),,True,,9429429.4,0.125
8077011000001100,Mycophenolic acid 360mg gastro-resistant tablets,TABLET,mycophenolic acid,antiproliferative,oral,360.0,,,,,1440.0,derived: WHO 2 g as mycophenolate mofetil ~ 1440 mg mycophenolic acid (as sodium; 720 mg = 1 g MMF),,True,,21726137.01,0.25
324466004,Ethambutol 100mg tablets,TABLET,ethambutol,antituberculosis_active,oral,100.0,,,,100.0,1200.0,"WHO ATC/DDD index (atcddd.fhi.no, checked 2026-09-14)",,True,,207522.0,0.08333333333333333
41949511000001104,Ethambutol 100mg tablets,TABLET,ethambutol,antituberculosis_active,oral,100.0,,,,100.0,1200.0,"WHO ATC/DDD index (atcddd.fhi.no, checked 2026-09-14)",,True,,6425848.32,0.08333333333333333
12297511000001100,Ethambutol 100mg/5ml oral solution,ML,ethambutol,antituberculosis_active,oral,20.0,,,,20.0,1200.0,"WHO ATC/DDD index (atcddd.fhi.no, checked 2026-09-14)",,True,,9750.0,0.016666666666666666
32463811000001107,Ethambutol 1g/10ml solution for infusion vials,ML,ethambutol,antituberculosis_active,parenteral_systemic,100.0,,,,100.0,1200.0,"WHO ATC/DDD index (atcddd.fhi.no, checked 2026-09-14)",,True,,57800.0,0.08333333333333333
8508711000001105,Ethambutol 200mg/5ml oral suspension,ML,ethambutol,antituberculosis_active,oral,40.0,,,,40.0,1200.0,"WHO ATC/DDD index (atcddd.fhi.no, checked 2026-09-14)",,True,,3971.0,0.03333333333333333
8508911000001107,Ethambutol 250mg/5ml oral suspension,ML,ethambutol,antituberculosis_active,oral,50.0,,,,50.0,1200.0,"WHO ATC/DDD index (atcddd.fhi.no, checked 2026-09-14)",,True,,5400.0,0.041666666666666664
8509011000001103,Ethambutol 300mg/5ml oral solution,ML,ethambutol,antituberculosis_active,oral,60.0,,,,60.0,1200.0,"WHO ATC/DDD index (atcddd.fhi.no, checked 2026-09-14)",,True,,400.0,0.05
8509111000001102,Ethambutol 300mg/5ml oral suspension,ML,ethambutol,antituberculosis_active,oral,60.0,,,,60.0,1200.0,"WHO ATC/DDD index (atcddd.fhi.no, checked 2026-09-14)",,True,,11120.0,0.05
324467008,Ethambutol 400mg tablets,TABLET,ethambutol,antituberculosis_active,oral,400.0,,,,400.0,1200.0,"WHO ATC/DDD index (atcddd.fhi.no, checked 2026-09-14)",,True,,304191.0,0.3333333333333333
41949611000001100,Ethambutol 400mg tablets,TABLET,ethambutol,antituberculosis_active,oral,400.0,,,,400.0,1200.0,"WHO ATC/DDD index (atcddd.fhi.no, checked 2026-09-14)",,True,,9477341.49,0.3333333333333333
8509211000001108,Ethambutol 400mg/5ml oral solution,ML,ethambutol,antituberculosis_active,oral,80.0,,,,80.0,1200.0,"WHO ATC/DDD index (atcddd.fhi.no, checked 2026-09-14)",,True,,262809.0,0.06666666666666667
8509411000001107,Ethambutol 400mg/5ml oral suspension,ML,ethambutol,antituberculosis_active,oral,80.0,,,,80.0,1200.0,"WHO ATC/DDD index (atcddd.fhi.no, checked 2026-09-14)",,True,,76470.0,0.06666666666666667
12298111000001105,Ethambutol 450mg/5ml oral solution,ML,ethambutol,antituberculosis_active,oral,90.0,,,,90.0,1200.0,"WHO ATC/DDD index (atcddd.fhi.no, checked 2026-09-14)",,True,,600.0,0.075
8509511000001106,Ethambutol 500mg/5ml oral solution,ML,ethambutol,antituberculosis_active,oral,100.0,,,,100.0,1200.0,"WHO ATC/DDD index (atcddd.fhi.no, checked 2026-09-14)",,True,,61150.0,0.08333333333333333
8509611000001105,Ethambutol 500mg/5ml oral suspension,ML,ethambutol,antituberculosis_active,oral,100.0,,,,100.0,1200.0,"WHO ATC/DDD index (atcddd.fhi.no, checked 2026-09-14)",,True,,120654.0,0.08333333333333333
8509711000001101,Ethambutol 600mg/5ml oral solution,ML,ethambutol,antituberculosis_active,oral,120.0,,,,120.0,1200.0,"WHO ATC/DDD index (atcddd.fhi.no, checked 2026-09-14)",,True,,950.0,0.1
8509911000001104,Ethambutol 600mg/5ml oral suspension,ML,ethambutol,antituberculosis_active,oral,120.0,,,,120.0,1200.0,"WHO ATC/DDD index (atcddd.fhi.no, checked 2026-09-14)",,True,,2920.0,0.1
13268811000001105,Pyrazinamide 1g/5ml oral solution,ML,pyrazinamide,antituberculosis_active,oral,200.0,,,200.0,,1500.0,"WHO ATC/DDD index (atcddd.fhi.no, checked 2026-09-14)",,True,,900.0,0.13333333333333333
13270111000001108,Pyrazinamide 350mg/5ml oral suspension,ML,pyrazinamide,antituberculosis_active,oral,70.0,,,70.0,,1500.0,"WHO ATC/DDD index (atcddd.fhi.no, checked 2026-09-14)",,True,,3300.0,0.04666666666666667
13271211000001108,Pyrazinamide 450mg/5ml oral solution,ML,pyrazinamide,antituberculosis_active,oral,90.0,,,90.0,,1500.0,"WHO ATC/DDD index (atcddd.fhi.no, checked 2026-09-14)",,True,,5250.0,0.06
13271311000001100,Pyrazinamide 450mg/5ml oral suspension,ML,pyrazinamide,antituberculosis_active,oral,90.0,,,90.0,,1500.0,"WHO ATC/DDD index (atcddd.fhi.no, checked 2026-09-14)",,True,,6150.0,0.06
324477005,Pyrazinamide 500mg tablets,TABLET,pyrazinamide,antituberculosis_active,oral,500.0,,,500.0,,1500.0,"WHO ATC/DDD index (atcddd.fhi.no, checked 2026-09-14)",,True,,97405.0,0.3333333333333333
41954211000001104,Pyrazinamide 500mg tablets,TABLET,pyrazinamide,antituberculosis_active,oral,500.0,,,500.0,,1500.0,"WHO ATC/DDD index (atcddd.fhi.no, checked 2026-09-14)",,True,,3387610.42,0.3333333333333333
8673211000001105,Pyrazinamide 500mg/5ml oral solution,ML,pyrazinamide,antituberculosis_active,oral,100.0,,,100.0,,1500.0,"WHO ATC/DDD index (atcddd.fhi.no, checked 2026-09-14)",,True,,84950.0,0.06666666666666667
8673311000001102,Pyrazinamide 500mg/5ml oral suspension,ML,pyrazinamide,antituberculosis_active,oral,100.0,,,100.0,,1500.0,"WHO ATC/DDD index (atcddd.fhi.no, checked 2026-09-14)",,True,,1742102.0,0.06666666666666667
35826211000001103,Pyrazinamide 500mg/5ml oral suspension sugar free,ML,pyrazinamide,antituberculosis_active,oral,100.0,,,100.0,,1500.0,"WHO ATC/DDD index (atcddd.fhi.no, checked 2026-09-14)",,True,,4800.0,0.06666666666666667
13271911000001104,Pyrazinamide 600mg/5ml oral suspension,ML,pyrazinamide,antituberculosis_active,oral,120.0,,,120.0,,1500.0,"WHO ATC/DDD index (atcddd.fhi.no, checked 2026-09-14)",,True,,100.0,0.08
13272911000001105,Pyrazinamide 750mg/5ml oral suspension,ML,pyrazinamide,antituberculosis_active,oral,150.0,,,150.0,,1500.0,"WHO ATC/DDD index (atcddd.fhi.no, checked 2026-09-14)",,True,,100.0,0.1
346672000,Generic Rifater tablets,TABLET,rifampicin+isoniazid+pyrazinamide,antituberculosis_active,oral,300.0,120.0,50.0,300.0,,1500.0,"WHO ATC/DDD index (atcddd.fhi.no, checked 2026-09-14)",,True,fixed-dose combination; hard-coded strengths; mg_per_unit/DDD refer to pyrazinamide,246029.0,0.2
41950711000001100,Generic Rifater tablets,TABLET,rifampicin+isoniazid+pyrazinamide,antituberculosis_active,oral,300.0,120.0,50.0,300.0,,1500.0,"WHO ATC/DDD index (atcddd.fhi.no, checked 2026-09-14)",,True,fixed-dose combination; hard-coded strengths; mg_per_unit/DDD refer to pyrazinamide,6355177.0,0.2
21733111000001101,Generic Voractiv tablets,TABLET,rifampicin+isoniazid+pyrazinamide+ethambutol,antituberculosis_active,oral,400.0,150.0,75.0,400.0,275.0,1500.0,"WHO ATC/DDD index (atcddd.fhi.no, checked 2026-09-14)",,True,fixed-dose combination; hard-coded strengths; mg_per_unit/DDD refer to pyrazinamide,2767313.2,0.26666666666666666
24565811000001107,Bedaquiline 100mg tablets,TABLET,bedaquiline,antituberculosis_mdr,oral,100.0,,,,,86.0,"WHO ATC/DDD index (atcddd.fhi.no, checked 2026-09-14)",,True,,210464.69,1.1627906976744187
44108211000001105,Bedaquiline 20mg tablets,TABLET,bedaquiline,antituberculosis_mdr,oral,20.0,,,,,86.0,"WHO ATC/DDD index (atcddd.fhi.no, checked 2026-09-14)",,True,,606.0,0.23255813953488372
27800311000001101,Delamanid 50mg tablets,TABLET,delamanid,antituberculosis_mdr,oral,50.0,,,,,200.0,"WHO ATC/DDD index (atcddd.fhi.no, checked 2026-09-14)",,True,,88067.0,0.25
324472004,Isoniazid 100mg tablets,TABLET,isoniazid,antituberculosis_rifamycin_isoniazid,oral,100.0,,100.0,,,300.0,"WHO ATC/DDD index (atcddd.fhi.no, checked 2026-09-14)",,True,isoniazid monotherapy (largely LTBI),262763.0,0.3333333333333333
41950911000001103,Isoniazid 100mg tablets,TABLET,isoniazid,antituberculosis_rifamycin_isoniazid,oral,100.0,,100.0,,,300.0,"WHO ATC/DDD index (atcddd.fhi.no, checked 2026-09-14)",,True,isoniazid monotherapy (largely LTBI),13581307.15,0.3333333333333333
8562211000001104,Isoniazid 100mg/5ml oral solution,ML,isoniazid,antituberculosis_rifamycin_isoniazid,oral,20.0,,20.0,,,300.0,"WHO ATC/DDD index (atcddd.fhi.no, checked 2026-09-14)",,True,isoniazid monotherapy (largely LTBI),2000.0,0.06666666666666667
32464311000001101,Isoniazid 100mg/5ml solution for injection ampoules,ML,isoniazid,antituberculosis_rifamycin_isoniazid,parenteral_systemic,20.0,,20.0,,,300.0,WHO oral DDD applied (WHO lists no parenteral DDD for isoniazid),,True,isoniazid monotherapy (largely LTBI),-100.0,0.06666666666666667
12640911000001100,Isoniazid 250mg/5ml oral solution,ML,isoniazid,antituberculosis_rifamycin_isoniazid,oral,50.0,,50.0,,,300.0,"WHO ATC/DDD index (atcddd.fhi.no, checked 2026-09-14)",,True,isoniazid monotherapy (largely LTBI),600.0,0.16666666666666666
377060006,Isoniazid 300mg tablets,TABLET,isoniazid,antituberculosis_rifamycin_isoniazid,oral,300.0,,300.0,,,300.0,"WHO ATC/DDD index (atcddd.fhi.no, checked 2026-09-14)",,True,isoniazid monotherapy (largely LTBI),7423.0,1.0
41951011000001106,Isoniazid 300mg tablets,TABLET,isoniazid,antituberculosis_rifamycin_isoniazid,oral,300.0,,300.0,,,300.0,"WHO ATC/DDD index (atcddd.fhi.no, checked 2026-09-14)",,True,isoniazid monotherapy (largely LTBI),207612.0,1.0
35017711000001102,Isoniazid 300mg/5ml solution for injection ampoules,ML,isoniazid,antituberculosis_rifamycin_isoniazid,parenteral_systemic,60.0,,60.0,,,300.0,WHO oral DDD applied (WHO lists no parenteral DDD for isoniazid),,True,isoniazid monotherapy (largely LTBI),78276.84,0.2
12642011000001100,Isoniazid 500mg/5ml oral solution,ML,isoniazid,antituberculosis_rifamycin_isoniazid,oral,100.0,,100.0,,,300.0,"WHO ATC/DDD index (atcddd.fhi.no, checked 2026-09-14)",,True,isoniazid monotherapy (largely LTBI),3600.0,0.3333333333333333
324471006,Isoniazid 50mg tablets,TABLET,isoniazid,antituberculosis_rifamycin_isoniazid,oral,50.0,,50.0,,,300.0,"WHO ATC/DDD index (atcddd.fhi.no, checked 2026-09-14)",,True,isoniazid monotherapy (largely LTBI),70035.0,0.16666666666666666
41951111000001107,Isoniazid 50mg tablets,TABLET,isoniazid,antituberculosis_rifamycin_isoniazid,oral,50.0,,50.0,,,300.0,"WHO ATC/DDD index (atcddd.fhi.no, checked 2026-09-14)",,True,isoniazid monotherapy (largely LTBI),540163.78,0.16666666666666666
36050011000001106,Isoniazid 50mg/2ml solution for injection ampoules,ML,isoniazid,antituberculosis_rifamycin_isoniazid,parenteral_systemic,25.0,,25.0,,,300.0,WHO oral DDD applied (WHO lists no parenteral DDD for isoniazid),,True,isoniazid monotherapy (largely LTBI),166598.6,0.08333333333333333
8562611000001102,Isoniazid 50mg/5ml oral solution,ML,isoniazid,antituberculosis_rifamycin_isoniazid,oral,10.0,,10.0,,,300.0,"WHO ATC/DDD index (atcddd.fhi.no, checked 2026-09-14)",,True,isoniazid monotherapy (largely LTBI),11077022.0,0.03333333333333333
8562711000001106,Isoniazid 50mg/5ml oral suspension,ML,isoniazid,antituberculosis_rifamycin_isoniazid,oral,10.0,,10.0,,,300.0,"WHO ATC/DDD index (atcddd.fhi.no, checked 2026-09-14)",,True,isoniazid monotherapy (largely LTBI),19400.0,0.03333333333333333
35934411000001101,Rifampicin 100mg/5ml oral suspension,ML,rifampicin,antituberculosis_rifamycin_isoniazid,oral,20.0,20.0,,,,600.0,"WHO ATC/DDD index (atcddd.fhi.no, checked 2026-09-14)",,True,,13828727.4,0.03333333333333333
324479008,Rifampicin 150mg capsules,CAPSULE,rifampicin,antituberculosis_rifamycin_isoniazid,oral,150.0,150.0,,,,600.0,"WHO ATC/DDD index (atcddd.fhi.no, checked 2026-09-14)",,True,,128294.0,0.25
41954511000001101,Rifampicin 150mg capsules,CAPSULE,rifampicin,antituberculosis_rifamycin_isoniazid,oral,150.0,150.0,,,,600.0,"WHO ATC/DDD index (atcddd.fhi.no, checked 2026-09-14)",,True,,5726155.0,0.25
324480006,Rifampicin 300mg capsules,CAPSULE,rifampicin,antituberculosis_rifamycin_isoniazid,oral,300.0,300.0,,,,600.0,"WHO ATC/DDD index (atcddd.fhi.no, checked 2026-09-14)",,True,,452231.0,0.5
41954711000001106,Rifampicin 300mg capsules,CAPSULE,rifampicin,antituberculosis_rifamycin_isoniazid,oral,300.0,300.0,,,,600.0,"WHO ATC/DDD index (atcddd.fhi.no, checked 2026-09-14)",,True,,14328774.0,0.5
35934511000001102,Rifampicin 600mg powder and solvent for solution for infusion vials,VIAL,rifampicin,antituberculosis_rifamycin_isoniazid,parenteral_systemic,600.0,600.0,,,,600.0,"WHO ATC/DDD index (atcddd.fhi.no, checked 2026-09-14)",,True,,191486.4,1.0
45792411000001108,Rifampicin 150mg / Isoniazid 100mg capsules,CAPSULE,rifampicin+isoniazid,antituberculosis_rifamycin_isoniazid,oral,150.0,150.0,100.0,,,600.0,"WHO ATC/DDD index (atcddd.fhi.no, checked 2026-09-14)",,True,fixed-dose combination; hard-coded strengths; mg_per_unit/DDD refer to rifampicin,5164.0,0.25
324500006,Rifampicin 150mg / Isoniazid 100mg tablets,TABLET,rifampicin+isoniazid,antituberculosis_rifamycin_isoniazid,oral,150.0,150.0,100.0,,,600.0,"WHO ATC/DDD index (atcddd.fhi.no, checked 2026-09-14)",,True,fixed-dose combination; hard-coded strengths; mg_per_unit/DDD refer to rifampicin,85256.0,0.25
41954411000001100,Rifampicin 150mg / Isoniazid 100mg tablets,TABLET,rifampicin+isoniazid,antituberculosis_rifamycin_isoniazid,oral,150.0,150.0,100.0,,,600.0,"WHO ATC/DDD index (atcddd.fhi.no, checked 2026-09-14)",,True,fixed-dose combination; hard-coded strengths; mg_per_unit/DDD refer to rifampicin,2611651.69,0.25
45427311000001104,Rifampicin 300mg / Isoniazid 150mg capsules,CAPSULE,rifampicin+isoniazid,antituberculosis_rifamycin_isoniazid,oral,300.0,300.0,150.0,,,600.0,"WHO ATC/DDD index (atcddd.fhi.no, checked 2026-09-14)",,True,fixed-dose combination; hard-coded strengths; mg_per_unit/DDD refer to rifampicin,1489248.88,0.5
324501005,Rifampicin 300mg / Isoniazid 150mg tablets,TABLET,rifampicin+isoniazid,antituberculosis_rifamycin_isoniazid,oral,300.0,300.0,150.0,,,600.0,"WHO ATC/DDD index (atcddd.fhi.no, checked 2026-09-14)",,True,fixed-dose combination; hard-coded strengths; mg_per_unit/DDD refer to rifampicin,618696.0,0.5
41954611000001102,Rifampicin 300mg / Isoniazid 150mg tablets,TABLET,rifampicin+isoniazid,antituberculosis_rifamycin_isoniazid,oral,300.0,300.0,150.0,,,600.0,"WHO ATC/DDD index (atcddd.fhi.no, checked 2026-09-14)",,True,fixed-dose combination; hard-coded strengths; mg_per_unit/DDD refer to rifampicin,16334386.85,0.5
41954811000001103,Rifapentine 150mg tablets,TABLET,rifapentine,antituberculosis_rifamycin_isoniazid,oral,150.0,,,,,110.0,"WHO ATC/DDD index (atcddd.fhi.no, checked 2026-09-14)",,True,,12015.0,1.3636363636363635
15148011000001101,Ciclosporin 0.05% eye drops 0.4ml unit dose preservative free,ML,ciclosporin,exclude,topical_other,,,,,,,,,False,would be transplant_cni_mtor; non-systemic (topical_other),45309.6,
29951011000001101,Ciclosporin 0.1% eye drops 0.3ml unit dose,ML,ciclosporin,exclude,topical_other,,,,,,,,,False,would be transplant_cni_mtor; non-systemic (topical_other),43248.0,
9404611000001104,Ciclosporin 0.2% eye ointment,GRAM,ciclosporin,exclude,topical_other,,,,,,,,,False,would be transplant_cni_mtor; non-systemic (topical_other),168956.0,
21514711000001108,Ciclosporin 0.2% eye ointment preservative free,GRAM,ciclosporin,exclude,topical_other,,,,,,,,,False,would be transplant_cni_mtor; non-systemic (topical_other),1974.0,
29951011000001101,Ciclosporin 1mg/ml eye drops 0.3ml unit dose,ML,ciclosporin,exclude,topical_other,1.0,,,,,,,,False,would be transplant_cni_mtor; non-systemic (topical_other),1960743.3,
45636211000001105,Ciclosporin 1mg/ml eye drops preservative free,ML,ciclosporin,exclude,topical_other,1.0,,,,,,,,False,would be transplant_cni_mtor; non-systemic (topical_other),1158.0,
9404811000001100,Ciclosporin 2% eye drops preservative free,ML,ciclosporin,exclude,topical_other,,,,,,,,,False,would be transplant_cni_mtor; non-systemic (topical_other),870.0,
15879811000001106,Ciclosporin 2% eye ointment,GRAM,ciclosporin,exclude,topical_other,,,,,,,,,False,would be transplant_cni_mtor; non-systemic (topical_other),3.5,
43989811000001102,Ciclosporin 900micrograms/ml eye drops 0.25ml unit dose preservative free,ML,ciclosporin,exclude,topical_other,0.9,,,,,,,,False,would be transplant_cni_mtor; non-systemic (topical_other),29278.75,
30780311000001108,Ciprofloxacin 0.3% / Dexamethasone 0.1% ear drops,ML,dexamethasone,exclude,topical_other,,,,,,,,,False,would be systemic_glucocorticoid; non-systemic (topical_other),993690.4,
3550411000001106,Dexamethasone 0.1% / Neomycin 0.5% / Acetic acid (glacial) 2% ear spray,ML,dexamethasone,exclude,topical_other,,,,,,,,,False,would be systemic_glucocorticoid; non-systemic (topical_other),1077022.13,
134748003,Dexamethasone 0.1% / Tobramycin 0.3% eye drops,ML,dexamethasone,exclude,topical_other,,,,,,,,,False,would be systemic_glucocorticoid; non-systemic (topical_other),93485.0,
42187711000001109,Dexamethasone 0.1% / Tobramycin 0.3% eye drops,ML,dexamethasone,exclude,topical_other,,,,,,,,,False,would be systemic_glucocorticoid; non-systemic (topical_other),2536966.0,
347120004,Dexamethasone 0.1% eye drops,ML,dexamethasone,exclude,topical_other,,,,,,,,,False,would be systemic_glucocorticoid; non-systemic (topical_other),939780.0,
42187811000001101,Dexamethasone 0.1% eye drops,ML,dexamethasone,exclude,topical_other,,,,,,,,,False,would be systemic_glucocorticoid; non-systemic (topical_other),15390830.75,
40573511000001104,Dexamethasone 0.1% eye drops 0.3ml unit dose preservative free,ML,dexamethasone,exclude,topical_other,,,,,,,,,False,would be systemic_glucocorticoid; non-systemic (topical_other),552281.1,
23560011000001109,Dexamethasone 0.1% eye drops 0.4ml unit dose preservative free,ML,dexamethasone,exclude,topical_other,,,,,,,,,False,would be systemic_glucocorticoid; non-systemic (topical_other),15366382.0,
3655011000001103,Dexamethasone 0.1% eye drops 0.5ml unit dose preservative free,ML,dexamethasone,exclude,topical_other,,,,,,,,,False,would be systemic_glucocorticoid; non-systemic (topical_other),5579923.2,
36094811000001100,Dexamethasone 0.1% eye drops preservative free,ML,dexamethasone,exclude,topical_other,,,,,,,,,False,would be systemic_glucocorticoid; non-systemic (topical_other),2632962.8,
9404911000001105,Dexamethasone 1% eye drops preservative free,ML,dexamethasone,exclude,topical_other,,,,,,,,,False,would be systemic_glucocorticoid; non-systemic (topical_other),3181.0,
17658211000001107,Dexamethasone 700microgram intravitreal implant with device,DEVICE,dexamethasone,exclude,topical_other,0.7000000000000001,,,,,,,,False,would be systemic_glucocorticoid; non-systemic (topical_other),113073.0,
3335111000001108,Cinchocaine 0.5% / Hydrocortisone 0.5% ointment,GRAM,hydrocortisone,exclude,topical_other,,,,,,,,,False,would be systemic_glucocorticoid; non-systemic (topical_other),564301.0,
3335211000001102,Cinchocaine 5mg / Hydrocortisone 5mg suppositories,SUPPOSITORY,hydrocortisone,exclude,topical_other,5.0,,,,,,,,False,would be systemic_glucocorticoid; non-systemic (topical_other),155504.0,
330936001,Gentamicin 0.3% / Hydrocortisone acetate 1% ear drops,ML,hydrocortisone,exclude,topical_other,,,,,,,,,False,would be systemic_glucocorticoid; non-systemic (topical_other),74900.0,
42190111000001108,Gentamicin 0.3% / Hydrocortisone acetate 1% ear drops,ML,hydrocortisone,exclude,topical_other,,,,,,,,,False,would be systemic_glucocorticoid; non-systemic (topical_other),1266344.05,
331680008,Hydrocortisone 0.1% cream,GRAM,hydrocortisone,exclude,topical_other,,,,,,,,,False,would be systemic_glucocorticoid; non-systemic (topical_other),5520.0,
41899611000001103,Hydrocortisone 0.1% cream,GRAM,hydrocortisone,exclude,topical_other,,,,,,,,,False,would be systemic_glucocorticoid; non-systemic (topical_other),56411.0,
331995007,Hydrocortisone 0.1% topical emulsion,GRAM,hydrocortisone,exclude,topical_other,,,,,,,,,False,would be systemic_glucocorticoid; non-systemic (topical_other),3000.0,
42083711000001105,Hydrocortisone 0.1% topical emulsion,GRAM,hydrocortisone,exclude,topical_other,,,,,,,,,False,would be systemic_glucocorticoid; non-systemic (topical_other),28100.0,
331720002,Hydrocortisone 0.25% / Crotamiton 10% cream,GRAM,hydrocortisone,exclude,topical_other,,,,,,,,,False,would be systemic_glucocorticoid; non-systemic (topical_other),1695.0,
41899711000001107,Hydrocortisone 0.25% / Crotamiton 10% cream,GRAM,hydrocortisone,exclude,topical_other,,,,,,,,,False,would be systemic_glucocorticoid; non-systemic (topical_other),55515.0,
346990001,Hydrocortisone 0.5% cream,GRAM,hydrocortisone,exclude,topical_other,,,,,,,,,False,would be systemic_glucocorticoid; non-systemic (topical_other),32858.0,
41899811000001104,Hydrocortisone 0.5% cream,GRAM,hydrocortisone,exclude,topical_other,,,,,,,,,False,would be systemic_glucocorticoid; non-systemic (topical_other),569406.99,
353223001,Hydrocortisone 0.5% ointment,GRAM,hydrocortisone,exclude,topical_other,,,,,,,,,False,would be systemic_glucocorticoid; non-systemic (topical_other),10413.0,
41899911000001109,Hydrocortisone 0.5% ointment,GRAM,hydrocortisone,exclude,topical_other,,,,,,,,,False,would be systemic_glucocorticoid; non-systemic (topical_other),160624.0,
331735001,Hydrocortisone 1% / Clioquinol 3% ointment,GRAM,hydrocortisone,exclude,topical_other,,,,,,,,,False,would be systemic_glucocorticoid; non-systemic (topical_other),30.0,
41900011000001107,Hydrocortisone 1% / Clioquinol 3% ointment,GRAM,hydrocortisone,exclude,topical_other,,,,,,,,,False,would be systemic_glucocorticoid; non-systemic (topical_other),1440.0,
331746003,Hydrocortisone 1% / Clotrimazole 1% cream,GRAM,hydrocortisone,exclude,topical_other,,,,,,,,,False,would be systemic_glucocorticoid; non-systemic (topical_other),247715.0,
42374911000001104,Hydrocortisone 1% / Clotrimazole 1% cream,GRAM,hydrocortisone,exclude,topical_other,,,,,,,,,False,would be systemic_glucocorticoid; non-systemic (topical_other),5702917.0,
35344311000001100,Hydrocortisone 1% / Hydroquinone 4% in Aqueous cream,GRAM,hydrocortisone,exclude,topical_other,,,,,,,,,False,would be systemic_glucocorticoid; non-systemic (topical_other),4040.0,
331745004,Hydrocortisone 1% / Miconazole 2% cream,GRAM,hydrocortisone,exclude,topical_other,,,,,,,,,False,would be systemic_glucocorticoid; non-systemic (topical_other),226382.0,
41900111000001108,Hydrocortisone 1% / Miconazole 2% cream,GRAM,hydrocortisone,exclude,topical_other,,,,,,,,,False,would be systemic_glucocorticoid; non-systemic (topical_other),4581398.02,
331744000,Hydrocortisone 1% / Miconazole 2% ointment,GRAM,hydrocortisone,exclude,topical_other,,,,,,,,,False,would be systemic_glucocorticoid; non-systemic (topical_other),51511.0,
41900211000001102,Hydrocortisone 1% / Miconazole 2% ointment,GRAM,hydrocortisone,exclude,topical_other,,,,,,,,,False,would be systemic_glucocorticoid; non-systemic (topical_other),661776.0,
19722611000001109,Hydrocortisone 1% / Tretinoin 0.025% / Hydroquinone 4% in Aqueous cream,GRAM,hydrocortisone,exclude,topical_other,,,,,,,,,False,would be systemic_glucocorticoid; non-systemic (topical_other),1500.0,
29669611000001101,Hydrocortisone 1% / Tretinoin 0.025% / Hydroquinone 4% in Generic Unguentum M cream,GRAM,hydrocortisone,exclude,topical_other,,,,,,,,,False,would be systemic_glucocorticoid; non-systemic (topical_other),900.0,
28394911000001103,Hydrocortisone 1% / Tretinoin 0.1% / Hydroquinone 5% cream,GRAM,hydrocortisone,exclude,topical_other,,,,,,,,,False,would be systemic_glucocorticoid; non-systemic (topical_other),30700.0,
25940811000001106,Hydrocortisone 1% / Tretinoin 0.1% / Hydroquinone 5% cutaneous solution,ML,hydrocortisone,exclude,topical_other,,,,,,,,,False,would be systemic_glucocorticoid; non-systemic (topical_other),18800.0,
41900411000001103,Hydrocortisone 1% / Urea 10% cream,GRAM,hydrocortisone,exclude,topical_other,,,,,,,,,False,would be systemic_glucocorticoid; non-systemic (topical_other),150.0,
346992009,Hydrocortisone 1% cream,GRAM,hydrocortisone,exclude,topical_other,,,,,,,,,False,would be systemic_glucocorticoid; non-systemic (topical_other),362422.0,
41900511000001104,Hydrocortisone 1% cream,GRAM,hydrocortisone,exclude,topical_other,,,,,,,,,False,would be systemic_glucocorticoid; non-systemic (topical_other),10644214.46,
42190811000001101,Hydrocortisone 1% eye ointment,GRAM,hydrocortisone,exclude,topical_other,,,,,,,,,False,would be systemic_glucocorticoid; non-systemic (topical_other),63.5,
32499411000001105,Hydrocortisone 1% in White soft paraffin,GRAM,hydrocortisone,exclude,topical_other,,,,,,,,,False,would be systemic_glucocorticoid; non-systemic (topical_other),1500.0,
347949006,Hydrocortisone 1% ointment,GRAM,hydrocortisone,exclude,topical_other,,,,,,,,,False,would be systemic_glucocorticoid; non-systemic (topical_other),142660.0,
41900611000001100,Hydrocortisone 1% ointment,GRAM,hydrocortisone,exclude,topical_other,,,,,,,,,False,would be systemic_glucocorticoid; non-systemic (topical_other),3464757.91,
42190911000001106,Hydrocortisone 1.5% / Neomycin 0.5% ear/eye drops,ML,hydrocortisone,exclude,topical_other,,,,,,,,,False,would be systemic_glucocorticoid; non-systemic (topical_other),100.0,
317681009,Hydrocortisone 10% foam aerosol enema,ACTUATION,hydrocortisone,exclude,topical_other,,,,,,,,,False,would be systemic_glucocorticoid; non-systemic (topical_other),1104.84,
42083811000001102,Hydrocortisone 10% foam aerosol enema,ACTUATION,hydrocortisone,exclude,topical_other,,,,,,,,,False,would be systemic_glucocorticoid; non-systemic (topical_other),1750.0,
16036211000001100,Hydrocortisone 100mg suppositories,SUPPOSITORY,hydrocortisone,exclude,topical_other,100.0,,,,,,,,False,would be systemic_glucocorticoid; non-systemic (topical_other),2244.0,
22069411000001101,Hydrocortisone 2.5% / Tretinoin 0.1% / Hydroquinone 5% cream,GRAM,hydrocortisone,exclude,topical_other,,,,,,,,,False,would be systemic_glucocorticoid; non-systemic (topical_other),18650.0,
331661006,Hydrocortisone 2.5% cream,GRAM,hydrocortisone,exclude,topical_other,,,,,,,,,False,would be systemic_glucocorticoid; non-systemic (topical_other),5355.0,
41900711000001109,Hydrocortisone 2.5% cream,GRAM,hydrocortisone,exclude,topical_other,,,,,,,,,False,would be systemic_glucocorticoid; non-systemic (topical_other),74387.0,
331695005,Hydrocortisone 2.5% ointment,GRAM,hydrocortisone,exclude,topical_other,,,,,,,,,False,would be systemic_glucocorticoid; non-systemic (topical_other),4665.0,
41900811000001101,Hydrocortisone 2.5% ointment,GRAM,hydrocortisone,exclude,topical_other,,,,,,,,,False,would be systemic_glucocorticoid; non-systemic (topical_other),55355.0,
331164004,Hydrocortisone 2.5mg muco-adhesive buccal tablets sugar free,TABLET,hydrocortisone,exclude,topical_other,2.5,,,,,,,,False,would be systemic_glucocorticoid; non-systemic (topical_other),17235.0,
42084011000001105,Hydrocortisone 2.5mg muco-adhesive buccal tablets sugar free,TABLET,hydrocortisone,exclude,topical_other,2.5,,,,,,,,False,would be systemic_glucocorticoid; non-systemic (topical_other),156843.0,
42084211000001100,Hydrocortisone 25mg suppositories,SUPPOSITORY,hydrocortisone,exclude,topical_other,25.0,,,,,,,,False,would be systemic_glucocorticoid; non-systemic (topical_other),568.0,
16090211000001106,Hydrocortisone 50mg suppositories,SUPPOSITORY,hydrocortisone,exclude,topical_other,50.0,,,,,,,,False,would be systemic_glucocorticoid; non-systemic (topical_other),6725.0,
42191211000001108,Hydrocortisone acetate 0.5% eye ointment,GRAM,hydrocortisone,exclude,topical_other,,,,,,,,,False,would be systemic_glucocorticoid; non-systemic (topical_other),10.5,
331742001,Hydrocortisone acetate 1% / Fusidic acid 2% cream,GRAM,hydrocortisone,exclude,topical_other,,,,,,,,,False,would be systemic_glucocorticoid; non-systemic (topical_other),106079.0,
41900911000001106,Hydrocortisone acetate 1% / Fusidic acid 2% cream,GRAM,hydrocortisone,exclude,topical_other,,,,,,,,,False,would be systemic_glucocorticoid; non-systemic (topical_other),3191071.0,
41901011000001103,Hydrocortisone acetate 1% / Sodium fusidate 2% ointment,GRAM,hydrocortisone,exclude,topical_other,,,,,,,,,False,would be systemic_glucocorticoid; non-systemic (topical_other),180.0,
332041002,Hydrocortisone acetate 1% cream,GRAM,hydrocortisone,exclude,topical_other,,,,,,,,,False,would be systemic_glucocorticoid; non-systemic (topical_other),255.0,
41901111000001102,Hydrocortisone acetate 1% cream,GRAM,hydrocortisone,exclude,topical_other,,,,,,,,,False,would be systemic_glucocorticoid; non-systemic (topical_other),14220.0,
36056711000001106,Hydrocortisone acetate 25mg/1ml suspension for injection ampoules,ML,hydrocortisone,exclude,intra_articular_depot,25.0,,,,,,,,False,would be systemic_glucocorticoid; non-systemic (intra_articular_depot),7.0,
348138003,Hydrocortisone acetate powder,GRAM,hydrocortisone,exclude,topical_other,,,,,,,,,False,would be systemic_glucocorticoid; non-systemic (topical_other),23.0,
39716011000001106,Hydrocortisone acetate powder,GRAM,hydrocortisone,exclude,topical_other,,,,,,,,,False,would be systemic_glucocorticoid; non-systemic (topical_other),72.0,
331998009,Hydrocortisone butyrate 0.1% cream,GRAM,hydrocortisone,exclude,topical_other,,,,,,,,,False,would be systemic_glucocorticoid; non-systemic (topical_other),14265.0,
41901311000001100,Hydrocortisone butyrate 0.1% cream,GRAM,hydrocortisone,exclude,topical_other,,,,,,,,,False,would be systemic_glucocorticoid; non-systemic (topical_other),405418.0,
332000007,Hydrocortisone butyrate 0.1% ointment,GRAM,hydrocortisone,exclude,topical_other,,,,,,,,,False,would be systemic_glucocorticoid; non-systemic (topical_other),9510.0,
41901411000001107,Hydrocortisone butyrate 0.1% ointment,GRAM,hydrocortisone,exclude,topical_other,,,,,,,,,False,would be systemic_glucocorticoid; non-systemic (topical_other),-623990.0,
36056811000001103,Hydrocortisone butyrate 0.1% scalp lotion,ML,hydrocortisone,exclude,topical_other,,,,,,,,,False,would be systemic_glucocorticoid; non-systemic (topical_other),32500.0,
35040711000001108,Hydrocortisone sodium phosphate 3.35mg/ml eye drops 0.4ml unit dose preservative free,ML,hydrocortisone,exclude,topical_other,3.35,,,,,,,,False,would be systemic_glucocorticoid; non-systemic (topical_other),1328716.0,
20455411000001109,Lidocaine 1% / Hydrocortisone 0.1% mouthwash,ML,hydrocortisone,exclude,topical_other,,,,,,,,,False,would be systemic_glucocorticoid; non-systemic (topical_other),9197080.0,
42084411000001101,Lidocaine 1% / Hydrocortisone 0.2% spray,ML,hydrocortisone,exclude,topical_other,,,,,,,,,False,would be systemic_glucocorticoid; non-systemic (topical_other),210.0,
3486311000001100,Lidocaine 5% / Hydrocortisone acetate 0.275% ointment,GRAM,hydrocortisone,exclude,topical_other,,,,,,,,,False,would be systemic_glucocorticoid; non-systemic (topical_other),99351.0,
3701111000001101,"Nystatin 100,000units/g / Chlorhexidine acetate 1% / Hydrocortisone 1% ointment",GRAM,hydrocortisone,exclude,topical_other,,,,,,,,,False,would be systemic_glucocorticoid; non-systemic (topical_other),57120.0,
3549911000001106,"Nystatin 100,000units/g / Chlorhexidine hydrochloride 1% / Hydrocortisone 0.5% cream",GRAM,hydrocortisone,exclude,topical_other,,,,,,,,,False,would be systemic_glucocorticoid; non-systemic (topical_other),98760.0,
331738004,Oxytetracycline 3% / Hydrocortisone 1% ointment,GRAM,hydrocortisone,exclude,topical_other,,,,,,,,,False,would be systemic_glucocorticoid; non-systemic (topical_other),54748.4,
41904811000001106,Oxytetracycline 3% / Hydrocortisone 1% ointment,GRAM,hydrocortisone,exclude,topical_other,,,,,,,,,False,would be systemic_glucocorticoid; non-systemic (topical_other),1468548.0,
29732811000001109,Salicylic acid 1% / Sulfur 1% in Hydrocortisone 1% cream,GRAM,hydrocortisone,exclude,topical_other,,,,,,,,,False,would be systemic_glucocorticoid; non-systemic (topical_other),50.0,
37925611000001104,Methotrexate 100mg/4ml solution for injection pre-filled syringes,ML,methotrexate,exclude,parenteral_systemic,25.0,,,,,,,,False,"would be antiproliferative; methotrexate pre-filled syringe > 30 mg (not a rheumatology strength); conc 25.0 mg/ml - oncology/other, excluded",9728.0,
36032911000001108,Methotrexate 1g/10ml solution for injection vials,ML,methotrexate,exclude,parenteral_systemic,100.0,,,,,,,,False,"would be antiproliferative; methotrexate vial/infusion; conc 100.0 mg/ml - oncology/other, excluded",418562.08,
36033011000001100,Methotrexate 1g/40ml solution for injection vials,ML,methotrexate,exclude,parenteral_systemic,25.0,,,,,,,,False,"would be antiproliferative; methotrexate vial/infusion; conc 25.0 mg/ml - oncology/other, excluded",22801.4,
36033111000001104,Methotrexate 200mg/8ml solution for injection vials,ML,methotrexate,exclude,parenteral_systemic,25.0,,,,,,,,False,"would be antiproliferative; methotrexate vial/infusion; conc 25.0 mg/ml - oncology/other, excluded",12540.1,
9469111000001109,Methotrexate 32.5mg/1.3ml solution for injection pre-filled syringes,ML,methotrexate,exclude,parenteral_systemic,25.0,,,,,,,,False,"would be antiproliferative; methotrexate pre-filled syringe > 30 mg (not a rheumatology strength); conc 25.0 mg/ml - oncology/other, excluded",6.5,
9469211000001103,Methotrexate 35mg/1.4ml solution for injection pre-filled syringes,ML,methotrexate,exclude,parenteral_systemic,25.0,,,,,,,,False,"would be antiproliferative; methotrexate pre-filled syringe > 30 mg (not a rheumatology strength); conc 25.0 mg/ml - oncology/other, excluded",2956.7999999999997,
37925711000001108,Methotrexate 40mg/1.6ml solution for injection pre-filled syringes,ML,methotrexate,exclude,parenteral_systemic,25.0,,,,,,,,False,"would be antiproliferative; methotrexate pre-filled syringe > 30 mg (not a rheumatology strength); conc 25.0 mg/ml - oncology/other, excluded",4969.6,
37925811000001100,Methotrexate 45mg/1.8ml solution for injection pre-filled syringes,ML,methotrexate,exclude,parenteral_systemic,25.0,,,,,,,,False,"would be antiproliferative; methotrexate pre-filled syringe > 30 mg (not a rheumatology strength); conc 25.0 mg/ml - oncology/other, excluded",2487.6,
36033211000001105,Methotrexate 500mg/20ml solution for injection vials,ML,methotrexate,exclude,parenteral_systemic,25.0,,,,,,,,False,"would be antiproliferative; methotrexate vial/infusion; conc 25.0 mg/ml - oncology/other, excluded",384395.1,
9469311000001106,Methotrexate 50mg/2ml solution for injection pre-filled syringes,ML,methotrexate,exclude,parenteral_systemic,25.0,,,,,,,,False,"would be antiproliferative; methotrexate pre-filled syringe > 30 mg (not a rheumatology strength); conc 25.0 mg/ml - oncology/other, excluded",42192.8,
36033311000001102,Methotrexate 50mg/2ml solution for injection vials,ML,methotrexate,exclude,parenteral_systemic,25.0,,,,,,,,False,"would be antiproliferative; methotrexate vial/infusion; conc 25.0 mg/ml - oncology/other, excluded",135641.98,
36033411000001109,Methotrexate 5g/200ml solution for infusion vials,ML,methotrexate,exclude,parenteral_systemic,25.0,,,,,,,,False,"would be antiproliferative; methotrexate vial/infusion; conc 25.0 mg/ml - oncology/other, excluded",10942.0,
36033511000001108,Methotrexate 5g/50ml solution for infusion vials,ML,methotrexate,exclude,parenteral_systemic,100.0,,,,,,,,False,"would be antiproliferative; methotrexate vial/infusion; conc 100.0 mg/ml - oncology/other, excluded",2523519.81,
36033611000001107,Methotrexate 5mg/2ml solution for injection vials,ML,methotrexate,exclude,parenteral_systemic,2.5,,,,,,,,False,"would be antiproliferative; methotrexate vial/infusion; conc 2.5 mg/ml - oncology/other, excluded",4095267.06,
37925911000001105,Methotrexate 60mg/2.4ml solution for injection pre-filled syringes,ML,methotrexate,exclude,parenteral_systemic,25.0,,,,,,,,False,"would be antiproliferative; methotrexate pre-filled syringe > 30 mg (not a rheumatology strength); conc 25.0 mg/ml - oncology/other, excluded",1716.0,
37926011000001102,Methotrexate 80mg/3.2ml solution for injection pre-filled syringes,ML,methotrexate,exclude,parenteral_systemic,25.0,,,,,,,,False,"would be antiproliferative; methotrexate pre-filled syringe > 30 mg (not a rheumatology strength); conc 25.0 mg/ml - oncology/other, excluded",8943.81,
37926111000001101,Methotrexate 85mg/3.4ml solution for injection pre-filled syringes,ML,methotrexate,exclude,parenteral_systemic,25.0,,,,,,,,False,"would be antiproliferative; methotrexate pre-filled syringe > 30 mg (not a rheumatology strength); conc 25.0 mg/ml - oncology/other, excluded",3529.2,
37926211000001107,Methotrexate 90mg/3.6ml solution for injection pre-filled syringes,ML,methotrexate,exclude,parenteral_systemic,25.0,,,,,,,,False,"would be antiproliferative; methotrexate pre-filled syringe > 30 mg (not a rheumatology strength); conc 25.0 mg/ml - oncology/other, excluded",8686.800000000001,
36034411000001107,Methylprednisolone 40mg/1ml / Lidocaine 10mg/1ml (1%) suspension for injection vials,ML,methylprednisolone,exclude,intra_articular_depot,40.0,,,,,,,,False,would be systemic_glucocorticoid; non-systemic (intra_articular_depot),360731.0,
36034511000001106,Methylprednisolone 80mg/2ml / Lidocaine 20mg/2ml (1%) suspension for injection vials,ML,methylprednisolone,exclude,intra_articular_depot,40.0,,,,,,,,False,would be systemic_glucocorticoid; non-systemic (intra_articular_depot),292406.0,
36034611000001105,Methylprednisolone acetate 120mg/3ml suspension for injection vials,ML,methylprednisolone,exclude,intra_articular_depot,40.0,,,,,,,,False,would be systemic_glucocorticoid; non-systemic (intra_articular_depot),1051375.0,
36034711000001101,Methylprednisolone acetate 40mg/1ml suspension for injection vials,ML,methylprednisolone,exclude,intra_articular_depot,40.0,,,,,,,,False,would be systemic_glucocorticoid; non-systemic (intra_articular_depot),2359523.0,
36034811000001109,Methylprednisolone acetate 80mg/2ml suspension for injection vials,ML,methylprednisolone,exclude,intra_articular_depot,40.0,,,,,,,,False,would be systemic_glucocorticoid; non-systemic (intra_articular_depot),1858625.0,
35087711000001104,Mycophenolate mofetil 0.1% in White soft paraffin,GRAM,mycophenolate mofetil,exclude,topical_other,,,,,,,,,False,would be antiproliferative; non-systemic (topical_other),2500.0,
3335011000001107,Cinchocaine 0.5% / Prednisolone 0.19% ointment,GRAM,prednisolone,exclude,topical_other,,,,,,,,,False,would be systemic_glucocorticoid; non-systemic (topical_other),738830.0,
3441811000001107,Cinchocaine 1mg / Prednisolone hexanoate 1.3mg suppositories,SUPPOSITORY,prednisolone,exclude,topical_other,1.0,,,,,,,,False,would be systemic_glucocorticoid; non-systemic (topical_other),137060.0,
330950006,Prednisolone 0.5% / Neomycin 0.5% ear/eye drops,ML,prednisolone,exclude,topical_other,,,,,,,,,False,would be systemic_glucocorticoid; non-systemic (topical_other),10.0,
42195211000001106,Prednisolone 0.5% / Neomycin 0.5% ear/eye drops,ML,prednisolone,exclude,topical_other,,,,,,,,,False,would be systemic_glucocorticoid; non-systemic (topical_other),-20.0,
317692005,Prednisolone 20mg/100ml enema long tube,ML,prednisolone,exclude,topical_other,0.2,,,,,,,,False,would be systemic_glucocorticoid; non-systemic (topical_other),7000.0,
39722211000001105,Prednisolone 20mg/100ml enema long tube,ML,prednisolone,exclude,topical_other,0.2,,,,,,,,False,would be systemic_glucocorticoid; non-systemic (topical_other),663996.0,
317693000,Prednisolone 20mg/100ml rectal solution,ML,prednisolone,exclude,topical_other,0.2,,,,,,,,False,would be systemic_glucocorticoid; non-systemic (topical_other),195900.0,
39722311000001102,Prednisolone 20mg/100ml rectal solution,ML,prednisolone,exclude,topical_other,0.2,,,,,,,,False,would be systemic_glucocorticoid; non-systemic (topical_other),9595202.0,
38753811000001101,Prednisolone 20mg/application foam enema,APPLICATION,prednisolone,exclude,topical_other,,,,,,,,,False,would be systemic_glucocorticoid; non-systemic (topical_other),1078807.73,
36021411000001107,Prednisolone 25mg/1ml suspension for injection ampoules,ML,prednisolone,exclude,intra_articular_depot,25.0,,,,,,,,False,would be systemic_glucocorticoid; non-systemic (intra_articular_depot),-30.0,
347223007,Prednisolone acetate 1% eye drops,ML,prednisolone,exclude,topical_other,,,,,,,,,False,would be systemic_glucocorticoid; non-systemic (topical_other),210729.0,
42195311000001103,Prednisolone acetate 1% eye drops,ML,prednisolone,exclude,topical_other,,,,,,,,,False,would be systemic_glucocorticoid; non-systemic (topical_other),9532021.15,
9407211000001108,Prednisolone sodium phosphate 0.01% eye drops,ML,prednisolone,exclude,topical_other,,,,,,,,,False,would be systemic_glucocorticoid; non-systemic (topical_other),40.0,
9407311000001100,Prednisolone sodium phosphate 0.01% eye drops preservative free,ML,prednisolone,exclude,topical_other,,,,,,,,,False,would be systemic_glucocorticoid; non-systemic (topical_other),20.0,
9407611000001105,Prednisolone sodium phosphate 0.03% eye drops,ML,prednisolone,exclude,topical_other,,,,,,,,,False,would be systemic_glucocorticoid; non-systemic (topical_other),1740.0,
9407711000001101,Prednisolone sodium phosphate 0.03% eye drops preservative free,ML,prednisolone,exclude,topical_other,,,,,,,,,False,would be systemic_glucocorticoid; non-systemic (topical_other),185.0,
9407811000001109,Prednisolone sodium phosphate 0.05% eye drops,ML,prednisolone,exclude,topical_other,,,,,,,,,False,would be systemic_glucocorticoid; non-systemic (topical_other),2310.0,
9407911000001104,Prednisolone sodium phosphate 0.05% eye drops preservative free,ML,prednisolone,exclude,topical_other,,,,,,,,,False,would be systemic_glucocorticoid; non-systemic (topical_other),60.0,
9408011000001102,Prednisolone sodium phosphate 0.1% eye drops,ML,prednisolone,exclude,topical_other,,,,,,,,,False,would be systemic_glucocorticoid; non-systemic (topical_other),22428.0,
9408111000001101,Prednisolone sodium phosphate 0.1% eye drops preservative free,ML,prednisolone,exclude,topical_other,,,,,,,,,False,would be systemic_glucocorticoid; non-systemic (topical_other),4686.0,
9408711000001100,Prednisolone sodium phosphate 0.3% eye drops,ML,prednisolone,exclude,topical_other,,,,,,,,,False,would be systemic_glucocorticoid; non-systemic (topical_other),200.0,
9408811000001108,Prednisolone sodium phosphate 0.3% eye drops preservative free,ML,prednisolone,exclude,topical_other,,,,,,,,,False,would be systemic_glucocorticoid; non-systemic (topical_other),2720.0,
354028007,Prednisolone sodium phosphate 0.5% ear/eye drops,ML,prednisolone,exclude,topical_other,,,,,,,,,False,would be systemic_glucocorticoid; non-systemic (topical_other),69421.0,
42195411000001105,Prednisolone sodium phosphate 0.5% ear/eye drops,ML,prednisolone,exclude,topical_other,,,,,,,,,False,would be systemic_glucocorticoid; non-systemic (topical_other),1047169.45,
38752911000001104,Prednisolone sodium phosphate 0.5% eye drops 0.5ml unit dose preservative free,ML,prednisolone,exclude,topical_other,,,,,,,,,False,would be systemic_glucocorticoid; non-systemic (topical_other),4282274.6,
9409011000001107,Prednisolone sodium phosphate 0.5% eye drops preservative free,ML,prednisolone,exclude,topical_other,,,,,,,,,False,would be systemic_glucocorticoid; non-systemic (topical_other),6430.0,
9409111000001108,Prednisolone sodium phosphate 1% eye drops preservative free,ML,prednisolone,exclude,topical_other,,,,,,,,,False,would be systemic_glucocorticoid; non-systemic (topical_other),90240.0,
317690002,Prednisolone sodium phosphate 5mg suppositories,SUPPOSITORY,prednisolone,exclude,topical_other,5.0,,,,,,,,False,would be systemic_glucocorticoid; non-systemic (topical_other),32113.0,
42087511000001105,Prednisolone sodium phosphate 5mg suppositories,SUPPOSITORY,prednisolone,exclude,topical_other,5.0,,,,,,,,False,would be systemic_glucocorticoid; non-systemic (topical_other),844821.0,
45801211000001102,Ruxolitinib 15mg/g cream,GRAM,ruxolitinib,exclude,topical_other,,,,,,,,,False,would be ruxolitinib; non-systemic (topical_other),11840.0,
17663211000001108,Tacrolimus 0.0001% mouthwash,ML,tacrolimus,exclude,topical_other,,,,,,,,,False,would be transplant_cni_mtor; non-systemic (topical_other),390900.0,
407889001,Tacrolimus 0.03% ointment,GRAM,tacrolimus,exclude,topical_other,,,,,,,,,False,would be transplant_cni_mtor; non-systemic (topical_other),78506.0,
41770511000001100,Tacrolimus 0.03% ointment,GRAM,tacrolimus,exclude,topical_other,,,,,,,,,False,would be transplant_cni_mtor; non-systemic (topical_other),2412779.9,
21210811000001100,Tacrolimus 0.1% in Carmellose gelatin paste,GRAM,tacrolimus,exclude,topical_other,,,,,,,,,False,would be transplant_cni_mtor; non-systemic (topical_other),11785.0,
407890005,Tacrolimus 0.1% ointment,GRAM,tacrolimus,exclude,topical_other,,,,,,,,,False,would be transplant_cni_mtor; non-systemic (topical_other),271409.0,
41770611000001101,Tacrolimus 0.1% ointment,GRAM,tacrolimus,exclude,topical_other,,,,,,,,,False,would be transplant_cni_mtor; non-systemic (topical_other),8999595.0,
21211411000001106,Tacrolimus 0.3% in Carmellose gelatin paste,GRAM,tacrolimus,exclude,topical_other,,,,,,,,,False,would be transplant_cni_mtor; non-systemic (topical_other),12722.0,
39077611000001107,Tacrolimus 0.3% in Clobetasol 0.05% ointment,GRAM,tacrolimus,exclude,topical_other,,,,,,,,,False,would be transplant_cni_mtor; non-systemic (topical_other),52394.0,
36630711000001100,Tacrolimus 2mg suppositories,SUPPOSITORY,tacrolimus,exclude,topical_other,2.0,,,,,,,,False,would be transplant_cni_mtor; non-systemic (topical_other),73552.0,
29767011000001106,Abatacept 125mg/1ml solution for injection pre-filled disposable devices,ML,abatacept,il6_abatacept,parenteral_systemic,125.0,,,,,27.0,"WHO ATC/DDD index (atcddd.fhi.no, checked 2026-09-14)",,True,,835383.5,4.62962962962963
21704711000001107,Abatacept 125mg/1ml solution for injection pre-filled syringes,ML,abatacept,il6_abatacept,parenteral_systemic,125.0,,,,,27.0,"WHO ATC/DDD index (atcddd.fhi.no, checked 2026-09-14)",,True,,399316.0,4.62962962962963
11762011000001101,Abatacept 250mg powder for solution for infusion vials,VIAL,abatacept,il6_abatacept,parenteral_systemic,250.0,,,,,27.0,"WHO ATC/DDD index (atcddd.fhi.no, checked 2026-09-14)",,True,,233920.51,9.25925925925926
37223011000001109,Abatacept 50mg/0.4ml solution for injection pre-filled syringes,ML,abatacept,il6_abatacept,parenteral_systemic,125.0,,,,,27.0,"WHO ATC/DDD index (atcddd.fhi.no, checked 2026-09-14)",,True,,65.2,4.62962962962963
37223111000001105,Abatacept 87.5mg/0.7ml solution for injection pre-filled syringes,ML,abatacept,il6_abatacept,parenteral_systemic,125.00000000000001,,,,,27.0,"WHO ATC/DDD index (atcddd.fhi.no, checked 2026-09-14)",,True,,221.2,4.62962962962963
34742511000001107,Sarilumab 150mg/1.14ml solution for injection pre-filled disposable devices,ML,sarilumab,il6_abatacept,parenteral_systemic,131.57894736842107,,,,,14.3,"WHO ATC/DDD index (atcddd.fhi.no, checked 2026-09-14)",,True,,10539.3,9.201324990798676
34742611000001106,Sarilumab 150mg/1.14ml solution for injection pre-filled syringes,ML,sarilumab,il6_abatacept,parenteral_systemic,131.57894736842107,,,,,14.3,"WHO ATC/DDD index (atcddd.fhi.no, checked 2026-09-14)",,True,,413.82,9.201324990798676
34742711000001102,Sarilumab 200mg/1.14ml solution for injection pre-filled disposable devices,ML,sarilumab,il6_abatacept,parenteral_systemic,175.43859649122808,,,,,14.3,"WHO ATC/DDD index (atcddd.fhi.no, checked 2026-09-14)",,True,,123809.71,12.2684333210649
34742811000001105,Sarilumab 200mg/1.14ml solution for injection pre-filled syringes,ML,sarilumab,il6_abatacept,parenteral_systemic,175.43859649122808,,,,,14.3,"WHO ATC/DDD index (atcddd.fhi.no, checked 2026-09-14)",,True,,41155.14,12.2684333210649
35431611000001103,Tocilizumab 162mg/0.9ml solution for injection pre-filled disposable devices,ML,tocilizumab,il6_abatacept,parenteral_systemic,180.0,,,,,20.0,"WHO ATC/DDD index (atcddd.fhi.no, checked 2026-09-14); equals 8 mg/kg x 70 kg every 4 weeks",,True,,944800.92,9.0
24856911000001102,Tocilizumab 162mg/0.9ml solution for injection pre-filled syringes,ML,tocilizumab,il6_abatacept,parenteral_systemic,180.0,,,,,20.0,"WHO ATC/DDD index (atcddd.fhi.no, checked 2026-09-14); equals 8 mg/kg x 70 kg every 4 weeks",,True,,839474.37,9.0
16101911000001101,Tocilizumab 200mg/10ml solution for infusion vials,ML,tocilizumab,il6_abatacept,parenteral_systemic,20.0,,,,,20.0,"WHO ATC/DDD index (atcddd.fhi.no, checked 2026-09-14); equals 8 mg/kg x 70 kg every 4 weeks",,True,,1221917.85,1.0
16102011000001108,Tocilizumab 400mg/20ml solution for infusion vials,ML,tocilizumab,il6_abatacept,parenteral_systemic,20.0,,,,,20.0,"WHO ATC/DDD index (atcddd.fhi.no, checked 2026-09-14); equals 8 mg/kg x 70 kg every 4 weeks",,True,,5114714.78,1.0
16102111000001109,Tocilizumab 80mg/4ml solution for infusion vials,ML,tocilizumab,il6_abatacept,parenteral_systemic,20.0,,,,,20.0,"WHO ATC/DDD index (atcddd.fhi.no, checked 2026-09-14); equals 8 mg/kg x 70 kg every 4 weeks",,True,,968085.86,1.0
34625211000001109,Baricitinib 2mg tablets,TABLET,baricitinib,jak_inhibitor_rheum,oral,2.0,,,,,3.0,"WHO ATC/DDD index (atcddd.fhi.no, checked 2026-09-14)",,True,,3469212.28,0.6666666666666666
34346011000001104,Baricitinib 4mg tablets,TABLET,baricitinib,jak_inhibitor_rheum,oral,4.0,,,,,3.0,"WHO ATC/DDD index (atcddd.fhi.no, checked 2026-09-14)",,True,,11717325.83,1.3333333333333333
39046211000001107,Filgotinib 100mg tablets,TABLET,filgotinib,jak_inhibitor_rheum,oral,100.0,,,,,200.0,"WHO ATC/DDD index (atcddd.fhi.no, checked 2026-09-14)",,True,,607325.0,0.5
39046311000001104,Filgotinib 200mg tablets,TABLET,filgotinib,jak_inhibitor_rheum,oral,200.0,,,,,200.0,"WHO ATC/DDD index (atcddd.fhi.no, checked 2026-09-14)",,True,,4049143.0,1.0
35734311000001100,Tofacitinib 10mg tablets,TABLET,tofacitinib,jak_inhibitor_rheum,oral,10.0,,,,,10.0,"WHO ATC/DDD index (atcddd.fhi.no, checked 2026-09-14)",,True,,1682427.0,1.0
38162311000001103,Tofacitinib 11mg modified-release tablets,TABLET,tofacitinib,jak_inhibitor_rheum,oral,11.0,,,,,10.0,"WHO ATC/DDD index (atcddd.fhi.no, checked 2026-09-14)",,True,,56798.0,1.1
40418611000001106,Tofacitinib 1mg/ml oral solution sugar free,ML,tofacitinib,jak_inhibitor_rheum,oral,1.0,,,,,10.0,"WHO ATC/DDD index (atcddd.fhi.no, checked 2026-09-14)",,True,,530400.0,0.1
704317002,Tofacitinib 5mg tablets,TABLET,tofacitinib,jak_inhibitor_rheum,oral,5.0,,,,,10.0,"WHO ATC/DDD index (atcddd.fhi.no, checked 2026-09-14)",,True,,173587.0,0.5
39705411000001108,Tofacitinib 5mg tablets,TABLET,tofacitinib,jak_inhibitor_rheum,oral,5.0,,,,,10.0,"WHO ATC/DDD index (atcddd.fhi.no, checked 2026-09-14)",,True,,12789570.0,0.5
38067611000001103,Upadacitinib 15mg modified-release tablets,TABLET,upadacitinib,jak_inhibitor_rheum,oral,15.0,,,,,15.0,"WHO ATC/DDD index (atcddd.fhi.no, checked 2026-09-14)",,True,,7416681.16,1.0
40087811000001102,Upadacitinib 30mg modified-release tablets,TABLET,upadacitinib,jak_inhibitor_rheum,oral,30.0,,,,,15.0,"WHO ATC/DDD index (atcddd.fhi.no, checked 2026-09-14)",,True,,4619867.0,2.0
41089711000001107,Upadacitinib 45mg modified-release tablets,TABLET,upadacitinib,jak_inhibitor_rheum,oral,45.0,,,,,15.0,"WHO ATC/DDD index (atcddd.fhi.no, checked 2026-09-14)",,True,,1200455.0,3.0
4751711000001105,Anakinra 100mg/0.67ml solution for injection pre-filled syringes,ML,anakinra,low_tb_risk_biologic,parenteral_systemic,149.25373134328356,,,,,100.0,"WHO ATC/DDD index (atcddd.fhi.no, checked 2026-09-14)",,True,,1027493.45,1.4925373134328357
32816911000001101,Ixekizumab 80mg/1ml solution for injection pre-filled disposable devices,ML,ixekizumab,low_tb_risk_biologic,parenteral_systemic,80.0,,,,,2.9,"WHO ATC/DDD index (atcddd.fhi.no, checked 2026-09-14)",,True,,218333.0,27.586206896551726
32817311000001104,Ixekizumab 80mg/1ml solution for injection pre-filled syringes,ML,ixekizumab,low_tb_risk_biologic,parenteral_systemic,80.0,,,,,2.9,"WHO ATC/DDD index (atcddd.fhi.no, checked 2026-09-14)",,True,,20870.0,27.586206896551726
29211611000001100,Secukinumab 150mg/1ml solution for injection pre-filled disposable devices,ML,secukinumab,low_tb_risk_biologic,parenteral_systemic,150.0,,,,,10.0,"WHO ATC/DDD index (atcddd.fhi.no, checked 2026-09-14)",,True,,924033.0,15.0
29212711000001102,Secukinumab 150mg/1ml solution for injection pre-filled syringes,ML,secukinumab,low_tb_risk_biologic,parenteral_systemic,150.0,,,,,10.0,"WHO ATC/DDD index (atcddd.fhi.no, checked 2026-09-14)",,True,,65135.0,15.0
39524011000001107,Secukinumab 300mg/2ml solution for injection pre-filled disposable devices,ML,secukinumab,low_tb_risk_biologic,parenteral_systemic,150.0,,,,,10.0,"WHO ATC/DDD index (atcddd.fhi.no, checked 2026-09-14)",,True,,683966.0,15.0
40241711000001100,Secukinumab 75mg/0.5ml solution for injection pre-filled syringes,ML,secukinumab,low_tb_risk_biologic,parenteral_systemic,150.0,,,,,10.0,"WHO ATC/DDD index (atcddd.fhi.no, checked 2026-09-14)",,True,,722.5,15.0
33749811000001102,Ustekinumab 130mg/26ml solution for infusion vials,ML,ustekinumab,low_tb_risk_biologic,parenteral_systemic,5.0,,,,,6.96,defined induction dose: 130 mg x3 (~6 mg/kg) covering 8 weeks before first SC dose; WHO 0.54 mg unrepresentative for IV induction,,True,,3721624.2,0.7183908045977011
42445311000001107,Ustekinumab 45mg/0.5ml solution for injection pre-filled disposable devices,ML,ustekinumab,low_tb_risk_biologic,parenteral_systemic,90.0,,,,,0.54,"WHO ATC/DDD index (atcddd.fhi.no, checked 2026-09-14)",,True,,2046.5,166.66666666666666
17484011000001100,Ustekinumab 45mg/0.5ml solution for injection pre-filled syringes,ML,ustekinumab,low_tb_risk_biologic,parenteral_systemic,90.0,,,,,0.54,"WHO ATC/DDD index (atcddd.fhi.no, checked 2026-09-14)",,True,,62307.0,166.66666666666666
15125511000001103,Ustekinumab 45mg/0.5ml solution for injection vials,ML,ustekinumab,low_tb_risk_biologic,parenteral_systemic,90.0,,,,,0.54,"WHO ATC/DDD index (atcddd.fhi.no, checked 2026-09-14)",,True,,17826.5,166.66666666666666
42445411000001100,Ustekinumab 90mg/1ml solution for injection pre-filled disposable devices,ML,ustekinumab,low_tb_risk_biologic,parenteral_systemic,90.0,,,,,0.54,"WHO ATC/DDD index (atcddd.fhi.no, checked 2026-09-14)",,True,,31013.0,166.66666666666666
30920411000001100,Ustekinumab 90mg/1ml solution for injection pre-filled syringes,ML,ustekinumab,low_tb_risk_biologic,parenteral_systemic,90.0,,,,,0.54,"WHO ATC/DDD index (atcddd.fhi.no, checked 2026-09-14)",,True,,545452.5,166.66666666666666
38362011000001109,Vedolizumab 108mg/0.68ml solution for injection pre-filled disposable devices,ML,vedolizumab,low_tb_risk_biologic,parenteral_systemic,158.8235294117647,,,,,5.4,"WHO ATC/DDD index (atcddd.fhi.no, checked 2026-09-14)",,True,,507738.28,29.411764705882348
38362211000001104,Vedolizumab 108mg/0.68ml solution for injection pre-filled syringes,ML,vedolizumab,low_tb_risk_biologic,parenteral_systemic,158.8235294117647,,,,,5.4,"WHO ATC/DDD index (atcddd.fhi.no, checked 2026-09-14)",,True,,10974.27,29.411764705882348
24670211000001102,Vedolizumab 300mg powder for solution for infusion vials,VIAL,vedolizumab,low_tb_risk_biologic,parenteral_systemic,300.0,,,,,5.4,"WHO ATC/DDD index (atcddd.fhi.no, checked 2026-09-14)",,True,,533044.63,55.55555555555555
24856511000001109,Rituximab 1.4g/11.7ml solution for injection vials,ML,rituximab,rituximab,parenteral_systemic,119.65811965811966,,,,,5.48,defined maintenance dose: 1 g x 2 every 6 months (2000 mg/365 d); WHO has no DDD (L01FA01),,True,rituximab mostly haematological malignancy; indication not identifiable,844483.87,21.83542329527731
37829011000001101,Rituximab 1000mg/500ml in Sodium chloride 0.9% infusion bags,ML,rituximab,rituximab,parenteral_systemic,2.0,,,,,5.48,defined maintenance dose: 1 g x 2 every 6 months (2000 mg/365 d); WHO has no DDD (L01FA01),,True,rituximab mostly haematological malignancy; indication not identifiable,29831500.0,0.36496350364963503
35934711000001107,Rituximab 100mg/10ml solution for infusion vials,ML,rituximab,rituximab,parenteral_systemic,10.0,,,,,5.48,defined maintenance dose: 1 g x 2 every 6 months (2000 mg/365 d); WHO has no DDD (L01FA01),,True,rituximab mostly haematological malignancy; indication not identifiable,5095903.52,1.824817518248175
37829111000001100,Rituximab 500mg/500ml in Sodium chloride 0.9% infusion bags,ML,rituximab,rituximab,parenteral_systemic,1.0,,,,,5.48,defined maintenance dose: 1 g x 2 every 6 months (2000 mg/365 d); WHO has no DDD (L01FA01),,True,rituximab mostly haematological malignancy; indication not identifiable,1266827.27,0.18248175182481752
35934811000001104,Rituximab 500mg/50ml solution for infusion vials,ML,rituximab,rituximab,parenteral_systemic,10.0,,,,,5.48,defined maintenance dose: 1 g x 2 every 6 months (2000 mg/365 d); WHO has no DDD (L01FA01),,True,rituximab mostly haematological malignancy; indication not identifiable,43147287.51,1.824817518248175
37829211000001106,Rituximab 600mg/500ml in Sodium chloride 0.9% infusion bags,ML,rituximab,rituximab,parenteral_systemic,1.2,,,,,5.48,defined maintenance dose: 1 g x 2 every 6 months (2000 mg/365 d); WHO has no DDD (L01FA01),,True,rituximab mostly haematological malignancy; indication not identifiable,13998000.0,0.218978102189781
37829311000001103,Rituximab 700mg/500ml in Sodium chloride 0.9% infusion bags,ML,rituximab,rituximab,parenteral_systemic,1.4,,,,,5.48,defined maintenance dose: 1 g x 2 every 6 months (2000 mg/365 d); WHO has no DDD (L01FA01),,True,rituximab mostly haematological malignancy; indication not identifiable,29512074.0,0.2554744525547445
37829511000001109,Rituximab 800mg/500ml in Sodium chloride 0.9% infusion bags,ML,rituximab,rituximab,parenteral_systemic,1.6,,,,,5.48,defined maintenance dose: 1 g x 2 every 6 months (2000 mg/365 d); WHO has no DDD (L01FA01),,True,rituximab mostly haematological malignancy; indication not identifiable,18630000.0,0.291970802919708
37829611000001108,Rituximab 900mg/500ml in Sodium chloride 0.9% infusion bags,ML,rituximab,rituximab,parenteral_systemic,1.8,,,,,5.48,defined maintenance dose: 1 g x 2 every 6 months (2000 mg/365 d); WHO has no DDD (L01FA01),,True,rituximab mostly haematological malignancy; indication not identifiable,1887500.0,0.3284671532846715
703781002,Ruxolitinib 10mg tablets,TABLET,ruxolitinib,ruxolitinib,oral,10.0,,,,,30.0,"WHO ATC/DDD index (atcddd.fhi.no, checked 2026-09-14) (L01EJ01)",,True,,46817.0,0.3333333333333333
39703411000001109,Ruxolitinib 10mg tablets,TABLET,ruxolitinib,ruxolitinib,oral,10.0,,,,,30.0,"WHO ATC/DDD index (atcddd.fhi.no, checked 2026-09-14) (L01EJ01)",,True,,2455512.86,0.3333333333333333
21290711000001107,Ruxolitinib 15mg tablets,TABLET,ruxolitinib,ruxolitinib,oral,15.0,,,,,30.0,"WHO ATC/DDD index (atcddd.fhi.no, checked 2026-09-14) (L01EJ01)",,True,,2214801.08,0.5
21290811000001104,Ruxolitinib 20mg tablets,TABLET,ruxolitinib,ruxolitinib,oral,20.0,,,,,30.0,"WHO ATC/DDD index (atcddd.fhi.no, checked 2026-09-14) (L01EJ01)",,True,,2385603.56,0.6666666666666666
703780001,Ruxolitinib 5mg tablets,TABLET,ruxolitinib,ruxolitinib,oral,5.0,,,,,30.0,"WHO ATC/DDD index (atcddd.fhi.no, checked 2026-09-14) (L01EJ01)",,True,,139183.0,0.16666666666666666
39703511000001108,Ruxolitinib 5mg tablets,TABLET,ruxolitinib,ruxolitinib,oral,5.0,,,,,30.0,"WHO ATC/DDD index (atcddd.fhi.no, checked 2026-09-14) (L01EJ01)",,True,,4702662.34,0.16666666666666666
45628911000001100,Ruxolitinib 5mg/ml oral solution sugar free,ML,ruxolitinib,ruxolitinib,oral,5.0,,,,,30.0,"WHO ATC/DDD index (atcddd.fhi.no, checked 2026-09-14) (L01EJ01)",,True,,1580.0,0.16666666666666666
4052611000001105,Dexamethasone (base) 3.3mg/1ml solution for injection ampoules,ML,dexamethasone,systemic_glucocorticoid,parenteral_systemic,3.3,,,,,1.5,"WHO ATC/DDD index (atcddd.fhi.no, checked 2026-09-14)",6.67,True,parenteral dexamethasone includes antiemetic/perioperative and some local use,25423348.38,2.1999999999999997
27957911000001102,Dexamethasone (base) 3.8mg/1ml solution for injection vials,ML,dexamethasone,systemic_glucocorticoid,parenteral_systemic,3.8,,,,,1.5,"WHO ATC/DDD index (atcddd.fhi.no, checked 2026-09-14)",6.67,True,parenteral dexamethasone includes antiemetic/perioperative and some local use,825312.0,2.533333333333333
22153811000001101,Dexamethasone (base) 6.6mg/2ml solution for injection ampoules,ML,dexamethasone,systemic_glucocorticoid,parenteral_systemic,3.3,,,,,1.5,"WHO ATC/DDD index (atcddd.fhi.no, checked 2026-09-14)",6.67,True,parenteral dexamethasone includes antiemetic/perioperative and some local use,11288600.0,2.1999999999999997
4052511000001106,Dexamethasone (base) 6.6mg/2ml solution for injection vials,ML,dexamethasone,systemic_glucocorticoid,parenteral_systemic,3.3,,,,,1.5,"WHO ATC/DDD index (atcddd.fhi.no, checked 2026-09-14)",6.67,True,parenteral dexamethasone includes antiemetic/perioperative and some local use,5975902.3,2.1999999999999997
9154711000001101,Dexamethasone 100mg/5ml solution for injection vials,ML,dexamethasone,systemic_glucocorticoid,parenteral_systemic,20.0,,,,,1.5,"WHO ATC/DDD index (atcddd.fhi.no, checked 2026-09-14)",6.67,True,parenteral dexamethasone includes antiemetic/perioperative and some local use,486.0,13.333333333333334
40306711000001107,Dexamethasone 10mg soluble tablets sugar free,TABLET,dexamethasone,systemic_glucocorticoid,oral,10.0,,,,,1.5,"WHO ATC/DDD index (atcddd.fhi.no, checked 2026-09-14)",6.67,True,,68.0,6.666666666666667
11612111000001109,Dexamethasone 10mg/5ml oral solution,ML,dexamethasone,systemic_glucocorticoid,oral,2.0,,,,,1.5,"WHO ATC/DDD index (atcddd.fhi.no, checked 2026-09-14)",6.67,True,,113721.0,1.3333333333333333
24350911000001102,Dexamethasone 10mg/5ml oral solution sugar free,ML,dexamethasone,systemic_glucocorticoid,oral,2.0,,,,,1.5,"WHO ATC/DDD index (atcddd.fhi.no, checked 2026-09-14)",6.67,True,,1115458.0,1.3333333333333333
11714911000001107,Dexamethasone 10mg/5ml oral suspension,ML,dexamethasone,systemic_glucocorticoid,oral,2.0,,,,,1.5,"WHO ATC/DDD index (atcddd.fhi.no, checked 2026-09-14)",6.67,True,,64771.0,1.3333333333333333
42826611000001102,Dexamethasone 1mg tablets,TABLET,dexamethasone,systemic_glucocorticoid,oral,1.0,,,,,1.5,"WHO ATC/DDD index (atcddd.fhi.no, checked 2026-09-14)",6.67,True,,832.0,0.6666666666666666
40306811000001104,Dexamethasone 20mg soluble tablets sugar free,TABLET,dexamethasone,systemic_glucocorticoid,oral,20.0,,,,,1.5,"WHO ATC/DDD index (atcddd.fhi.no, checked 2026-09-14)",6.67,True,,3211.0,13.333333333333334
28881311000001104,Dexamethasone 20mg/5ml oral solution sugar free,ML,dexamethasone,systemic_glucocorticoid,oral,4.0,,,,,1.5,"WHO ATC/DDD index (atcddd.fhi.no, checked 2026-09-14)",6.67,True,,35450.0,2.6666666666666665
32071811000001109,Dexamethasone 2mg soluble tablets sugar free,TABLET,dexamethasone,systemic_glucocorticoid,oral,2.0,,,,,1.5,"WHO ATC/DDD index (atcddd.fhi.no, checked 2026-09-14)",6.67,True,,9295962.5,1.3333333333333333
325356003,Dexamethasone 2mg tablets,TABLET,dexamethasone,systemic_glucocorticoid,oral,2.0,,,,,1.5,"WHO ATC/DDD index (atcddd.fhi.no, checked 2026-09-14)",6.67,True,,3635087.5,1.3333333333333333
42082011000001104,Dexamethasone 2mg tablets,TABLET,dexamethasone,systemic_glucocorticoid,oral,2.0,,,,,1.5,"WHO ATC/DDD index (atcddd.fhi.no, checked 2026-09-14)",6.67,True,,126209637.62,1.3333333333333333
11716011000001103,Dexamethasone 2mg/5ml oral solution,ML,dexamethasone,systemic_glucocorticoid,oral,0.4,,,,,1.5,"WHO ATC/DDD index (atcddd.fhi.no, checked 2026-09-14)",6.67,True,,3238275.5,0.26666666666666666
37084211000001103,Dexamethasone 2mg/5ml oral solution sugar free,ML,dexamethasone,systemic_glucocorticoid,oral,0.4,,,,,1.5,"WHO ATC/DDD index (atcddd.fhi.no, checked 2026-09-14)",6.67,True,,27122888.44,0.26666666666666666
11716111000001102,Dexamethasone 2mg/5ml oral suspension,ML,dexamethasone,systemic_glucocorticoid,oral,0.4,,,,,1.5,"WHO ATC/DDD index (atcddd.fhi.no, checked 2026-09-14)",6.67,True,,128008.0,0.26666666666666666
34796811000001100,Dexamethasone 40mg tablets,TABLET,dexamethasone,systemic_glucocorticoid,oral,40.0,,,,,1.5,"WHO ATC/DDD index (atcddd.fhi.no, checked 2026-09-14)",6.67,True,,60.0,26.666666666666668
32071911000001104,Dexamethasone 4mg soluble tablets sugar free,TABLET,dexamethasone,systemic_glucocorticoid,oral,4.0,,,,,1.5,"WHO ATC/DDD index (atcddd.fhi.no, checked 2026-09-14)",6.67,True,,2085356.0,2.6666666666666665
376688006,Dexamethasone 4mg tablets,TABLET,dexamethasone,systemic_glucocorticoid,oral,4.0,,,,,1.5,"WHO ATC/DDD index (atcddd.fhi.no, checked 2026-09-14)",6.67,True,,69117.0,2.6666666666666665
42082111000001103,Dexamethasone 4mg tablets,TABLET,dexamethasone,systemic_glucocorticoid,oral,4.0,,,,,1.5,"WHO ATC/DDD index (atcddd.fhi.no, checked 2026-09-14)",6.67,True,,583220.0,2.6666666666666665
4052711000001101,Dexamethasone 4mg/1ml solution for injection ampoules,ML,dexamethasone,systemic_glucocorticoid,parenteral_systemic,4.0,,,,,1.5,"WHO ATC/DDD index (atcddd.fhi.no, checked 2026-09-14)",6.67,True,parenteral dexamethasone includes antiemetic/perioperative and some local use,630658.0,2.6666666666666665
325355004,Dexamethasone 500microgram tablets,TABLET,dexamethasone,systemic_glucocorticoid,oral,0.5,,,,,1.5,"WHO ATC/DDD index (atcddd.fhi.no, checked 2026-09-14)",6.67,True,,282242.0,0.3333333333333333
42082211000001109,Dexamethasone 500microgram tablets,TABLET,dexamethasone,systemic_glucocorticoid,oral,0.5,,,,,1.5,"WHO ATC/DDD index (atcddd.fhi.no, checked 2026-09-14)",6.67,True,,9225380.36,0.3333333333333333
325365005,Dexamethasone 500micrograms/5ml oral solution,ML,dexamethasone,systemic_glucocorticoid,oral,0.1,,,,,1.5,"WHO ATC/DDD index (atcddd.fhi.no, checked 2026-09-14)",6.67,True,,3118.0,0.06666666666666667
42082311000001101,Dexamethasone 500micrograms/5ml oral solution,ML,dexamethasone,systemic_glucocorticoid,oral,0.1,,,,,1.5,"WHO ATC/DDD index (atcddd.fhi.no, checked 2026-09-14)",6.67,True,,99938.5,0.06666666666666667
8452311000001108,Dexamethasone 500micrograms/5ml oral suspension,ML,dexamethasone,systemic_glucocorticoid,oral,0.1,,,,,1.5,"WHO ATC/DDD index (atcddd.fhi.no, checked 2026-09-14)",6.67,True,,147400.0,0.06666666666666667
32072011000001106,Dexamethasone 8mg soluble tablets sugar free,TABLET,dexamethasone,systemic_glucocorticoid,oral,8.0,,,,,1.5,"WHO ATC/DDD index (atcddd.fhi.no, checked 2026-09-14)",6.67,True,,264623.0,5.333333333333333
35574111000001104,Dexamethasone 8mg tablets,TABLET,dexamethasone,systemic_glucocorticoid,oral,8.0,,,,,1.5,"WHO ATC/DDD index (atcddd.fhi.no, checked 2026-09-14)",6.67,True,,4739.0,5.333333333333333
4052811000001109,Dexamethasone 8mg/2ml solution for injection vials,ML,dexamethasone,systemic_glucocorticoid,parenteral_systemic,4.0,,,,,1.5,"WHO ATC/DDD index (atcddd.fhi.no, checked 2026-09-14)",6.67,True,parenteral dexamethasone includes antiemetic/perioperative and some local use,254468.0,2.6666666666666665
12540411000001103,Hydrocortisone 100mg/5ml oral suspension,ML,hydrocortisone,systemic_glucocorticoid,oral,20.0,,,,,30.0,"WHO ATC/DDD index (atcddd.fhi.no, checked 2026-09-14)",0.25,True,oral hydrocortisone largely physiological adrenal replacement,150.0,0.6666666666666666
40609211000001104,Hydrocortisone 10mg dispersible tablets sugar free,TABLET,hydrocortisone,systemic_glucocorticoid,oral,10.0,,,,,30.0,"WHO ATC/DDD index (atcddd.fhi.no, checked 2026-09-14)",0.25,True,oral hydrocortisone largely physiological adrenal replacement,737.0,0.3333333333333333
40103411000001101,Hydrocortisone 10mg modified-release capsules,CAPSULE,hydrocortisone,systemic_glucocorticoid,oral,10.0,,,,,30.0,"WHO ATC/DDD index (atcddd.fhi.no, checked 2026-09-14)",0.25,True,oral hydrocortisone largely physiological adrenal replacement,126872.0,0.3333333333333333
36595311000001105,Hydrocortisone 10mg soluble tablets sugar free,TABLET,hydrocortisone,systemic_glucocorticoid,oral,10.0,,,,,30.0,"WHO ATC/DDD index (atcddd.fhi.no, checked 2026-09-14)",0.25,True,oral hydrocortisone largely physiological adrenal replacement,26045.0,0.3333333333333333
325373001,Hydrocortisone 10mg tablets,TABLET,hydrocortisone,systemic_glucocorticoid,oral,10.0,,,,,30.0,"WHO ATC/DDD index (atcddd.fhi.no, checked 2026-09-14)",0.25,True,oral hydrocortisone largely physiological adrenal replacement,370327.0,0.3333333333333333
42083911000001107,Hydrocortisone 10mg tablets,TABLET,hydrocortisone,systemic_glucocorticoid,oral,10.0,,,,,30.0,"WHO ATC/DDD index (atcddd.fhi.no, checked 2026-09-14)",0.25,True,oral hydrocortisone largely physiological adrenal replacement,11958022.84,0.3333333333333333
42501611000001103,Hydrocortisone 10mg/5ml oral solution sugar free,ML,hydrocortisone,systemic_glucocorticoid,oral,2.0,,,,,30.0,"WHO ATC/DDD index (atcddd.fhi.no, checked 2026-09-14)",0.25,True,oral hydrocortisone largely physiological adrenal replacement,6075.0,0.06666666666666667
8581111000001102,Hydrocortisone 10mg/5ml oral suspension,ML,hydrocortisone,systemic_glucocorticoid,oral,2.0,,,,,30.0,"WHO ATC/DDD index (atcddd.fhi.no, checked 2026-09-14)",0.25,True,oral hydrocortisone largely physiological adrenal replacement,82590.0,0.06666666666666667
8581211000001108,Hydrocortisone 12.5mg/5ml oral suspension,ML,hydrocortisone,systemic_glucocorticoid,oral,2.5,,,,,30.0,"WHO ATC/DDD index (atcddd.fhi.no, checked 2026-09-14)",0.25,True,oral hydrocortisone largely physiological adrenal replacement,46430.0,0.08333333333333333
39933911000001104,Hydrocortisone 15mg tablets,TABLET,hydrocortisone,systemic_glucocorticoid,oral,15.0,,,,,30.0,"WHO ATC/DDD index (atcddd.fhi.no, checked 2026-09-14)",0.25,True,oral hydrocortisone largely physiological adrenal replacement,539.0,0.5
20455311000001102,Hydrocortisone 1mg capsules,CAPSULE,hydrocortisone,systemic_glucocorticoid,oral,1.0,,,,,30.0,"WHO ATC/DDD index (atcddd.fhi.no, checked 2026-09-14)",0.25,True,oral hydrocortisone largely physiological adrenal replacement,3850.0,0.03333333333333333
35775611000001109,Hydrocortisone 1mg granules in capsules for opening,CAPSULE,hydrocortisone,systemic_glucocorticoid,oral,1.0,,,,,30.0,"WHO ATC/DDD index (atcddd.fhi.no, checked 2026-09-14)",0.25,True,oral hydrocortisone largely physiological adrenal replacement,163356.0,0.03333333333333333
39934011000001101,Hydrocortisone 2.5mg tablets,TABLET,hydrocortisone,systemic_glucocorticoid,oral,2.5,,,,,30.0,"WHO ATC/DDD index (atcddd.fhi.no, checked 2026-09-14)",0.25,True,oral hydrocortisone largely physiological adrenal replacement,261715.6,0.08333333333333333
40609311000001107,Hydrocortisone 20mg dispersible tablets sugar free,TABLET,hydrocortisone,systemic_glucocorticoid,oral,20.0,,,,,30.0,"WHO ATC/DDD index (atcddd.fhi.no, checked 2026-09-14)",0.25,True,oral hydrocortisone largely physiological adrenal replacement,30.0,0.6666666666666666
21496311000001105,Hydrocortisone 20mg modified-release tablets,TABLET,hydrocortisone,systemic_glucocorticoid,oral,20.0,,,,,30.0,"WHO ATC/DDD index (atcddd.fhi.no, checked 2026-09-14)",0.25,True,oral hydrocortisone largely physiological adrenal replacement,57350.0,0.6666666666666666
325374007,Hydrocortisone 20mg tablets,TABLET,hydrocortisone,systemic_glucocorticoid,oral,20.0,,,,,30.0,"WHO ATC/DDD index (atcddd.fhi.no, checked 2026-09-14)",0.25,True,oral hydrocortisone largely physiological adrenal replacement,35022.0,0.6666666666666666
42084111000001106,Hydrocortisone 20mg tablets,TABLET,hydrocortisone,systemic_glucocorticoid,oral,20.0,,,,,30.0,"WHO ATC/DDD index (atcddd.fhi.no, checked 2026-09-14)",0.25,True,oral hydrocortisone largely physiological adrenal replacement,927723.8,0.6666666666666666
8581411000001107,Hydrocortisone 20mg/5ml oral suspension,ML,hydrocortisone,systemic_glucocorticoid,oral,4.0,,,,,30.0,"WHO ATC/DDD index (atcddd.fhi.no, checked 2026-09-14)",0.25,True,oral hydrocortisone largely physiological adrenal replacement,100.0,0.13333333333333333
8581511000001106,Hydrocortisone 25mg/5ml oral suspension,ML,hydrocortisone,systemic_glucocorticoid,oral,5.0,,,,,30.0,"WHO ATC/DDD index (atcddd.fhi.no, checked 2026-09-14)",0.25,True,oral hydrocortisone largely physiological adrenal replacement,26150.0,0.16666666666666666
15436911000001101,Hydrocortisone 2mg capsules,CAPSULE,hydrocortisone,systemic_glucocorticoid,oral,2.0,,,,,30.0,"WHO ATC/DDD index (atcddd.fhi.no, checked 2026-09-14)",0.25,True,oral hydrocortisone largely physiological adrenal replacement,650.0,0.06666666666666667
35775711000001100,Hydrocortisone 2mg granules in capsules for opening,CAPSULE,hydrocortisone,systemic_glucocorticoid,oral,2.0,,,,,30.0,"WHO ATC/DDD index (atcddd.fhi.no, checked 2026-09-14)",0.25,True,oral hydrocortisone largely physiological adrenal replacement,111099.0,0.06666666666666667
35776011000001106,Hydrocortisone 500microgram granules in capsules for opening,CAPSULE,hydrocortisone,systemic_glucocorticoid,oral,0.5,,,,,30.0,"WHO ATC/DDD index (atcddd.fhi.no, checked 2026-09-14)",0.25,True,oral hydrocortisone largely physiological adrenal replacement,95925.0,0.016666666666666666
40609411000001100,Hydrocortisone 5mg dispersible tablets sugar free,TABLET,hydrocortisone,systemic_glucocorticoid,oral,5.0,,,,,30.0,"WHO ATC/DDD index (atcddd.fhi.no, checked 2026-09-14)",0.25,True,oral hydrocortisone largely physiological adrenal replacement,735.0,0.16666666666666666
35776111000001107,Hydrocortisone 5mg granules in capsules for opening,CAPSULE,hydrocortisone,systemic_glucocorticoid,oral,5.0,,,,,30.0,"WHO ATC/DDD index (atcddd.fhi.no, checked 2026-09-14)",0.25,True,oral hydrocortisone largely physiological adrenal replacement,27130.0,0.16666666666666666
40103511000001102,Hydrocortisone 5mg modified-release capsules,CAPSULE,hydrocortisone,systemic_glucocorticoid,oral,5.0,,,,,30.0,"WHO ATC/DDD index (atcddd.fhi.no, checked 2026-09-14)",0.25,True,oral hydrocortisone largely physiological adrenal replacement,140670.0,0.16666666666666666
21496411000001103,Hydrocortisone 5mg modified-release tablets,TABLET,hydrocortisone,systemic_glucocorticoid,oral,5.0,,,,,30.0,"WHO ATC/DDD index (atcddd.fhi.no, checked 2026-09-14)",0.25,True,oral hydrocortisone largely physiological adrenal replacement,142058.0,0.16666666666666666
39934111000001100,Hydrocortisone 5mg tablets,TABLET,hydrocortisone,systemic_glucocorticoid,oral,5.0,,,,,30.0,"WHO ATC/DDD index (atcddd.fhi.no, checked 2026-09-14)",0.25,True,oral hydrocortisone largely physiological adrenal replacement,289058.05,0.16666666666666666
28422811000001103,Hydrocortisone 5mg/5ml oral solution,ML,hydrocortisone,systemic_glucocorticoid,oral,1.0,,,,,30.0,"WHO ATC/DDD index (atcddd.fhi.no, checked 2026-09-14)",0.25,True,oral hydrocortisone largely physiological adrenal replacement,165083.0,0.03333333333333333
42501411000001101,Hydrocortisone 5mg/5ml oral solution sugar free,ML,hydrocortisone,systemic_glucocorticoid,oral,1.0,,,,,30.0,"WHO ATC/DDD index (atcddd.fhi.no, checked 2026-09-14)",0.25,True,oral hydrocortisone largely physiological adrenal replacement,607509.0,0.03333333333333333
8581611000001105,Hydrocortisone 5mg/5ml oral suspension,ML,hydrocortisone,systemic_glucocorticoid,oral,1.0,,,,,30.0,"WHO ATC/DDD index (atcddd.fhi.no, checked 2026-09-14)",0.25,True,oral hydrocortisone largely physiological adrenal replacement,4583019.89,0.03333333333333333
20093511000001108,Hydrocortisone 5mg/5ml oral suspension sugar free,ML,hydrocortisone,systemic_glucocorticoid,oral,1.0,,,,,30.0,"WHO ATC/DDD index (atcddd.fhi.no, checked 2026-09-14)",0.25,True,oral hydrocortisone largely physiological adrenal replacement,540263.5,0.03333333333333333
36056911000001108,Hydrocortisone sodium phosphate 100mg/1ml solution for injection ampoules,ML,hydrocortisone,systemic_glucocorticoid,parenteral_systemic,100.0,,,,,30.0,"WHO ATC/DDD index (atcddd.fhi.no, checked 2026-09-14)",0.25,True,,239338.1,3.3333333333333335
36057011000001107,Hydrocortisone sodium phosphate 500mg/5ml solution for injection ampoules,ML,hydrocortisone,systemic_glucocorticoid,parenteral_systemic,100.0,,,,,30.0,"WHO ATC/DDD index (atcddd.fhi.no, checked 2026-09-14)",0.25,True,,80.0,3.3333333333333335
4195211000001100,Hydrocortisone sodium succinate 100mg powder and solvent for solution for injection vials,VIAL,hydrocortisone,systemic_glucocorticoid,parenteral_systemic,100.0,,,,,30.0,"WHO ATC/DDD index (atcddd.fhi.no, checked 2026-09-14)",0.25,True,,57361.1,3.3333333333333335
13893711000001102,Hydrocortisone sodium succinate 100mg powder for solution for injection vials,VIAL,hydrocortisone,systemic_glucocorticoid,parenteral_systemic,100.0,,,,,30.0,"WHO ATC/DDD index (atcddd.fhi.no, checked 2026-09-14)",0.25,True,,10867978.93,3.3333333333333335
325410005,Methylprednisolone 100mg tablets,TABLET,methylprednisolone,systemic_glucocorticoid,oral,100.0,,,,,7.5,"WHO ATC/DDD index (atcddd.fhi.no, checked 2026-09-14)",1.25,True,,22670.0,13.333333333333334
42085211000001104,Methylprednisolone 100mg tablets,TABLET,methylprednisolone,systemic_glucocorticoid,oral,100.0,,,,,7.5,"WHO ATC/DDD index (atcddd.fhi.no, checked 2026-09-14)",1.25,True,,553909.5,13.333333333333334
325413007,Methylprednisolone 16mg tablets,TABLET,methylprednisolone,systemic_glucocorticoid,oral,16.0,,,,,7.5,"WHO ATC/DDD index (atcddd.fhi.no, checked 2026-09-14)",1.25,True,,1361.0,2.1333333333333333
42085311000001107,Methylprednisolone 16mg tablets,TABLET,methylprednisolone,systemic_glucocorticoid,oral,16.0,,,,,7.5,"WHO ATC/DDD index (atcddd.fhi.no, checked 2026-09-14)",1.25,True,,82766.0,2.1333333333333333
325411009,Methylprednisolone 2mg tablets,TABLET,methylprednisolone,systemic_glucocorticoid,oral,2.0,,,,,7.5,"WHO ATC/DDD index (atcddd.fhi.no, checked 2026-09-14)",1.25,True,,862.0,0.26666666666666666
42085411000001100,Methylprednisolone 2mg tablets,TABLET,methylprednisolone,systemic_glucocorticoid,oral,2.0,,,,,7.5,"WHO ATC/DDD index (atcddd.fhi.no, checked 2026-09-14)",1.25,True,,40222.0,0.26666666666666666
325412002,Methylprednisolone 4mg tablets,TABLET,methylprednisolone,systemic_glucocorticoid,oral,4.0,,,,,7.5,"WHO ATC/DDD index (atcddd.fhi.no, checked 2026-09-14)",1.25,True,,5877.0,0.5333333333333333
42085511000001101,Methylprednisolone 4mg tablets,TABLET,methylprednisolone,systemic_glucocorticoid,oral,4.0,,,,,7.5,"WHO ATC/DDD index (atcddd.fhi.no, checked 2026-09-14)",1.25,True,,148659.97,0.5333333333333333
4396711000001105,Methylprednisolone sodium succinate 125mg powder and solvent for solution for injection vials,VIAL,methylprednisolone,systemic_glucocorticoid,parenteral_systemic,125.0,,,,,20.0,"WHO ATC/DDD index (atcddd.fhi.no, checked 2026-09-14) (parenteral 20 mg)",1.25,True,,429636.29,6.25
4195311000001108,Methylprednisolone sodium succinate 1g powder and solvent for solution for injection vials,VIAL,methylprednisolone,systemic_glucocorticoid,parenteral_systemic,1000.0,,,,,20.0,"WHO ATC/DDD index (atcddd.fhi.no, checked 2026-09-14) (parenteral 20 mg)",1.25,True,,335403.44,50.0
4396811000001102,Methylprednisolone sodium succinate 2g powder and solvent for solution for injection vials,VIAL,methylprednisolone,systemic_glucocorticoid,parenteral_systemic,2000.0,,,,,20.0,"WHO ATC/DDD index (atcddd.fhi.no, checked 2026-09-14) (parenteral 20 mg)",1.25,True,,37.0,100.0
4396911000001107,Methylprednisolone sodium succinate 40mg powder and solvent for solution for injection vials,VIAL,methylprednisolone,systemic_glucocorticoid,parenteral_systemic,40.0,,,,,20.0,"WHO ATC/DDD index (atcddd.fhi.no, checked 2026-09-14) (parenteral 20 mg)",1.25,True,,495856.22,2.0
4195411000001101,Methylprednisolone sodium succinate 500mg powder and solvent for solution for injection vials,VIAL,methylprednisolone,systemic_glucocorticoid,parenteral_systemic,500.0,,,,,20.0,"WHO ATC/DDD index (atcddd.fhi.no, checked 2026-09-14) (parenteral 20 mg)",1.25,True,,524669.48,25.0
28808411000001103,Prednisolone 10mg tablets,TABLET,prednisolone,systemic_glucocorticoid,oral,10.0,,,,,10.0,"WHO ATC/DDD index (atcddd.fhi.no, checked 2026-09-14)",1.0,True,,40112.02,1.0
29904211000001102,Prednisolone 10mg/ml oral solution sugar free,ML,prednisolone,systemic_glucocorticoid,oral,10.0,,,,,10.0,"WHO ATC/DDD index (atcddd.fhi.no, checked 2026-09-14)",1.0,True,,1224730.37,1.0
32611811000001105,Prednisolone 1mg gastro-resistant tablets,TABLET,prednisolone,systemic_glucocorticoid,oral,1.0,,,,,10.0,"WHO ATC/DDD index (atcddd.fhi.no, checked 2026-09-14)",1.0,True,,37738.0,0.1
325426006,Prednisolone 1mg tablets,TABLET,prednisolone,systemic_glucocorticoid,oral,1.0,,,,,10.0,"WHO ATC/DDD index (atcddd.fhi.no, checked 2026-09-14)",1.0,True,,986352.0,0.1
42086811000001106,Prednisolone 1mg tablets,TABLET,prednisolone,systemic_glucocorticoid,oral,1.0,,,,,10.0,"WHO ATC/DDD index (atcddd.fhi.no, checked 2026-09-14)",1.0,True,,29892143.54,0.1
13078911000001100,Prednisolone 1mg/5ml oral solution,ML,prednisolone,systemic_glucocorticoid,oral,0.2,,,,,10.0,"WHO ATC/DDD index (atcddd.fhi.no, checked 2026-09-14)",1.0,True,,100.0,0.02
325442004,Prednisolone 2.5mg gastro-resistant tablets,TABLET,prednisolone,systemic_glucocorticoid,oral,2.5,,,,,10.0,"WHO ATC/DDD index (atcddd.fhi.no, checked 2026-09-14)",1.0,True,,205157.0,0.25
42086911000001101,Prednisolone 2.5mg gastro-resistant tablets,TABLET,prednisolone,systemic_glucocorticoid,oral,2.5,,,,,10.0,"WHO ATC/DDD index (atcddd.fhi.no, checked 2026-09-14)",1.0,True,,5430341.33,0.25
28808611000001100,Prednisolone 2.5mg tablets,TABLET,prednisolone,systemic_glucocorticoid,oral,2.5,,,,,10.0,"WHO ATC/DDD index (atcddd.fhi.no, checked 2026-09-14)",1.0,True,,1182334.04,0.25
28808711000001109,Prednisolone 20mg tablets,TABLET,prednisolone,systemic_glucocorticoid,oral,20.0,,,,,10.0,"WHO ATC/DDD index (atcddd.fhi.no, checked 2026-09-14)",1.0,True,,9293230.09,2.0
13079411000001100,Prednisolone 20mg/5ml oral suspension,ML,prednisolone,systemic_glucocorticoid,oral,4.0,,,,,10.0,"WHO ATC/DDD index (atcddd.fhi.no, checked 2026-09-14)",1.0,True,,15.0,0.4
325450008,Prednisolone 25mg tablets,TABLET,prednisolone,systemic_glucocorticoid,oral,25.0,,,,,10.0,"WHO ATC/DDD index (atcddd.fhi.no, checked 2026-09-14)",1.0,True,,315953.0,2.5
42087011000001102,Prednisolone 25mg tablets,TABLET,prednisolone,systemic_glucocorticoid,oral,25.0,,,,,10.0,"WHO ATC/DDD index (atcddd.fhi.no, checked 2026-09-14)",1.0,True,,8593657.8,2.5
13079511000001101,Prednisolone 25mg/5ml oral solution,ML,prednisolone,systemic_glucocorticoid,oral,5.0,,,,,10.0,"WHO ATC/DDD index (atcddd.fhi.no, checked 2026-09-14)",1.0,True,,123120.0,0.5
41968211000001103,Prednisolone 2mg tablets,TABLET,prednisolone,systemic_glucocorticoid,oral,2.0,,,,,10.0,"WHO ATC/DDD index (atcddd.fhi.no, checked 2026-09-14)",1.0,True,,42.0,0.2
32781411000001102,Prednisolone 30mg tablets,TABLET,prednisolone,systemic_glucocorticoid,oral,30.0,,,,,10.0,"WHO ATC/DDD index (atcddd.fhi.no, checked 2026-09-14)",1.0,True,,3742.0,3.0
41968411000001104,Prednisolone 4mg tablets,TABLET,prednisolone,systemic_glucocorticoid,oral,4.0,,,,,10.0,"WHO ATC/DDD index (atcddd.fhi.no, checked 2026-09-14)",1.0,True,,74.0,0.4
41968511000001100,Prednisolone 500microgram tablets,TABLET,prednisolone,systemic_glucocorticoid,oral,0.5,,,,,10.0,"WHO ATC/DDD index (atcddd.fhi.no, checked 2026-09-14)",1.0,True,,3269.0,0.05
42087111000001101,Prednisolone 50mg tablets,TABLET,prednisolone,systemic_glucocorticoid,oral,50.0,,,,,10.0,"WHO ATC/DDD index (atcddd.fhi.no, checked 2026-09-14)",1.0,True,,0.0,5.0
325443009,Prednisolone 5mg gastro-resistant tablets,TABLET,prednisolone,systemic_glucocorticoid,oral,5.0,,,,,10.0,"WHO ATC/DDD index (atcddd.fhi.no, checked 2026-09-14)",1.0,True,,416181.0,0.5
42087211000001107,Prednisolone 5mg gastro-resistant tablets,TABLET,prednisolone,systemic_glucocorticoid,oral,5.0,,,,,10.0,"WHO ATC/DDD index (atcddd.fhi.no, checked 2026-09-14)",1.0,True,,8020009.21,0.5
325444003,Prednisolone 5mg soluble tablets,TABLET,prednisolone,systemic_glucocorticoid,oral,5.0,,,,,10.0,"WHO ATC/DDD index (atcddd.fhi.no, checked 2026-09-14)",1.0,True,,226934.0,0.5
43204411000001100,Prednisolone 5mg soluble tablets sugar free,TABLET,prednisolone,systemic_glucocorticoid,oral,5.0,,,,,10.0,"WHO ATC/DDD index (atcddd.fhi.no, checked 2026-09-14)",1.0,True,,6058024.38,0.5
325427002,Prednisolone 5mg tablets,TABLET,prednisolone,systemic_glucocorticoid,oral,5.0,,,,,10.0,"WHO ATC/DDD index (atcddd.fhi.no, checked 2026-09-14)",1.0,True,,17506853.8,0.5
42087311000001104,Prednisolone 5mg tablets,TABLET,prednisolone,systemic_glucocorticoid,oral,5.0,,,,,10.0,"WHO ATC/DDD index (atcddd.fhi.no, checked 2026-09-14)",1.0,True,,473290959.29,0.5
13133111000001100,Prednisolone 5mg/5ml oral solution,ML,prednisolone,systemic_glucocorticoid,oral,1.0,,,,,10.0,"WHO ATC/DDD index (atcddd.fhi.no, checked 2026-09-14)",1.0,True,,1914932.0,0.1
29424511000001109,Prednisolone 5mg/5ml oral solution unit dose,ML,prednisolone,systemic_glucocorticoid,oral,1.0,,,,,10.0,"WHO ATC/DDD index (atcddd.fhi.no, checked 2026-09-14)",1.0,True,,4707830.0,0.1
432224007,Prednisolone 5mg/5ml oral suspension,ML,prednisolone,systemic_glucocorticoid,oral,1.0,,,,,10.0,"WHO ATC/DDD index (atcddd.fhi.no, checked 2026-09-14)",1.0,True,,353.0,0.1
42087411000001106,Prednisolone 5mg/5ml oral suspension,ML,prednisolone,systemic_glucocorticoid,oral,1.0,,,,,10.0,"WHO ATC/DDD index (atcddd.fhi.no, checked 2026-09-14)",1.0,True,,2815.0,0.1
35318811000001108,Adalimumab 20mg/0.2ml solution for injection pre-filled syringes,ML,adalimumab,tnf_inhibitor,parenteral_systemic,100.0,,,,,2.9,"WHO ATC/DDD index (atcddd.fhi.no, checked 2026-09-14)",,True,,6821.8,34.48275862068966
36441711000001106,Adalimumab 20mg/0.4ml solution for injection pre-filled syringes,ML,adalimumab,tnf_inhibitor,parenteral_systemic,50.0,,,,,2.9,"WHO ATC/DDD index (atcddd.fhi.no, checked 2026-09-14)",,True,,27638.6,17.24137931034483
32888111000001102,Adalimumab 40mg/0.4ml solution for injection pre-filled disposable devices,ML,adalimumab,tnf_inhibitor,parenteral_systemic,100.0,,,,,2.9,"WHO ATC/DDD index (atcddd.fhi.no, checked 2026-09-14)",,True,,2014146.76,34.48275862068966
32888211000001108,Adalimumab 40mg/0.4ml solution for injection pre-filled syringes,ML,adalimumab,tnf_inhibitor,parenteral_systemic,100.0,,,,,2.9,"WHO ATC/DDD index (atcddd.fhi.no, checked 2026-09-14)",,True,,113901.6,34.48275862068966
11236911000001103,Adalimumab 40mg/0.8ml solution for injection pre-filled disposable devices,ML,adalimumab,tnf_inhibitor,parenteral_systemic,50.0,,,,,2.9,"WHO ATC/DDD index (atcddd.fhi.no, checked 2026-09-14)",,True,,9238735.08,17.24137931034483
35894411000001100,Adalimumab 40mg/0.8ml solution for injection pre-filled syringes,ML,adalimumab,tnf_inhibitor,parenteral_systemic,50.0,,,,,2.9,"WHO ATC/DDD index (atcddd.fhi.no, checked 2026-09-14)",,True,,545271.48,17.24137931034483
19697711000001100,Adalimumab 40mg/0.8ml solution for injection vials,ML,adalimumab,tnf_inhibitor,parenteral_systemic,50.0,,,,,2.9,"WHO ATC/DDD index (atcddd.fhi.no, checked 2026-09-14)",,True,,926.4,17.24137931034483
36457911000001103,Adalimumab 80mg/0.8ml solution for injection pre-filled disposable devices,ML,adalimumab,tnf_inhibitor,parenteral_systemic,100.0,,,,,2.9,"WHO ATC/DDD index (atcddd.fhi.no, checked 2026-09-14)",,True,,35390.4,34.48275862068966
36458011000001101,Adalimumab 80mg/0.8ml solution for injection pre-filled syringes,ML,adalimumab,tnf_inhibitor,parenteral_systemic,100.0,,,,,2.9,"WHO ATC/DDD index (atcddd.fhi.no, checked 2026-09-14)",,True,,504.8,34.48275862068966
37854811000001107,Certolizumab pegol 200mg/1ml solution for injection cartridges,ML,certolizumab pegol,tnf_inhibitor,parenteral_systemic,200.0,,,,,14.0,"WHO ATC/DDD index (atcddd.fhi.no, checked 2026-09-14)",,True,,1149.0,14.285714285714286
33523711000001105,Certolizumab pegol 200mg/1ml solution for injection pre-filled disposable devices,ML,certolizumab pegol,tnf_inhibitor,parenteral_systemic,200.0,,,,,14.0,"WHO ATC/DDD index (atcddd.fhi.no, checked 2026-09-14)",,True,,731866.0,14.285714285714286
17315811000001100,Certolizumab pegol 200mg/1ml solution for injection pre-filled syringes,ML,certolizumab pegol,tnf_inhibitor,parenteral_systemic,200.0,,,,,14.0,"WHO ATC/DDD index (atcddd.fhi.no, checked 2026-09-14)",,True,,419151.0,14.285714285714286
19946811000001101,Etanercept 10mg powder and solvent for solution for injection vials,VIAL,etanercept,tnf_inhibitor,parenteral_systemic,10.0,,,,,7.0,"WHO ATC/DDD index (atcddd.fhi.no, checked 2026-09-14)",,True,,60283.0,1.4285714285714286
36065611000001101,Etanercept 25mg powder and solvent for solution for injection vials,VIAL,etanercept,tnf_inhibitor,parenteral_systemic,25.0,,,,,7.0,"WHO ATC/DDD index (atcddd.fhi.no, checked 2026-09-14)",,True,,193140.08,3.5714285714285716
34840511000001108,Etanercept 25mg/0.5ml solution for injection pre-filled disposable devices,ML,etanercept,tnf_inhibitor,parenteral_systemic,50.0,,,,,7.0,"WHO ATC/DDD index (atcddd.fhi.no, checked 2026-09-14)",,True,,11804.0,7.142857142857143
11034511000001106,Etanercept 25mg/0.5ml solution for injection pre-filled syringes,ML,etanercept,tnf_inhibitor,parenteral_systemic,50.0,,,,,7.0,"WHO ATC/DDD index (atcddd.fhi.no, checked 2026-09-14)",,True,,241965.2,7.142857142857143
36065711000001105,Etanercept 50mg powder and solvent for solution for injection vials,VIAL,etanercept,tnf_inhibitor,parenteral_systemic,50.0,,,,,7.0,"WHO ATC/DDD index (atcddd.fhi.no, checked 2026-09-14)",,True,,79633.0,7.142857142857143
15987111000001107,Etanercept 50mg/1ml solution for injection pre-filled disposable devices,ML,etanercept,tnf_inhibitor,parenteral_systemic,50.0,,,,,7.0,"WHO ATC/DDD index (atcddd.fhi.no, checked 2026-09-14)",,True,,8694834.28,7.142857142857143
10970211000001102,Etanercept 50mg/1ml solution for injection pre-filled syringes,ML,etanercept,tnf_inhibitor,parenteral_systemic,50.0,,,,,7.0,"WHO ATC/DDD index (atcddd.fhi.no, checked 2026-09-14)",,True,,1654917.34,7.142857142857143
23984711000001106,Golimumab 100mg/1ml solution for injection pre-filled disposable devices,ML,golimumab,tnf_inhibitor,parenteral_systemic,100.0,,,,,1.66,"WHO ATC/DDD index (atcddd.fhi.no, checked 2026-09-14)",,True,,91637.0,60.24096385542169
18038011000001101,Golimumab 50mg/0.5ml solution for injection pre-filled disposable devices,ML,golimumab,tnf_inhibitor,parenteral_systemic,100.0,,,,,1.66,"WHO ATC/DDD index (atcddd.fhi.no, checked 2026-09-14)",,True,,157314.0,60.24096385542169
18038111000001100,Golimumab 50mg/0.5ml solution for injection pre-filled syringes,ML,golimumab,tnf_inhibitor,parenteral_systemic,100.0,,,,,1.66,"WHO ATC/DDD index (atcddd.fhi.no, checked 2026-09-14)",,True,,9624.5,60.24096385542169
400687000,Infliximab 100mg powder for solution for infusion vials,VIAL,infliximab,tnf_inhibitor,parenteral_systemic,100.0,,,,,6.25,defined maintenance dose: 5 mg/kg x 70 kg every 8 weeks (WHO DDD 3.75 mg judged unrepresentative),,True,,145387.81,16.0
41764711000001106,Infliximab 100mg powder for solution for infusion vials,VIAL,infliximab,tnf_inhibitor,parenteral_systemic,100.0,,,,,6.25,defined maintenance dose: 5 mg/kg x 70 kg every 8 weeks (WHO DDD 3.75 mg judged unrepresentative),,True,,6063763.87,16.0
38196011000001104,Infliximab 120mg/1ml solution for injection pre-filled disposable devices,ML,infliximab,tnf_inhibitor,parenteral_systemic,120.0,,,,,8.57,defined maintenance dose: SC 120 mg every 2 weeks (no separate WHO DDD for SC),,True,,795117.0,14.002333722287048
38196111000001103,Infliximab 120mg/1ml solution for injection pre-filled syringes,ML,infliximab,tnf_inhibitor,parenteral_systemic,120.0,,,,,8.57,defined maintenance dose: SC 120 mg every 2 weeks (no separate WHO DDD for SC),,True,,9111.0,14.002333722287048
327083007,Ciclosporin 100mg capsules,CAPSULE,ciclosporin,transplant_cni_mtor,oral,100.0,,,,,250.0,"WHO ATC/DDD index (atcddd.fhi.no, checked 2026-09-14)",,True,,659337.0,0.4
41759711000001101,Ciclosporin 100mg capsules,CAPSULE,ciclosporin,transplant_cni_mtor,oral,100.0,,,,,250.0,"WHO ATC/DDD index (atcddd.fhi.no, checked 2026-09-14)",,True,,16480533.6,0.4
36139311000001109,Ciclosporin 100mg/ml oral solution sugar free,ML,ciclosporin,transplant_cni_mtor,oral,100.0,,,,,250.0,"WHO ATC/DDD index (atcddd.fhi.no, checked 2026-09-14)",,True,,1461626.0,0.4
327090002,Ciclosporin 10mg capsules,CAPSULE,ciclosporin,transplant_cni_mtor,oral,10.0,,,,,250.0,"WHO ATC/DDD index (atcddd.fhi.no, checked 2026-09-14)",,True,,160451.0,0.04
41759811000001109,Ciclosporin 10mg capsules,CAPSULE,ciclosporin,transplant_cni_mtor,oral,10.0,,,,,250.0,"WHO ATC/DDD index (atcddd.fhi.no, checked 2026-09-14)",,True,,4790434.58,0.04
36139511000001103,Ciclosporin 250mg/5ml solution for infusion ampoules,ML,ciclosporin,transplant_cni_mtor,parenteral_systemic,50.0,,,,,250.0,"WHO ATC/DDD index (atcddd.fhi.no, checked 2026-09-14)",,True,,599348.2,0.2
327082002,Ciclosporin 25mg capsules,CAPSULE,ciclosporin,transplant_cni_mtor,oral,25.0,,,,,250.0,"WHO ATC/DDD index (atcddd.fhi.no, checked 2026-09-14)",,True,,579288.0,0.1
41760011000001102,Ciclosporin 25mg capsules,CAPSULE,ciclosporin,transplant_cni_mtor,oral,25.0,,,,,250.0,"WHO ATC/DDD index (atcddd.fhi.no, checked 2026-09-14)",,True,,16096924.88,0.1
327085000,Ciclosporin 50mg capsules,CAPSULE,ciclosporin,transplant_cni_mtor,oral,50.0,,,,,250.0,"WHO ATC/DDD index (atcddd.fhi.no, checked 2026-09-14)",,True,,773210.0,0.2
41760111000001101,Ciclosporin 50mg capsules,CAPSULE,ciclosporin,transplant_cni_mtor,oral,50.0,,,,,250.0,"WHO ATC/DDD index (atcddd.fhi.no, checked 2026-09-14)",,True,,20794356.36,0.2
36140311000001101,Ciclosporin 50mg/1ml solution for infusion ampoules,ML,ciclosporin,transplant_cni_mtor,parenteral_systemic,50.0,,,,,250.0,"WHO ATC/DDD index (atcddd.fhi.no, checked 2026-09-14)",,True,,570676.16,0.2
327096008,Tacrolimus 1mg capsules,CAPSULE,tacrolimus,transplant_cni_mtor,oral,1.0,,,,,5.0,"WHO ATC/DDD index (atcddd.fhi.no, checked 2026-09-14)",,True,,7470825.0,0.2
41770711000001105,Tacrolimus 1mg capsules,CAPSULE,tacrolimus,transplant_cni_mtor,oral,1.0,,,,,5.0,"WHO ATC/DDD index (atcddd.fhi.no, checked 2026-09-14)",,True,,225964405.47,0.2
16658611000001108,Tacrolimus 1mg granules for oral suspension sachets sugar free,SACHET,tacrolimus,transplant_cni_mtor,oral,1.0,,,,,5.0,"WHO ATC/DDD index (atcddd.fhi.no, checked 2026-09-14)",,True,,3322734.6,0.2
16658611000001108,Tacrolimus 1mg granules sachets sugar free,SACHET,tacrolimus,transplant_cni_mtor,oral,1.0,,,,,5.0,"WHO ATC/DDD index (atcddd.fhi.no, checked 2026-09-14)",,True,,85972.0,0.2
11649511000001103,Tacrolimus 1mg modified-release capsules,CAPSULE,tacrolimus,transplant_cni_mtor,oral,1.0,,,,,5.0,"WHO ATC/DDD index (atcddd.fhi.no, checked 2026-09-14)",,True,,17282327.95,0.2
28808811000001101,Tacrolimus 1mg modified-release tablets,TABLET,tacrolimus,transplant_cni_mtor,oral,1.0,,,,,5.0,"WHO ATC/DDD index (atcddd.fhi.no, checked 2026-09-14)",,True,,4017481.0,0.2
8726211000001106,Tacrolimus 2.5mg/5ml oral solution,ML,tacrolimus,transplant_cni_mtor,oral,0.5,,,,,5.0,"WHO ATC/DDD index (atcddd.fhi.no, checked 2026-09-14)",,True,,97100.0,0.1
8726011000001101,Tacrolimus 2.5mg/5ml oral suspension,ML,tacrolimus,transplant_cni_mtor,oral,0.5,,,,,5.0,"WHO ATC/DDD index (atcddd.fhi.no, checked 2026-09-14)",,True,,1482124.0,0.1
16658211000001106,Tacrolimus 200microgram granules for oral suspension sachets sugar free,SACHET,tacrolimus,transplant_cni_mtor,oral,0.2,,,,,5.0,"WHO ATC/DDD index (atcddd.fhi.no, checked 2026-09-14)",,True,,4755551.0,0.04
16658211000001106,Tacrolimus 200microgram granules sachets sugar free,SACHET,tacrolimus,transplant_cni_mtor,oral,0.2,,,,,5.0,"WHO ATC/DDD index (atcddd.fhi.no, checked 2026-09-14)",,True,,114345.0,0.04
28947611000001104,Tacrolimus 2mg capsules,CAPSULE,tacrolimus,transplant_cni_mtor,oral,2.0,,,,,5.0,"WHO ATC/DDD index (atcddd.fhi.no, checked 2026-09-14)",,True,,15922461.0,0.4
37949111000001107,Tacrolimus 2mg modified-release capsules,CAPSULE,tacrolimus,transplant_cni_mtor,oral,2.0,,,,,5.0,"WHO ATC/DDD index (atcddd.fhi.no, checked 2026-09-14)",,True,,455919.0,0.4
13303311000001101,Tacrolimus 2mg/5ml oral suspension,ML,tacrolimus,transplant_cni_mtor,oral,0.4,,,,,5.0,"WHO ATC/DDD index (atcddd.fhi.no, checked 2026-09-14)",,True,,2700.0,0.08
15614511000001109,Tacrolimus 3mg modified-release capsules,CAPSULE,tacrolimus,transplant_cni_mtor,oral,3.0,,,,,5.0,"WHO ATC/DDD index (atcddd.fhi.no, checked 2026-09-14)",,True,,5859733.0,0.6
28808911000001106,Tacrolimus 4mg modified-release tablets,TABLET,tacrolimus,transplant_cni_mtor,oral,4.0,,,,,5.0,"WHO ATC/DDD index (atcddd.fhi.no, checked 2026-09-14)",,True,,2680003.0,0.8
327103006,Tacrolimus 500microgram capsules,CAPSULE,tacrolimus,transplant_cni_mtor,oral,0.5,,,,,5.0,"WHO ATC/DDD index (atcddd.fhi.no, checked 2026-09-14)",,True,,1458177.0,0.1
41770811000001102,Tacrolimus 500microgram capsules,CAPSULE,tacrolimus,transplant_cni_mtor,oral,0.5,,,,,5.0,"WHO ATC/DDD index (atcddd.fhi.no, checked 2026-09-14)",,True,,53713634.01,0.1
11649611000001104,Tacrolimus 500microgram modified-release capsules,CAPSULE,tacrolimus,transplant_cni_mtor,oral,0.5,,,,,5.0,"WHO ATC/DDD index (atcddd.fhi.no, checked 2026-09-14)",,True,,2935784.0,0.1
327097004,Tacrolimus 5mg capsules,CAPSULE,tacrolimus,transplant_cni_mtor,oral,5.0,,,,,5.0,"WHO ATC/DDD index (atcddd.fhi.no, checked 2026-09-14)",,True,,602930.0,1.0
41770911000001107,Tacrolimus 5mg capsules,CAPSULE,tacrolimus,transplant_cni_mtor,oral,5.0,,,,,5.0,"WHO ATC/DDD index (atcddd.fhi.no, checked 2026-09-14)",,True,,16938951.0,1.0
11649711000001108,Tacrolimus 5mg modified-release capsules,CAPSULE,tacrolimus,transplant_cni_mtor,oral,5.0,,,,,5.0,"WHO ATC/DDD index (atcddd.fhi.no, checked 2026-09-14)",,True,,7704173.0,1.0
35914611000001105,Tacrolimus 5mg/1ml solution for infusion ampoules,ML,tacrolimus,transplant_cni_mtor,parenteral_systemic,5.0,,,,,5.0,"WHO ATC/DDD index (atcddd.fhi.no, checked 2026-09-14)",,True,,46549.0,1.0
8823011000001106,Tacrolimus 5mg/5ml oral suspension,ML,tacrolimus,transplant_cni_mtor,oral,1.0,,,,,5.0,"WHO ATC/DDD index (atcddd.fhi.no, checked 2026-09-14)",,True,,1621126.33,0.2
28947711000001108,Tacrolimus 750microgram capsules,CAPSULE,tacrolimus,transplant_cni_mtor,oral,0.75,,,,,5.0,"WHO ATC/DDD index (atcddd.fhi.no, checked 2026-09-14)",,True,,6415688.0,0.15
28809011000001102,Tacrolimus 750microgram modified-release tablets,TABLET,tacrolimus,transplant_cni_mtor,oral,0.75,,,,,5.0,"WHO ATC/DDD index (atcddd.fhi.no, checked 2026-09-14)",,True,,1261228.0,0.15
